2026-08-13 13:27:49 | INFO     | fgvc.scripts.run_pipeline | ============================================================
2026-08-13 13:27:49 | INFO     | fgvc.scripts.run_pipeline | PHASE 1 — Dataset Standardisation
2026-08-13 13:27:49 | INFO     | fgvc.scripts.run_pipeline | ============================================================
2026-08-13 13:27:49 | INFO     | fgvc.preprocessing.standardize | Loading dataset via adapter: CUB200Adapter(root='/mnt/data/research/projects/fgvc/data/raw/cub200', source='local', download=True, hf_name=None)
2026-08-13 13:27:49 | INFO     | fgvc.data.cub200 | Downloading CUB-200-2011 from https://data.caltech.edu/records/65de6-vp158/files/CUB_200_2011.tgz ...
2026-08-13 13:29:49 | INFO     | fgvc.scripts.run_pipeline | ============================================================
2026-08-13 13:29:49 | INFO     | fgvc.scripts.run_pipeline | PHASE 1 — Dataset Standardisation
2026-08-13 13:29:49 | INFO     | fgvc.scripts.run_pipeline | ============================================================
2026-08-13 13:29:49 | INFO     | fgvc.preprocessing.standardize | Loading dataset via adapter: CUB200Adapter(root='/mnt/data/research/projects/fgvc/data/raw/cub200', source='local', download=True, hf_name=None)
2026-08-13 13:29:49 | INFO     | fgvc.data.cub200 | Downloading CUB-200-2011 from https://data.caltech.edu/records/65de6-vp158/files/CUB_200_2011.tgz ...
2026-08-13 13:34:46 | INFO     | fgvc.scripts.run_pipeline | ============================================================
2026-08-13 13:34:46 | INFO     | fgvc.scripts.run_pipeline | PHASE 1 — Dataset Standardisation
2026-08-13 13:34:46 | INFO     | fgvc.scripts.run_pipeline | ============================================================
2026-08-13 13:34:46 | INFO     | fgvc.preprocessing.standardize | Loading dataset via adapter: CUB200Adapter(root='/home/maitreya/research/datasets/CUB_200_2011', source='local', download=False, hf_name=None)
2026-08-13 13:35:08 | INFO     | fgvc.preprocessing.standardize | Integrity check: 0 unreadable image(s) dropped, 11788 remain.
2026-08-13 13:35:08 | INFO     | fgvc.preprocessing.standardize | Wrote 11788 records to /mnt/data/research/projects/fgvc/data/processed/cub200/labels.csv
2026-08-13 13:35:08 | INFO     | fgvc.scripts.run_pipeline | Phase 1 complete in 22.6s | 11788 images
2026-08-13 13:35:08 | INFO     | fgvc.scripts.run_pipeline | ============================================================
2026-08-13 13:35:08 | INFO     | fgvc.scripts.run_pipeline | PHASE 2 — Leakage-Safe Split Generation
2026-08-13 13:35:08 | INFO     | fgvc.scripts.run_pipeline | ============================================================
2026-08-13 13:35:08 | INFO     | fgvc.preprocessing.split_generator | Respecting official_split; split_ratios only applies to the official 'train' pool.
2026-08-13 13:35:09 | INFO     | fgvc.preprocessing.split_generator | train: 5000 records, 200 label_ids
2026-08-13 13:35:09 | INFO     | fgvc.preprocessing.split_generator | val: 994 records, 200 label_ids
2026-08-13 13:35:09 | INFO     | fgvc.preprocessing.split_generator | test: 5794 records, 200 label_ids
2026-08-13 13:35:09 | INFO     | fgvc.scripts.run_pipeline | Phase 2 complete in 0.6s | train=5000 | val=994 | test=5794
2026-08-13 13:35:10 | INFO     | fgvc.scripts.run_pipeline | ============================================================
2026-08-13 13:35:10 | INFO     | fgvc.scripts.run_pipeline | PHASE 3 — Statistics Visualisation
2026-08-13 13:35:10 | INFO     | fgvc.scripts.run_pipeline | ============================================================
2026-08-13 13:35:10 | INFO     | fgvc.preprocessing.stats_viz | Wrote 2 statistics plot(s) to /mnt/data/research/projects/fgvc/data/processed/cub200/visualizations
2026-08-13 13:35:10 | INFO     | fgvc.scripts.run_pipeline | Phase 3 complete in 0.5s
2026-08-13 13:35:10 | INFO     | fgvc.scripts.run_pipeline | 
============================================================
  Pipeline complete in 24.7s | phases run: ['1', '2', '3']
============================================================
2026-08-13 13:36:45 | INFO     | fgvc.scripts.train_backbone | Loaded splits: train=5000 | val=994 | raw_root=/mnt/data/research/datasets/CUB_200_2011/CUB_200_2011/images
2026-08-13 13:36:45 | INFO     | fgvc.scripts.train_backbone | Loaded splits: train=5000 | val=994 | raw_root=/mnt/data/research/datasets/CUB_200_2011/CUB_200_2011/images
2026-08-13 13:36:45 | INFO     | fgvc.scripts.train_backbone | Loaded splits: train=5000 | val=994 | raw_root=/mnt/data/research/datasets/CUB_200_2011/CUB_200_2011/images
2026-08-13 13:36:45 | INFO     | fgvc.scripts.train_backbone | Loaded splits: train=5000 | val=994 | raw_root=/mnt/data/research/datasets/CUB_200_2011/CUB_200_2011/images
2026-08-13 13:36:46 | INFO     | fgvc.scripts.train_backbone | DDP initialised | world_size=4 | rank=3 | device=cuda:3
2026-08-13 13:36:46 | INFO     | fgvc.scripts.train_backbone | 200 classes | 19 train batches/epoch | 4 val batches/epoch
2026-08-13 13:36:46 | INFO     | fgvc.scripts.train_backbone | DDP initialised | world_size=4 | rank=1 | device=cuda:1
2026-08-13 13:36:46 | INFO     | fgvc.scripts.train_backbone | 200 classes | 19 train batches/epoch | 4 val batches/epoch
2026-08-13 13:36:46 | INFO     | fgvc.scripts.train_backbone | DDP initialised | world_size=4 | rank=2 | device=cuda:2
2026-08-13 13:36:46 | INFO     | fgvc.scripts.train_backbone | 200 classes | 19 train batches/epoch | 4 val batches/epoch
2026-08-13 13:36:46 | INFO     | fgvc.scripts.train_backbone | DDP initialised | world_size=4 | rank=0 | device=cuda:0
2026-08-13 13:36:46 | INFO     | fgvc.scripts.train_backbone | 200 classes | 19 train batches/epoch | 4 val batches/epoch
2026-08-13 13:39:19 | INFO     | fgvc.backbone.trainer | Model params: 86,733,512 total | 86,733,512 trainable
2026-08-13 13:39:19 | INFO     | fgvc.backbone.trainer | Model params: 86,733,512 total | 86,733,512 trainable
2026-08-13 13:39:19 | INFO     | fgvc.backbone.trainer | Model params: 86,733,512 total | 86,733,512 trainable
2026-08-13 13:39:19 | INFO     | fgvc.backbone.trainer | Model params: 86,733,512 total | 86,733,512 trainable
2026-08-13 13:39:55 | INFO     | fgvc.backbone.trainer | Epoch 1/50 | train_loss=5.7594 | val_top1=0.0141 | val_top3=0.0402 | time=20s
2026-08-13 13:39:57 | INFO     | fgvc.backbone.trainer | New best checkpoint: val_top1=0.0141
2026-08-13 13:40:13 | INFO     | fgvc.backbone.trainer | Epoch 2/50 | train_loss=4.8488 | val_top1=0.1456 | val_top3=0.2500 | time=15s
2026-08-13 13:40:19 | INFO     | fgvc.backbone.trainer | New best checkpoint: val_top1=0.1456
2026-08-13 13:40:35 | INFO     | fgvc.backbone.trainer | Epoch 3/50 | train_loss=3.5346 | val_top1=0.4749 | val_top3=0.6978 | time=15s
2026-08-13 13:40:43 | INFO     | fgvc.backbone.trainer | New best checkpoint: val_top1=0.4749
2026-08-13 13:40:58 | INFO     | fgvc.backbone.trainer | Epoch 4/50 | train_loss=2.0412 | val_top1=0.7179 | val_top3=0.8966 | time=16s
2026-08-13 13:41:05 | INFO     | fgvc.backbone.trainer | New best checkpoint: val_top1=0.7179
2026-08-13 13:41:21 | INFO     | fgvc.backbone.trainer | Epoch 5/50 | train_loss=1.1076 | val_top1=0.8012 | val_top3=0.9327 | time=16s
2026-08-13 13:41:28 | INFO     | fgvc.backbone.trainer | New best checkpoint: val_top1=0.8012
2026-08-13 13:41:43 | INFO     | fgvc.backbone.trainer | Epoch 6/50 | train_loss=0.6700 | val_top1=0.8333 | val_top3=0.9438 | time=16s
2026-08-13 13:41:50 | INFO     | fgvc.backbone.trainer | New best checkpoint: val_top1=0.8333
2026-08-13 13:42:06 | INFO     | fgvc.backbone.trainer | Epoch 7/50 | train_loss=0.4463 | val_top1=0.8524 | val_top3=0.9639 | time=16s
2026-08-13 13:42:12 | INFO     | fgvc.backbone.trainer | New best checkpoint: val_top1=0.8524
2026-08-13 13:42:28 | INFO     | fgvc.backbone.trainer | Epoch 8/50 | train_loss=0.3154 | val_top1=0.8584 | val_top3=0.9669 | time=16s
2026-08-13 13:42:35 | INFO     | fgvc.backbone.trainer | New best checkpoint: val_top1=0.8584
2026-08-13 13:42:50 | INFO     | fgvc.backbone.trainer | Epoch 9/50 | train_loss=0.2266 | val_top1=0.8745 | val_top3=0.9669 | time=16s
2026-08-13 13:42:57 | INFO     | fgvc.backbone.trainer | New best checkpoint: val_top1=0.8745
2026-08-13 13:43:13 | INFO     | fgvc.backbone.trainer | Epoch 10/50 | train_loss=0.1607 | val_top1=0.8705 | val_top3=0.9588 | time=16s
2026-08-13 13:43:31 | INFO     | fgvc.backbone.trainer | Epoch 11/50 | train_loss=0.1137 | val_top1=0.8715 | val_top3=0.9639 | time=16s
2026-08-13 13:43:48 | INFO     | fgvc.backbone.trainer | Epoch 12/50 | train_loss=0.0790 | val_top1=0.8795 | val_top3=0.9679 | time=17s
2026-08-13 13:43:55 | INFO     | fgvc.backbone.trainer | New best checkpoint: val_top1=0.8795
2026-08-13 13:44:11 | INFO     | fgvc.backbone.trainer | Epoch 13/50 | train_loss=0.0567 | val_top1=0.8785 | val_top3=0.9669 | time=16s
2026-08-13 13:44:28 | INFO     | fgvc.backbone.trainer | Epoch 14/50 | train_loss=0.0405 | val_top1=0.8795 | val_top3=0.9669 | time=17s
2026-08-13 13:44:45 | INFO     | fgvc.backbone.trainer | Epoch 15/50 | train_loss=0.0326 | val_top1=0.8765 | val_top3=0.9588 | time=17s
2026-08-13 13:45:03 | INFO     | fgvc.backbone.trainer | Epoch 16/50 | train_loss=0.0265 | val_top1=0.8785 | val_top3=0.9659 | time=16s
2026-08-13 13:45:20 | INFO     | fgvc.backbone.trainer | Epoch 17/50 | train_loss=0.0192 | val_top1=0.8815 | val_top3=0.9659 | time=17s
2026-08-13 13:45:27 | INFO     | fgvc.backbone.trainer | New best checkpoint: val_top1=0.8815
2026-08-13 13:45:43 | INFO     | fgvc.backbone.trainer | Epoch 18/50 | train_loss=0.0149 | val_top1=0.8835 | val_top3=0.9629 | time=16s
2026-08-13 13:45:50 | INFO     | fgvc.backbone.trainer | New best checkpoint: val_top1=0.8835
2026-08-13 13:46:05 | INFO     | fgvc.backbone.trainer | Epoch 19/50 | train_loss=0.0099 | val_top1=0.8845 | val_top3=0.9719 | time=16s
2026-08-13 13:46:12 | INFO     | fgvc.backbone.trainer | New best checkpoint: val_top1=0.8845
2026-08-13 13:46:28 | INFO     | fgvc.backbone.trainer | Epoch 20/50 | train_loss=0.0073 | val_top1=0.8805 | val_top3=0.9608 | time=16s
2026-08-13 13:46:46 | INFO     | fgvc.backbone.trainer | Epoch 21/50 | train_loss=0.0066 | val_top1=0.8805 | val_top3=0.9578 | time=16s
2026-08-13 13:47:03 | INFO     | fgvc.backbone.trainer | Epoch 22/50 | train_loss=0.0067 | val_top1=0.8795 | val_top3=0.9618 | time=17s
2026-08-13 13:47:20 | INFO     | fgvc.backbone.trainer | Epoch 23/50 | train_loss=0.0058 | val_top1=0.8825 | val_top3=0.9649 | time=17s
2026-08-13 13:47:38 | INFO     | fgvc.backbone.trainer | Epoch 24/50 | train_loss=0.0035 | val_top1=0.8825 | val_top3=0.9598 | time=17s
2026-08-13 13:47:38 | INFO     | fgvc.backbone.trainer | Early stopping triggered after 5 epochs without improvement.
2026-08-13 13:50:17 | INFO     | fgvc.scripts.train_backbone | Loaded splits: train=5000 | val=994 | raw_root=/mnt/data/research/datasets/CUB_200_2011/CUB_200_2011/images
2026-08-13 13:50:17 | INFO     | fgvc.scripts.train_backbone | Loaded splits: train=5000 | val=994 | raw_root=/mnt/data/research/datasets/CUB_200_2011/CUB_200_2011/images
2026-08-13 13:50:17 | INFO     | fgvc.scripts.train_backbone | Loaded splits: train=5000 | val=994 | raw_root=/mnt/data/research/datasets/CUB_200_2011/CUB_200_2011/images
2026-08-13 13:50:17 | INFO     | fgvc.scripts.train_backbone | Loaded splits: train=5000 | val=994 | raw_root=/mnt/data/research/datasets/CUB_200_2011/CUB_200_2011/images
2026-08-13 13:50:18 | INFO     | fgvc.scripts.train_backbone | DDP initialised | world_size=4 | rank=3 | device=cuda:3
2026-08-13 13:50:18 | INFO     | fgvc.scripts.train_backbone | 200 classes | 19 train batches/epoch | 4 val batches/epoch
2026-08-13 13:50:18 | INFO     | fgvc.scripts.train_backbone | DDP initialised | world_size=4 | rank=2 | device=cuda:2
2026-08-13 13:50:18 | INFO     | fgvc.scripts.train_backbone | 200 classes | 19 train batches/epoch | 4 val batches/epoch
2026-08-13 13:50:18 | INFO     | fgvc.scripts.train_backbone | DDP initialised | world_size=4 | rank=1 | device=cuda:1
2026-08-13 13:50:18 | INFO     | fgvc.scripts.train_backbone | 200 classes | 19 train batches/epoch | 4 val batches/epoch
2026-08-13 13:50:18 | INFO     | fgvc.scripts.train_backbone | DDP initialised | world_size=4 | rank=0 | device=cuda:0
2026-08-13 13:50:18 | INFO     | fgvc.scripts.train_backbone | 200 classes | 19 train batches/epoch | 4 val batches/epoch
2026-08-13 13:50:21 | INFO     | fgvc.backbone.trainer | Model params: 86,733,512 total | 86,733,512 trainable
2026-08-13 13:50:21 | INFO     | fgvc.backbone.trainer | Model params: 86,733,512 total | 86,733,512 trainable
2026-08-13 13:50:21 | INFO     | fgvc.backbone.trainer | Model params: 86,733,512 total | 86,733,512 trainable
2026-08-13 13:50:21 | INFO     | fgvc.backbone.trainer | Model params: 86,733,512 total | 86,733,512 trainable
2026-08-13 13:50:41 | INFO     | fgvc.backbone.trainer | Epoch 1/50 | train_loss=5.7594 | val_top1=0.0141 | val_top3=0.0412 | time=18s
2026-08-13 13:50:51 | INFO     | fgvc.backbone.trainer | New best checkpoint: val_top1=0.0141
2026-08-13 13:51:07 | INFO     | fgvc.backbone.trainer | Epoch 2/50 | train_loss=4.8659 | val_top1=0.1576 | val_top3=0.2751 | time=16s
2026-08-13 13:51:18 | INFO     | fgvc.backbone.trainer | New best checkpoint: val_top1=0.1576
2026-08-13 13:51:34 | INFO     | fgvc.backbone.trainer | Epoch 3/50 | train_loss=3.4621 | val_top1=0.4849 | val_top3=0.6867 | time=16s
2026-08-13 13:51:44 | INFO     | fgvc.backbone.trainer | New best checkpoint: val_top1=0.4849
2026-08-13 13:52:00 | INFO     | fgvc.backbone.trainer | Epoch 4/50 | train_loss=2.0426 | val_top1=0.7058 | val_top3=0.8956 | time=16s
2026-08-13 13:52:11 | INFO     | fgvc.backbone.trainer | New best checkpoint: val_top1=0.7058
2026-08-13 13:52:26 | INFO     | fgvc.backbone.trainer | Epoch 5/50 | train_loss=1.1236 | val_top1=0.7942 | val_top3=0.9347 | time=16s
2026-08-13 13:52:37 | INFO     | fgvc.backbone.trainer | New best checkpoint: val_top1=0.7942
2026-08-13 13:52:53 | INFO     | fgvc.backbone.trainer | Epoch 6/50 | train_loss=0.6966 | val_top1=0.8213 | val_top3=0.9378 | time=16s
2026-08-13 13:53:03 | INFO     | fgvc.backbone.trainer | New best checkpoint: val_top1=0.8213
2026-08-13 13:53:19 | INFO     | fgvc.backbone.trainer | Epoch 7/50 | train_loss=0.4667 | val_top1=0.8474 | val_top3=0.9588 | time=16s
2026-08-13 13:53:29 | INFO     | fgvc.backbone.trainer | New best checkpoint: val_top1=0.8474
2026-08-13 13:53:45 | INFO     | fgvc.backbone.trainer | Epoch 8/50 | train_loss=0.3352 | val_top1=0.8614 | val_top3=0.9669 | time=16s
2026-08-13 13:53:56 | INFO     | fgvc.backbone.trainer | New best checkpoint: val_top1=0.8614
2026-08-13 13:54:12 | INFO     | fgvc.backbone.trainer | Epoch 9/50 | train_loss=0.2419 | val_top1=0.8715 | val_top3=0.9679 | time=16s
2026-08-13 13:54:22 | INFO     | fgvc.backbone.trainer | New best checkpoint: val_top1=0.8715
2026-08-13 13:54:38 | INFO     | fgvc.backbone.trainer | Epoch 10/50 | train_loss=0.1697 | val_top1=0.8675 | val_top3=0.9598 | time=16s
2026-08-13 13:55:00 | INFO     | fgvc.backbone.trainer | Epoch 11/50 | train_loss=0.1194 | val_top1=0.8765 | val_top3=0.9649 | time=16s
2026-08-13 13:55:07 | INFO     | fgvc.backbone.trainer | New best checkpoint: val_top1=0.8765
2026-08-13 13:55:23 | INFO     | fgvc.backbone.trainer | Epoch 12/50 | train_loss=0.0834 | val_top1=0.8745 | val_top3=0.9689 | time=16s
2026-08-13 13:55:40 | INFO     | fgvc.backbone.trainer | Epoch 13/50 | train_loss=0.0600 | val_top1=0.8755 | val_top3=0.9679 | time=17s
2026-08-13 13:55:57 | INFO     | fgvc.backbone.trainer | Epoch 14/50 | train_loss=0.0436 | val_top1=0.8795 | val_top3=0.9709 | time=17s
2026-08-13 13:56:04 | INFO     | fgvc.backbone.trainer | New best checkpoint: val_top1=0.8795
2026-08-13 13:56:20 | INFO     | fgvc.backbone.trainer | Epoch 15/50 | train_loss=0.0342 | val_top1=0.8705 | val_top3=0.9629 | time=16s
2026-08-13 13:56:42 | INFO     | fgvc.backbone.trainer | Epoch 16/50 | train_loss=0.0279 | val_top1=0.8775 | val_top3=0.9629 | time=16s
2026-08-13 13:56:59 | INFO     | fgvc.backbone.trainer | Epoch 17/50 | train_loss=0.0202 | val_top1=0.8805 | val_top3=0.9659 | time=17s
2026-08-13 13:57:10 | INFO     | fgvc.backbone.trainer | New best checkpoint: val_top1=0.8805
2026-08-13 13:57:26 | INFO     | fgvc.backbone.trainer | Epoch 18/50 | train_loss=0.0142 | val_top1=0.8755 | val_top3=0.9598 | time=16s
2026-08-13 13:57:43 | INFO     | fgvc.backbone.trainer | Epoch 19/50 | train_loss=0.0098 | val_top1=0.8825 | val_top3=0.9639 | time=17s
2026-08-13 13:57:53 | INFO     | fgvc.backbone.trainer | New best checkpoint: val_top1=0.8825
2026-08-13 13:58:09 | INFO     | fgvc.backbone.trainer | Epoch 20/50 | train_loss=0.0076 | val_top1=0.8845 | val_top3=0.9679 | time=16s
2026-08-13 13:58:20 | INFO     | fgvc.backbone.trainer | New best checkpoint: val_top1=0.8845
2026-08-13 13:58:36 | INFO     | fgvc.backbone.trainer | Epoch 21/50 | train_loss=0.0065 | val_top1=0.8745 | val_top3=0.9659 | time=16s
2026-08-13 13:58:53 | INFO     | fgvc.backbone.trainer | Epoch 22/50 | train_loss=0.0064 | val_top1=0.8876 | val_top3=0.9639 | time=17s
2026-08-13 13:58:59 | INFO     | fgvc.backbone.trainer | New best checkpoint: val_top1=0.8876
2026-08-13 13:59:15 | INFO     | fgvc.backbone.trainer | Epoch 23/50 | train_loss=0.0047 | val_top1=0.8845 | val_top3=0.9629 | time=16s
2026-08-13 13:59:33 | INFO     | fgvc.backbone.trainer | Epoch 24/50 | train_loss=0.0033 | val_top1=0.8815 | val_top3=0.9649 | time=17s
2026-08-13 13:59:50 | INFO     | fgvc.backbone.trainer | Epoch 25/50 | train_loss=0.0029 | val_top1=0.8865 | val_top3=0.9618 | time=17s
2026-08-13 14:00:08 | INFO     | fgvc.backbone.trainer | Epoch 26/50 | train_loss=0.0022 | val_top1=0.8865 | val_top3=0.9639 | time=16s
2026-08-13 14:00:25 | INFO     | fgvc.backbone.trainer | Epoch 27/50 | train_loss=0.0021 | val_top1=0.8835 | val_top3=0.9598 | time=17s
2026-08-13 14:00:25 | INFO     | fgvc.backbone.trainer | Early stopping triggered after 5 epochs without improvement.
2026-08-13 15:37:51 | INFO     | fgvc.embeddings.generate | Loading backbone from checkpoint: experiments/cub200/default/checkpoints/backbone/best.pt
2026-08-13 15:39:04 | INFO     | fgvc.embeddings.generate | Saved 5000 embeddings (768D) -> /mnt/data/research/projects/fgvc/experiments/cub200/default/embeddings/train
2026-08-13 15:39:18 | INFO     | fgvc.scripts.run_clustering | Loaded 5000 embeddings (768D) from /mnt/data/research/projects/fgvc/experiments/cub200/default/embeddings/train
2026-08-13 15:39:18 | INFO     | fgvc.clustering.spherical_kmeans | Building prototypes for 200 label_id(s)...
2026-08-13 15:39:18 | INFO     | fgvc.clustering.spherical_kmeans |   [Acadian_Flycatcher] 25 images
2026-08-13 15:39:21 | DEBUG    | fgvc.clustering.spherical_kmeans |   Init 1/5: inertia=5.152311
2026-08-13 15:39:21 | DEBUG    | fgvc.clustering.spherical_kmeans |   Init 2/5: inertia=5.719978
2026-08-13 15:39:21 | DEBUG    | fgvc.clustering.spherical_kmeans |   Init 3/5: inertia=5.152810
2026-08-13 15:39:21 | DEBUG    | fgvc.clustering.spherical_kmeans |   Init 4/5: inertia=5.202035
2026-08-13 15:39:21 | DEBUG    | fgvc.clustering.spherical_kmeans |   Init 5/5: inertia=5.650391
2026-08-13 15:39:21 | DEBUG    | fgvc.clustering.spherical_kmeans |   Init 1/5: inertia=4.942549
2026-08-13 15:39:21 | DEBUG    | fgvc.clustering.spherical_kmeans |   Init 2/5: inertia=4.891600
2026-08-13 15:39:21 | DEBUG    | fgvc.clustering.spherical_kmeans |   Init 3/5: inertia=5.288846
2026-08-13 15:39:21 | DEBUG    | fgvc.clustering.spherical_kmeans |   Init 4/5: inertia=4.831804
2026-08-13 15:39:21 | DEBUG    | fgvc.clustering.spherical_kmeans |   Init 5/5: inertia=4.811030
2026-08-13 15:39:21 | DEBUG    | fgvc.clustering.spherical_kmeans |   Init 1/5: inertia=4.545507
2026-08-13 15:39:21 | DEBUG    | fgvc.clustering.spherical_kmeans |   Init 2/5: inertia=4.414517
2026-08-13 15:39:21 | DEBUG    | fgvc.clustering.spherical_kmeans |   Init 3/5: inertia=4.410614
2026-08-13 15:39:21 | DEBUG    | fgvc.clustering.spherical_kmeans |   Init 4/5: inertia=4.493814
2026-08-13 15:39:21 | DEBUG    | fgvc.clustering.spherical_kmeans |   Init 5/5: inertia=4.352662
2026-08-13 15:39:21 | DEBUG    | fgvc.clustering.spherical_kmeans |   Init 1/5: inertia=4.285277
2026-08-13 15:39:21 | DEBUG    | fgvc.clustering.spherical_kmeans |   Init 2/5: inertia=4.022497
2026-08-13 15:39:21 | DEBUG    | fgvc.clustering.spherical_kmeans |   Init 3/5: inertia=4.343446
2026-08-13 15:39:21 | DEBUG    | fgvc.clustering.spherical_kmeans |   Init 4/5: inertia=4.007978
2026-08-13 15:39:21 | DEBUG    | fgvc.clustering.spherical_kmeans |   Init 5/5: inertia=4.095300
2026-08-13 15:39:21 | DEBUG    | fgvc.clustering.spherical_kmeans | K selection: best_k=2 | scores={2: {'silhouette': 0.1748, 'compactness': 0.7939, 'score': 0.3256}, 3: {'silhouette': 0.061, 'compactness': 0.8076, 'score': 0.2061}, 4: {'silhouette': 0.0863, 'compactness': 0.8259, 'score': 0.1576}, 5: {'silhouette': 0.0627, 'compactness': 0.8397, 'score': 0.0833}}
2026-08-13 15:39:21 | DEBUG    | fgvc.clustering.spherical_kmeans |   Init 1/10: inertia=5.152311
2026-08-13 15:39:21 | DEBUG    | fgvc.clustering.spherical_kmeans |   Init 2/10: inertia=5.719978
2026-08-13 15:39:21 | DEBUG    | fgvc.clustering.spherical_kmeans |   Init 3/10: inertia=5.152810
2026-08-13 15:39:21 | DEBUG    | fgvc.clustering.spherical_kmeans |   Init 4/10: inertia=5.202035
2026-08-13 15:39:21 | DEBUG    | fgvc.clustering.spherical_kmeans |   Init 5/10: inertia=5.650391
2026-08-13 15:39:21 | DEBUG    | fgvc.clustering.spherical_kmeans |   Init 6/10: inertia=5.090965
2026-08-13 15:39:21 | DEBUG    | fgvc.clustering.spherical_kmeans |   Init 7/10: inertia=5.152810
2026-08-13 15:39:21 | DEBUG    | fgvc.clustering.spherical_kmeans |   Init 8/10: inertia=5.068769
2026-08-13 15:39:21 | DEBUG    | fgvc.clustering.spherical_kmeans |   Init 9/10: inertia=5.719978
2026-08-13 15:39:21 | DEBUG    | fgvc.clustering.spherical_kmeans |   Init 10/10: inertia=5.155937
2026-08-13 15:39:21 | INFO     | fgvc.clustering.spherical_kmeans |   [Acadian_Flycatcher] k_selected=2 | k_effective=2 | min_cluster=7 | max_cluster=18
2026-08-13 15:39:21 | INFO     | fgvc.clustering.spherical_kmeans |   [American_Crow] 25 images
2026-08-13 15:39:21 | DEBUG    | fgvc.clustering.spherical_kmeans |   Init 1/5: inertia=4.945448
2026-08-13 15:39:21 | DEBUG    | fgvc.clustering.spherical_kmeans |   Init 2/5: inertia=4.901618
2026-08-13 15:39:21 | DEBUG    | fgvc.clustering.spherical_kmeans |   Init 3/5: inertia=5.022013
2026-08-13 15:39:21 | DEBUG    | fgvc.clustering.spherical_kmeans |   Init 4/5: inertia=5.015832
2026-08-13 15:39:21 | DEBUG    | fgvc.clustering.spherical_kmeans |   Init 5/5: inertia=4.974266
2026-08-13 15:39:21 | DEBUG    | fgvc.clustering.spherical_kmeans |   Init 1/5: inertia=4.571054
2026-08-13 15:39:21 | DEBUG    | fgvc.clustering.spherical_kmeans |   Init 2/5: inertia=4.632570
2026-08-13 15:39:21 | DEBUG    | fgvc.clustering.spherical_kmeans |   Init 3/5: inertia=4.653190
2026-08-13 15:39:21 | DEBUG    | fgvc.clustering.spherical_kmeans |   Init 4/5: inertia=4.482991
2026-08-13 15:39:21 | DEBUG    | fgvc.clustering.spherical_kmeans |   Init 5/5: inertia=4.630011
2026-08-13 15:39:21 | DEBUG    | fgvc.clustering.spherical_kmeans |   Init 1/5: inertia=4.163188
2026-08-13 15:39:21 | DEBUG    | fgvc.clustering.spherical_kmeans |   Init 2/5: inertia=4.441650
2026-08-13 15:39:21 | DEBUG    | fgvc.clustering.spherical_kmeans |   Init 3/5: inertia=4.117467
2026-08-13 15:39:21 | DEBUG    | fgvc.clustering.spherical_kmeans |   Init 4/5: inertia=4.277642
2026-08-13 15:39:21 | DEBUG    | fgvc.clustering.spherical_kmeans |   Init 5/5: inertia=4.248735
2026-08-13 15:39:21 | DEBUG    | fgvc.clustering.spherical_kmeans |   Init 1/5: inertia=3.827101
2026-08-13 15:39:21 | DEBUG    | fgvc.clustering.spherical_kmeans |   Init 2/5: inertia=4.239799
2026-08-13 15:39:21 | DEBUG    | fgvc.clustering.spherical_kmeans |   Init 3/5: inertia=3.891109
2026-08-13 15:39:21 | DEBUG    | fgvc.clustering.spherical_kmeans |   Init 4/5: inertia=3.930278
2026-08-13 15:39:21 | DEBUG    | fgvc.clustering.spherical_kmeans |   Init 5/5: inertia=4.065519
2026-08-13 15:39:21 | DEBUG    | fgvc.clustering.spherical_kmeans | K selection: best_k=2 | scores={2: {'silhouette': 0.063, 'compactness': 0.8039, 'score': 0.2727}, 3: {'silhouette': 0.0647, 'compactness': 0.8207, 'score': 0.2119}, 4: {'silhouette': 0.0687, 'compactness': 0.8353, 'score': 0.1516}, 5: {'silhouette': 0.0684, 'compactness': 0.8469, 'score': 0.0883}}
2026-08-13 15:39:21 | DEBUG    | fgvc.clustering.spherical_kmeans |   Init 1/10: inertia=4.945448
2026-08-13 15:39:21 | DEBUG    | fgvc.clustering.spherical_kmeans |   Init 2/10: inertia=4.901618
2026-08-13 15:39:21 | DEBUG    | fgvc.clustering.spherical_kmeans |   Init 3/10: inertia=5.022013
2026-08-13 15:39:21 | DEBUG    | fgvc.clustering.spherical_kmeans |   Init 4/10: inertia=5.015832
2026-08-13 15:39:21 | DEBUG    | fgvc.clustering.spherical_kmeans |   Init 5/10: inertia=4.974266
2026-08-13 15:39:21 | DEBUG    | fgvc.clustering.spherical_kmeans |   Init 6/10: inertia=4.991856
2026-08-13 15:39:21 | DEBUG    | fgvc.clustering.spherical_kmeans |   Init 7/10: inertia=4.958863
2026-08-13 15:39:21 | DEBUG    | fgvc.clustering.spherical_kmeans |   Init 8/10: inertia=4.827089
2026-08-13 15:39:21 | DEBUG    | fgvc.clustering.spherical_kmeans |   Init 9/10: inertia=4.923252
2026-08-13 15:39:21 | DEBUG    | fgvc.clustering.spherical_kmeans |   Init 10/10: inertia=4.922834
2026-08-13 15:39:21 | INFO     | fgvc.clustering.spherical_kmeans |   [American_Crow] k_selected=2 | k_effective=2 | min_cluster=9 | max_cluster=16
2026-08-13 15:39:21 | INFO     | fgvc.clustering.spherical_kmeans |   [American_Goldfinch] 25 images
2026-08-13 15:39:21 | DEBUG    | fgvc.clustering.spherical_kmeans |   Init 1/5: inertia=2.484681
2026-08-13 15:39:21 | DEBUG    | fgvc.clustering.spherical_kmeans |   Init 2/5: inertia=2.540009
2026-08-13 15:39:21 | DEBUG    | fgvc.clustering.spherical_kmeans |   Init 3/5: inertia=2.479821
2026-08-13 15:39:21 | DEBUG    | fgvc.clustering.spherical_kmeans |   Init 4/5: inertia=2.579599
2026-08-13 15:39:21 | DEBUG    | fgvc.clustering.spherical_kmeans |   Init 5/5: inertia=2.606165
2026-08-13 15:39:21 | DEBUG    | fgvc.clustering.spherical_kmeans |   Init 1/5: inertia=2.353927
2026-08-13 15:39:21 | DEBUG    | fgvc.clustering.spherical_kmeans |   Init 2/5: inertia=2.349760
2026-08-13 15:39:21 | DEBUG    | fgvc.clustering.spherical_kmeans |   Init 3/5: inertia=2.282100
2026-08-13 15:39:21 | DEBUG    | fgvc.clustering.spherical_kmeans |   Init 4/5: inertia=2.353210
2026-08-13 15:39:21 | DEBUG    | fgvc.clustering.spherical_kmeans |   Init 5/5: inertia=2.404563
2026-08-13 15:39:21 | DEBUG    | fgvc.clustering.spherical_kmeans |   Init 1/5: inertia=2.198579
2026-08-13 15:39:21 | DEBUG    | fgvc.clustering.spherical_kmeans |   Init 2/5: inertia=2.174650
2026-08-13 15:39:21 | DEBUG    | fgvc.clustering.spherical_kmeans |   Init 3/5: inertia=2.204267
2026-08-13 15:39:21 | DEBUG    | fgvc.clustering.spherical_kmeans |   Init 4/5: inertia=2.123360
2026-08-13 15:39:21 | DEBUG    | fgvc.clustering.spherical_kmeans |   Init 5/5: inertia=2.202899
2026-08-13 15:39:21 | DEBUG    | fgvc.clustering.spherical_kmeans |   Init 1/5: inertia=1.993322
2026-08-13 15:39:21 | DEBUG    | fgvc.clustering.spherical_kmeans |   Init 2/5: inertia=1.976418
2026-08-13 15:39:21 | DEBUG    | fgvc.clustering.spherical_kmeans |   Init 3/5: inertia=1.966845
2026-08-13 15:39:21 | DEBUG    | fgvc.clustering.spherical_kmeans |   Init 4/5: inertia=2.035469
2026-08-13 15:39:21 | DEBUG    | fgvc.clustering.spherical_kmeans |   Init 5/5: inertia=2.088619
2026-08-13 15:39:21 | DEBUG    | fgvc.clustering.spherical_kmeans | K selection: best_k=2 | scores={2: {'silhouette': 0.1363, 'compactness': 0.9008, 'score': 0.3384}, 3: {'silhouette': 0.1385, 'compactness': 0.9087, 'score': 0.2752}, 4: {'silhouette': 0.0758, 'compactness': 0.9151, 'score': 0.1791}, 5: {'silhouette': 0.0789, 'compactness': 0.9213, 'score': 0.1159}}
2026-08-13 15:39:21 | DEBUG    | fgvc.clustering.spherical_kmeans |   Init 1/10: inertia=2.484681
2026-08-13 15:39:21 | DEBUG    | fgvc.clustering.spherical_kmeans |   Init 2/10: inertia=2.540009
2026-08-13 15:39:21 | DEBUG    | fgvc.clustering.spherical_kmeans |   Init 3/10: inertia=2.479821
2026-08-13 15:39:21 | DEBUG    | fgvc.clustering.spherical_kmeans |   Init 4/10: inertia=2.579599
2026-08-13 15:39:21 | DEBUG    | fgvc.clustering.spherical_kmeans |   Init 5/10: inertia=2.606165
2026-08-13 15:39:21 | DEBUG    | fgvc.clustering.spherical_kmeans |   Init 6/10: inertia=2.485554
2026-08-13 15:39:21 | DEBUG    | fgvc.clustering.spherical_kmeans |   Init 7/10: inertia=2.499683
2026-08-13 15:39:21 | DEBUG    | fgvc.clustering.spherical_kmeans |   Init 8/10: inertia=2.579764
2026-08-13 15:39:21 | DEBUG    | fgvc.clustering.spherical_kmeans |   Init 9/10: inertia=2.540009
2026-08-13 15:39:21 | DEBUG    | fgvc.clustering.spherical_kmeans |   Init 10/10: inertia=2.529311
2026-08-13 15:39:21 | INFO     | fgvc.clustering.spherical_kmeans |   [American_Goldfinch] k_selected=2 | k_effective=2 | min_cluster=7 | max_cluster=18
2026-08-13 15:39:21 | INFO     | fgvc.clustering.spherical_kmeans |   [American_Pipit] 25 images
2026-08-13 15:39:21 | DEBUG    | fgvc.clustering.spherical_kmeans |   Init 1/5: inertia=4.082643
2026-08-13 15:39:21 | DEBUG    | fgvc.clustering.spherical_kmeans |   Init 2/5: inertia=4.067723
2026-08-13 15:39:21 | DEBUG    | fgvc.clustering.spherical_kmeans |   Init 3/5: inertia=4.154688
2026-08-13 15:39:21 | DEBUG    | fgvc.clustering.spherical_kmeans |   Init 4/5: inertia=4.192864
2026-08-13 15:39:21 | DEBUG    | fgvc.clustering.spherical_kmeans |   Init 5/5: inertia=4.106931
2026-08-13 15:39:21 | DEBUG    | fgvc.clustering.spherical_kmeans |   Init 1/5: inertia=3.768513
2026-08-13 15:39:21 | DEBUG    | fgvc.clustering.spherical_kmeans |   Init 2/5: inertia=3.861259
2026-08-13 15:39:21 | DEBUG    | fgvc.clustering.spherical_kmeans |   Init 3/5: inertia=3.759944
2026-08-13 15:39:21 | DEBUG    | fgvc.clustering.spherical_kmeans |   Init 4/5: inertia=3.774145
2026-08-13 15:39:21 | DEBUG    | fgvc.clustering.spherical_kmeans |   Init 5/5: inertia=3.839587
2026-08-13 15:39:21 | DEBUG    | fgvc.clustering.spherical_kmeans |   Init 1/5: inertia=3.613776
2026-08-13 15:39:21 | DEBUG    | fgvc.clustering.spherical_kmeans |   Init 2/5: inertia=3.558272
2026-08-13 15:39:21 | DEBUG    | fgvc.clustering.spherical_kmeans |   Init 3/5: inertia=3.515443
2026-08-13 15:39:21 | DEBUG    | fgvc.clustering.spherical_kmeans |   Init 4/5: inertia=3.479346
2026-08-13 15:39:21 | DEBUG    | fgvc.clustering.spherical_kmeans |   Init 5/5: inertia=3.444085
2026-08-13 15:39:21 | DEBUG    | fgvc.clustering.spherical_kmeans |   Init 1/5: inertia=3.216685
2026-08-13 15:39:21 | DEBUG    | fgvc.clustering.spherical_kmeans |   Init 2/5: inertia=3.256275
2026-08-13 15:39:21 | DEBUG    | fgvc.clustering.spherical_kmeans |   Init 3/5: inertia=3.178963
2026-08-13 15:39:21 | DEBUG    | fgvc.clustering.spherical_kmeans |   Init 4/5: inertia=3.096515
2026-08-13 15:39:21 | DEBUG    | fgvc.clustering.spherical_kmeans |   Init 5/5: inertia=3.283607
2026-08-13 15:39:21 | DEBUG    | fgvc.clustering.spherical_kmeans | K selection: best_k=2 | scores={2: {'silhouette': 0.0762, 'compactness': 0.8373, 'score': 0.2893}, 3: {'silhouette': 0.0644, 'compactness': 0.8496, 'score': 0.2204}, 4: {'silhouette': 0.0423, 'compactness': 0.8622, 'score': 0.1465}, 5: {'silhouette': 0.0736, 'compactness': 0.8761, 'score': 0.0996}}
2026-08-13 15:39:21 | DEBUG    | fgvc.clustering.spherical_kmeans |   Init 1/10: inertia=4.082643
2026-08-13 15:39:21 | DEBUG    | fgvc.clustering.spherical_kmeans |   Init 2/10: inertia=4.067723
2026-08-13 15:39:21 | DEBUG    | fgvc.clustering.spherical_kmeans |   Init 3/10: inertia=4.154688
2026-08-13 15:39:21 | DEBUG    | fgvc.clustering.spherical_kmeans |   Init 4/10: inertia=4.192864
2026-08-13 15:39:21 | DEBUG    | fgvc.clustering.spherical_kmeans |   Init 5/10: inertia=4.106931
2026-08-13 15:39:21 | DEBUG    | fgvc.clustering.spherical_kmeans |   Init 6/10: inertia=4.151303
2026-08-13 15:39:21 | DEBUG    | fgvc.clustering.spherical_kmeans |   Init 7/10: inertia=4.106931
2026-08-13 15:39:21 | DEBUG    | fgvc.clustering.spherical_kmeans |   Init 8/10: inertia=4.070583
2026-08-13 15:39:21 | DEBUG    | fgvc.clustering.spherical_kmeans |   Init 9/10: inertia=4.106931
2026-08-13 15:39:21 | DEBUG    | fgvc.clustering.spherical_kmeans |   Init 10/10: inertia=4.042964
2026-08-13 15:39:21 | INFO     | fgvc.clustering.spherical_kmeans |   [American_Pipit] k_selected=2 | k_effective=2 | min_cluster=11 | max_cluster=14
2026-08-13 15:39:21 | INFO     | fgvc.clustering.spherical_kmeans |   [American_Redstart] 25 images
2026-08-13 15:39:21 | DEBUG    | fgvc.clustering.spherical_kmeans |   Init 1/5: inertia=4.289007
2026-08-13 15:39:21 | DEBUG    | fgvc.clustering.spherical_kmeans |   Init 2/5: inertia=4.074955
2026-08-13 15:39:21 | DEBUG    | fgvc.clustering.spherical_kmeans |   Init 3/5: inertia=4.446494
2026-08-13 15:39:21 | DEBUG    | fgvc.clustering.spherical_kmeans |   Init 4/5: inertia=4.074955
2026-08-13 15:39:21 | DEBUG    | fgvc.clustering.spherical_kmeans |   Init 5/5: inertia=4.335646
2026-08-13 15:39:21 | DEBUG    | fgvc.clustering.spherical_kmeans |   Init 1/5: inertia=3.672657
2026-08-13 15:39:21 | DEBUG    | fgvc.clustering.spherical_kmeans |   Init 2/5: inertia=3.803975
2026-08-13 15:39:21 | DEBUG    | fgvc.clustering.spherical_kmeans |   Init 3/5: inertia=3.921010
2026-08-13 15:39:21 | DEBUG    | fgvc.clustering.spherical_kmeans |   Init 4/5: inertia=3.866718
2026-08-13 15:39:21 | DEBUG    | fgvc.clustering.spherical_kmeans |   Init 5/5: inertia=3.917569
2026-08-13 15:39:21 | DEBUG    | fgvc.clustering.spherical_kmeans |   Init 1/5: inertia=3.434077
2026-08-13 15:39:21 | DEBUG    | fgvc.clustering.spherical_kmeans |   Init 2/5: inertia=3.566526
2026-08-13 15:39:21 | DEBUG    | fgvc.clustering.spherical_kmeans |   Init 3/5: inertia=3.619496
2026-08-13 15:39:21 | DEBUG    | fgvc.clustering.spherical_kmeans |   Init 4/5: inertia=3.492456
2026-08-13 15:39:21 | DEBUG    | fgvc.clustering.spherical_kmeans |   Init 5/5: inertia=3.329853
2026-08-13 15:39:21 | DEBUG    | fgvc.clustering.spherical_kmeans |   Init 1/5: inertia=3.269998
2026-08-13 15:39:21 | DEBUG    | fgvc.clustering.spherical_kmeans |   Init 2/5: inertia=3.066326
2026-08-13 15:39:21 | DEBUG    | fgvc.clustering.spherical_kmeans |   Init 3/5: inertia=3.265211
2026-08-13 15:39:21 | DEBUG    | fgvc.clustering.spherical_kmeans |   Init 4/5: inertia=3.012185
2026-08-13 15:39:21 | DEBUG    | fgvc.clustering.spherical_kmeans |   Init 5/5: inertia=3.035115
2026-08-13 15:39:21 | DEBUG    | fgvc.clustering.spherical_kmeans | K selection: best_k=2 | scores={2: {'silhouette': 0.225, 'compactness': 0.837, 'score': 0.3636}, 3: {'silhouette': 0.1841, 'compactness': 0.8531, 'score': 0.2813}, 4: {'silhouette': 0.1526, 'compactness': 0.8668, 'score': 0.203}, 5: {'silhouette': 0.1076, 'compactness': 0.8795, 'score': 0.1177}}
2026-08-13 15:39:21 | DEBUG    | fgvc.clustering.spherical_kmeans |   Init 1/10: inertia=4.289007
2026-08-13 15:39:21 | DEBUG    | fgvc.clustering.spherical_kmeans |   Init 2/10: inertia=4.074955
2026-08-13 15:39:21 | DEBUG    | fgvc.clustering.spherical_kmeans |   Init 3/10: inertia=4.446494
2026-08-13 15:39:21 | DEBUG    | fgvc.clustering.spherical_kmeans |   Init 4/10: inertia=4.074955
2026-08-13 15:39:21 | DEBUG    | fgvc.clustering.spherical_kmeans |   Init 5/10: inertia=4.335646
2026-08-13 15:39:21 | DEBUG    | fgvc.clustering.spherical_kmeans |   Init 6/10: inertia=4.183225
2026-08-13 15:39:21 | DEBUG    | fgvc.clustering.spherical_kmeans |   Init 7/10: inertia=4.505365
2026-08-13 15:39:21 | DEBUG    | fgvc.clustering.spherical_kmeans |   Init 8/10: inertia=4.114563
2026-08-13 15:39:21 | DEBUG    | fgvc.clustering.spherical_kmeans |   Init 9/10: inertia=4.436873
2026-08-13 15:39:21 | DEBUG    | fgvc.clustering.spherical_kmeans |   Init 10/10: inertia=4.298303
2026-08-13 15:39:21 | INFO     | fgvc.clustering.spherical_kmeans |   [American_Redstart] k_selected=2 | k_effective=2 | min_cluster=5 | max_cluster=20
2026-08-13 15:39:21 | INFO     | fgvc.clustering.spherical_kmeans |   [American_Three_toed_Woodpecker] 25 images
2026-08-13 15:39:21 | DEBUG    | fgvc.clustering.spherical_kmeans |   Init 1/5: inertia=5.393679
2026-08-13 15:39:21 | DEBUG    | fgvc.clustering.spherical_kmeans |   Init 2/5: inertia=5.417948
2026-08-13 15:39:21 | DEBUG    | fgvc.clustering.spherical_kmeans |   Init 3/5: inertia=5.552886
2026-08-13 15:39:21 | DEBUG    | fgvc.clustering.spherical_kmeans |   Init 4/5: inertia=5.497066
2026-08-13 15:39:21 | DEBUG    | fgvc.clustering.spherical_kmeans |   Init 5/5: inertia=5.413190
2026-08-13 15:39:21 | DEBUG    | fgvc.clustering.spherical_kmeans |   Init 1/5: inertia=5.051601
2026-08-13 15:39:21 | DEBUG    | fgvc.clustering.spherical_kmeans |   Init 2/5: inertia=5.104778
2026-08-13 15:39:21 | DEBUG    | fgvc.clustering.spherical_kmeans |   Init 3/5: inertia=5.055894
2026-08-13 15:39:21 | DEBUG    | fgvc.clustering.spherical_kmeans |   Init 4/5: inertia=4.932474
2026-08-13 15:39:21 | DEBUG    | fgvc.clustering.spherical_kmeans |   Init 5/5: inertia=5.013737
2026-08-13 15:39:21 | DEBUG    | fgvc.clustering.spherical_kmeans |   Init 1/5: inertia=4.744190
2026-08-13 15:39:21 | DEBUG    | fgvc.clustering.spherical_kmeans |   Init 2/5: inertia=4.791717
2026-08-13 15:39:21 | DEBUG    | fgvc.clustering.spherical_kmeans |   Init 3/5: inertia=4.699013
2026-08-13 15:39:21 | DEBUG    | fgvc.clustering.spherical_kmeans |   Init 4/5: inertia=4.505703
2026-08-13 15:39:21 | DEBUG    | fgvc.clustering.spherical_kmeans |   Init 5/5: inertia=4.734779
2026-08-13 15:39:21 | DEBUG    | fgvc.clustering.spherical_kmeans |   Init 1/5: inertia=4.421783
2026-08-13 15:39:21 | DEBUG    | fgvc.clustering.spherical_kmeans |   Init 2/5: inertia=4.337194
2026-08-13 15:39:21 | DEBUG    | fgvc.clustering.spherical_kmeans |   Init 3/5: inertia=4.135058
2026-08-13 15:39:21 | DEBUG    | fgvc.clustering.spherical_kmeans |   Init 4/5: inertia=4.496487
2026-08-13 15:39:21 | DEBUG    | fgvc.clustering.spherical_kmeans |   Init 5/5: inertia=4.142296
2026-08-13 15:39:21 | DEBUG    | fgvc.clustering.spherical_kmeans | K selection: best_k=2 | scores={2: {'silhouette': 0.0848, 'compactness': 0.7843, 'score': 0.2777}, 3: {'silhouette': 0.0583, 'compactness': 0.8027, 'score': 0.2033}, 4: {'silhouette': 0.1221, 'compactness': 0.8198, 'score': 0.1737}, 5: {'silhouette': 0.1008, 'compactness': 0.8346, 'score': 0.1008}}
2026-08-13 15:39:21 | DEBUG    | fgvc.clustering.spherical_kmeans |   Init 1/10: inertia=5.393679
2026-08-13 15:39:21 | DEBUG    | fgvc.clustering.spherical_kmeans |   Init 2/10: inertia=5.417948
2026-08-13 15:39:21 | DEBUG    | fgvc.clustering.spherical_kmeans |   Init 3/10: inertia=5.552886
2026-08-13 15:39:21 | DEBUG    | fgvc.clustering.spherical_kmeans |   Init 4/10: inertia=5.497066
2026-08-13 15:39:21 | DEBUG    | fgvc.clustering.spherical_kmeans |   Init 5/10: inertia=5.413190
2026-08-13 15:39:21 | DEBUG    | fgvc.clustering.spherical_kmeans |   Init 6/10: inertia=5.431991
2026-08-13 15:39:21 | DEBUG    | fgvc.clustering.spherical_kmeans |   Init 7/10: inertia=5.417021
2026-08-13 15:39:21 | DEBUG    | fgvc.clustering.spherical_kmeans |   Init 8/10: inertia=5.460943
2026-08-13 15:39:21 | DEBUG    | fgvc.clustering.spherical_kmeans |   Init 9/10: inertia=5.487825
2026-08-13 15:39:21 | DEBUG    | fgvc.clustering.spherical_kmeans |   Init 10/10: inertia=5.406030
2026-08-13 15:39:21 | INFO     | fgvc.clustering.spherical_kmeans |   [American_Three_toed_Woodpecker] k_selected=2 | k_effective=2 | min_cluster=10 | max_cluster=15
2026-08-13 15:39:21 | INFO     | fgvc.clustering.spherical_kmeans |   [Anna_Hummingbird] 25 images
2026-08-13 15:39:21 | DEBUG    | fgvc.clustering.spherical_kmeans |   Init 1/5: inertia=5.155245
2026-08-13 15:39:21 | DEBUG    | fgvc.clustering.spherical_kmeans |   Init 2/5: inertia=5.446718
2026-08-13 15:39:21 | DEBUG    | fgvc.clustering.spherical_kmeans |   Init 3/5: inertia=5.271442
2026-08-13 15:39:21 | DEBUG    | fgvc.clustering.spherical_kmeans |   Init 4/5: inertia=5.467992
2026-08-13 15:39:21 | DEBUG    | fgvc.clustering.spherical_kmeans |   Init 5/5: inertia=5.422051
2026-08-13 15:39:21 | DEBUG    | fgvc.clustering.spherical_kmeans |   Init 1/5: inertia=4.713392
2026-08-13 15:39:21 | DEBUG    | fgvc.clustering.spherical_kmeans |   Init 2/5: inertia=4.870580
2026-08-13 15:39:21 | DEBUG    | fgvc.clustering.spherical_kmeans |   Init 3/5: inertia=4.838336
2026-08-13 15:39:21 | DEBUG    | fgvc.clustering.spherical_kmeans |   Init 4/5: inertia=4.929566
2026-08-13 15:39:21 | DEBUG    | fgvc.clustering.spherical_kmeans |   Init 5/5: inertia=4.961946
2026-08-13 15:39:21 | DEBUG    | fgvc.clustering.spherical_kmeans |   Init 1/5: inertia=4.355183
2026-08-13 15:39:21 | DEBUG    | fgvc.clustering.spherical_kmeans |   Init 2/5: inertia=4.587686
2026-08-13 15:39:21 | DEBUG    | fgvc.clustering.spherical_kmeans |   Init 3/5: inertia=4.582850
2026-08-13 15:39:21 | DEBUG    | fgvc.clustering.spherical_kmeans |   Init 4/5: inertia=4.513297
2026-08-13 15:39:21 | DEBUG    | fgvc.clustering.spherical_kmeans |   Init 5/5: inertia=4.737526
2026-08-13 15:39:21 | DEBUG    | fgvc.clustering.spherical_kmeans |   Init 1/5: inertia=4.143144
2026-08-13 15:39:21 | DEBUG    | fgvc.clustering.spherical_kmeans |   Init 2/5: inertia=4.259004
2026-08-13 15:39:21 | DEBUG    | fgvc.clustering.spherical_kmeans |   Init 3/5: inertia=4.183045
2026-08-13 15:39:21 | DEBUG    | fgvc.clustering.spherical_kmeans |   Init 4/5: inertia=4.145350
2026-08-13 15:39:21 | DEBUG    | fgvc.clustering.spherical_kmeans |   Init 5/5: inertia=4.151790
2026-08-13 15:39:21 | DEBUG    | fgvc.clustering.spherical_kmeans | K selection: best_k=2 | scores={2: {'silhouette': 0.1159, 'compactness': 0.7938, 'score': 0.2961}, 3: {'silhouette': 0.0846, 'compactness': 0.8115, 'score': 0.2191}, 4: {'silhouette': 0.0515, 'compactness': 0.8258, 'score': 0.1401}, 5: {'silhouette': 0.0355, 'compactness': 0.8343, 'score': 0.068}}
2026-08-13 15:39:21 | DEBUG    | fgvc.clustering.spherical_kmeans |   Init 1/10: inertia=5.155245
2026-08-13 15:39:21 | DEBUG    | fgvc.clustering.spherical_kmeans |   Init 2/10: inertia=5.446718
2026-08-13 15:39:21 | DEBUG    | fgvc.clustering.spherical_kmeans |   Init 3/10: inertia=5.271442
2026-08-13 15:39:21 | DEBUG    | fgvc.clustering.spherical_kmeans |   Init 4/10: inertia=5.467992
2026-08-13 15:39:21 | DEBUG    | fgvc.clustering.spherical_kmeans |   Init 5/10: inertia=5.422051
2026-08-13 15:39:21 | DEBUG    | fgvc.clustering.spherical_kmeans |   Init 6/10: inertia=5.216775
2026-08-13 15:39:21 | DEBUG    | fgvc.clustering.spherical_kmeans |   Init 7/10: inertia=5.151696
2026-08-13 15:39:21 | DEBUG    | fgvc.clustering.spherical_kmeans |   Init 8/10: inertia=5.373058
2026-08-13 15:39:21 | DEBUG    | fgvc.clustering.spherical_kmeans |   Init 9/10: inertia=5.224074
2026-08-13 15:39:21 | DEBUG    | fgvc.clustering.spherical_kmeans |   Init 10/10: inertia=5.376087
2026-08-13 15:39:21 | INFO     | fgvc.clustering.spherical_kmeans |   [Anna_Hummingbird] k_selected=2 | k_effective=2 | min_cluster=11 | max_cluster=14
2026-08-13 15:39:21 | INFO     | fgvc.clustering.spherical_kmeans |   [Artic_Tern] 25 images
2026-08-13 15:39:21 | DEBUG    | fgvc.clustering.spherical_kmeans |   Init 1/5: inertia=5.644746
2026-08-13 15:39:21 | DEBUG    | fgvc.clustering.spherical_kmeans |   Init 2/5: inertia=5.385738
2026-08-13 15:39:21 | DEBUG    | fgvc.clustering.spherical_kmeans |   Init 3/5: inertia=5.590716
2026-08-13 15:39:21 | DEBUG    | fgvc.clustering.spherical_kmeans |   Init 4/5: inertia=5.071634
2026-08-13 15:39:21 | DEBUG    | fgvc.clustering.spherical_kmeans |   Init 5/5: inertia=5.602184
2026-08-13 15:39:21 | DEBUG    | fgvc.clustering.spherical_kmeans |   Init 1/5: inertia=5.276857
2026-08-13 15:39:21 | DEBUG    | fgvc.clustering.spherical_kmeans |   Init 2/5: inertia=5.186083
2026-08-13 15:39:21 | DEBUG    | fgvc.clustering.spherical_kmeans |   Init 3/5: inertia=4.723696
2026-08-13 15:39:21 | DEBUG    | fgvc.clustering.spherical_kmeans |   Init 4/5: inertia=4.626725
2026-08-13 15:39:21 | DEBUG    | fgvc.clustering.spherical_kmeans |   Init 5/5: inertia=4.622735
2026-08-13 15:39:21 | DEBUG    | fgvc.clustering.spherical_kmeans |   Init 1/5: inertia=4.238488
2026-08-13 15:39:21 | DEBUG    | fgvc.clustering.spherical_kmeans |   Init 2/5: inertia=4.232211
2026-08-13 15:39:21 | DEBUG    | fgvc.clustering.spherical_kmeans |   Init 3/5: inertia=4.263171
2026-08-13 15:39:21 | DEBUG    | fgvc.clustering.spherical_kmeans |   Init 4/5: inertia=4.377296
2026-08-13 15:39:21 | DEBUG    | fgvc.clustering.spherical_kmeans |   Init 5/5: inertia=4.334283
2026-08-13 15:39:21 | DEBUG    | fgvc.clustering.spherical_kmeans |   Init 1/5: inertia=3.789071
2026-08-13 15:39:21 | DEBUG    | fgvc.clustering.spherical_kmeans |   Init 2/5: inertia=3.881129
2026-08-13 15:39:21 | DEBUG    | fgvc.clustering.spherical_kmeans |   Init 3/5: inertia=4.061796
2026-08-13 15:39:21 | DEBUG    | fgvc.clustering.spherical_kmeans |   Init 4/5: inertia=4.036810
2026-08-13 15:39:21 | DEBUG    | fgvc.clustering.spherical_kmeans |   Init 5/5: inertia=3.861337
2026-08-13 15:39:21 | DEBUG    | fgvc.clustering.spherical_kmeans | K selection: best_k=2 | scores={2: {'silhouette': 0.2024, 'compactness': 0.7971, 'score': 0.3403}, 3: {'silhouette': 0.1206, 'compactness': 0.8151, 'score': 0.2381}, 4: {'silhouette': 0.1895, 'compactness': 0.8307, 'score': 0.2106}, 5: {'silhouette': 0.1465, 'compactness': 0.8484, 'score': 0.1278}}
2026-08-13 15:39:21 | DEBUG    | fgvc.clustering.spherical_kmeans |   Init 1/10: inertia=5.644746
2026-08-13 15:39:21 | DEBUG    | fgvc.clustering.spherical_kmeans |   Init 2/10: inertia=5.385738
2026-08-13 15:39:21 | DEBUG    | fgvc.clustering.spherical_kmeans |   Init 3/10: inertia=5.590716
2026-08-13 15:39:21 | DEBUG    | fgvc.clustering.spherical_kmeans |   Init 4/10: inertia=5.071634
2026-08-13 15:39:21 | DEBUG    | fgvc.clustering.spherical_kmeans |   Init 5/10: inertia=5.602184
2026-08-13 15:39:21 | DEBUG    | fgvc.clustering.spherical_kmeans |   Init 6/10: inertia=5.026418
2026-08-13 15:39:21 | DEBUG    | fgvc.clustering.spherical_kmeans |   Init 7/10: inertia=5.067713
2026-08-13 15:39:21 | DEBUG    | fgvc.clustering.spherical_kmeans |   Init 8/10: inertia=5.434529
2026-08-13 15:39:21 | DEBUG    | fgvc.clustering.spherical_kmeans |   Init 9/10: inertia=5.067713
2026-08-13 15:39:21 | DEBUG    | fgvc.clustering.spherical_kmeans |   Init 10/10: inertia=5.811546
2026-08-13 15:39:21 | INFO     | fgvc.clustering.spherical_kmeans |   [Artic_Tern] k_selected=2 | k_effective=2 | min_cluster=11 | max_cluster=14
2026-08-13 15:39:21 | INFO     | fgvc.clustering.spherical_kmeans |   [Baird_Sparrow] 25 images
2026-08-13 15:39:21 | DEBUG    | fgvc.clustering.spherical_kmeans |   Init 1/5: inertia=4.623439
2026-08-13 15:39:21 | DEBUG    | fgvc.clustering.spherical_kmeans |   Init 2/5: inertia=4.553241
2026-08-13 15:39:21 | DEBUG    | fgvc.clustering.spherical_kmeans |   Init 3/5: inertia=4.466749
2026-08-13 15:39:21 | DEBUG    | fgvc.clustering.spherical_kmeans |   Init 4/5: inertia=4.551390
2026-08-13 15:39:21 | DEBUG    | fgvc.clustering.spherical_kmeans |   Init 5/5: inertia=4.572545
2026-08-13 15:39:21 | DEBUG    | fgvc.clustering.spherical_kmeans |   Init 1/5: inertia=4.245000
2026-08-13 15:39:21 | DEBUG    | fgvc.clustering.spherical_kmeans |   Init 2/5: inertia=4.221862
2026-08-13 15:39:21 | DEBUG    | fgvc.clustering.spherical_kmeans |   Init 3/5: inertia=4.252603
2026-08-13 15:39:21 | DEBUG    | fgvc.clustering.spherical_kmeans |   Init 4/5: inertia=4.185598
2026-08-13 15:39:21 | DEBUG    | fgvc.clustering.spherical_kmeans |   Init 5/5: inertia=4.082968
2026-08-13 15:39:21 | DEBUG    | fgvc.clustering.spherical_kmeans |   Init 1/5: inertia=4.040768
2026-08-13 15:39:21 | DEBUG    | fgvc.clustering.spherical_kmeans |   Init 2/5: inertia=3.855539
2026-08-13 15:39:21 | DEBUG    | fgvc.clustering.spherical_kmeans |   Init 3/5: inertia=4.086238
2026-08-13 15:39:21 | DEBUG    | fgvc.clustering.spherical_kmeans |   Init 4/5: inertia=3.809898
2026-08-13 15:39:21 | DEBUG    | fgvc.clustering.spherical_kmeans |   Init 5/5: inertia=3.978392
2026-08-13 15:39:21 | DEBUG    | fgvc.clustering.spherical_kmeans |   Init 1/5: inertia=3.705226
2026-08-13 15:39:21 | DEBUG    | fgvc.clustering.spherical_kmeans |   Init 2/5: inertia=3.679968
2026-08-13 15:39:21 | DEBUG    | fgvc.clustering.spherical_kmeans |   Init 3/5: inertia=3.422821
2026-08-13 15:39:21 | DEBUG    | fgvc.clustering.spherical_kmeans |   Init 4/5: inertia=3.664303
2026-08-13 15:39:21 | DEBUG    | fgvc.clustering.spherical_kmeans |   Init 5/5: inertia=3.661907
2026-08-13 15:39:21 | DEBUG    | fgvc.clustering.spherical_kmeans | K selection: best_k=2 | scores={2: {'silhouette': 0.3191, 'compactness': 0.8213, 'score': 0.4059}, 3: {'silhouette': 0.0842, 'compactness': 0.8367, 'score': 0.2264}, 4: {'silhouette': 0.0344, 'compactness': 0.8476, 'score': 0.1381}, 5: {'silhouette': 0.0533, 'compactness': 0.8631, 'score': 0.0856}}
2026-08-13 15:39:21 | DEBUG    | fgvc.clustering.spherical_kmeans |   Init 1/10: inertia=4.623439
2026-08-13 15:39:21 | DEBUG    | fgvc.clustering.spherical_kmeans |   Init 2/10: inertia=4.553241
2026-08-13 15:39:21 | DEBUG    | fgvc.clustering.spherical_kmeans |   Init 3/10: inertia=4.466749
2026-08-13 15:39:21 | DEBUG    | fgvc.clustering.spherical_kmeans |   Init 4/10: inertia=4.551390
2026-08-13 15:39:21 | DEBUG    | fgvc.clustering.spherical_kmeans |   Init 5/10: inertia=4.572545
2026-08-13 15:39:21 | DEBUG    | fgvc.clustering.spherical_kmeans |   Init 6/10: inertia=4.522901
2026-08-13 15:39:21 | DEBUG    | fgvc.clustering.spherical_kmeans |   Init 7/10: inertia=4.574786
2026-08-13 15:39:21 | DEBUG    | fgvc.clustering.spherical_kmeans |   Init 8/10: inertia=4.555871
2026-08-13 15:39:21 | DEBUG    | fgvc.clustering.spherical_kmeans |   Init 9/10: inertia=4.555798
2026-08-13 15:39:21 | DEBUG    | fgvc.clustering.spherical_kmeans |   Init 10/10: inertia=4.384849
2026-08-13 15:39:21 | INFO     | fgvc.clustering.spherical_kmeans |   [Baird_Sparrow] k_selected=2 | k_effective=1 | min_cluster=25 | max_cluster=25
2026-08-13 15:39:21 | INFO     | fgvc.clustering.spherical_kmeans |   [Baltimore_Oriole] 25 images
2026-08-13 15:39:21 | DEBUG    | fgvc.clustering.spherical_kmeans |   Init 1/5: inertia=3.014858
2026-08-13 15:39:21 | DEBUG    | fgvc.clustering.spherical_kmeans |   Init 2/5: inertia=3.505887
2026-08-13 15:39:21 | DEBUG    | fgvc.clustering.spherical_kmeans |   Init 3/5: inertia=2.968885
2026-08-13 15:39:21 | DEBUG    | fgvc.clustering.spherical_kmeans |   Init 4/5: inertia=3.459674
2026-08-13 15:39:21 | DEBUG    | fgvc.clustering.spherical_kmeans |   Init 5/5: inertia=3.242075
2026-08-13 15:39:21 | DEBUG    | fgvc.clustering.spherical_kmeans |   Init 1/5: inertia=2.787920
2026-08-13 15:39:21 | DEBUG    | fgvc.clustering.spherical_kmeans |   Init 2/5: inertia=2.726847
2026-08-13 15:39:21 | DEBUG    | fgvc.clustering.spherical_kmeans |   Init 3/5: inertia=3.127857
2026-08-13 15:39:21 | DEBUG    | fgvc.clustering.spherical_kmeans |   Init 4/5: inertia=2.687539
2026-08-13 15:39:21 | DEBUG    | fgvc.clustering.spherical_kmeans |   Init 5/5: inertia=3.177935
2026-08-13 15:39:21 | DEBUG    | fgvc.clustering.spherical_kmeans |   Init 1/5: inertia=2.618941
2026-08-13 15:39:21 | DEBUG    | fgvc.clustering.spherical_kmeans |   Init 2/5: inertia=2.545063
2026-08-13 15:39:21 | DEBUG    | fgvc.clustering.spherical_kmeans |   Init 3/5: inertia=2.563934
2026-08-13 15:39:21 | DEBUG    | fgvc.clustering.spherical_kmeans |   Init 4/5: inertia=2.631298
2026-08-13 15:39:21 | DEBUG    | fgvc.clustering.spherical_kmeans |   Init 5/5: inertia=2.583770
2026-08-13 15:39:21 | DEBUG    | fgvc.clustering.spherical_kmeans |   Init 1/5: inertia=2.478863
2026-08-13 15:39:21 | DEBUG    | fgvc.clustering.spherical_kmeans |   Init 2/5: inertia=2.403425
2026-08-13 15:39:21 | DEBUG    | fgvc.clustering.spherical_kmeans |   Init 3/5: inertia=2.391421
2026-08-13 15:39:21 | DEBUG    | fgvc.clustering.spherical_kmeans |   Init 4/5: inertia=2.356452
2026-08-13 15:39:21 | DEBUG    | fgvc.clustering.spherical_kmeans |   Init 5/5: inertia=2.366560
2026-08-13 15:39:21 | DEBUG    | fgvc.clustering.spherical_kmeans | K selection: best_k=2 | scores={2: {'silhouette': 0.3857, 'compactness': 0.8812, 'score': 0.4572}, 3: {'silhouette': 0.1426, 'compactness': 0.8925, 'score': 0.2724}, 4: {'silhouette': 0.0905, 'compactness': 0.8982, 'score': 0.1814}, 5: {'silhouette': 0.0818, 'compactness': 0.9057, 'score': 0.1126}}
2026-08-13 15:39:21 | DEBUG    | fgvc.clustering.spherical_kmeans |   Init 1/10: inertia=3.014858
2026-08-13 15:39:21 | DEBUG    | fgvc.clustering.spherical_kmeans |   Init 2/10: inertia=3.505887
2026-08-13 15:39:21 | DEBUG    | fgvc.clustering.spherical_kmeans |   Init 3/10: inertia=2.968885
2026-08-13 15:39:21 | DEBUG    | fgvc.clustering.spherical_kmeans |   Init 4/10: inertia=3.459674
2026-08-13 15:39:21 | DEBUG    | fgvc.clustering.spherical_kmeans |   Init 5/10: inertia=3.242075
2026-08-13 15:39:21 | DEBUG    | fgvc.clustering.spherical_kmeans |   Init 6/10: inertia=2.968885
2026-08-13 15:39:21 | DEBUG    | fgvc.clustering.spherical_kmeans |   Init 7/10: inertia=3.454548
2026-08-13 15:39:21 | DEBUG    | fgvc.clustering.spherical_kmeans |   Init 8/10: inertia=2.968885
2026-08-13 15:39:21 | DEBUG    | fgvc.clustering.spherical_kmeans |   Init 9/10: inertia=2.988855
2026-08-13 15:39:21 | DEBUG    | fgvc.clustering.spherical_kmeans |   Init 10/10: inertia=3.395072
2026-08-13 15:39:21 | INFO     | fgvc.clustering.spherical_kmeans |   [Baltimore_Oriole] k_selected=2 | k_effective=2 | min_cluster=5 | max_cluster=20
2026-08-13 15:39:21 | INFO     | fgvc.clustering.spherical_kmeans |   [Bank_Swallow] 25 images
2026-08-13 15:39:21 | DEBUG    | fgvc.clustering.spherical_kmeans |   Init 1/5: inertia=5.380477
2026-08-13 15:39:21 | DEBUG    | fgvc.clustering.spherical_kmeans |   Init 2/5: inertia=5.393141
2026-08-13 15:39:21 | DEBUG    | fgvc.clustering.spherical_kmeans |   Init 3/5: inertia=5.576371
2026-08-13 15:39:21 | DEBUG    | fgvc.clustering.spherical_kmeans |   Init 4/5: inertia=5.340945
2026-08-13 15:39:21 | DEBUG    | fgvc.clustering.spherical_kmeans |   Init 5/5: inertia=5.421877
2026-08-13 15:39:21 | DEBUG    | fgvc.clustering.spherical_kmeans |   Init 1/5: inertia=5.047020
2026-08-13 15:39:21 | DEBUG    | fgvc.clustering.spherical_kmeans |   Init 2/5: inertia=4.844710
2026-08-13 15:39:21 | DEBUG    | fgvc.clustering.spherical_kmeans |   Init 3/5: inertia=5.031089
2026-08-13 15:39:21 | DEBUG    | fgvc.clustering.spherical_kmeans |   Init 4/5: inertia=4.744730
2026-08-13 15:39:21 | DEBUG    | fgvc.clustering.spherical_kmeans |   Init 5/5: inertia=5.057999
2026-08-13 15:39:21 | DEBUG    | fgvc.clustering.spherical_kmeans |   Init 1/5: inertia=4.685049
2026-08-13 15:39:21 | DEBUG    | fgvc.clustering.spherical_kmeans |   Init 2/5: inertia=4.330259
2026-08-13 15:39:21 | DEBUG    | fgvc.clustering.spherical_kmeans |   Init 3/5: inertia=4.628767
2026-08-13 15:39:21 | DEBUG    | fgvc.clustering.spherical_kmeans |   Init 4/5: inertia=4.615030
2026-08-13 15:39:21 | DEBUG    | fgvc.clustering.spherical_kmeans |   Init 5/5: inertia=4.551573
2026-08-13 15:39:21 | DEBUG    | fgvc.clustering.spherical_kmeans |   Init 1/5: inertia=4.279320
2026-08-13 15:39:21 | DEBUG    | fgvc.clustering.spherical_kmeans |   Init 2/5: inertia=3.955646
2026-08-13 15:39:21 | DEBUG    | fgvc.clustering.spherical_kmeans |   Init 3/5: inertia=4.455731
2026-08-13 15:39:21 | DEBUG    | fgvc.clustering.spherical_kmeans |   Init 4/5: inertia=4.203532
2026-08-13 15:39:21 | DEBUG    | fgvc.clustering.spherical_kmeans |   Init 5/5: inertia=4.265444
2026-08-13 15:39:21 | DEBUG    | fgvc.clustering.spherical_kmeans | K selection: best_k=2 | scores={2: {'silhouette': 0.3704, 'compactness': 0.7864, 'score': 0.4211}, 3: {'silhouette': 0.1139, 'compactness': 0.8102, 'score': 0.2334}, 4: {'silhouette': 0.0729, 'compactness': 0.8268, 'score': 0.1512}, 5: {'silhouette': 0.0833, 'compactness': 0.8418, 'score': 0.0942}}
2026-08-13 15:39:21 | DEBUG    | fgvc.clustering.spherical_kmeans |   Init 1/10: inertia=5.380477
2026-08-13 15:39:21 | DEBUG    | fgvc.clustering.spherical_kmeans |   Init 2/10: inertia=5.393141
2026-08-13 15:39:21 | DEBUG    | fgvc.clustering.spherical_kmeans |   Init 3/10: inertia=5.576371
2026-08-13 15:39:21 | DEBUG    | fgvc.clustering.spherical_kmeans |   Init 4/10: inertia=5.340945
2026-08-13 15:39:21 | DEBUG    | fgvc.clustering.spherical_kmeans |   Init 5/10: inertia=5.421877
2026-08-13 15:39:21 | DEBUG    | fgvc.clustering.spherical_kmeans |   Init 6/10: inertia=5.230436
2026-08-13 15:39:21 | DEBUG    | fgvc.clustering.spherical_kmeans |   Init 7/10: inertia=5.488409
2026-08-13 15:39:21 | DEBUG    | fgvc.clustering.spherical_kmeans |   Init 8/10: inertia=5.340945
2026-08-13 15:39:21 | DEBUG    | fgvc.clustering.spherical_kmeans |   Init 9/10: inertia=5.315493
2026-08-13 15:39:21 | DEBUG    | fgvc.clustering.spherical_kmeans |   Init 10/10: inertia=5.393302
2026-08-13 15:39:21 | INFO     | fgvc.clustering.spherical_kmeans |   [Bank_Swallow] k_selected=2 | k_effective=2 | min_cluster=7 | max_cluster=18
2026-08-13 15:39:21 | INFO     | fgvc.clustering.spherical_kmeans |   [Barn_Swallow] 25 images
2026-08-13 15:39:21 | DEBUG    | fgvc.clustering.spherical_kmeans |   Init 1/5: inertia=5.050553
2026-08-13 15:39:21 | DEBUG    | fgvc.clustering.spherical_kmeans |   Init 2/5: inertia=5.543992
2026-08-13 15:39:21 | DEBUG    | fgvc.clustering.spherical_kmeans |   Init 3/5: inertia=5.608865
2026-08-13 15:39:21 | DEBUG    | fgvc.clustering.spherical_kmeans |   Init 4/5: inertia=5.233292
2026-08-13 15:39:21 | DEBUG    | fgvc.clustering.spherical_kmeans |   Init 5/5: inertia=5.102363
2026-08-13 15:39:21 | DEBUG    | fgvc.clustering.spherical_kmeans |   Init 1/5: inertia=4.740290
2026-08-13 15:39:21 | DEBUG    | fgvc.clustering.spherical_kmeans |   Init 2/5: inertia=4.698331
2026-08-13 15:39:21 | DEBUG    | fgvc.clustering.spherical_kmeans |   Init 3/5: inertia=4.773023
2026-08-13 15:39:21 | DEBUG    | fgvc.clustering.spherical_kmeans |   Init 4/5: inertia=4.999250
2026-08-13 15:39:21 | DEBUG    | fgvc.clustering.spherical_kmeans |   Init 5/5: inertia=5.082708
2026-08-13 15:39:21 | DEBUG    | fgvc.clustering.spherical_kmeans |   Init 1/5: inertia=4.528364
2026-08-13 15:39:21 | DEBUG    | fgvc.clustering.spherical_kmeans |   Init 2/5: inertia=4.514592
2026-08-13 15:39:21 | DEBUG    | fgvc.clustering.spherical_kmeans |   Init 3/5: inertia=4.501133
2026-08-13 15:39:21 | DEBUG    | fgvc.clustering.spherical_kmeans |   Init 4/5: inertia=4.404465
2026-08-13 15:39:21 | DEBUG    | fgvc.clustering.spherical_kmeans |   Init 5/5: inertia=4.390452
2026-08-13 15:39:21 | DEBUG    | fgvc.clustering.spherical_kmeans |   Init 1/5: inertia=4.148823
2026-08-13 15:39:21 | DEBUG    | fgvc.clustering.spherical_kmeans |   Init 2/5: inertia=4.167386
2026-08-13 15:39:21 | DEBUG    | fgvc.clustering.spherical_kmeans |   Init 3/5: inertia=4.052063
2026-08-13 15:39:21 | DEBUG    | fgvc.clustering.spherical_kmeans |   Init 4/5: inertia=4.031364
2026-08-13 15:39:21 | DEBUG    | fgvc.clustering.spherical_kmeans |   Init 5/5: inertia=4.187781
2026-08-13 15:39:21 | DEBUG    | fgvc.clustering.spherical_kmeans | K selection: best_k=2 | scores={2: {'silhouette': 0.2413, 'compactness': 0.798, 'score': 0.36}, 3: {'silhouette': 0.2274, 'compactness': 0.8121, 'score': 0.2907}, 4: {'silhouette': 0.2151, 'compactness': 0.8244, 'score': 0.2215}, 5: {'silhouette': 0.2055, 'compactness': 0.8387, 'score': 0.1544}}
2026-08-13 15:39:21 | DEBUG    | fgvc.clustering.spherical_kmeans |   Init 1/10: inertia=5.050553
2026-08-13 15:39:21 | DEBUG    | fgvc.clustering.spherical_kmeans |   Init 2/10: inertia=5.543992
2026-08-13 15:39:21 | DEBUG    | fgvc.clustering.spherical_kmeans |   Init 3/10: inertia=5.608865
2026-08-13 15:39:21 | DEBUG    | fgvc.clustering.spherical_kmeans |   Init 4/10: inertia=5.233292
2026-08-13 15:39:21 | DEBUG    | fgvc.clustering.spherical_kmeans |   Init 5/10: inertia=5.102363
2026-08-13 15:39:21 | DEBUG    | fgvc.clustering.spherical_kmeans |   Init 6/10: inertia=5.084315
2026-08-13 15:39:21 | DEBUG    | fgvc.clustering.spherical_kmeans |   Init 7/10: inertia=5.513305
2026-08-13 15:39:21 | DEBUG    | fgvc.clustering.spherical_kmeans |   Init 8/10: inertia=5.115387
2026-08-13 15:39:21 | DEBUG    | fgvc.clustering.spherical_kmeans |   Init 9/10: inertia=5.047790
2026-08-13 15:39:21 | DEBUG    | fgvc.clustering.spherical_kmeans |   Init 10/10: inertia=5.050553
2026-08-13 15:39:21 | INFO     | fgvc.clustering.spherical_kmeans |   [Barn_Swallow] k_selected=2 | k_effective=2 | min_cluster=8 | max_cluster=17
2026-08-13 15:39:21 | INFO     | fgvc.clustering.spherical_kmeans |   [Bay_breasted_Warbler] 25 images
2026-08-13 15:39:21 | DEBUG    | fgvc.clustering.spherical_kmeans |   Init 1/5: inertia=4.200706
2026-08-13 15:39:21 | DEBUG    | fgvc.clustering.spherical_kmeans |   Init 2/5: inertia=4.173719
2026-08-13 15:39:21 | DEBUG    | fgvc.clustering.spherical_kmeans |   Init 3/5: inertia=4.173464
2026-08-13 15:39:21 | DEBUG    | fgvc.clustering.spherical_kmeans |   Init 4/5: inertia=4.126458
2026-08-13 15:39:21 | DEBUG    | fgvc.clustering.spherical_kmeans |   Init 5/5: inertia=4.827318
2026-08-13 15:39:21 | DEBUG    | fgvc.clustering.spherical_kmeans |   Init 1/5: inertia=3.710071
2026-08-13 15:39:21 | DEBUG    | fgvc.clustering.spherical_kmeans |   Init 2/5: inertia=4.038339
2026-08-13 15:39:21 | DEBUG    | fgvc.clustering.spherical_kmeans |   Init 3/5: inertia=3.754231
2026-08-13 15:39:21 | DEBUG    | fgvc.clustering.spherical_kmeans |   Init 4/5: inertia=3.770936
2026-08-13 15:39:21 | DEBUG    | fgvc.clustering.spherical_kmeans |   Init 5/5: inertia=3.766583
2026-08-13 15:39:21 | DEBUG    | fgvc.clustering.spherical_kmeans |   Init 1/5: inertia=3.425249
2026-08-13 15:39:21 | DEBUG    | fgvc.clustering.spherical_kmeans |   Init 2/5: inertia=3.436584
2026-08-13 15:39:21 | DEBUG    | fgvc.clustering.spherical_kmeans |   Init 3/5: inertia=3.715670
2026-08-13 15:39:21 | DEBUG    | fgvc.clustering.spherical_kmeans |   Init 4/5: inertia=3.614540
2026-08-13 15:39:21 | DEBUG    | fgvc.clustering.spherical_kmeans |   Init 5/5: inertia=3.464169
2026-08-13 15:39:21 | DEBUG    | fgvc.clustering.spherical_kmeans |   Init 1/5: inertia=3.090783
2026-08-13 15:39:21 | DEBUG    | fgvc.clustering.spherical_kmeans |   Init 2/5: inertia=3.199822
2026-08-13 15:39:21 | DEBUG    | fgvc.clustering.spherical_kmeans |   Init 3/5: inertia=3.288353
2026-08-13 15:39:21 | DEBUG    | fgvc.clustering.spherical_kmeans |   Init 4/5: inertia=3.054881
2026-08-13 15:39:21 | DEBUG    | fgvc.clustering.spherical_kmeans |   Init 5/5: inertia=2.982510
2026-08-13 15:39:21 | DEBUG    | fgvc.clustering.spherical_kmeans | K selection: best_k=2 | scores={2: {'silhouette': 0.3317, 'compactness': 0.8349, 'score': 0.4163}, 3: {'silhouette': 0.3166, 'compactness': 0.8516, 'score': 0.3471}, 4: {'silhouette': 0.2931, 'compactness': 0.863, 'score': 0.2721}, 5: {'silhouette': 0.2026, 'compactness': 0.8807, 'score': 0.1655}}
2026-08-13 15:39:21 | DEBUG    | fgvc.clustering.spherical_kmeans |   Init 1/10: inertia=4.200706
2026-08-13 15:39:21 | DEBUG    | fgvc.clustering.spherical_kmeans |   Init 2/10: inertia=4.173719
2026-08-13 15:39:21 | DEBUG    | fgvc.clustering.spherical_kmeans |   Init 3/10: inertia=4.173464
2026-08-13 15:39:21 | DEBUG    | fgvc.clustering.spherical_kmeans |   Init 4/10: inertia=4.126458
2026-08-13 15:39:21 | DEBUG    | fgvc.clustering.spherical_kmeans |   Init 5/10: inertia=4.827318
2026-08-13 15:39:21 | DEBUG    | fgvc.clustering.spherical_kmeans |   Init 6/10: inertia=4.200706
2026-08-13 15:39:21 | DEBUG    | fgvc.clustering.spherical_kmeans |   Init 7/10: inertia=4.632884
2026-08-13 15:39:21 | DEBUG    | fgvc.clustering.spherical_kmeans |   Init 8/10: inertia=4.126458
2026-08-13 15:39:21 | DEBUG    | fgvc.clustering.spherical_kmeans |   Init 9/10: inertia=4.827318
2026-08-13 15:39:21 | DEBUG    | fgvc.clustering.spherical_kmeans |   Init 10/10: inertia=4.126458
2026-08-13 15:39:21 | INFO     | fgvc.clustering.spherical_kmeans |   [Bay_breasted_Warbler] k_selected=2 | k_effective=2 | min_cluster=7 | max_cluster=18
2026-08-13 15:39:21 | INFO     | fgvc.clustering.spherical_kmeans |   [Belted_Kingfisher] 25 images
2026-08-13 15:39:21 | DEBUG    | fgvc.clustering.spherical_kmeans |   Init 1/5: inertia=5.648974
2026-08-13 15:39:21 | DEBUG    | fgvc.clustering.spherical_kmeans |   Init 2/5: inertia=5.488002
2026-08-13 15:39:21 | DEBUG    | fgvc.clustering.spherical_kmeans |   Init 3/5: inertia=5.648974
2026-08-13 15:39:21 | DEBUG    | fgvc.clustering.spherical_kmeans |   Init 4/5: inertia=5.576769
2026-08-13 15:39:21 | DEBUG    | fgvc.clustering.spherical_kmeans |   Init 5/5: inertia=5.799107
2026-08-13 15:39:21 | DEBUG    | fgvc.clustering.spherical_kmeans |   Init 1/5: inertia=5.299201
2026-08-13 15:39:21 | DEBUG    | fgvc.clustering.spherical_kmeans |   Init 2/5: inertia=4.861477
2026-08-13 15:39:21 | DEBUG    | fgvc.clustering.spherical_kmeans |   Init 3/5: inertia=5.478710
2026-08-13 15:39:21 | DEBUG    | fgvc.clustering.spherical_kmeans |   Init 4/5: inertia=4.546026
2026-08-13 15:39:21 | DEBUG    | fgvc.clustering.spherical_kmeans |   Init 5/5: inertia=4.606525
2026-08-13 15:39:21 | DEBUG    | fgvc.clustering.spherical_kmeans |   Init 1/5: inertia=4.872902
2026-08-13 15:39:21 | DEBUG    | fgvc.clustering.spherical_kmeans |   Init 2/5: inertia=4.416774
2026-08-13 15:39:21 | DEBUG    | fgvc.clustering.spherical_kmeans |   Init 3/5: inertia=4.264502
2026-08-13 15:39:21 | DEBUG    | fgvc.clustering.spherical_kmeans |   Init 4/5: inertia=4.469586
2026-08-13 15:39:21 | DEBUG    | fgvc.clustering.spherical_kmeans |   Init 5/5: inertia=4.418201
2026-08-13 15:39:21 | DEBUG    | fgvc.clustering.spherical_kmeans |   Init 1/5: inertia=3.889488
2026-08-13 15:39:21 | DEBUG    | fgvc.clustering.spherical_kmeans |   Init 2/5: inertia=4.018133
2026-08-13 15:39:21 | DEBUG    | fgvc.clustering.spherical_kmeans |   Init 3/5: inertia=4.320485
2026-08-13 15:39:21 | DEBUG    | fgvc.clustering.spherical_kmeans |   Init 4/5: inertia=4.319963
2026-08-13 15:39:21 | DEBUG    | fgvc.clustering.spherical_kmeans |   Init 5/5: inertia=4.572763
2026-08-13 15:39:21 | DEBUG    | fgvc.clustering.spherical_kmeans | K selection: best_k=2 | scores={2: {'silhouette': 0.1118, 'compactness': 0.7805, 'score': 0.29}, 3: {'silhouette': 0.1993, 'compactness': 0.8182, 'score': 0.2784}, 4: {'silhouette': 0.1269, 'compactness': 0.8294, 'score': 0.179}, 5: {'silhouette': 0.1662, 'compactness': 0.8444, 'score': 0.1364}}
2026-08-13 15:39:21 | DEBUG    | fgvc.clustering.spherical_kmeans |   Init 1/10: inertia=5.648974
2026-08-13 15:39:21 | DEBUG    | fgvc.clustering.spherical_kmeans |   Init 2/10: inertia=5.488002
2026-08-13 15:39:21 | DEBUG    | fgvc.clustering.spherical_kmeans |   Init 3/10: inertia=5.648974
2026-08-13 15:39:21 | DEBUG    | fgvc.clustering.spherical_kmeans |   Init 4/10: inertia=5.576769
2026-08-13 15:39:21 | DEBUG    | fgvc.clustering.spherical_kmeans |   Init 5/10: inertia=5.799107
2026-08-13 15:39:21 | DEBUG    | fgvc.clustering.spherical_kmeans |   Init 6/10: inertia=5.638159
2026-08-13 15:39:21 | DEBUG    | fgvc.clustering.spherical_kmeans |   Init 7/10: inertia=5.214520
2026-08-13 15:39:21 | DEBUG    | fgvc.clustering.spherical_kmeans |   Init 8/10: inertia=5.574355
2026-08-13 15:39:21 | DEBUG    | fgvc.clustering.spherical_kmeans |   Init 9/10: inertia=5.214520
2026-08-13 15:39:21 | DEBUG    | fgvc.clustering.spherical_kmeans |   Init 10/10: inertia=5.275850
2026-08-13 15:39:21 | INFO     | fgvc.clustering.spherical_kmeans |   [Belted_Kingfisher] k_selected=2 | k_effective=2 | min_cluster=12 | max_cluster=13
2026-08-13 15:39:21 | INFO     | fgvc.clustering.spherical_kmeans |   [Bewick_Wren] 25 images
2026-08-13 15:39:21 | DEBUG    | fgvc.clustering.spherical_kmeans |   Init 1/5: inertia=5.099764
2026-08-13 15:39:21 | DEBUG    | fgvc.clustering.spherical_kmeans |   Init 2/5: inertia=5.242837
2026-08-13 15:39:21 | DEBUG    | fgvc.clustering.spherical_kmeans |   Init 3/5: inertia=5.130065
2026-08-13 15:39:21 | DEBUG    | fgvc.clustering.spherical_kmeans |   Init 4/5: inertia=5.226117
2026-08-13 15:39:21 | DEBUG    | fgvc.clustering.spherical_kmeans |   Init 5/5: inertia=5.130921
2026-08-13 15:39:21 | DEBUG    | fgvc.clustering.spherical_kmeans |   Init 1/5: inertia=4.781528
2026-08-13 15:39:21 | DEBUG    | fgvc.clustering.spherical_kmeans |   Init 2/5: inertia=4.834193
2026-08-13 15:39:21 | DEBUG    | fgvc.clustering.spherical_kmeans |   Init 3/5: inertia=4.509555
2026-08-13 15:39:21 | DEBUG    | fgvc.clustering.spherical_kmeans |   Init 4/5: inertia=4.693765
2026-08-13 15:39:21 | DEBUG    | fgvc.clustering.spherical_kmeans |   Init 5/5: inertia=4.828380
2026-08-13 15:39:21 | DEBUG    | fgvc.clustering.spherical_kmeans |   Init 1/5: inertia=4.435769
2026-08-13 15:39:21 | DEBUG    | fgvc.clustering.spherical_kmeans |   Init 2/5: inertia=4.615319
2026-08-13 15:39:21 | DEBUG    | fgvc.clustering.spherical_kmeans |   Init 3/5: inertia=4.392690
2026-08-13 15:39:21 | DEBUG    | fgvc.clustering.spherical_kmeans |   Init 4/5: inertia=4.129619
2026-08-13 15:39:22 | DEBUG    | fgvc.clustering.spherical_kmeans |   Init 5/5: inertia=4.226170
2026-08-13 15:39:22 | DEBUG    | fgvc.clustering.spherical_kmeans |   Init 1/5: inertia=4.123148
2026-08-13 15:39:22 | DEBUG    | fgvc.clustering.spherical_kmeans |   Init 2/5: inertia=4.247877
2026-08-13 15:39:22 | DEBUG    | fgvc.clustering.spherical_kmeans |   Init 3/5: inertia=3.849633
2026-08-13 15:39:22 | DEBUG    | fgvc.clustering.spherical_kmeans |   Init 4/5: inertia=4.088243
2026-08-13 15:39:22 | DEBUG    | fgvc.clustering.spherical_kmeans |   Init 5/5: inertia=4.137945
2026-08-13 15:39:22 | DEBUG    | fgvc.clustering.spherical_kmeans | K selection: best_k=2 | scores={2: {'silhouette': 0.0634, 'compactness': 0.796, 'score': 0.2705}, 3: {'silhouette': 0.1679, 'compactness': 0.8196, 'score': 0.2632}, 4: {'silhouette': 0.1476, 'compactness': 0.8348, 'score': 0.1909}, 5: {'silhouette': 0.071, 'compactness': 0.846, 'score': 0.0893}}
2026-08-13 15:39:22 | DEBUG    | fgvc.clustering.spherical_kmeans |   Init 1/10: inertia=5.099764
2026-08-13 15:39:22 | DEBUG    | fgvc.clustering.spherical_kmeans |   Init 2/10: inertia=5.242837
2026-08-13 15:39:22 | DEBUG    | fgvc.clustering.spherical_kmeans |   Init 3/10: inertia=5.130065
2026-08-13 15:39:22 | DEBUG    | fgvc.clustering.spherical_kmeans |   Init 4/10: inertia=5.226117
2026-08-13 15:39:22 | DEBUG    | fgvc.clustering.spherical_kmeans |   Init 5/10: inertia=5.130921
2026-08-13 15:39:22 | DEBUG    | fgvc.clustering.spherical_kmeans |   Init 6/10: inertia=5.078854
2026-08-13 15:39:22 | DEBUG    | fgvc.clustering.spherical_kmeans |   Init 7/10: inertia=4.947709
2026-08-13 15:39:22 | DEBUG    | fgvc.clustering.spherical_kmeans |   Init 8/10: inertia=5.110480
2026-08-13 15:39:22 | DEBUG    | fgvc.clustering.spherical_kmeans |   Init 9/10: inertia=5.037933
2026-08-13 15:39:22 | DEBUG    | fgvc.clustering.spherical_kmeans |   Init 10/10: inertia=5.156731
2026-08-13 15:39:22 | INFO     | fgvc.clustering.spherical_kmeans |   [Bewick_Wren] k_selected=2 | k_effective=1 | min_cluster=25 | max_cluster=25
2026-08-13 15:39:22 | INFO     | fgvc.clustering.spherical_kmeans |   [Black_Tern] 25 images
2026-08-13 15:39:22 | DEBUG    | fgvc.clustering.spherical_kmeans |   Init 1/5: inertia=6.890824
2026-08-13 15:39:22 | DEBUG    | fgvc.clustering.spherical_kmeans |   Init 2/5: inertia=6.934030
2026-08-13 15:39:22 | DEBUG    | fgvc.clustering.spherical_kmeans |   Init 3/5: inertia=7.143726
2026-08-13 15:39:22 | DEBUG    | fgvc.clustering.spherical_kmeans |   Init 4/5: inertia=7.277005
2026-08-13 15:39:22 | DEBUG    | fgvc.clustering.spherical_kmeans |   Init 5/5: inertia=7.145437
2026-08-13 15:39:22 | DEBUG    | fgvc.clustering.spherical_kmeans |   Init 1/5: inertia=6.416835
2026-08-13 15:39:22 | DEBUG    | fgvc.clustering.spherical_kmeans |   Init 2/5: inertia=6.596041
2026-08-13 15:39:22 | DEBUG    | fgvc.clustering.spherical_kmeans |   Init 3/5: inertia=6.642107
2026-08-13 15:39:22 | DEBUG    | fgvc.clustering.spherical_kmeans |   Init 4/5: inertia=6.349970
2026-08-13 15:39:22 | DEBUG    | fgvc.clustering.spherical_kmeans |   Init 5/5: inertia=6.371803
2026-08-13 15:39:22 | DEBUG    | fgvc.clustering.spherical_kmeans |   Init 1/5: inertia=5.730507
2026-08-13 15:39:22 | DEBUG    | fgvc.clustering.spherical_kmeans |   Init 2/5: inertia=5.935028
2026-08-13 15:39:22 | DEBUG    | fgvc.clustering.spherical_kmeans |   Init 3/5: inertia=6.101995
2026-08-13 15:39:22 | DEBUG    | fgvc.clustering.spherical_kmeans |   Init 4/5: inertia=6.088588
2026-08-13 15:39:22 | DEBUG    | fgvc.clustering.spherical_kmeans |   Init 5/5: inertia=5.544837
2026-08-13 15:39:22 | DEBUG    | fgvc.clustering.spherical_kmeans |   Init 1/5: inertia=5.201735
2026-08-13 15:39:22 | DEBUG    | fgvc.clustering.spherical_kmeans |   Init 2/5: inertia=5.439521
2026-08-13 15:39:22 | DEBUG    | fgvc.clustering.spherical_kmeans |   Init 3/5: inertia=5.314348
2026-08-13 15:39:22 | DEBUG    | fgvc.clustering.spherical_kmeans |   Init 4/5: inertia=5.214570
2026-08-13 15:39:22 | DEBUG    | fgvc.clustering.spherical_kmeans |   Init 5/5: inertia=5.313714
2026-08-13 15:39:22 | DEBUG    | fgvc.clustering.spherical_kmeans | K selection: best_k=2 | scores={2: {'silhouette': 0.1657, 'compactness': 0.7244, 'score': 0.3001}, 3: {'silhouette': 0.0983, 'compactness': 0.746, 'score': 0.2063}, 4: {'silhouette': 0.1507, 'compactness': 0.7782, 'score': 0.1755}, 5: {'silhouette': 0.1283, 'compactness': 0.7919, 'score': 0.1017}}
2026-08-13 15:39:22 | DEBUG    | fgvc.clustering.spherical_kmeans |   Init 1/10: inertia=6.890824
2026-08-13 15:39:22 | DEBUG    | fgvc.clustering.spherical_kmeans |   Init 2/10: inertia=6.934030
2026-08-13 15:39:22 | DEBUG    | fgvc.clustering.spherical_kmeans |   Init 3/10: inertia=7.143726
2026-08-13 15:39:22 | DEBUG    | fgvc.clustering.spherical_kmeans |   Init 4/10: inertia=7.277005
2026-08-13 15:39:22 | DEBUG    | fgvc.clustering.spherical_kmeans |   Init 5/10: inertia=7.145437
2026-08-13 15:39:22 | DEBUG    | fgvc.clustering.spherical_kmeans |   Init 6/10: inertia=6.992592
2026-08-13 15:39:22 | DEBUG    | fgvc.clustering.spherical_kmeans |   Init 7/10: inertia=6.890824
2026-08-13 15:39:22 | DEBUG    | fgvc.clustering.spherical_kmeans |   Init 8/10: inertia=6.908336
2026-08-13 15:39:22 | DEBUG    | fgvc.clustering.spherical_kmeans |   Init 9/10: inertia=7.259251
2026-08-13 15:39:22 | DEBUG    | fgvc.clustering.spherical_kmeans |   Init 10/10: inertia=6.981416
2026-08-13 15:39:22 | INFO     | fgvc.clustering.spherical_kmeans |   [Black_Tern] k_selected=2 | k_effective=2 | min_cluster=6 | max_cluster=19
2026-08-13 15:39:22 | INFO     | fgvc.clustering.spherical_kmeans |   [Black_and_white_Warbler] 25 images
2026-08-13 15:39:22 | DEBUG    | fgvc.clustering.spherical_kmeans |   Init 1/5: inertia=4.096991
2026-08-13 15:39:22 | DEBUG    | fgvc.clustering.spherical_kmeans |   Init 2/5: inertia=4.284896
2026-08-13 15:39:22 | DEBUG    | fgvc.clustering.spherical_kmeans |   Init 3/5: inertia=4.351474
2026-08-13 15:39:22 | DEBUG    | fgvc.clustering.spherical_kmeans |   Init 4/5: inertia=4.402349
2026-08-13 15:39:22 | DEBUG    | fgvc.clustering.spherical_kmeans |   Init 5/5: inertia=4.421405
2026-08-13 15:39:22 | DEBUG    | fgvc.clustering.spherical_kmeans |   Init 1/5: inertia=3.935441
2026-08-13 15:39:22 | DEBUG    | fgvc.clustering.spherical_kmeans |   Init 2/5: inertia=3.859498
2026-08-13 15:39:22 | DEBUG    | fgvc.clustering.spherical_kmeans |   Init 3/5: inertia=3.846175
2026-08-13 15:39:22 | DEBUG    | fgvc.clustering.spherical_kmeans |   Init 4/5: inertia=3.860588
2026-08-13 15:39:22 | DEBUG    | fgvc.clustering.spherical_kmeans |   Init 5/5: inertia=3.839831
2026-08-13 15:39:22 | DEBUG    | fgvc.clustering.spherical_kmeans |   Init 1/5: inertia=3.670021
2026-08-13 15:39:22 | DEBUG    | fgvc.clustering.spherical_kmeans |   Init 2/5: inertia=3.634246
2026-08-13 15:39:22 | DEBUG    | fgvc.clustering.spherical_kmeans |   Init 3/5: inertia=3.539858
2026-08-13 15:39:22 | DEBUG    | fgvc.clustering.spherical_kmeans |   Init 4/5: inertia=3.760942
2026-08-13 15:39:22 | DEBUG    | fgvc.clustering.spherical_kmeans |   Init 5/5: inertia=3.483513
2026-08-13 15:39:22 | DEBUG    | fgvc.clustering.spherical_kmeans |   Init 1/5: inertia=3.315000
2026-08-13 15:39:22 | DEBUG    | fgvc.clustering.spherical_kmeans |   Init 2/5: inertia=3.462286
2026-08-13 15:39:22 | DEBUG    | fgvc.clustering.spherical_kmeans |   Init 3/5: inertia=3.373453
2026-08-13 15:39:22 | DEBUG    | fgvc.clustering.spherical_kmeans |   Init 4/5: inertia=3.310762
2026-08-13 15:39:22 | DEBUG    | fgvc.clustering.spherical_kmeans |   Init 5/5: inertia=3.474152
2026-08-13 15:39:22 | DEBUG    | fgvc.clustering.spherical_kmeans | K selection: best_k=2 | scores={2: {'silhouette': 0.2028, 'compactness': 0.8361, 'score': 0.3523}, 3: {'silhouette': 0.1895, 'compactness': 0.8464, 'score': 0.282}, 4: {'silhouette': 0.1637, 'compactness': 0.8607, 'score': 0.2067}, 5: {'silhouette': 0.0251, 'compactness': 0.8676, 'score': 0.0728}}
2026-08-13 15:39:22 | DEBUG    | fgvc.clustering.spherical_kmeans |   Init 1/10: inertia=4.096991
2026-08-13 15:39:22 | DEBUG    | fgvc.clustering.spherical_kmeans |   Init 2/10: inertia=4.284896
2026-08-13 15:39:22 | DEBUG    | fgvc.clustering.spherical_kmeans |   Init 3/10: inertia=4.351474
2026-08-13 15:39:22 | DEBUG    | fgvc.clustering.spherical_kmeans |   Init 4/10: inertia=4.402349
2026-08-13 15:39:22 | DEBUG    | fgvc.clustering.spherical_kmeans |   Init 5/10: inertia=4.421405
2026-08-13 15:39:22 | DEBUG    | fgvc.clustering.spherical_kmeans |   Init 6/10: inertia=4.280879
2026-08-13 15:39:22 | DEBUG    | fgvc.clustering.spherical_kmeans |   Init 7/10: inertia=4.136747
2026-08-13 15:39:22 | DEBUG    | fgvc.clustering.spherical_kmeans |   Init 8/10: inertia=4.233620
2026-08-13 15:39:22 | DEBUG    | fgvc.clustering.spherical_kmeans |   Init 9/10: inertia=4.229025
2026-08-13 15:39:22 | DEBUG    | fgvc.clustering.spherical_kmeans |   Init 10/10: inertia=4.421643
2026-08-13 15:39:22 | INFO     | fgvc.clustering.spherical_kmeans |   [Black_and_white_Warbler] k_selected=2 | k_effective=2 | min_cluster=6 | max_cluster=19
2026-08-13 15:39:22 | INFO     | fgvc.clustering.spherical_kmeans |   [Black_billed_Cuckoo] 25 images
2026-08-13 15:39:22 | DEBUG    | fgvc.clustering.spherical_kmeans |   Init 1/5: inertia=4.902653
2026-08-13 15:39:22 | DEBUG    | fgvc.clustering.spherical_kmeans |   Init 2/5: inertia=5.092625
2026-08-13 15:39:22 | DEBUG    | fgvc.clustering.spherical_kmeans |   Init 3/5: inertia=4.902653
2026-08-13 15:39:22 | DEBUG    | fgvc.clustering.spherical_kmeans |   Init 4/5: inertia=4.933699
2026-08-13 15:39:22 | DEBUG    | fgvc.clustering.spherical_kmeans |   Init 5/5: inertia=4.970655
2026-08-13 15:39:22 | DEBUG    | fgvc.clustering.spherical_kmeans |   Init 1/5: inertia=4.455251
2026-08-13 15:39:22 | DEBUG    | fgvc.clustering.spherical_kmeans |   Init 2/5: inertia=4.589290
2026-08-13 15:39:22 | DEBUG    | fgvc.clustering.spherical_kmeans |   Init 3/5: inertia=4.661016
2026-08-13 15:39:22 | DEBUG    | fgvc.clustering.spherical_kmeans |   Init 4/5: inertia=4.549234
2026-08-13 15:39:22 | DEBUG    | fgvc.clustering.spherical_kmeans |   Init 5/5: inertia=4.694355
2026-08-13 15:39:22 | DEBUG    | fgvc.clustering.spherical_kmeans |   Init 1/5: inertia=4.243244
2026-08-13 15:39:22 | DEBUG    | fgvc.clustering.spherical_kmeans |   Init 2/5: inertia=4.179525
2026-08-13 15:39:22 | DEBUG    | fgvc.clustering.spherical_kmeans |   Init 3/5: inertia=4.254128
2026-08-13 15:39:22 | DEBUG    | fgvc.clustering.spherical_kmeans |   Init 4/5: inertia=4.356247
2026-08-13 15:39:22 | DEBUG    | fgvc.clustering.spherical_kmeans |   Init 5/5: inertia=4.170266
2026-08-13 15:39:22 | DEBUG    | fgvc.clustering.spherical_kmeans |   Init 1/5: inertia=3.930947
2026-08-13 15:39:22 | DEBUG    | fgvc.clustering.spherical_kmeans |   Init 2/5: inertia=3.928038
2026-08-13 15:39:22 | DEBUG    | fgvc.clustering.spherical_kmeans |   Init 3/5: inertia=3.875691
2026-08-13 15:39:22 | DEBUG    | fgvc.clustering.spherical_kmeans |   Init 4/5: inertia=3.817107
2026-08-13 15:39:22 | DEBUG    | fgvc.clustering.spherical_kmeans |   Init 5/5: inertia=4.017146
2026-08-13 15:39:22 | DEBUG    | fgvc.clustering.spherical_kmeans | K selection: best_k=2 | scores={2: {'silhouette': 0.2556, 'compactness': 0.8039, 'score': 0.369}, 3: {'silhouette': 0.1021, 'compactness': 0.8218, 'score': 0.2309}, 4: {'silhouette': 0.0513, 'compactness': 0.8332, 'score': 0.1422}, 5: {'silhouette': 0.0618, 'compactness': 0.8473, 'score': 0.0851}}
2026-08-13 15:39:22 | DEBUG    | fgvc.clustering.spherical_kmeans |   Init 1/10: inertia=4.902653
2026-08-13 15:39:22 | DEBUG    | fgvc.clustering.spherical_kmeans |   Init 2/10: inertia=5.092625
2026-08-13 15:39:22 | DEBUG    | fgvc.clustering.spherical_kmeans |   Init 3/10: inertia=4.902653
2026-08-13 15:39:22 | DEBUG    | fgvc.clustering.spherical_kmeans |   Init 4/10: inertia=4.933699
2026-08-13 15:39:22 | DEBUG    | fgvc.clustering.spherical_kmeans |   Init 5/10: inertia=4.970655
2026-08-13 15:39:22 | DEBUG    | fgvc.clustering.spherical_kmeans |   Init 6/10: inertia=4.912873
2026-08-13 15:39:22 | DEBUG    | fgvc.clustering.spherical_kmeans |   Init 7/10: inertia=5.100305
2026-08-13 15:39:22 | DEBUG    | fgvc.clustering.spherical_kmeans |   Init 8/10: inertia=4.983137
2026-08-13 15:39:22 | DEBUG    | fgvc.clustering.spherical_kmeans |   Init 9/10: inertia=5.065648
2026-08-13 15:39:22 | DEBUG    | fgvc.clustering.spherical_kmeans |   Init 10/10: inertia=5.114522
2026-08-13 15:39:22 | INFO     | fgvc.clustering.spherical_kmeans |   [Black_billed_Cuckoo] k_selected=2 | k_effective=1 | min_cluster=25 | max_cluster=25
2026-08-13 15:39:22 | INFO     | fgvc.clustering.spherical_kmeans |   [Black_capped_Vireo] 25 images
2026-08-13 15:39:22 | DEBUG    | fgvc.clustering.spherical_kmeans |   Init 1/5: inertia=5.379453
2026-08-13 15:39:22 | DEBUG    | fgvc.clustering.spherical_kmeans |   Init 2/5: inertia=5.549915
2026-08-13 15:39:22 | DEBUG    | fgvc.clustering.spherical_kmeans |   Init 3/5: inertia=5.799329
2026-08-13 15:39:22 | DEBUG    | fgvc.clustering.spherical_kmeans |   Init 4/5: inertia=5.459418
2026-08-13 15:39:22 | DEBUG    | fgvc.clustering.spherical_kmeans |   Init 5/5: inertia=5.873927
2026-08-13 15:39:22 | DEBUG    | fgvc.clustering.spherical_kmeans |   Init 1/5: inertia=5.003923
2026-08-13 15:39:22 | DEBUG    | fgvc.clustering.spherical_kmeans |   Init 2/5: inertia=5.072354
2026-08-13 15:39:22 | DEBUG    | fgvc.clustering.spherical_kmeans |   Init 3/5: inertia=5.021601
2026-08-13 15:39:22 | DEBUG    | fgvc.clustering.spherical_kmeans |   Init 4/5: inertia=5.036016
2026-08-13 15:39:22 | DEBUG    | fgvc.clustering.spherical_kmeans |   Init 5/5: inertia=5.203636
2026-08-13 15:39:22 | DEBUG    | fgvc.clustering.spherical_kmeans |   Init 1/5: inertia=4.716191
2026-08-13 15:39:22 | DEBUG    | fgvc.clustering.spherical_kmeans |   Init 2/5: inertia=4.649750
2026-08-13 15:39:22 | DEBUG    | fgvc.clustering.spherical_kmeans |   Init 3/5: inertia=4.579845
2026-08-13 15:39:22 | DEBUG    | fgvc.clustering.spherical_kmeans |   Init 4/5: inertia=4.583652
2026-08-13 15:39:22 | DEBUG    | fgvc.clustering.spherical_kmeans |   Init 5/5: inertia=4.816833
2026-08-13 15:39:22 | DEBUG    | fgvc.clustering.spherical_kmeans |   Init 1/5: inertia=4.377937
2026-08-13 15:39:22 | DEBUG    | fgvc.clustering.spherical_kmeans |   Init 2/5: inertia=4.463461
2026-08-13 15:39:22 | DEBUG    | fgvc.clustering.spherical_kmeans |   Init 3/5: inertia=4.215976
2026-08-13 15:39:22 | DEBUG    | fgvc.clustering.spherical_kmeans |   Init 4/5: inertia=4.373087
2026-08-13 15:39:22 | DEBUG    | fgvc.clustering.spherical_kmeans |   Init 5/5: inertia=4.482937
2026-08-13 15:39:22 | DEBUG    | fgvc.clustering.spherical_kmeans | K selection: best_k=2 | scores={2: {'silhouette': 0.2537, 'compactness': 0.7848, 'score': 0.3623}, 3: {'silhouette': 0.2127, 'compactness': 0.7998, 'score': 0.2796}, 4: {'silhouette': 0.0716, 'compactness': 0.8168, 'score': 0.1475}, 5: {'silhouette': 0.0573, 'compactness': 0.8314, 'score': 0.0781}}
2026-08-13 15:39:22 | DEBUG    | fgvc.clustering.spherical_kmeans |   Init 1/10: inertia=5.379453
2026-08-13 15:39:22 | DEBUG    | fgvc.clustering.spherical_kmeans |   Init 2/10: inertia=5.549915
2026-08-13 15:39:22 | DEBUG    | fgvc.clustering.spherical_kmeans |   Init 3/10: inertia=5.799329
2026-08-13 15:39:22 | DEBUG    | fgvc.clustering.spherical_kmeans |   Init 4/10: inertia=5.459418
2026-08-13 15:39:22 | DEBUG    | fgvc.clustering.spherical_kmeans |   Init 5/10: inertia=5.873927
2026-08-13 15:39:22 | DEBUG    | fgvc.clustering.spherical_kmeans |   Init 6/10: inertia=5.584123
2026-08-13 15:39:22 | DEBUG    | fgvc.clustering.spherical_kmeans |   Init 7/10: inertia=5.742077
2026-08-13 15:39:22 | DEBUG    | fgvc.clustering.spherical_kmeans |   Init 8/10: inertia=5.822258
2026-08-13 15:39:22 | DEBUG    | fgvc.clustering.spherical_kmeans |   Init 9/10: inertia=5.549915
2026-08-13 15:39:22 | DEBUG    | fgvc.clustering.spherical_kmeans |   Init 10/10: inertia=5.995460
2026-08-13 15:39:22 | INFO     | fgvc.clustering.spherical_kmeans |   [Black_capped_Vireo] k_selected=2 | k_effective=2 | min_cluster=5 | max_cluster=20
2026-08-13 15:39:22 | INFO     | fgvc.clustering.spherical_kmeans |   [Black_footed_Albatross] 25 images
2026-08-13 15:39:22 | DEBUG    | fgvc.clustering.spherical_kmeans |   Init 1/5: inertia=4.092870
2026-08-13 15:39:22 | DEBUG    | fgvc.clustering.spherical_kmeans |   Init 2/5: inertia=3.753043
2026-08-13 15:39:22 | DEBUG    | fgvc.clustering.spherical_kmeans |   Init 3/5: inertia=3.753043
2026-08-13 15:39:22 | DEBUG    | fgvc.clustering.spherical_kmeans |   Init 4/5: inertia=3.777226
2026-08-13 15:39:22 | DEBUG    | fgvc.clustering.spherical_kmeans |   Init 5/5: inertia=3.712371
2026-08-13 15:39:22 | DEBUG    | fgvc.clustering.spherical_kmeans |   Init 1/5: inertia=3.722525
2026-08-13 15:39:22 | DEBUG    | fgvc.clustering.spherical_kmeans |   Init 2/5: inertia=3.490311
2026-08-13 15:39:22 | DEBUG    | fgvc.clustering.spherical_kmeans |   Init 3/5: inertia=3.448941
2026-08-13 15:39:22 | DEBUG    | fgvc.clustering.spherical_kmeans |   Init 4/5: inertia=3.519740
2026-08-13 15:39:22 | DEBUG    | fgvc.clustering.spherical_kmeans |   Init 5/5: inertia=3.598938
2026-08-13 15:39:22 | DEBUG    | fgvc.clustering.spherical_kmeans |   Init 1/5: inertia=3.617997
2026-08-13 15:39:22 | DEBUG    | fgvc.clustering.spherical_kmeans |   Init 2/5: inertia=3.274834
2026-08-13 15:39:22 | DEBUG    | fgvc.clustering.spherical_kmeans |   Init 3/5: inertia=3.168968
2026-08-13 15:39:22 | DEBUG    | fgvc.clustering.spherical_kmeans |   Init 4/5: inertia=3.227944
2026-08-13 15:39:22 | DEBUG    | fgvc.clustering.spherical_kmeans |   Init 5/5: inertia=3.269000
2026-08-13 15:39:22 | DEBUG    | fgvc.clustering.spherical_kmeans |   Init 1/5: inertia=3.196856
2026-08-13 15:39:22 | DEBUG    | fgvc.clustering.spherical_kmeans |   Init 2/5: inertia=2.929124
2026-08-13 15:39:22 | DEBUG    | fgvc.clustering.spherical_kmeans |   Init 3/5: inertia=2.974061
2026-08-13 15:39:22 | DEBUG    | fgvc.clustering.spherical_kmeans |   Init 4/5: inertia=2.989933
2026-08-13 15:39:22 | DEBUG    | fgvc.clustering.spherical_kmeans |   Init 5/5: inertia=3.011155
2026-08-13 15:39:22 | DEBUG    | fgvc.clustering.spherical_kmeans | K selection: best_k=2 | scores={2: {'silhouette': 0.2217, 'compactness': 0.8515, 'score': 0.3663}, 3: {'silhouette': 0.1604, 'compactness': 0.862, 'score': 0.2721}, 4: {'silhouette': 0.0988, 'compactness': 0.8732, 'score': 0.178}, 5: {'silhouette': 0.0967, 'compactness': 0.8828, 'score': 0.1132}}
2026-08-13 15:39:22 | DEBUG    | fgvc.clustering.spherical_kmeans |   Init 1/10: inertia=4.092870
2026-08-13 15:39:22 | DEBUG    | fgvc.clustering.spherical_kmeans |   Init 2/10: inertia=3.753043
2026-08-13 15:39:22 | DEBUG    | fgvc.clustering.spherical_kmeans |   Init 3/10: inertia=3.753043
2026-08-13 15:39:22 | DEBUG    | fgvc.clustering.spherical_kmeans |   Init 4/10: inertia=3.777226
2026-08-13 15:39:22 | DEBUG    | fgvc.clustering.spherical_kmeans |   Init 5/10: inertia=3.712371
2026-08-13 15:39:22 | DEBUG    | fgvc.clustering.spherical_kmeans |   Init 6/10: inertia=3.816549
2026-08-13 15:39:22 | DEBUG    | fgvc.clustering.spherical_kmeans |   Init 7/10: inertia=4.164670
2026-08-13 15:39:22 | DEBUG    | fgvc.clustering.spherical_kmeans |   Init 8/10: inertia=3.712371
2026-08-13 15:39:22 | DEBUG    | fgvc.clustering.spherical_kmeans |   Init 9/10: inertia=3.753043
2026-08-13 15:39:22 | DEBUG    | fgvc.clustering.spherical_kmeans |   Init 10/10: inertia=3.730492
2026-08-13 15:39:22 | INFO     | fgvc.clustering.spherical_kmeans |   [Black_footed_Albatross] k_selected=2 | k_effective=2 | min_cluster=9 | max_cluster=16
2026-08-13 15:39:22 | INFO     | fgvc.clustering.spherical_kmeans |   [Black_throated_Blue_Warbler] 25 images
2026-08-13 15:39:22 | DEBUG    | fgvc.clustering.spherical_kmeans |   Init 1/5: inertia=4.446505
2026-08-13 15:39:22 | DEBUG    | fgvc.clustering.spherical_kmeans |   Init 2/5: inertia=4.357950
2026-08-13 15:39:22 | DEBUG    | fgvc.clustering.spherical_kmeans |   Init 3/5: inertia=4.338583
2026-08-13 15:39:22 | DEBUG    | fgvc.clustering.spherical_kmeans |   Init 4/5: inertia=4.448368
2026-08-13 15:39:22 | DEBUG    | fgvc.clustering.spherical_kmeans |   Init 5/5: inertia=4.359729
2026-08-13 15:39:22 | DEBUG    | fgvc.clustering.spherical_kmeans |   Init 1/5: inertia=3.735909
2026-08-13 15:39:22 | DEBUG    | fgvc.clustering.spherical_kmeans |   Init 2/5: inertia=4.139526
2026-08-13 15:39:22 | DEBUG    | fgvc.clustering.spherical_kmeans |   Init 3/5: inertia=3.978986
2026-08-13 15:39:22 | DEBUG    | fgvc.clustering.spherical_kmeans |   Init 4/5: inertia=3.732633
2026-08-13 15:39:22 | DEBUG    | fgvc.clustering.spherical_kmeans |   Init 5/5: inertia=4.109048
2026-08-13 15:39:22 | DEBUG    | fgvc.clustering.spherical_kmeans |   Init 1/5: inertia=3.538482
2026-08-13 15:39:22 | DEBUG    | fgvc.clustering.spherical_kmeans |   Init 2/5: inertia=3.864863
2026-08-13 15:39:22 | DEBUG    | fgvc.clustering.spherical_kmeans |   Init 3/5: inertia=3.361588
2026-08-13 15:39:22 | DEBUG    | fgvc.clustering.spherical_kmeans |   Init 4/5: inertia=4.010385
2026-08-13 15:39:22 | DEBUG    | fgvc.clustering.spherical_kmeans |   Init 5/5: inertia=3.791801
2026-08-13 15:39:22 | DEBUG    | fgvc.clustering.spherical_kmeans |   Init 1/5: inertia=3.246445
2026-08-13 15:39:22 | DEBUG    | fgvc.clustering.spherical_kmeans |   Init 2/5: inertia=3.530104
2026-08-13 15:39:22 | DEBUG    | fgvc.clustering.spherical_kmeans |   Init 3/5: inertia=3.690769
2026-08-13 15:39:22 | DEBUG    | fgvc.clustering.spherical_kmeans |   Init 4/5: inertia=3.236477
2026-08-13 15:39:22 | DEBUG    | fgvc.clustering.spherical_kmeans |   Init 5/5: inertia=3.448373
2026-08-13 15:39:22 | DEBUG    | fgvc.clustering.spherical_kmeans | K selection: best_k=2 | scores={2: {'silhouette': 0.1642, 'compactness': 0.8265, 'score': 0.33}, 3: {'silhouette': 0.1954, 'compactness': 0.8507, 'score': 0.2862}, 4: {'silhouette': 0.1404, 'compactness': 0.8655, 'score': 0.1965}, 5: {'silhouette': 0.1025, 'compactness': 0.8705, 'score': 0.1124}}
2026-08-13 15:39:22 | DEBUG    | fgvc.clustering.spherical_kmeans |   Init 1/10: inertia=4.446505
2026-08-13 15:39:22 | DEBUG    | fgvc.clustering.spherical_kmeans |   Init 2/10: inertia=4.357950
2026-08-13 15:39:22 | DEBUG    | fgvc.clustering.spherical_kmeans |   Init 3/10: inertia=4.338583
2026-08-13 15:39:22 | DEBUG    | fgvc.clustering.spherical_kmeans |   Init 4/10: inertia=4.448368
2026-08-13 15:39:22 | DEBUG    | fgvc.clustering.spherical_kmeans |   Init 5/10: inertia=4.359729
2026-08-13 15:39:22 | DEBUG    | fgvc.clustering.spherical_kmeans |   Init 6/10: inertia=4.357950
2026-08-13 15:39:22 | DEBUG    | fgvc.clustering.spherical_kmeans |   Init 7/10: inertia=4.328969
2026-08-13 15:39:22 | DEBUG    | fgvc.clustering.spherical_kmeans |   Init 8/10: inertia=4.410480
2026-08-13 15:39:22 | DEBUG    | fgvc.clustering.spherical_kmeans |   Init 9/10: inertia=4.355788
2026-08-13 15:39:22 | DEBUG    | fgvc.clustering.spherical_kmeans |   Init 10/10: inertia=4.446505
2026-08-13 15:39:22 | INFO     | fgvc.clustering.spherical_kmeans |   [Black_throated_Blue_Warbler] k_selected=2 | k_effective=2 | min_cluster=10 | max_cluster=15
2026-08-13 15:39:22 | INFO     | fgvc.clustering.spherical_kmeans |   [Black_throated_Sparrow] 25 images
2026-08-13 15:39:22 | DEBUG    | fgvc.clustering.spherical_kmeans |   Init 1/5: inertia=4.345325
2026-08-13 15:39:22 | DEBUG    | fgvc.clustering.spherical_kmeans |   Init 2/5: inertia=4.542978
2026-08-13 15:39:22 | DEBUG    | fgvc.clustering.spherical_kmeans |   Init 3/5: inertia=4.511414
2026-08-13 15:39:22 | DEBUG    | fgvc.clustering.spherical_kmeans |   Init 4/5: inertia=4.599802
2026-08-13 15:39:22 | DEBUG    | fgvc.clustering.spherical_kmeans |   Init 5/5: inertia=4.444033
2026-08-13 15:39:22 | DEBUG    | fgvc.clustering.spherical_kmeans |   Init 1/5: inertia=3.990975
2026-08-13 15:39:22 | DEBUG    | fgvc.clustering.spherical_kmeans |   Init 2/5: inertia=4.185464
2026-08-13 15:39:22 | DEBUG    | fgvc.clustering.spherical_kmeans |   Init 3/5: inertia=4.145974
2026-08-13 15:39:22 | DEBUG    | fgvc.clustering.spherical_kmeans |   Init 4/5: inertia=4.338747
2026-08-13 15:39:22 | DEBUG    | fgvc.clustering.spherical_kmeans |   Init 5/5: inertia=3.999872
2026-08-13 15:39:22 | DEBUG    | fgvc.clustering.spherical_kmeans |   Init 1/5: inertia=3.767653
2026-08-13 15:39:22 | DEBUG    | fgvc.clustering.spherical_kmeans |   Init 2/5: inertia=4.100714
2026-08-13 15:39:22 | DEBUG    | fgvc.clustering.spherical_kmeans |   Init 3/5: inertia=3.889658
2026-08-13 15:39:22 | DEBUG    | fgvc.clustering.spherical_kmeans |   Init 4/5: inertia=3.907915
2026-08-13 15:39:22 | DEBUG    | fgvc.clustering.spherical_kmeans |   Init 5/5: inertia=4.116470
2026-08-13 15:39:22 | DEBUG    | fgvc.clustering.spherical_kmeans |   Init 1/5: inertia=3.473363
2026-08-13 15:39:22 | DEBUG    | fgvc.clustering.spherical_kmeans |   Init 2/5: inertia=3.827974
2026-08-13 15:39:22 | DEBUG    | fgvc.clustering.spherical_kmeans |   Init 3/5: inertia=3.559364
2026-08-13 15:39:22 | DEBUG    | fgvc.clustering.spherical_kmeans |   Init 4/5: inertia=3.571555
2026-08-13 15:39:22 | DEBUG    | fgvc.clustering.spherical_kmeans |   Init 5/5: inertia=3.470261
2026-08-13 15:39:22 | DEBUG    | fgvc.clustering.spherical_kmeans | K selection: best_k=2 | scores={2: {'silhouette': 0.4382, 'compactness': 0.8262, 'score': 0.467}, 3: {'silhouette': 0.0488, 'compactness': 0.8404, 'score': 0.2098}, 4: {'silhouette': 0.0169, 'compactness': 0.8493, 'score': 0.1299}, 5: {'silhouette': 0.0298, 'compactness': 0.8612, 'score': 0.0732}}
2026-08-13 15:39:22 | DEBUG    | fgvc.clustering.spherical_kmeans |   Init 1/10: inertia=4.345325
2026-08-13 15:39:22 | DEBUG    | fgvc.clustering.spherical_kmeans |   Init 2/10: inertia=4.542978
2026-08-13 15:39:22 | DEBUG    | fgvc.clustering.spherical_kmeans |   Init 3/10: inertia=4.511414
2026-08-13 15:39:22 | DEBUG    | fgvc.clustering.spherical_kmeans |   Init 4/10: inertia=4.599802
2026-08-13 15:39:22 | DEBUG    | fgvc.clustering.spherical_kmeans |   Init 5/10: inertia=4.444033
2026-08-13 15:39:22 | DEBUG    | fgvc.clustering.spherical_kmeans |   Init 6/10: inertia=4.397980
2026-08-13 15:39:22 | DEBUG    | fgvc.clustering.spherical_kmeans |   Init 7/10: inertia=4.422722
2026-08-13 15:39:22 | DEBUG    | fgvc.clustering.spherical_kmeans |   Init 8/10: inertia=4.629650
2026-08-13 15:39:22 | DEBUG    | fgvc.clustering.spherical_kmeans |   Init 9/10: inertia=4.374825
2026-08-13 15:39:22 | DEBUG    | fgvc.clustering.spherical_kmeans |   Init 10/10: inertia=4.504359
2026-08-13 15:39:22 | INFO     | fgvc.clustering.spherical_kmeans |   [Black_throated_Sparrow] k_selected=2 | k_effective=1 | min_cluster=25 | max_cluster=25
2026-08-13 15:39:22 | INFO     | fgvc.clustering.spherical_kmeans |   [Blue_Grosbeak] 25 images
2026-08-13 15:39:22 | DEBUG    | fgvc.clustering.spherical_kmeans |   Init 1/5: inertia=3.686548
2026-08-13 15:39:22 | DEBUG    | fgvc.clustering.spherical_kmeans |   Init 2/5: inertia=3.782467
2026-08-13 15:39:22 | DEBUG    | fgvc.clustering.spherical_kmeans |   Init 3/5: inertia=3.736606
2026-08-13 15:39:22 | DEBUG    | fgvc.clustering.spherical_kmeans |   Init 4/5: inertia=3.706985
2026-08-13 15:39:22 | DEBUG    | fgvc.clustering.spherical_kmeans |   Init 5/5: inertia=3.590729
2026-08-13 15:39:22 | DEBUG    | fgvc.clustering.spherical_kmeans |   Init 1/5: inertia=3.390228
2026-08-13 15:39:22 | DEBUG    | fgvc.clustering.spherical_kmeans |   Init 2/5: inertia=3.285432
2026-08-13 15:39:22 | DEBUG    | fgvc.clustering.spherical_kmeans |   Init 3/5: inertia=3.544559
2026-08-13 15:39:22 | DEBUG    | fgvc.clustering.spherical_kmeans |   Init 4/5: inertia=3.420441
2026-08-13 15:39:22 | DEBUG    | fgvc.clustering.spherical_kmeans |   Init 5/5: inertia=3.422217
2026-08-13 15:39:22 | DEBUG    | fgvc.clustering.spherical_kmeans |   Init 1/5: inertia=3.189101
2026-08-13 15:39:22 | DEBUG    | fgvc.clustering.spherical_kmeans |   Init 2/5: inertia=3.205408
2026-08-13 15:39:22 | DEBUG    | fgvc.clustering.spherical_kmeans |   Init 3/5: inertia=3.098574
2026-08-13 15:39:22 | DEBUG    | fgvc.clustering.spherical_kmeans |   Init 4/5: inertia=3.227179
2026-08-13 15:39:22 | DEBUG    | fgvc.clustering.spherical_kmeans |   Init 5/5: inertia=3.220102
2026-08-13 15:39:22 | DEBUG    | fgvc.clustering.spherical_kmeans |   Init 1/5: inertia=2.973042
2026-08-13 15:39:22 | DEBUG    | fgvc.clustering.spherical_kmeans |   Init 2/5: inertia=2.944147
2026-08-13 15:39:22 | DEBUG    | fgvc.clustering.spherical_kmeans |   Init 3/5: inertia=2.922854
2026-08-13 15:39:22 | DEBUG    | fgvc.clustering.spherical_kmeans |   Init 4/5: inertia=2.751590
2026-08-13 15:39:22 | DEBUG    | fgvc.clustering.spherical_kmeans |   Init 5/5: inertia=3.005930
2026-08-13 15:39:22 | DEBUG    | fgvc.clustering.spherical_kmeans | K selection: best_k=2 | scores={2: {'silhouette': 0.2358, 'compactness': 0.8564, 'score': 0.3748}, 3: {'silhouette': 0.1861, 'compactness': 0.8686, 'score': 0.287}, 4: {'silhouette': 0.0916, 'compactness': 0.8761, 'score': 0.1753}, 5: {'silhouette': 0.0784, 'compactness': 0.8899, 'score': 0.1062}}
2026-08-13 15:39:22 | DEBUG    | fgvc.clustering.spherical_kmeans |   Init 1/10: inertia=3.686548
2026-08-13 15:39:22 | DEBUG    | fgvc.clustering.spherical_kmeans |   Init 2/10: inertia=3.782467
2026-08-13 15:39:22 | DEBUG    | fgvc.clustering.spherical_kmeans |   Init 3/10: inertia=3.736606
2026-08-13 15:39:22 | DEBUG    | fgvc.clustering.spherical_kmeans |   Init 4/10: inertia=3.706985
2026-08-13 15:39:22 | DEBUG    | fgvc.clustering.spherical_kmeans |   Init 5/10: inertia=3.590729
2026-08-13 15:39:22 | DEBUG    | fgvc.clustering.spherical_kmeans |   Init 6/10: inertia=3.590729
2026-08-13 15:39:22 | DEBUG    | fgvc.clustering.spherical_kmeans |   Init 7/10: inertia=3.680406
2026-08-13 15:39:22 | DEBUG    | fgvc.clustering.spherical_kmeans |   Init 8/10: inertia=3.661100
2026-08-13 15:39:22 | DEBUG    | fgvc.clustering.spherical_kmeans |   Init 9/10: inertia=3.626785
2026-08-13 15:39:22 | DEBUG    | fgvc.clustering.spherical_kmeans |   Init 10/10: inertia=3.695323
2026-08-13 15:39:22 | INFO     | fgvc.clustering.spherical_kmeans |   [Blue_Grosbeak] k_selected=2 | k_effective=2 | min_cluster=6 | max_cluster=19
2026-08-13 15:39:22 | INFO     | fgvc.clustering.spherical_kmeans |   [Blue_Jay] 25 images
2026-08-13 15:39:22 | DEBUG    | fgvc.clustering.spherical_kmeans |   Init 1/5: inertia=2.827296
2026-08-13 15:39:22 | DEBUG    | fgvc.clustering.spherical_kmeans |   Init 2/5: inertia=3.092167
2026-08-13 15:39:22 | DEBUG    | fgvc.clustering.spherical_kmeans |   Init 3/5: inertia=2.827296
2026-08-13 15:39:22 | DEBUG    | fgvc.clustering.spherical_kmeans |   Init 4/5: inertia=3.147445
2026-08-13 15:39:22 | DEBUG    | fgvc.clustering.spherical_kmeans |   Init 5/5: inertia=3.140799
2026-08-13 15:39:22 | DEBUG    | fgvc.clustering.spherical_kmeans |   Init 1/5: inertia=2.560181
2026-08-13 15:39:22 | DEBUG    | fgvc.clustering.spherical_kmeans |   Init 2/5: inertia=2.546923
2026-08-13 15:39:22 | DEBUG    | fgvc.clustering.spherical_kmeans |   Init 3/5: inertia=2.983242
2026-08-13 15:39:22 | DEBUG    | fgvc.clustering.spherical_kmeans |   Init 4/5: inertia=2.617935
2026-08-13 15:39:22 | DEBUG    | fgvc.clustering.spherical_kmeans |   Init 5/5: inertia=2.853960
2026-08-13 15:39:22 | DEBUG    | fgvc.clustering.spherical_kmeans |   Init 1/5: inertia=2.301305
2026-08-13 15:39:22 | DEBUG    | fgvc.clustering.spherical_kmeans |   Init 2/5: inertia=2.513332
2026-08-13 15:39:22 | DEBUG    | fgvc.clustering.spherical_kmeans |   Init 3/5: inertia=2.394476
2026-08-13 15:39:22 | DEBUG    | fgvc.clustering.spherical_kmeans |   Init 4/5: inertia=2.614290
2026-08-13 15:39:22 | DEBUG    | fgvc.clustering.spherical_kmeans |   Init 5/5: inertia=2.554274
2026-08-13 15:39:22 | DEBUG    | fgvc.clustering.spherical_kmeans |   Init 1/5: inertia=2.192545
2026-08-13 15:39:22 | DEBUG    | fgvc.clustering.spherical_kmeans |   Init 2/5: inertia=2.342519
2026-08-13 15:39:22 | DEBUG    | fgvc.clustering.spherical_kmeans |   Init 3/5: inertia=2.533401
2026-08-13 15:39:22 | DEBUG    | fgvc.clustering.spherical_kmeans |   Init 4/5: inertia=2.234391
2026-08-13 15:39:22 | DEBUG    | fgvc.clustering.spherical_kmeans |   Init 5/5: inertia=2.466026
2026-08-13 15:39:22 | DEBUG    | fgvc.clustering.spherical_kmeans | K selection: best_k=2 | scores={2: {'silhouette': 0.4929, 'compactness': 0.8869, 'score': 0.5125}, 3: {'silhouette': 0.1777, 'compactness': 0.8981, 'score': 0.2916}, 4: {'silhouette': 0.1055, 'compactness': 0.9079, 'score': 0.1918}, 5: {'silhouette': 0.0857, 'compactness': 0.9123, 'score': 0.1166}}
2026-08-13 15:39:22 | DEBUG    | fgvc.clustering.spherical_kmeans |   Init 1/10: inertia=2.827296
2026-08-13 15:39:22 | DEBUG    | fgvc.clustering.spherical_kmeans |   Init 2/10: inertia=3.092167
2026-08-13 15:39:22 | DEBUG    | fgvc.clustering.spherical_kmeans |   Init 3/10: inertia=2.827296
2026-08-13 15:39:22 | DEBUG    | fgvc.clustering.spherical_kmeans |   Init 4/10: inertia=3.147445
2026-08-13 15:39:22 | DEBUG    | fgvc.clustering.spherical_kmeans |   Init 5/10: inertia=3.140799
2026-08-13 15:39:22 | DEBUG    | fgvc.clustering.spherical_kmeans |   Init 6/10: inertia=3.067522
2026-08-13 15:39:22 | DEBUG    | fgvc.clustering.spherical_kmeans |   Init 7/10: inertia=3.074524
2026-08-13 15:39:22 | DEBUG    | fgvc.clustering.spherical_kmeans |   Init 8/10: inertia=3.164855
2026-08-13 15:39:22 | DEBUG    | fgvc.clustering.spherical_kmeans |   Init 9/10: inertia=3.047780
2026-08-13 15:39:22 | DEBUG    | fgvc.clustering.spherical_kmeans |   Init 10/10: inertia=2.948338
2026-08-13 15:39:22 | INFO     | fgvc.clustering.spherical_kmeans |   [Blue_Jay] k_selected=2 | k_effective=1 | min_cluster=25 | max_cluster=25
2026-08-13 15:39:22 | INFO     | fgvc.clustering.spherical_kmeans |   [Blue_headed_Vireo] 25 images
2026-08-13 15:39:22 | DEBUG    | fgvc.clustering.spherical_kmeans |   Init 1/5: inertia=5.438316
2026-08-13 15:39:22 | DEBUG    | fgvc.clustering.spherical_kmeans |   Init 2/5: inertia=5.148391
2026-08-13 15:39:22 | DEBUG    | fgvc.clustering.spherical_kmeans |   Init 3/5: inertia=5.274285
2026-08-13 15:39:22 | DEBUG    | fgvc.clustering.spherical_kmeans |   Init 4/5: inertia=5.346941
2026-08-13 15:39:22 | DEBUG    | fgvc.clustering.spherical_kmeans |   Init 5/5: inertia=5.023053
2026-08-13 15:39:22 | DEBUG    | fgvc.clustering.spherical_kmeans |   Init 1/5: inertia=5.073958
2026-08-13 15:39:22 | DEBUG    | fgvc.clustering.spherical_kmeans |   Init 2/5: inertia=5.064323
2026-08-13 15:39:22 | DEBUG    | fgvc.clustering.spherical_kmeans |   Init 3/5: inertia=4.953361
2026-08-13 15:39:22 | DEBUG    | fgvc.clustering.spherical_kmeans |   Init 4/5: inertia=4.782166
2026-08-13 15:39:22 | DEBUG    | fgvc.clustering.spherical_kmeans |   Init 5/5: inertia=4.477274
2026-08-13 15:39:22 | DEBUG    | fgvc.clustering.spherical_kmeans |   Init 1/5: inertia=4.645859
2026-08-13 15:39:22 | DEBUG    | fgvc.clustering.spherical_kmeans |   Init 2/5: inertia=4.418779
2026-08-13 15:39:22 | DEBUG    | fgvc.clustering.spherical_kmeans |   Init 3/5: inertia=4.394233
2026-08-13 15:39:22 | DEBUG    | fgvc.clustering.spherical_kmeans |   Init 4/5: inertia=4.471217
2026-08-13 15:39:22 | DEBUG    | fgvc.clustering.spherical_kmeans |   Init 5/5: inertia=4.307599
2026-08-13 15:39:22 | DEBUG    | fgvc.clustering.spherical_kmeans |   Init 1/5: inertia=4.152618
2026-08-13 15:39:22 | DEBUG    | fgvc.clustering.spherical_kmeans |   Init 2/5: inertia=4.098948
2026-08-13 15:39:22 | DEBUG    | fgvc.clustering.spherical_kmeans |   Init 3/5: inertia=4.020910
2026-08-13 15:39:22 | DEBUG    | fgvc.clustering.spherical_kmeans |   Init 4/5: inertia=3.967954
2026-08-13 15:39:22 | DEBUG    | fgvc.clustering.spherical_kmeans |   Init 5/5: inertia=3.955803
2026-08-13 15:39:22 | DEBUG    | fgvc.clustering.spherical_kmeans | K selection: best_k=2 | scores={2: {'silhouette': 0.3116, 'compactness': 0.7991, 'score': 0.3955}, 3: {'silhouette': 0.1454, 'compactness': 0.8209, 'score': 0.2523}, 4: {'silhouette': 0.0106, 'compactness': 0.8277, 'score': 0.1203}, 5: {'silhouette': 0.0747, 'compactness': 0.8418, 'score': 0.0899}}
2026-08-13 15:39:22 | DEBUG    | fgvc.clustering.spherical_kmeans |   Init 1/10: inertia=5.438316
2026-08-13 15:39:22 | DEBUG    | fgvc.clustering.spherical_kmeans |   Init 2/10: inertia=5.148391
2026-08-13 15:39:22 | DEBUG    | fgvc.clustering.spherical_kmeans |   Init 3/10: inertia=5.274285
2026-08-13 15:39:22 | DEBUG    | fgvc.clustering.spherical_kmeans |   Init 4/10: inertia=5.346941
2026-08-13 15:39:22 | DEBUG    | fgvc.clustering.spherical_kmeans |   Init 5/10: inertia=5.023053
2026-08-13 15:39:22 | DEBUG    | fgvc.clustering.spherical_kmeans |   Init 6/10: inertia=5.170420
2026-08-13 15:39:22 | DEBUG    | fgvc.clustering.spherical_kmeans |   Init 7/10: inertia=4.995515
2026-08-13 15:39:22 | DEBUG    | fgvc.clustering.spherical_kmeans |   Init 8/10: inertia=5.369102
2026-08-13 15:39:22 | DEBUG    | fgvc.clustering.spherical_kmeans |   Init 9/10: inertia=5.416401
2026-08-13 15:39:22 | DEBUG    | fgvc.clustering.spherical_kmeans |   Init 10/10: inertia=5.315938
2026-08-13 15:39:22 | INFO     | fgvc.clustering.spherical_kmeans |   [Blue_headed_Vireo] k_selected=2 | k_effective=2 | min_cluster=10 | max_cluster=15
2026-08-13 15:39:22 | INFO     | fgvc.clustering.spherical_kmeans |   [Blue_winged_Warbler] 25 images
2026-08-13 15:39:22 | DEBUG    | fgvc.clustering.spherical_kmeans |   Init 1/5: inertia=4.939452
2026-08-13 15:39:22 | DEBUG    | fgvc.clustering.spherical_kmeans |   Init 2/5: inertia=5.193857
2026-08-13 15:39:22 | DEBUG    | fgvc.clustering.spherical_kmeans |   Init 3/5: inertia=4.769272
2026-08-13 15:39:22 | DEBUG    | fgvc.clustering.spherical_kmeans |   Init 4/5: inertia=5.150714
2026-08-13 15:39:22 | DEBUG    | fgvc.clustering.spherical_kmeans |   Init 5/5: inertia=4.939452
2026-08-13 15:39:22 | DEBUG    | fgvc.clustering.spherical_kmeans |   Init 1/5: inertia=4.606819
2026-08-13 15:39:22 | DEBUG    | fgvc.clustering.spherical_kmeans |   Init 2/5: inertia=4.521085
2026-08-13 15:39:22 | DEBUG    | fgvc.clustering.spherical_kmeans |   Init 3/5: inertia=4.615562
2026-08-13 15:39:22 | DEBUG    | fgvc.clustering.spherical_kmeans |   Init 4/5: inertia=4.547541
2026-08-13 15:39:22 | DEBUG    | fgvc.clustering.spherical_kmeans |   Init 5/5: inertia=4.922785
2026-08-13 15:39:22 | DEBUG    | fgvc.clustering.spherical_kmeans |   Init 1/5: inertia=4.187837
2026-08-13 15:39:22 | DEBUG    | fgvc.clustering.spherical_kmeans |   Init 2/5: inertia=4.334781
2026-08-13 15:39:22 | DEBUG    | fgvc.clustering.spherical_kmeans |   Init 3/5: inertia=4.267411
2026-08-13 15:39:22 | DEBUG    | fgvc.clustering.spherical_kmeans |   Init 4/5: inertia=4.679761
2026-08-13 15:39:22 | DEBUG    | fgvc.clustering.spherical_kmeans |   Init 5/5: inertia=4.396200
2026-08-13 15:39:22 | DEBUG    | fgvc.clustering.spherical_kmeans |   Init 1/5: inertia=3.997529
2026-08-13 15:39:22 | DEBUG    | fgvc.clustering.spherical_kmeans |   Init 2/5: inertia=4.104485
2026-08-13 15:39:22 | DEBUG    | fgvc.clustering.spherical_kmeans |   Init 3/5: inertia=4.165406
2026-08-13 15:39:22 | DEBUG    | fgvc.clustering.spherical_kmeans |   Init 4/5: inertia=4.091745
2026-08-13 15:39:22 | DEBUG    | fgvc.clustering.spherical_kmeans |   Init 5/5: inertia=4.074827
2026-08-13 15:39:22 | DEBUG    | fgvc.clustering.spherical_kmeans | K selection: best_k=2 | scores={2: {'silhouette': 0.3214, 'compactness': 0.8092, 'score': 0.4035}, 3: {'silhouette': 0.2849, 'compactness': 0.8192, 'score': 0.3215}, 4: {'silhouette': 0.2068, 'compactness': 0.8325, 'score': 0.2198}, 5: {'silhouette': 0.1744, 'compactness': 0.8401, 'score': 0.1392}}
2026-08-13 15:39:22 | DEBUG    | fgvc.clustering.spherical_kmeans |   Init 1/10: inertia=4.939452
2026-08-13 15:39:22 | DEBUG    | fgvc.clustering.spherical_kmeans |   Init 2/10: inertia=5.193857
2026-08-13 15:39:22 | DEBUG    | fgvc.clustering.spherical_kmeans |   Init 3/10: inertia=4.769272
2026-08-13 15:39:22 | DEBUG    | fgvc.clustering.spherical_kmeans |   Init 4/10: inertia=5.150714
2026-08-13 15:39:22 | DEBUG    | fgvc.clustering.spherical_kmeans |   Init 5/10: inertia=4.939452
2026-08-13 15:39:22 | DEBUG    | fgvc.clustering.spherical_kmeans |   Init 6/10: inertia=4.939452
2026-08-13 15:39:22 | DEBUG    | fgvc.clustering.spherical_kmeans |   Init 7/10: inertia=4.998000
2026-08-13 15:39:22 | DEBUG    | fgvc.clustering.spherical_kmeans |   Init 8/10: inertia=5.147311
2026-08-13 15:39:22 | DEBUG    | fgvc.clustering.spherical_kmeans |   Init 9/10: inertia=4.939452
2026-08-13 15:39:22 | DEBUG    | fgvc.clustering.spherical_kmeans |   Init 10/10: inertia=4.871581
2026-08-13 15:39:22 | INFO     | fgvc.clustering.spherical_kmeans |   [Blue_winged_Warbler] k_selected=2 | k_effective=1 | min_cluster=25 | max_cluster=25
2026-08-13 15:39:22 | INFO     | fgvc.clustering.spherical_kmeans |   [Boat_tailed_Grackle] 25 images
2026-08-13 15:39:22 | DEBUG    | fgvc.clustering.spherical_kmeans |   Init 1/5: inertia=5.252227
2026-08-13 15:39:22 | DEBUG    | fgvc.clustering.spherical_kmeans |   Init 2/5: inertia=5.258471
2026-08-13 15:39:22 | DEBUG    | fgvc.clustering.spherical_kmeans |   Init 3/5: inertia=5.311038
2026-08-13 15:39:22 | DEBUG    | fgvc.clustering.spherical_kmeans |   Init 4/5: inertia=5.211065
2026-08-13 15:39:22 | DEBUG    | fgvc.clustering.spherical_kmeans |   Init 5/5: inertia=5.311038
2026-08-13 15:39:22 | DEBUG    | fgvc.clustering.spherical_kmeans |   Init 1/5: inertia=4.828413
2026-08-13 15:39:22 | DEBUG    | fgvc.clustering.spherical_kmeans |   Init 2/5: inertia=4.813333
2026-08-13 15:39:22 | DEBUG    | fgvc.clustering.spherical_kmeans |   Init 3/5: inertia=5.075678
2026-08-13 15:39:22 | DEBUG    | fgvc.clustering.spherical_kmeans |   Init 4/5: inertia=4.804728
2026-08-13 15:39:22 | DEBUG    | fgvc.clustering.spherical_kmeans |   Init 5/5: inertia=4.776523
2026-08-13 15:39:22 | DEBUG    | fgvc.clustering.spherical_kmeans |   Init 1/5: inertia=4.573151
2026-08-13 15:39:22 | DEBUG    | fgvc.clustering.spherical_kmeans |   Init 2/5: inertia=4.382208
2026-08-13 15:39:22 | DEBUG    | fgvc.clustering.spherical_kmeans |   Init 3/5: inertia=4.388104
2026-08-13 15:39:22 | DEBUG    | fgvc.clustering.spherical_kmeans |   Init 4/5: inertia=4.455395
2026-08-13 15:39:22 | DEBUG    | fgvc.clustering.spherical_kmeans |   Init 5/5: inertia=4.374760
2026-08-13 15:39:22 | DEBUG    | fgvc.clustering.spherical_kmeans |   Init 1/5: inertia=4.280819
2026-08-13 15:39:22 | DEBUG    | fgvc.clustering.spherical_kmeans |   Init 2/5: inertia=4.151537
2026-08-13 15:39:22 | DEBUG    | fgvc.clustering.spherical_kmeans |   Init 3/5: inertia=4.275563
2026-08-13 15:39:22 | DEBUG    | fgvc.clustering.spherical_kmeans |   Init 4/5: inertia=4.124428
2026-08-13 15:39:22 | DEBUG    | fgvc.clustering.spherical_kmeans |   Init 5/5: inertia=4.100451
2026-08-13 15:39:22 | DEBUG    | fgvc.clustering.spherical_kmeans | K selection: best_k=2 | scores={2: {'silhouette': 0.3009, 'compactness': 0.7916, 'score': 0.3879}, 3: {'silhouette': 0.1514, 'compactness': 0.8089, 'score': 0.2517}, 4: {'silhouette': 0.1354, 'compactness': 0.825, 'score': 0.1819}, 5: {'silhouette': 0.0994, 'compactness': 0.836, 'score': 0.1005}}
2026-08-13 15:39:22 | DEBUG    | fgvc.clustering.spherical_kmeans |   Init 1/10: inertia=5.252227
2026-08-13 15:39:22 | DEBUG    | fgvc.clustering.spherical_kmeans |   Init 2/10: inertia=5.258471
2026-08-13 15:39:22 | DEBUG    | fgvc.clustering.spherical_kmeans |   Init 3/10: inertia=5.311038
2026-08-13 15:39:22 | DEBUG    | fgvc.clustering.spherical_kmeans |   Init 4/10: inertia=5.211065
2026-08-13 15:39:22 | DEBUG    | fgvc.clustering.spherical_kmeans |   Init 5/10: inertia=5.311038
2026-08-13 15:39:22 | DEBUG    | fgvc.clustering.spherical_kmeans |   Init 6/10: inertia=5.311038
2026-08-13 15:39:22 | DEBUG    | fgvc.clustering.spherical_kmeans |   Init 7/10: inertia=5.311038
2026-08-13 15:39:22 | DEBUG    | fgvc.clustering.spherical_kmeans |   Init 8/10: inertia=5.187147
2026-08-13 15:39:22 | DEBUG    | fgvc.clustering.spherical_kmeans |   Init 9/10: inertia=6.103477
2026-08-13 15:39:22 | DEBUG    | fgvc.clustering.spherical_kmeans |   Init 10/10: inertia=5.324293
2026-08-13 15:39:22 | INFO     | fgvc.clustering.spherical_kmeans |   [Boat_tailed_Grackle] k_selected=2 | k_effective=2 | min_cluster=6 | max_cluster=19
2026-08-13 15:39:22 | INFO     | fgvc.clustering.spherical_kmeans |   [Bobolink] 25 images
2026-08-13 15:39:22 | DEBUG    | fgvc.clustering.spherical_kmeans |   Init 1/5: inertia=4.098720
2026-08-13 15:39:22 | DEBUG    | fgvc.clustering.spherical_kmeans |   Init 2/5: inertia=3.776353
2026-08-13 15:39:22 | DEBUG    | fgvc.clustering.spherical_kmeans |   Init 3/5: inertia=3.973636
2026-08-13 15:39:22 | DEBUG    | fgvc.clustering.spherical_kmeans |   Init 4/5: inertia=4.068740
2026-08-13 15:39:22 | DEBUG    | fgvc.clustering.spherical_kmeans |   Init 5/5: inertia=3.902577
2026-08-13 15:39:22 | DEBUG    | fgvc.clustering.spherical_kmeans |   Init 1/5: inertia=3.419941
2026-08-13 15:39:22 | DEBUG    | fgvc.clustering.spherical_kmeans |   Init 2/5: inertia=3.419196
2026-08-13 15:39:22 | DEBUG    | fgvc.clustering.spherical_kmeans |   Init 3/5: inertia=3.900077
2026-08-13 15:39:22 | DEBUG    | fgvc.clustering.spherical_kmeans |   Init 4/5: inertia=3.816832
2026-08-13 15:39:22 | DEBUG    | fgvc.clustering.spherical_kmeans |   Init 5/5: inertia=3.539987
2026-08-13 15:39:22 | DEBUG    | fgvc.clustering.spherical_kmeans |   Init 1/5: inertia=3.128756
2026-08-13 15:39:22 | DEBUG    | fgvc.clustering.spherical_kmeans |   Init 2/5: inertia=3.606771
2026-08-13 15:39:22 | DEBUG    | fgvc.clustering.spherical_kmeans |   Init 3/5: inertia=3.585316
2026-08-13 15:39:22 | DEBUG    | fgvc.clustering.spherical_kmeans |   Init 4/5: inertia=3.370792
2026-08-13 15:39:22 | DEBUG    | fgvc.clustering.spherical_kmeans |   Init 5/5: inertia=3.647349
2026-08-13 15:39:22 | DEBUG    | fgvc.clustering.spherical_kmeans |   Init 1/5: inertia=2.881716
2026-08-13 15:39:22 | DEBUG    | fgvc.clustering.spherical_kmeans |   Init 2/5: inertia=2.999302
2026-08-13 15:39:22 | DEBUG    | fgvc.clustering.spherical_kmeans |   Init 3/5: inertia=3.197110
2026-08-13 15:39:22 | DEBUG    | fgvc.clustering.spherical_kmeans |   Init 4/5: inertia=3.293380
2026-08-13 15:39:22 | DEBUG    | fgvc.clustering.spherical_kmeans |   Init 5/5: inertia=3.219678
2026-08-13 15:39:22 | DEBUG    | fgvc.clustering.spherical_kmeans | K selection: best_k=2 | scores={2: {'silhouette': 0.5685, 'compactness': 0.8489, 'score': 0.539}, 3: {'silhouette': 0.07, 'compactness': 0.8632, 'score': 0.2273}, 4: {'silhouette': 0.1124, 'compactness': 0.8748, 'score': 0.1853}, 5: {'silhouette': 0.0439, 'compactness': 0.8847, 'score': 0.0874}}
2026-08-13 15:39:22 | DEBUG    | fgvc.clustering.spherical_kmeans |   Init 1/10: inertia=4.098720
2026-08-13 15:39:22 | DEBUG    | fgvc.clustering.spherical_kmeans |   Init 2/10: inertia=3.776353
2026-08-13 15:39:22 | DEBUG    | fgvc.clustering.spherical_kmeans |   Init 3/10: inertia=3.973636
2026-08-13 15:39:22 | DEBUG    | fgvc.clustering.spherical_kmeans |   Init 4/10: inertia=4.068740
2026-08-13 15:39:22 | DEBUG    | fgvc.clustering.spherical_kmeans |   Init 5/10: inertia=3.902577
2026-08-13 15:39:22 | DEBUG    | fgvc.clustering.spherical_kmeans |   Init 6/10: inertia=4.038005
2026-08-13 15:39:22 | DEBUG    | fgvc.clustering.spherical_kmeans |   Init 7/10: inertia=4.093864
2026-08-13 15:39:22 | DEBUG    | fgvc.clustering.spherical_kmeans |   Init 8/10: inertia=4.059850
2026-08-13 15:39:22 | DEBUG    | fgvc.clustering.spherical_kmeans |   Init 9/10: inertia=3.776353
2026-08-13 15:39:22 | DEBUG    | fgvc.clustering.spherical_kmeans |   Init 10/10: inertia=4.135586
2026-08-13 15:39:22 | INFO     | fgvc.clustering.spherical_kmeans |   [Bobolink] k_selected=2 | k_effective=1 | min_cluster=25 | max_cluster=25
2026-08-13 15:39:22 | INFO     | fgvc.clustering.spherical_kmeans |   [Bohemian_Waxwing] 25 images
2026-08-13 15:39:22 | DEBUG    | fgvc.clustering.spherical_kmeans |   Init 1/5: inertia=2.885612
2026-08-13 15:39:22 | DEBUG    | fgvc.clustering.spherical_kmeans |   Init 2/5: inertia=2.828752
2026-08-13 15:39:22 | DEBUG    | fgvc.clustering.spherical_kmeans |   Init 3/5: inertia=2.962571
2026-08-13 15:39:22 | DEBUG    | fgvc.clustering.spherical_kmeans |   Init 4/5: inertia=2.908381
2026-08-13 15:39:22 | DEBUG    | fgvc.clustering.spherical_kmeans |   Init 5/5: inertia=2.751458
2026-08-13 15:39:22 | DEBUG    | fgvc.clustering.spherical_kmeans |   Init 1/5: inertia=2.695640
2026-08-13 15:39:22 | DEBUG    | fgvc.clustering.spherical_kmeans |   Init 2/5: inertia=2.602728
2026-08-13 15:39:22 | DEBUG    | fgvc.clustering.spherical_kmeans |   Init 3/5: inertia=2.595495
2026-08-13 15:39:22 | DEBUG    | fgvc.clustering.spherical_kmeans |   Init 4/5: inertia=2.663220
2026-08-13 15:39:22 | DEBUG    | fgvc.clustering.spherical_kmeans |   Init 5/5: inertia=2.661612
2026-08-13 15:39:22 | DEBUG    | fgvc.clustering.spherical_kmeans |   Init 1/5: inertia=2.329906
2026-08-13 15:39:22 | DEBUG    | fgvc.clustering.spherical_kmeans |   Init 2/5: inertia=2.405348
2026-08-13 15:39:22 | DEBUG    | fgvc.clustering.spherical_kmeans |   Init 3/5: inertia=2.273524
2026-08-13 15:39:22 | DEBUG    | fgvc.clustering.spherical_kmeans |   Init 4/5: inertia=2.458151
2026-08-13 15:39:22 | DEBUG    | fgvc.clustering.spherical_kmeans |   Init 5/5: inertia=2.464306
2026-08-13 15:39:22 | DEBUG    | fgvc.clustering.spherical_kmeans |   Init 1/5: inertia=2.169420
2026-08-13 15:39:22 | DEBUG    | fgvc.clustering.spherical_kmeans |   Init 2/5: inertia=2.274415
2026-08-13 15:39:22 | DEBUG    | fgvc.clustering.spherical_kmeans |   Init 3/5: inertia=2.267245
2026-08-13 15:39:22 | DEBUG    | fgvc.clustering.spherical_kmeans |   Init 4/5: inertia=2.295105
2026-08-13 15:39:22 | DEBUG    | fgvc.clustering.spherical_kmeans |   Init 5/5: inertia=2.169450
2026-08-13 15:39:22 | DEBUG    | fgvc.clustering.spherical_kmeans | K selection: best_k=2 | scores={2: {'silhouette': 0.1802, 'compactness': 0.8899, 'score': 0.3571}, 3: {'silhouette': 0.1089, 'compactness': 0.8962, 'score': 0.2566}, 4: {'silhouette': 0.1288, 'compactness': 0.9091, 'score': 0.2038}, 5: {'silhouette': 0.0654, 'compactness': 0.9132, 'score': 0.1067}}
2026-08-13 15:39:22 | DEBUG    | fgvc.clustering.spherical_kmeans |   Init 1/10: inertia=2.885612
2026-08-13 15:39:22 | DEBUG    | fgvc.clustering.spherical_kmeans |   Init 2/10: inertia=2.828752
2026-08-13 15:39:22 | DEBUG    | fgvc.clustering.spherical_kmeans |   Init 3/10: inertia=2.962571
2026-08-13 15:39:22 | DEBUG    | fgvc.clustering.spherical_kmeans |   Init 4/10: inertia=2.908381
2026-08-13 15:39:22 | DEBUG    | fgvc.clustering.spherical_kmeans |   Init 5/10: inertia=2.751458
2026-08-13 15:39:22 | DEBUG    | fgvc.clustering.spherical_kmeans |   Init 6/10: inertia=2.958328
2026-08-13 15:39:22 | DEBUG    | fgvc.clustering.spherical_kmeans |   Init 7/10: inertia=2.919504
2026-08-13 15:39:22 | DEBUG    | fgvc.clustering.spherical_kmeans |   Init 8/10: inertia=2.778327
2026-08-13 15:39:22 | DEBUG    | fgvc.clustering.spherical_kmeans |   Init 9/10: inertia=2.828752
2026-08-13 15:39:22 | DEBUG    | fgvc.clustering.spherical_kmeans |   Init 10/10: inertia=2.862742
2026-08-13 15:39:22 | INFO     | fgvc.clustering.spherical_kmeans |   [Bohemian_Waxwing] k_selected=2 | k_effective=2 | min_cluster=5 | max_cluster=20
2026-08-13 15:39:22 | INFO     | fgvc.clustering.spherical_kmeans |   [Brandt_Cormorant] 25 images
2026-08-13 15:39:22 | DEBUG    | fgvc.clustering.spherical_kmeans |   Init 1/5: inertia=5.553437
2026-08-13 15:39:22 | DEBUG    | fgvc.clustering.spherical_kmeans |   Init 2/5: inertia=5.493741
2026-08-13 15:39:22 | DEBUG    | fgvc.clustering.spherical_kmeans |   Init 3/5: inertia=5.572790
2026-08-13 15:39:22 | DEBUG    | fgvc.clustering.spherical_kmeans |   Init 4/5: inertia=5.392274
2026-08-13 15:39:22 | DEBUG    | fgvc.clustering.spherical_kmeans |   Init 5/5: inertia=5.566639
2026-08-13 15:39:22 | DEBUG    | fgvc.clustering.spherical_kmeans |   Init 1/5: inertia=5.058664
2026-08-13 15:39:22 | DEBUG    | fgvc.clustering.spherical_kmeans |   Init 2/5: inertia=5.236586
2026-08-13 15:39:22 | DEBUG    | fgvc.clustering.spherical_kmeans |   Init 3/5: inertia=5.136106
2026-08-13 15:39:22 | DEBUG    | fgvc.clustering.spherical_kmeans |   Init 4/5: inertia=4.997604
2026-08-13 15:39:22 | DEBUG    | fgvc.clustering.spherical_kmeans |   Init 5/5: inertia=5.015255
2026-08-13 15:39:22 | DEBUG    | fgvc.clustering.spherical_kmeans |   Init 1/5: inertia=4.735538
2026-08-13 15:39:22 | DEBUG    | fgvc.clustering.spherical_kmeans |   Init 2/5: inertia=4.683761
2026-08-13 15:39:22 | DEBUG    | fgvc.clustering.spherical_kmeans |   Init 3/5: inertia=4.764475
2026-08-13 15:39:22 | DEBUG    | fgvc.clustering.spherical_kmeans |   Init 4/5: inertia=4.944428
2026-08-13 15:39:22 | DEBUG    | fgvc.clustering.spherical_kmeans |   Init 5/5: inertia=4.987636
2026-08-13 15:39:22 | DEBUG    | fgvc.clustering.spherical_kmeans |   Init 1/5: inertia=4.412963
2026-08-13 15:39:22 | DEBUG    | fgvc.clustering.spherical_kmeans |   Init 2/5: inertia=4.281351
2026-08-13 15:39:22 | DEBUG    | fgvc.clustering.spherical_kmeans |   Init 3/5: inertia=4.359626
2026-08-13 15:39:22 | DEBUG    | fgvc.clustering.spherical_kmeans |   Init 4/5: inertia=4.407098
2026-08-13 15:39:22 | DEBUG    | fgvc.clustering.spherical_kmeans |   Init 5/5: inertia=4.343860
2026-08-13 15:39:22 | DEBUG    | fgvc.clustering.spherical_kmeans | K selection: best_k=2 | scores={2: {'silhouette': 0.1002, 'compactness': 0.7843, 'score': 0.2854}, 3: {'silhouette': 0.0716, 'compactness': 0.8001, 'score': 0.2092}, 4: {'silhouette': 0.0527, 'compactness': 0.8126, 'score': 0.1368}, 5: {'silhouette': 0.0451, 'compactness': 0.8287, 'score': 0.0712}}
2026-08-13 15:39:22 | DEBUG    | fgvc.clustering.spherical_kmeans |   Init 1/10: inertia=5.553437
2026-08-13 15:39:22 | DEBUG    | fgvc.clustering.spherical_kmeans |   Init 2/10: inertia=5.493741
2026-08-13 15:39:22 | DEBUG    | fgvc.clustering.spherical_kmeans |   Init 3/10: inertia=5.572790
2026-08-13 15:39:22 | DEBUG    | fgvc.clustering.spherical_kmeans |   Init 4/10: inertia=5.392274
2026-08-13 15:39:22 | DEBUG    | fgvc.clustering.spherical_kmeans |   Init 5/10: inertia=5.566639
2026-08-13 15:39:22 | DEBUG    | fgvc.clustering.spherical_kmeans |   Init 6/10: inertia=5.554820
2026-08-13 15:39:22 | DEBUG    | fgvc.clustering.spherical_kmeans |   Init 7/10: inertia=5.624377
2026-08-13 15:39:22 | DEBUG    | fgvc.clustering.spherical_kmeans |   Init 8/10: inertia=5.552201
2026-08-13 15:39:22 | DEBUG    | fgvc.clustering.spherical_kmeans |   Init 9/10: inertia=5.435209
2026-08-13 15:39:22 | DEBUG    | fgvc.clustering.spherical_kmeans |   Init 10/10: inertia=5.658331
2026-08-13 15:39:22 | INFO     | fgvc.clustering.spherical_kmeans |   [Brandt_Cormorant] k_selected=2 | k_effective=2 | min_cluster=10 | max_cluster=15
2026-08-13 15:39:22 | INFO     | fgvc.clustering.spherical_kmeans |   [Brewer_Blackbird] 25 images
2026-08-13 15:39:22 | DEBUG    | fgvc.clustering.spherical_kmeans |   Init 1/5: inertia=5.186486
2026-08-13 15:39:22 | DEBUG    | fgvc.clustering.spherical_kmeans |   Init 2/5: inertia=5.382559
2026-08-13 15:39:22 | DEBUG    | fgvc.clustering.spherical_kmeans |   Init 3/5: inertia=5.186486
2026-08-13 15:39:22 | DEBUG    | fgvc.clustering.spherical_kmeans |   Init 4/5: inertia=5.842993
2026-08-13 15:39:22 | DEBUG    | fgvc.clustering.spherical_kmeans |   Init 5/5: inertia=5.918904
2026-08-13 15:39:22 | DEBUG    | fgvc.clustering.spherical_kmeans |   Init 1/5: inertia=5.151857
2026-08-13 15:39:22 | DEBUG    | fgvc.clustering.spherical_kmeans |   Init 2/5: inertia=4.969718
2026-08-13 15:39:22 | DEBUG    | fgvc.clustering.spherical_kmeans |   Init 3/5: inertia=4.765592
2026-08-13 15:39:22 | DEBUG    | fgvc.clustering.spherical_kmeans |   Init 4/5: inertia=4.838967
2026-08-13 15:39:22 | DEBUG    | fgvc.clustering.spherical_kmeans |   Init 5/5: inertia=4.889268
2026-08-13 15:39:22 | DEBUG    | fgvc.clustering.spherical_kmeans |   Init 1/5: inertia=4.934808
2026-08-13 15:39:22 | DEBUG    | fgvc.clustering.spherical_kmeans |   Init 2/5: inertia=4.574768
2026-08-13 15:39:22 | DEBUG    | fgvc.clustering.spherical_kmeans |   Init 3/5: inertia=4.556877
2026-08-13 15:39:22 | DEBUG    | fgvc.clustering.spherical_kmeans |   Init 4/5: inertia=4.469492
2026-08-13 15:39:22 | DEBUG    | fgvc.clustering.spherical_kmeans |   Init 5/5: inertia=4.527022
2026-08-13 15:39:22 | DEBUG    | fgvc.clustering.spherical_kmeans |   Init 1/5: inertia=4.616741
2026-08-13 15:39:22 | DEBUG    | fgvc.clustering.spherical_kmeans |   Init 2/5: inertia=4.399887
2026-08-13 15:39:22 | DEBUG    | fgvc.clustering.spherical_kmeans |   Init 3/5: inertia=4.305624
2026-08-13 15:39:22 | DEBUG    | fgvc.clustering.spherical_kmeans |   Init 4/5: inertia=4.161585
2026-08-13 15:39:22 | DEBUG    | fgvc.clustering.spherical_kmeans |   Init 5/5: inertia=4.152436
2026-08-13 15:39:22 | DEBUG    | fgvc.clustering.spherical_kmeans | K selection: best_k=2 | scores={2: {'silhouette': 0.3262, 'compactness': 0.7925, 'score': 0.4009}, 3: {'silhouette': 0.1798, 'compactness': 0.8094, 'score': 0.266}, 4: {'silhouette': 0.049, 'compactness': 0.8212, 'score': 0.1375}, 5: {'silhouette': 0.0764, 'compactness': 0.8339, 'score': 0.0884}}
2026-08-13 15:39:22 | DEBUG    | fgvc.clustering.spherical_kmeans |   Init 1/10: inertia=5.186486
2026-08-13 15:39:22 | DEBUG    | fgvc.clustering.spherical_kmeans |   Init 2/10: inertia=5.382559
2026-08-13 15:39:22 | DEBUG    | fgvc.clustering.spherical_kmeans |   Init 3/10: inertia=5.186486
2026-08-13 15:39:22 | DEBUG    | fgvc.clustering.spherical_kmeans |   Init 4/10: inertia=5.842993
2026-08-13 15:39:22 | DEBUG    | fgvc.clustering.spherical_kmeans |   Init 5/10: inertia=5.918904
2026-08-13 15:39:22 | DEBUG    | fgvc.clustering.spherical_kmeans |   Init 6/10: inertia=5.186486
2026-08-13 15:39:22 | DEBUG    | fgvc.clustering.spherical_kmeans |   Init 7/10: inertia=5.818342
2026-08-13 15:39:22 | DEBUG    | fgvc.clustering.spherical_kmeans |   Init 8/10: inertia=5.186486
2026-08-13 15:39:22 | DEBUG    | fgvc.clustering.spherical_kmeans |   Init 9/10: inertia=5.186486
2026-08-13 15:39:22 | DEBUG    | fgvc.clustering.spherical_kmeans |   Init 10/10: inertia=5.814640
2026-08-13 15:39:22 | INFO     | fgvc.clustering.spherical_kmeans |   [Brewer_Blackbird] k_selected=2 | k_effective=1 | min_cluster=25 | max_cluster=25
2026-08-13 15:39:22 | INFO     | fgvc.clustering.spherical_kmeans |   [Brewer_Sparrow] 25 images
2026-08-13 15:39:22 | DEBUG    | fgvc.clustering.spherical_kmeans |   Init 1/5: inertia=5.861795
2026-08-13 15:39:22 | DEBUG    | fgvc.clustering.spherical_kmeans |   Init 2/5: inertia=5.937603
2026-08-13 15:39:22 | DEBUG    | fgvc.clustering.spherical_kmeans |   Init 3/5: inertia=5.796765
2026-08-13 15:39:22 | DEBUG    | fgvc.clustering.spherical_kmeans |   Init 4/5: inertia=5.937199
2026-08-13 15:39:22 | DEBUG    | fgvc.clustering.spherical_kmeans |   Init 5/5: inertia=6.026172
2026-08-13 15:39:22 | DEBUG    | fgvc.clustering.spherical_kmeans |   Init 1/5: inertia=5.422007
2026-08-13 15:39:22 | DEBUG    | fgvc.clustering.spherical_kmeans |   Init 2/5: inertia=5.396939
2026-08-13 15:39:22 | DEBUG    | fgvc.clustering.spherical_kmeans |   Init 3/5: inertia=5.410749
2026-08-13 15:39:22 | DEBUG    | fgvc.clustering.spherical_kmeans |   Init 4/5: inertia=5.423390
2026-08-13 15:39:22 | DEBUG    | fgvc.clustering.spherical_kmeans |   Init 5/5: inertia=5.365982
2026-08-13 15:39:22 | DEBUG    | fgvc.clustering.spherical_kmeans |   Init 1/5: inertia=5.005640
2026-08-13 15:39:22 | DEBUG    | fgvc.clustering.spherical_kmeans |   Init 2/5: inertia=5.047123
2026-08-13 15:39:22 | DEBUG    | fgvc.clustering.spherical_kmeans |   Init 3/5: inertia=5.028366
2026-08-13 15:39:22 | DEBUG    | fgvc.clustering.spherical_kmeans |   Init 4/5: inertia=5.091012
2026-08-13 15:39:22 | DEBUG    | fgvc.clustering.spherical_kmeans |   Init 5/5: inertia=4.981163
2026-08-13 15:39:22 | DEBUG    | fgvc.clustering.spherical_kmeans |   Init 1/5: inertia=4.714920
2026-08-13 15:39:22 | DEBUG    | fgvc.clustering.spherical_kmeans |   Init 2/5: inertia=4.723402
2026-08-13 15:39:22 | DEBUG    | fgvc.clustering.spherical_kmeans |   Init 3/5: inertia=4.625031
2026-08-13 15:39:22 | DEBUG    | fgvc.clustering.spherical_kmeans |   Init 4/5: inertia=4.650502
2026-08-13 15:39:22 | DEBUG    | fgvc.clustering.spherical_kmeans |   Init 5/5: inertia=4.580655
2026-08-13 15:39:22 | DEBUG    | fgvc.clustering.spherical_kmeans | K selection: best_k=2 | scores={2: {'silhouette': 0.0585, 'compactness': 0.7681, 'score': 0.2597}, 3: {'silhouette': 0.0324, 'compactness': 0.7854, 'score': 0.1851}, 4: {'silhouette': 0.038, 'compactness': 0.8008, 'score': 0.1259}, 5: {'silhouette': 0.0319, 'compactness': 0.8168, 'score': 0.061}}
2026-08-13 15:39:22 | DEBUG    | fgvc.clustering.spherical_kmeans |   Init 1/10: inertia=5.861795
2026-08-13 15:39:22 | DEBUG    | fgvc.clustering.spherical_kmeans |   Init 2/10: inertia=5.937603
2026-08-13 15:39:22 | DEBUG    | fgvc.clustering.spherical_kmeans |   Init 3/10: inertia=5.796765
2026-08-13 15:39:22 | DEBUG    | fgvc.clustering.spherical_kmeans |   Init 4/10: inertia=5.937199
2026-08-13 15:39:22 | DEBUG    | fgvc.clustering.spherical_kmeans |   Init 5/10: inertia=6.026172
2026-08-13 15:39:22 | DEBUG    | fgvc.clustering.spherical_kmeans |   Init 6/10: inertia=5.701486
2026-08-13 15:39:22 | DEBUG    | fgvc.clustering.spherical_kmeans |   Init 7/10: inertia=5.664863
2026-08-13 15:39:22 | DEBUG    | fgvc.clustering.spherical_kmeans |   Init 8/10: inertia=5.669307
2026-08-13 15:39:22 | DEBUG    | fgvc.clustering.spherical_kmeans |   Init 9/10: inertia=5.952949
2026-08-13 15:39:22 | DEBUG    | fgvc.clustering.spherical_kmeans |   Init 10/10: inertia=5.768817
2026-08-13 15:39:22 | INFO     | fgvc.clustering.spherical_kmeans |   [Brewer_Sparrow] k_selected=2 | k_effective=2 | min_cluster=11 | max_cluster=14
2026-08-13 15:39:22 | INFO     | fgvc.clustering.spherical_kmeans |   [Bronzed_Cowbird] 25 images
2026-08-13 15:39:22 | DEBUG    | fgvc.clustering.spherical_kmeans |   Init 1/5: inertia=3.784686
2026-08-13 15:39:22 | DEBUG    | fgvc.clustering.spherical_kmeans |   Init 2/5: inertia=4.043330
2026-08-13 15:39:22 | DEBUG    | fgvc.clustering.spherical_kmeans |   Init 3/5: inertia=4.102430
2026-08-13 15:39:22 | DEBUG    | fgvc.clustering.spherical_kmeans |   Init 4/5: inertia=4.070801
2026-08-13 15:39:22 | DEBUG    | fgvc.clustering.spherical_kmeans |   Init 5/5: inertia=4.084117
2026-08-13 15:39:22 | DEBUG    | fgvc.clustering.spherical_kmeans |   Init 1/5: inertia=3.511108
2026-08-13 15:39:22 | DEBUG    | fgvc.clustering.spherical_kmeans |   Init 2/5: inertia=3.521922
2026-08-13 15:39:22 | DEBUG    | fgvc.clustering.spherical_kmeans |   Init 3/5: inertia=3.694775
2026-08-13 15:39:22 | DEBUG    | fgvc.clustering.spherical_kmeans |   Init 4/5: inertia=3.552292
2026-08-13 15:39:22 | DEBUG    | fgvc.clustering.spherical_kmeans |   Init 5/5: inertia=3.482708
2026-08-13 15:39:22 | DEBUG    | fgvc.clustering.spherical_kmeans |   Init 1/5: inertia=3.334713
2026-08-13 15:39:22 | DEBUG    | fgvc.clustering.spherical_kmeans |   Init 2/5: inertia=3.263360
2026-08-13 15:39:22 | DEBUG    | fgvc.clustering.spherical_kmeans |   Init 3/5: inertia=3.282630
2026-08-13 15:39:22 | DEBUG    | fgvc.clustering.spherical_kmeans |   Init 4/5: inertia=3.219364
2026-08-13 15:39:22 | DEBUG    | fgvc.clustering.spherical_kmeans |   Init 5/5: inertia=3.553615
2026-08-13 15:39:22 | DEBUG    | fgvc.clustering.spherical_kmeans |   Init 1/5: inertia=3.161465
2026-08-13 15:39:22 | DEBUG    | fgvc.clustering.spherical_kmeans |   Init 2/5: inertia=2.966767
2026-08-13 15:39:22 | DEBUG    | fgvc.clustering.spherical_kmeans |   Init 3/5: inertia=2.848408
2026-08-13 15:39:22 | DEBUG    | fgvc.clustering.spherical_kmeans |   Init 4/5: inertia=3.002653
2026-08-13 15:39:22 | DEBUG    | fgvc.clustering.spherical_kmeans |   Init 5/5: inertia=3.235209
2026-08-13 15:39:22 | DEBUG    | fgvc.clustering.spherical_kmeans | K selection: best_k=2 | scores={2: {'silhouette': 0.4302, 'compactness': 0.8486, 'score': 0.4697}, 3: {'silhouette': 0.2804, 'compactness': 0.8607, 'score': 0.3317}, 4: {'silhouette': 0.0532, 'compactness': 0.8712, 'score': 0.1547}, 5: {'silhouette': 0.0688, 'compactness': 0.8861, 'score': 0.1002}}
2026-08-13 15:39:22 | DEBUG    | fgvc.clustering.spherical_kmeans |   Init 1/10: inertia=3.784686
2026-08-13 15:39:22 | DEBUG    | fgvc.clustering.spherical_kmeans |   Init 2/10: inertia=4.043330
2026-08-13 15:39:22 | DEBUG    | fgvc.clustering.spherical_kmeans |   Init 3/10: inertia=4.102430
2026-08-13 15:39:22 | DEBUG    | fgvc.clustering.spherical_kmeans |   Init 4/10: inertia=4.070801
2026-08-13 15:39:22 | DEBUG    | fgvc.clustering.spherical_kmeans |   Init 5/10: inertia=4.084117
2026-08-13 15:39:22 | DEBUG    | fgvc.clustering.spherical_kmeans |   Init 6/10: inertia=3.953472
2026-08-13 15:39:22 | DEBUG    | fgvc.clustering.spherical_kmeans |   Init 7/10: inertia=4.088646
2026-08-13 15:39:22 | DEBUG    | fgvc.clustering.spherical_kmeans |   Init 8/10: inertia=3.790467
2026-08-13 15:39:22 | DEBUG    | fgvc.clustering.spherical_kmeans |   Init 9/10: inertia=3.728818
2026-08-13 15:39:22 | DEBUG    | fgvc.clustering.spherical_kmeans |   Init 10/10: inertia=3.920579
2026-08-13 15:39:22 | INFO     | fgvc.clustering.spherical_kmeans |   [Bronzed_Cowbird] k_selected=2 | k_effective=1 | min_cluster=25 | max_cluster=25
2026-08-13 15:39:22 | INFO     | fgvc.clustering.spherical_kmeans |   [Brown_Creeper] 25 images
2026-08-13 15:39:22 | DEBUG    | fgvc.clustering.spherical_kmeans |   Init 1/5: inertia=1.751070
2026-08-13 15:39:22 | DEBUG    | fgvc.clustering.spherical_kmeans |   Init 2/5: inertia=2.352496
2026-08-13 15:39:22 | DEBUG    | fgvc.clustering.spherical_kmeans |   Init 3/5: inertia=2.291843
2026-08-13 15:39:22 | DEBUG    | fgvc.clustering.spherical_kmeans |   Init 4/5: inertia=2.361835
2026-08-13 15:39:22 | DEBUG    | fgvc.clustering.spherical_kmeans |   Init 5/5: inertia=1.751070
2026-08-13 15:39:22 | DEBUG    | fgvc.clustering.spherical_kmeans |   Init 1/5: inertia=1.625347
2026-08-13 15:39:22 | DEBUG    | fgvc.clustering.spherical_kmeans |   Init 2/5: inertia=1.612011
2026-08-13 15:39:22 | DEBUG    | fgvc.clustering.spherical_kmeans |   Init 3/5: inertia=1.593640
2026-08-13 15:39:22 | DEBUG    | fgvc.clustering.spherical_kmeans |   Init 4/5: inertia=2.165177
2026-08-13 15:39:22 | DEBUG    | fgvc.clustering.spherical_kmeans |   Init 5/5: inertia=1.576819
2026-08-13 15:39:22 | DEBUG    | fgvc.clustering.spherical_kmeans |   Init 1/5: inertia=1.484222
2026-08-13 15:39:22 | DEBUG    | fgvc.clustering.spherical_kmeans |   Init 2/5: inertia=1.485490
2026-08-13 15:39:22 | DEBUG    | fgvc.clustering.spherical_kmeans |   Init 3/5: inertia=1.486200
2026-08-13 15:39:22 | DEBUG    | fgvc.clustering.spherical_kmeans |   Init 4/5: inertia=1.462165
2026-08-13 15:39:22 | DEBUG    | fgvc.clustering.spherical_kmeans |   Init 5/5: inertia=1.507098
2026-08-13 15:39:22 | DEBUG    | fgvc.clustering.spherical_kmeans |   Init 1/5: inertia=1.379608
2026-08-13 15:39:22 | DEBUG    | fgvc.clustering.spherical_kmeans |   Init 2/5: inertia=1.397022
2026-08-13 15:39:22 | DEBUG    | fgvc.clustering.spherical_kmeans |   Init 3/5: inertia=1.355074
2026-08-13 15:39:22 | DEBUG    | fgvc.clustering.spherical_kmeans |   Init 4/5: inertia=1.365773
2026-08-13 15:39:22 | DEBUG    | fgvc.clustering.spherical_kmeans |   Init 5/5: inertia=1.370225
2026-08-13 15:39:22 | DEBUG    | fgvc.clustering.spherical_kmeans | K selection: best_k=2 | scores={2: {'silhouette': 0.7822, 'compactness': 0.93, 'score': 0.6701}, 3: {'silhouette': 0.0973, 'compactness': 0.9369, 'score': 0.2631}, 4: {'silhouette': 0.0352, 'compactness': 0.9415, 'score': 0.1667}, 5: {'silhouette': 0.0459, 'compactness': 0.9458, 'score': 0.1067}}
2026-08-13 15:39:22 | DEBUG    | fgvc.clustering.spherical_kmeans |   Init 1/10: inertia=1.751070
2026-08-13 15:39:22 | DEBUG    | fgvc.clustering.spherical_kmeans |   Init 2/10: inertia=2.352496
2026-08-13 15:39:22 | DEBUG    | fgvc.clustering.spherical_kmeans |   Init 3/10: inertia=2.291843
2026-08-13 15:39:22 | DEBUG    | fgvc.clustering.spherical_kmeans |   Init 4/10: inertia=2.361835
2026-08-13 15:39:22 | DEBUG    | fgvc.clustering.spherical_kmeans |   Init 5/10: inertia=1.751070
2026-08-13 15:39:22 | DEBUG    | fgvc.clustering.spherical_kmeans |   Init 6/10: inertia=2.320104
2026-08-13 15:39:22 | DEBUG    | fgvc.clustering.spherical_kmeans |   Init 7/10: inertia=2.356495
2026-08-13 15:39:22 | DEBUG    | fgvc.clustering.spherical_kmeans |   Init 8/10: inertia=2.301791
2026-08-13 15:39:22 | DEBUG    | fgvc.clustering.spherical_kmeans |   Init 9/10: inertia=1.751070
2026-08-13 15:39:22 | DEBUG    | fgvc.clustering.spherical_kmeans |   Init 10/10: inertia=2.324794
2026-08-13 15:39:22 | INFO     | fgvc.clustering.spherical_kmeans |   [Brown_Creeper] k_selected=2 | k_effective=1 | min_cluster=25 | max_cluster=25
2026-08-13 15:39:22 | INFO     | fgvc.clustering.spherical_kmeans |   [Brown_Pelican] 25 images
2026-08-13 15:39:22 | DEBUG    | fgvc.clustering.spherical_kmeans |   Init 1/5: inertia=5.011201
2026-08-13 15:39:22 | DEBUG    | fgvc.clustering.spherical_kmeans |   Init 2/5: inertia=4.593674
2026-08-13 15:39:22 | DEBUG    | fgvc.clustering.spherical_kmeans |   Init 3/5: inertia=4.669394
2026-08-13 15:39:22 | DEBUG    | fgvc.clustering.spherical_kmeans |   Init 4/5: inertia=4.597781
2026-08-13 15:39:22 | DEBUG    | fgvc.clustering.spherical_kmeans |   Init 5/5: inertia=4.996312
2026-08-13 15:39:22 | DEBUG    | fgvc.clustering.spherical_kmeans |   Init 1/5: inertia=4.358794
2026-08-13 15:39:22 | DEBUG    | fgvc.clustering.spherical_kmeans |   Init 2/5: inertia=4.291410
2026-08-13 15:39:22 | DEBUG    | fgvc.clustering.spherical_kmeans |   Init 3/5: inertia=4.248299
2026-08-13 15:39:22 | DEBUG    | fgvc.clustering.spherical_kmeans |   Init 4/5: inertia=4.281778
2026-08-13 15:39:22 | DEBUG    | fgvc.clustering.spherical_kmeans |   Init 5/5: inertia=4.381920
2026-08-13 15:39:22 | DEBUG    | fgvc.clustering.spherical_kmeans |   Init 1/5: inertia=4.094101
2026-08-13 15:39:22 | DEBUG    | fgvc.clustering.spherical_kmeans |   Init 2/5: inertia=3.812530
2026-08-13 15:39:22 | DEBUG    | fgvc.clustering.spherical_kmeans |   Init 3/5: inertia=3.894453
2026-08-13 15:39:22 | DEBUG    | fgvc.clustering.spherical_kmeans |   Init 4/5: inertia=4.119219
2026-08-13 15:39:22 | DEBUG    | fgvc.clustering.spherical_kmeans |   Init 5/5: inertia=3.922315
2026-08-13 15:39:22 | DEBUG    | fgvc.clustering.spherical_kmeans |   Init 1/5: inertia=3.858202
2026-08-13 15:39:22 | DEBUG    | fgvc.clustering.spherical_kmeans |   Init 2/5: inertia=3.613120
2026-08-13 15:39:22 | DEBUG    | fgvc.clustering.spherical_kmeans |   Init 3/5: inertia=3.826434
2026-08-13 15:39:22 | DEBUG    | fgvc.clustering.spherical_kmeans |   Init 4/5: inertia=3.776237
2026-08-13 15:39:22 | DEBUG    | fgvc.clustering.spherical_kmeans |   Init 5/5: inertia=3.570289
2026-08-13 15:39:22 | DEBUG    | fgvc.clustering.spherical_kmeans | K selection: best_k=2 | scores={2: {'silhouette': 0.1797, 'compactness': 0.8163, 'score': 0.3347}, 3: {'silhouette': 0.1616, 'compactness': 0.8301, 'score': 0.2632}, 4: {'silhouette': 0.1377, 'compactness': 0.8475, 'score': 0.1898}, 5: {'silhouette': 0.1046, 'compactness': 0.8572, 'score': 0.1095}}
2026-08-13 15:39:22 | DEBUG    | fgvc.clustering.spherical_kmeans |   Init 1/10: inertia=5.011201
2026-08-13 15:39:22 | DEBUG    | fgvc.clustering.spherical_kmeans |   Init 2/10: inertia=4.593674
2026-08-13 15:39:22 | DEBUG    | fgvc.clustering.spherical_kmeans |   Init 3/10: inertia=4.669394
2026-08-13 15:39:22 | DEBUG    | fgvc.clustering.spherical_kmeans |   Init 4/10: inertia=4.597781
2026-08-13 15:39:22 | DEBUG    | fgvc.clustering.spherical_kmeans |   Init 5/10: inertia=4.996312
2026-08-13 15:39:22 | DEBUG    | fgvc.clustering.spherical_kmeans |   Init 6/10: inertia=4.824867
2026-08-13 15:39:22 | DEBUG    | fgvc.clustering.spherical_kmeans |   Init 7/10: inertia=4.624812
2026-08-13 15:39:22 | DEBUG    | fgvc.clustering.spherical_kmeans |   Init 8/10: inertia=5.112755
2026-08-13 15:39:22 | DEBUG    | fgvc.clustering.spherical_kmeans |   Init 9/10: inertia=5.172146
2026-08-13 15:39:22 | DEBUG    | fgvc.clustering.spherical_kmeans |   Init 10/10: inertia=4.627657
2026-08-13 15:39:22 | INFO     | fgvc.clustering.spherical_kmeans |   [Brown_Pelican] k_selected=2 | k_effective=2 | min_cluster=12 | max_cluster=13
2026-08-13 15:39:22 | INFO     | fgvc.clustering.spherical_kmeans |   [Brown_Thrasher] 25 images
2026-08-13 15:39:22 | DEBUG    | fgvc.clustering.spherical_kmeans |   Init 1/5: inertia=3.507838
2026-08-13 15:39:22 | DEBUG    | fgvc.clustering.spherical_kmeans |   Init 2/5: inertia=3.471189
2026-08-13 15:39:22 | DEBUG    | fgvc.clustering.spherical_kmeans |   Init 3/5: inertia=3.573768
2026-08-13 15:39:22 | DEBUG    | fgvc.clustering.spherical_kmeans |   Init 4/5: inertia=3.664313
2026-08-13 15:39:22 | DEBUG    | fgvc.clustering.spherical_kmeans |   Init 5/5: inertia=3.515647
2026-08-13 15:39:22 | DEBUG    | fgvc.clustering.spherical_kmeans |   Init 1/5: inertia=3.217516
2026-08-13 15:39:22 | DEBUG    | fgvc.clustering.spherical_kmeans |   Init 2/5: inertia=3.245417
2026-08-13 15:39:22 | DEBUG    | fgvc.clustering.spherical_kmeans |   Init 3/5: inertia=3.401321
2026-08-13 15:39:22 | DEBUG    | fgvc.clustering.spherical_kmeans |   Init 4/5: inertia=3.256924
2026-08-13 15:39:22 | DEBUG    | fgvc.clustering.spherical_kmeans |   Init 5/5: inertia=3.262134
2026-08-13 15:39:22 | DEBUG    | fgvc.clustering.spherical_kmeans |   Init 1/5: inertia=2.988527
2026-08-13 15:39:22 | DEBUG    | fgvc.clustering.spherical_kmeans |   Init 2/5: inertia=3.224467
2026-08-13 15:39:22 | DEBUG    | fgvc.clustering.spherical_kmeans |   Init 3/5: inertia=2.984639
2026-08-13 15:39:22 | DEBUG    | fgvc.clustering.spherical_kmeans |   Init 4/5: inertia=2.967744
2026-08-13 15:39:22 | DEBUG    | fgvc.clustering.spherical_kmeans |   Init 5/5: inertia=3.033612
2026-08-13 15:39:22 | DEBUG    | fgvc.clustering.spherical_kmeans |   Init 1/5: inertia=2.692259
2026-08-13 15:39:22 | DEBUG    | fgvc.clustering.spherical_kmeans |   Init 2/5: inertia=2.974024
2026-08-13 15:39:22 | DEBUG    | fgvc.clustering.spherical_kmeans |   Init 3/5: inertia=2.901586
2026-08-13 15:39:22 | DEBUG    | fgvc.clustering.spherical_kmeans |   Init 4/5: inertia=2.898762
2026-08-13 15:39:22 | DEBUG    | fgvc.clustering.spherical_kmeans |   Init 5/5: inertia=2.840552
2026-08-13 15:39:22 | DEBUG    | fgvc.clustering.spherical_kmeans | K selection: best_k=2 | scores={2: {'silhouette': 0.1338, 'compactness': 0.8612, 'score': 0.3252}, 3: {'silhouette': 0.1111, 'compactness': 0.8713, 'score': 0.2503}, 4: {'silhouette': 0.0908, 'compactness': 0.8813, 'score': 0.1765}, 5: {'silhouette': 0.0718, 'compactness': 0.8923, 'score': 0.1036}}
2026-08-13 15:39:22 | DEBUG    | fgvc.clustering.spherical_kmeans |   Init 1/10: inertia=3.507838
2026-08-13 15:39:22 | DEBUG    | fgvc.clustering.spherical_kmeans |   Init 2/10: inertia=3.471189
2026-08-13 15:39:22 | DEBUG    | fgvc.clustering.spherical_kmeans |   Init 3/10: inertia=3.573768
2026-08-13 15:39:22 | DEBUG    | fgvc.clustering.spherical_kmeans |   Init 4/10: inertia=3.664313
2026-08-13 15:39:22 | DEBUG    | fgvc.clustering.spherical_kmeans |   Init 5/10: inertia=3.515647
2026-08-13 15:39:22 | DEBUG    | fgvc.clustering.spherical_kmeans |   Init 6/10: inertia=3.537353
2026-08-13 15:39:22 | DEBUG    | fgvc.clustering.spherical_kmeans |   Init 7/10: inertia=3.504662
2026-08-13 15:39:22 | DEBUG    | fgvc.clustering.spherical_kmeans |   Init 8/10: inertia=3.487361
2026-08-13 15:39:22 | DEBUG    | fgvc.clustering.spherical_kmeans |   Init 9/10: inertia=3.536885
2026-08-13 15:39:22 | DEBUG    | fgvc.clustering.spherical_kmeans |   Init 10/10: inertia=3.470036
2026-08-13 15:39:22 | INFO     | fgvc.clustering.spherical_kmeans |   [Brown_Thrasher] k_selected=2 | k_effective=2 | min_cluster=11 | max_cluster=14
2026-08-13 15:39:22 | INFO     | fgvc.clustering.spherical_kmeans |   [Cactus_Wren] 25 images
2026-08-13 15:39:22 | DEBUG    | fgvc.clustering.spherical_kmeans |   Init 1/5: inertia=3.687512
2026-08-13 15:39:22 | DEBUG    | fgvc.clustering.spherical_kmeans |   Init 2/5: inertia=3.699546
2026-08-13 15:39:22 | DEBUG    | fgvc.clustering.spherical_kmeans |   Init 3/5: inertia=3.581222
2026-08-13 15:39:22 | DEBUG    | fgvc.clustering.spherical_kmeans |   Init 4/5: inertia=3.687225
2026-08-13 15:39:22 | DEBUG    | fgvc.clustering.spherical_kmeans |   Init 5/5: inertia=3.646558
2026-08-13 15:39:22 | DEBUG    | fgvc.clustering.spherical_kmeans |   Init 1/5: inertia=3.251790
2026-08-13 15:39:22 | DEBUG    | fgvc.clustering.spherical_kmeans |   Init 2/5: inertia=3.386907
2026-08-13 15:39:22 | DEBUG    | fgvc.clustering.spherical_kmeans |   Init 3/5: inertia=3.396631
2026-08-13 15:39:22 | DEBUG    | fgvc.clustering.spherical_kmeans |   Init 4/5: inertia=3.509423
2026-08-13 15:39:22 | DEBUG    | fgvc.clustering.spherical_kmeans |   Init 5/5: inertia=3.417425
2026-08-13 15:39:22 | DEBUG    | fgvc.clustering.spherical_kmeans |   Init 1/5: inertia=3.067987
2026-08-13 15:39:22 | DEBUG    | fgvc.clustering.spherical_kmeans |   Init 2/5: inertia=3.140663
2026-08-13 15:39:22 | DEBUG    | fgvc.clustering.spherical_kmeans |   Init 3/5: inertia=3.200178
2026-08-13 15:39:22 | DEBUG    | fgvc.clustering.spherical_kmeans |   Init 4/5: inertia=3.175064
2026-08-13 15:39:22 | DEBUG    | fgvc.clustering.spherical_kmeans |   Init 5/5: inertia=2.980500
2026-08-13 15:39:22 | DEBUG    | fgvc.clustering.spherical_kmeans |   Init 1/5: inertia=3.013831
2026-08-13 15:39:22 | DEBUG    | fgvc.clustering.spherical_kmeans |   Init 2/5: inertia=2.873890
2026-08-13 15:39:22 | DEBUG    | fgvc.clustering.spherical_kmeans |   Init 3/5: inertia=3.000910
2026-08-13 15:39:22 | DEBUG    | fgvc.clustering.spherical_kmeans |   Init 4/5: inertia=2.935818
2026-08-13 15:39:22 | DEBUG    | fgvc.clustering.spherical_kmeans |   Init 5/5: inertia=2.937356
2026-08-13 15:39:22 | DEBUG    | fgvc.clustering.spherical_kmeans | K selection: best_k=2 | scores={2: {'silhouette': 0.1334, 'compactness': 0.8568, 'score': 0.3237}, 3: {'silhouette': 0.1034, 'compactness': 0.8699, 'score': 0.246}, 4: {'silhouette': 0.0815, 'compactness': 0.8808, 'score': 0.1716}, 5: {'silhouette': 0.0369, 'compactness': 0.885, 'score': 0.084}}
2026-08-13 15:39:22 | DEBUG    | fgvc.clustering.spherical_kmeans |   Init 1/10: inertia=3.687512
2026-08-13 15:39:22 | DEBUG    | fgvc.clustering.spherical_kmeans |   Init 2/10: inertia=3.699546
2026-08-13 15:39:22 | DEBUG    | fgvc.clustering.spherical_kmeans |   Init 3/10: inertia=3.581222
2026-08-13 15:39:22 | DEBUG    | fgvc.clustering.spherical_kmeans |   Init 4/10: inertia=3.687225
2026-08-13 15:39:22 | DEBUG    | fgvc.clustering.spherical_kmeans |   Init 5/10: inertia=3.646558
2026-08-13 15:39:22 | DEBUG    | fgvc.clustering.spherical_kmeans |   Init 6/10: inertia=3.678559
2026-08-13 15:39:22 | DEBUG    | fgvc.clustering.spherical_kmeans |   Init 7/10: inertia=3.621200
2026-08-13 15:39:22 | DEBUG    | fgvc.clustering.spherical_kmeans |   Init 8/10: inertia=3.567593
2026-08-13 15:39:22 | DEBUG    | fgvc.clustering.spherical_kmeans |   Init 9/10: inertia=3.634031
2026-08-13 15:39:22 | DEBUG    | fgvc.clustering.spherical_kmeans |   Init 10/10: inertia=3.656981
2026-08-13 15:39:22 | INFO     | fgvc.clustering.spherical_kmeans |   [Cactus_Wren] k_selected=2 | k_effective=2 | min_cluster=6 | max_cluster=19
2026-08-13 15:39:22 | INFO     | fgvc.clustering.spherical_kmeans |   [California_Gull] 25 images
2026-08-13 15:39:22 | DEBUG    | fgvc.clustering.spherical_kmeans |   Init 1/5: inertia=5.296757
2026-08-13 15:39:22 | DEBUG    | fgvc.clustering.spherical_kmeans |   Init 2/5: inertia=5.310423
2026-08-13 15:39:22 | DEBUG    | fgvc.clustering.spherical_kmeans |   Init 3/5: inertia=5.008595
2026-08-13 15:39:22 | DEBUG    | fgvc.clustering.spherical_kmeans |   Init 4/5: inertia=5.249041
2026-08-13 15:39:22 | DEBUG    | fgvc.clustering.spherical_kmeans |   Init 5/5: inertia=5.371111
2026-08-13 15:39:22 | DEBUG    | fgvc.clustering.spherical_kmeans |   Init 1/5: inertia=4.982873
2026-08-13 15:39:22 | DEBUG    | fgvc.clustering.spherical_kmeans |   Init 2/5: inertia=4.612547
2026-08-13 15:39:22 | DEBUG    | fgvc.clustering.spherical_kmeans |   Init 3/5: inertia=4.930577
2026-08-13 15:39:22 | DEBUG    | fgvc.clustering.spherical_kmeans |   Init 4/5: inertia=4.993470
2026-08-13 15:39:22 | DEBUG    | fgvc.clustering.spherical_kmeans |   Init 5/5: inertia=4.831329
2026-08-13 15:39:22 | DEBUG    | fgvc.clustering.spherical_kmeans |   Init 1/5: inertia=4.651305
2026-08-13 15:39:22 | DEBUG    | fgvc.clustering.spherical_kmeans |   Init 2/5: inertia=4.335946
2026-08-13 15:39:22 | DEBUG    | fgvc.clustering.spherical_kmeans |   Init 3/5: inertia=4.553226
2026-08-13 15:39:22 | DEBUG    | fgvc.clustering.spherical_kmeans |   Init 4/5: inertia=4.296685
2026-08-13 15:39:22 | DEBUG    | fgvc.clustering.spherical_kmeans |   Init 5/5: inertia=4.213591
2026-08-13 15:39:22 | DEBUG    | fgvc.clustering.spherical_kmeans |   Init 1/5: inertia=4.216297
2026-08-13 15:39:22 | DEBUG    | fgvc.clustering.spherical_kmeans |   Init 2/5: inertia=4.365260
2026-08-13 15:39:22 | DEBUG    | fgvc.clustering.spherical_kmeans |   Init 3/5: inertia=4.408052
2026-08-13 15:39:22 | DEBUG    | fgvc.clustering.spherical_kmeans |   Init 4/5: inertia=4.086927
2026-08-13 15:39:22 | DEBUG    | fgvc.clustering.spherical_kmeans |   Init 5/5: inertia=4.312734
2026-08-13 15:39:22 | DEBUG    | fgvc.clustering.spherical_kmeans | K selection: best_k=2 | scores={2: {'silhouette': 0.231, 'compactness': 0.7997, 'score': 0.3554}, 3: {'silhouette': 0.1102, 'compactness': 0.8155, 'score': 0.2331}, 4: {'silhouette': 0.1254, 'compactness': 0.8315, 'score': 0.1788}, 5: {'silhouette': 0.0314, 'compactness': 0.8365, 'score': 0.0666}}
2026-08-13 15:39:22 | DEBUG    | fgvc.clustering.spherical_kmeans |   Init 1/10: inertia=5.296757
2026-08-13 15:39:22 | DEBUG    | fgvc.clustering.spherical_kmeans |   Init 2/10: inertia=5.310423
2026-08-13 15:39:22 | DEBUG    | fgvc.clustering.spherical_kmeans |   Init 3/10: inertia=5.008595
2026-08-13 15:39:22 | DEBUG    | fgvc.clustering.spherical_kmeans |   Init 4/10: inertia=5.249041
2026-08-13 15:39:22 | DEBUG    | fgvc.clustering.spherical_kmeans |   Init 5/10: inertia=5.371111
2026-08-13 15:39:22 | DEBUG    | fgvc.clustering.spherical_kmeans |   Init 6/10: inertia=5.309360
2026-08-13 15:39:22 | DEBUG    | fgvc.clustering.spherical_kmeans |   Init 7/10: inertia=5.406614
2026-08-13 15:39:22 | DEBUG    | fgvc.clustering.spherical_kmeans |   Init 8/10: inertia=5.237294
2026-08-13 15:39:22 | DEBUG    | fgvc.clustering.spherical_kmeans |   Init 9/10: inertia=5.365464
2026-08-13 15:39:22 | DEBUG    | fgvc.clustering.spherical_kmeans |   Init 10/10: inertia=5.219732
2026-08-13 15:39:22 | INFO     | fgvc.clustering.spherical_kmeans |   [California_Gull] k_selected=2 | k_effective=1 | min_cluster=25 | max_cluster=25
2026-08-13 15:39:22 | INFO     | fgvc.clustering.spherical_kmeans |   [Canada_Warbler] 25 images
2026-08-13 15:39:22 | DEBUG    | fgvc.clustering.spherical_kmeans |   Init 1/5: inertia=3.961118
2026-08-13 15:39:22 | DEBUG    | fgvc.clustering.spherical_kmeans |   Init 2/5: inertia=4.051613
2026-08-13 15:39:22 | DEBUG    | fgvc.clustering.spherical_kmeans |   Init 3/5: inertia=3.970831
2026-08-13 15:39:22 | DEBUG    | fgvc.clustering.spherical_kmeans |   Init 4/5: inertia=3.977846
2026-08-13 15:39:22 | DEBUG    | fgvc.clustering.spherical_kmeans |   Init 5/5: inertia=3.994972
2026-08-13 15:39:22 | DEBUG    | fgvc.clustering.spherical_kmeans |   Init 1/5: inertia=3.718351
2026-08-13 15:39:22 | DEBUG    | fgvc.clustering.spherical_kmeans |   Init 2/5: inertia=3.609468
2026-08-13 15:39:22 | DEBUG    | fgvc.clustering.spherical_kmeans |   Init 3/5: inertia=3.660870
2026-08-13 15:39:22 | DEBUG    | fgvc.clustering.spherical_kmeans |   Init 4/5: inertia=3.852576
2026-08-13 15:39:22 | DEBUG    | fgvc.clustering.spherical_kmeans |   Init 5/5: inertia=3.762816
2026-08-13 15:39:22 | DEBUG    | fgvc.clustering.spherical_kmeans |   Init 1/5: inertia=3.390769
2026-08-13 15:39:22 | DEBUG    | fgvc.clustering.spherical_kmeans |   Init 2/5: inertia=3.396255
2026-08-13 15:39:22 | DEBUG    | fgvc.clustering.spherical_kmeans |   Init 3/5: inertia=3.464994
2026-08-13 15:39:22 | DEBUG    | fgvc.clustering.spherical_kmeans |   Init 4/5: inertia=3.420417
2026-08-13 15:39:22 | DEBUG    | fgvc.clustering.spherical_kmeans |   Init 5/5: inertia=3.516143
2026-08-13 15:39:22 | DEBUG    | fgvc.clustering.spherical_kmeans |   Init 1/5: inertia=3.098406
2026-08-13 15:39:22 | DEBUG    | fgvc.clustering.spherical_kmeans |   Init 2/5: inertia=3.211907
2026-08-13 15:39:22 | DEBUG    | fgvc.clustering.spherical_kmeans |   Init 3/5: inertia=3.131713
2026-08-13 15:39:22 | DEBUG    | fgvc.clustering.spherical_kmeans |   Init 4/5: inertia=3.273555
2026-08-13 15:39:22 | DEBUG    | fgvc.clustering.spherical_kmeans |   Init 5/5: inertia=3.275748
2026-08-13 15:39:22 | DEBUG    | fgvc.clustering.spherical_kmeans | K selection: best_k=2 | scores={2: {'silhouette': 0.0909, 'compactness': 0.8416, 'score': 0.2979}, 3: {'silhouette': 0.1604, 'compactness': 0.8556, 'score': 0.2702}, 4: {'silhouette': 0.0442, 'compactness': 0.8644, 'score': 0.1481}, 5: {'silhouette': 0.0537, 'compactness': 0.8761, 'score': 0.0897}}
2026-08-13 15:39:22 | DEBUG    | fgvc.clustering.spherical_kmeans |   Init 1/10: inertia=3.961118
2026-08-13 15:39:22 | DEBUG    | fgvc.clustering.spherical_kmeans |   Init 2/10: inertia=4.051613
2026-08-13 15:39:22 | DEBUG    | fgvc.clustering.spherical_kmeans |   Init 3/10: inertia=3.970831
2026-08-13 15:39:22 | DEBUG    | fgvc.clustering.spherical_kmeans |   Init 4/10: inertia=3.977846
2026-08-13 15:39:22 | DEBUG    | fgvc.clustering.spherical_kmeans |   Init 5/10: inertia=3.994972
2026-08-13 15:39:22 | DEBUG    | fgvc.clustering.spherical_kmeans |   Init 6/10: inertia=3.998208
2026-08-13 15:39:22 | DEBUG    | fgvc.clustering.spherical_kmeans |   Init 7/10: inertia=3.994972
2026-08-13 15:39:22 | DEBUG    | fgvc.clustering.spherical_kmeans |   Init 8/10: inertia=4.091506
2026-08-13 15:39:22 | DEBUG    | fgvc.clustering.spherical_kmeans |   Init 9/10: inertia=3.994972
2026-08-13 15:39:22 | DEBUG    | fgvc.clustering.spherical_kmeans |   Init 10/10: inertia=3.937889
2026-08-13 15:39:22 | INFO     | fgvc.clustering.spherical_kmeans |   [Canada_Warbler] k_selected=2 | k_effective=2 | min_cluster=11 | max_cluster=14
2026-08-13 15:39:22 | INFO     | fgvc.clustering.spherical_kmeans |   [Cape_Glossy_Starling] 25 images
2026-08-13 15:39:22 | DEBUG    | fgvc.clustering.spherical_kmeans |   Init 1/5: inertia=3.030823
2026-08-13 15:39:22 | DEBUG    | fgvc.clustering.spherical_kmeans |   Init 2/5: inertia=2.782817
2026-08-13 15:39:22 | DEBUG    | fgvc.clustering.spherical_kmeans |   Init 3/5: inertia=2.918015
2026-08-13 15:39:22 | DEBUG    | fgvc.clustering.spherical_kmeans |   Init 4/5: inertia=3.024608
2026-08-13 15:39:22 | DEBUG    | fgvc.clustering.spherical_kmeans |   Init 5/5: inertia=2.886516
2026-08-13 15:39:22 | DEBUG    | fgvc.clustering.spherical_kmeans |   Init 1/5: inertia=2.553933
2026-08-13 15:39:22 | DEBUG    | fgvc.clustering.spherical_kmeans |   Init 2/5: inertia=2.642956
2026-08-13 15:39:22 | DEBUG    | fgvc.clustering.spherical_kmeans |   Init 3/5: inertia=2.654539
2026-08-13 15:39:22 | DEBUG    | fgvc.clustering.spherical_kmeans |   Init 4/5: inertia=2.717541
2026-08-13 15:39:22 | DEBUG    | fgvc.clustering.spherical_kmeans |   Init 5/5: inertia=2.624801
2026-08-13 15:39:22 | DEBUG    | fgvc.clustering.spherical_kmeans |   Init 1/5: inertia=2.269927
2026-08-13 15:39:22 | DEBUG    | fgvc.clustering.spherical_kmeans |   Init 2/5: inertia=2.451048
2026-08-13 15:39:22 | DEBUG    | fgvc.clustering.spherical_kmeans |   Init 3/5: inertia=2.429530
2026-08-13 15:39:22 | DEBUG    | fgvc.clustering.spherical_kmeans |   Init 4/5: inertia=2.422231
2026-08-13 15:39:22 | DEBUG    | fgvc.clustering.spherical_kmeans |   Init 5/5: inertia=2.631314
2026-08-13 15:39:22 | DEBUG    | fgvc.clustering.spherical_kmeans |   Init 1/5: inertia=2.049637
2026-08-13 15:39:22 | DEBUG    | fgvc.clustering.spherical_kmeans |   Init 2/5: inertia=2.175308
2026-08-13 15:39:22 | DEBUG    | fgvc.clustering.spherical_kmeans |   Init 3/5: inertia=2.226561
2026-08-13 15:39:22 | DEBUG    | fgvc.clustering.spherical_kmeans |   Init 4/5: inertia=2.294592
2026-08-13 15:39:22 | DEBUG    | fgvc.clustering.spherical_kmeans |   Init 5/5: inertia=2.219699
2026-08-13 15:39:22 | DEBUG    | fgvc.clustering.spherical_kmeans | K selection: best_k=2 | scores={2: {'silhouette': 0.3783, 'compactness': 0.8887, 'score': 0.4558}, 3: {'silhouette': 0.0824, 'compactness': 0.8978, 'score': 0.2439}, 4: {'silhouette': 0.0899, 'compactness': 0.9092, 'score': 0.1844}, 5: {'silhouette': 0.0866, 'compactness': 0.918, 'score': 0.1187}}
2026-08-13 15:39:22 | DEBUG    | fgvc.clustering.spherical_kmeans |   Init 1/10: inertia=3.030823
2026-08-13 15:39:22 | DEBUG    | fgvc.clustering.spherical_kmeans |   Init 2/10: inertia=2.782817
2026-08-13 15:39:22 | DEBUG    | fgvc.clustering.spherical_kmeans |   Init 3/10: inertia=2.918015
2026-08-13 15:39:22 | DEBUG    | fgvc.clustering.spherical_kmeans |   Init 4/10: inertia=3.024608
2026-08-13 15:39:22 | DEBUG    | fgvc.clustering.spherical_kmeans |   Init 5/10: inertia=2.886516
2026-08-13 15:39:22 | DEBUG    | fgvc.clustering.spherical_kmeans |   Init 6/10: inertia=2.879661
2026-08-13 15:39:22 | DEBUG    | fgvc.clustering.spherical_kmeans |   Init 7/10: inertia=3.005651
2026-08-13 15:39:22 | DEBUG    | fgvc.clustering.spherical_kmeans |   Init 8/10: inertia=2.933581
2026-08-13 15:39:22 | DEBUG    | fgvc.clustering.spherical_kmeans |   Init 9/10: inertia=2.782817
2026-08-13 15:39:22 | DEBUG    | fgvc.clustering.spherical_kmeans |   Init 10/10: inertia=2.933581
2026-08-13 15:39:22 | INFO     | fgvc.clustering.spherical_kmeans |   [Cape_Glossy_Starling] k_selected=2 | k_effective=1 | min_cluster=25 | max_cluster=25
2026-08-13 15:39:22 | INFO     | fgvc.clustering.spherical_kmeans |   [Cape_May_Warbler] 25 images
2026-08-13 15:39:22 | DEBUG    | fgvc.clustering.spherical_kmeans |   Init 1/5: inertia=4.478801
2026-08-13 15:39:22 | DEBUG    | fgvc.clustering.spherical_kmeans |   Init 2/5: inertia=4.420223
2026-08-13 15:39:22 | DEBUG    | fgvc.clustering.spherical_kmeans |   Init 3/5: inertia=4.386839
2026-08-13 15:39:22 | DEBUG    | fgvc.clustering.spherical_kmeans |   Init 4/5: inertia=4.424026
2026-08-13 15:39:22 | DEBUG    | fgvc.clustering.spherical_kmeans |   Init 5/5: inertia=4.332793
2026-08-13 15:39:22 | DEBUG    | fgvc.clustering.spherical_kmeans |   Init 1/5: inertia=4.109782
2026-08-13 15:39:22 | DEBUG    | fgvc.clustering.spherical_kmeans |   Init 2/5: inertia=4.162335
2026-08-13 15:39:22 | DEBUG    | fgvc.clustering.spherical_kmeans |   Init 3/5: inertia=4.167303
2026-08-13 15:39:22 | DEBUG    | fgvc.clustering.spherical_kmeans |   Init 4/5: inertia=4.087838
2026-08-13 15:39:22 | DEBUG    | fgvc.clustering.spherical_kmeans |   Init 5/5: inertia=4.044044
2026-08-13 15:39:22 | DEBUG    | fgvc.clustering.spherical_kmeans |   Init 1/5: inertia=3.767637
2026-08-13 15:39:22 | DEBUG    | fgvc.clustering.spherical_kmeans |   Init 2/5: inertia=3.848839
2026-08-13 15:39:22 | DEBUG    | fgvc.clustering.spherical_kmeans |   Init 3/5: inertia=3.647572
2026-08-13 15:39:22 | DEBUG    | fgvc.clustering.spherical_kmeans |   Init 4/5: inertia=3.873391
2026-08-13 15:39:22 | DEBUG    | fgvc.clustering.spherical_kmeans |   Init 5/5: inertia=3.895168
2026-08-13 15:39:22 | DEBUG    | fgvc.clustering.spherical_kmeans |   Init 1/5: inertia=3.377645
2026-08-13 15:39:22 | DEBUG    | fgvc.clustering.spherical_kmeans |   Init 2/5: inertia=3.440108
2026-08-13 15:39:22 | DEBUG    | fgvc.clustering.spherical_kmeans |   Init 3/5: inertia=3.477175
2026-08-13 15:39:22 | DEBUG    | fgvc.clustering.spherical_kmeans |   Init 4/5: inertia=3.638189
2026-08-13 15:39:22 | DEBUG    | fgvc.clustering.spherical_kmeans |   Init 5/5: inertia=3.498723
2026-08-13 15:39:22 | DEBUG    | fgvc.clustering.spherical_kmeans | K selection: best_k=2 | scores={2: {'silhouette': 0.1694, 'compactness': 0.8267, 'score': 0.3327}, 3: {'silhouette': 0.0577, 'compactness': 0.8382, 'score': 0.2137}, 4: {'silhouette': 0.0901, 'compactness': 0.8541, 'score': 0.168}, 5: {'silhouette': 0.0347, 'compactness': 0.8649, 'score': 0.0768}}
2026-08-13 15:39:22 | DEBUG    | fgvc.clustering.spherical_kmeans |   Init 1/10: inertia=4.478801
2026-08-13 15:39:22 | DEBUG    | fgvc.clustering.spherical_kmeans |   Init 2/10: inertia=4.420223
2026-08-13 15:39:22 | DEBUG    | fgvc.clustering.spherical_kmeans |   Init 3/10: inertia=4.386839
2026-08-13 15:39:22 | DEBUG    | fgvc.clustering.spherical_kmeans |   Init 4/10: inertia=4.424026
2026-08-13 15:39:22 | DEBUG    | fgvc.clustering.spherical_kmeans |   Init 5/10: inertia=4.332793
2026-08-13 15:39:22 | DEBUG    | fgvc.clustering.spherical_kmeans |   Init 6/10: inertia=4.386839
2026-08-13 15:39:22 | DEBUG    | fgvc.clustering.spherical_kmeans |   Init 7/10: inertia=4.347201
2026-08-13 15:39:22 | DEBUG    | fgvc.clustering.spherical_kmeans |   Init 8/10: inertia=4.441930
2026-08-13 15:39:22 | DEBUG    | fgvc.clustering.spherical_kmeans |   Init 9/10: inertia=4.386527
2026-08-13 15:39:22 | DEBUG    | fgvc.clustering.spherical_kmeans |   Init 10/10: inertia=4.366638
2026-08-13 15:39:22 | INFO     | fgvc.clustering.spherical_kmeans |   [Cape_May_Warbler] k_selected=2 | k_effective=2 | min_cluster=5 | max_cluster=20
2026-08-13 15:39:22 | INFO     | fgvc.clustering.spherical_kmeans |   [Cardinal] 25 images
2026-08-13 15:39:22 | DEBUG    | fgvc.clustering.spherical_kmeans |   Init 1/5: inertia=3.422056
2026-08-13 15:39:22 | DEBUG    | fgvc.clustering.spherical_kmeans |   Init 2/5: inertia=3.238415
2026-08-13 15:39:22 | DEBUG    | fgvc.clustering.spherical_kmeans |   Init 3/5: inertia=3.507988
2026-08-13 15:39:22 | DEBUG    | fgvc.clustering.spherical_kmeans |   Init 4/5: inertia=3.421762
2026-08-13 15:39:22 | DEBUG    | fgvc.clustering.spherical_kmeans |   Init 5/5: inertia=3.003122
2026-08-13 15:39:22 | DEBUG    | fgvc.clustering.spherical_kmeans |   Init 1/5: inertia=2.768062
2026-08-13 15:39:22 | DEBUG    | fgvc.clustering.spherical_kmeans |   Init 2/5: inertia=2.886374
2026-08-13 15:39:22 | DEBUG    | fgvc.clustering.spherical_kmeans |   Init 3/5: inertia=3.207401
2026-08-13 15:39:22 | DEBUG    | fgvc.clustering.spherical_kmeans |   Init 4/5: inertia=2.863422
2026-08-13 15:39:22 | DEBUG    | fgvc.clustering.spherical_kmeans |   Init 5/5: inertia=2.828272
2026-08-13 15:39:22 | DEBUG    | fgvc.clustering.spherical_kmeans |   Init 1/5: inertia=2.639660
2026-08-13 15:39:22 | DEBUG    | fgvc.clustering.spherical_kmeans |   Init 2/5: inertia=2.642488
2026-08-13 15:39:22 | DEBUG    | fgvc.clustering.spherical_kmeans |   Init 3/5: inertia=2.523236
2026-08-13 15:39:22 | DEBUG    | fgvc.clustering.spherical_kmeans |   Init 4/5: inertia=2.901575
2026-08-13 15:39:22 | DEBUG    | fgvc.clustering.spherical_kmeans |   Init 5/5: inertia=2.604462
2026-08-13 15:39:22 | DEBUG    | fgvc.clustering.spherical_kmeans |   Init 1/5: inertia=2.380786
2026-08-13 15:39:22 | DEBUG    | fgvc.clustering.spherical_kmeans |   Init 2/5: inertia=2.378287
2026-08-13 15:39:22 | DEBUG    | fgvc.clustering.spherical_kmeans |   Init 3/5: inertia=2.679811
2026-08-13 15:39:22 | DEBUG    | fgvc.clustering.spherical_kmeans |   Init 4/5: inertia=2.406699
2026-08-13 15:39:22 | DEBUG    | fgvc.clustering.spherical_kmeans |   Init 5/5: inertia=2.450898
2026-08-13 15:39:22 | DEBUG    | fgvc.clustering.spherical_kmeans | K selection: best_k=2 | scores={2: {'silhouette': 0.4058, 'compactness': 0.8799, 'score': 0.4669}, 3: {'silhouette': 0.0976, 'compactness': 0.8893, 'score': 0.2489}, 4: {'silhouette': 0.2656, 'compactness': 0.8991, 'score': 0.2692}, 5: {'silhouette': 0.0831, 'compactness': 0.9049, 'score': 0.113}}
2026-08-13 15:39:22 | DEBUG    | fgvc.clustering.spherical_kmeans |   Init 1/10: inertia=3.422056
2026-08-13 15:39:22 | DEBUG    | fgvc.clustering.spherical_kmeans |   Init 2/10: inertia=3.238415
2026-08-13 15:39:22 | DEBUG    | fgvc.clustering.spherical_kmeans |   Init 3/10: inertia=3.507988
2026-08-13 15:39:22 | DEBUG    | fgvc.clustering.spherical_kmeans |   Init 4/10: inertia=3.421762
2026-08-13 15:39:22 | DEBUG    | fgvc.clustering.spherical_kmeans |   Init 5/10: inertia=3.003122
2026-08-13 15:39:22 | DEBUG    | fgvc.clustering.spherical_kmeans |   Init 6/10: inertia=3.507988
2026-08-13 15:39:22 | DEBUG    | fgvc.clustering.spherical_kmeans |   Init 7/10: inertia=3.003122
2026-08-13 15:39:22 | DEBUG    | fgvc.clustering.spherical_kmeans |   Init 8/10: inertia=3.003122
2026-08-13 15:39:22 | DEBUG    | fgvc.clustering.spherical_kmeans |   Init 9/10: inertia=3.245522
2026-08-13 15:39:22 | DEBUG    | fgvc.clustering.spherical_kmeans |   Init 10/10: inertia=3.477056
2026-08-13 15:39:22 | INFO     | fgvc.clustering.spherical_kmeans |   [Cardinal] k_selected=2 | k_effective=1 | min_cluster=25 | max_cluster=25
2026-08-13 15:39:22 | INFO     | fgvc.clustering.spherical_kmeans |   [Carolina_Wren] 25 images
2026-08-13 15:39:22 | DEBUG    | fgvc.clustering.spherical_kmeans |   Init 1/5: inertia=3.188978
2026-08-13 15:39:22 | DEBUG    | fgvc.clustering.spherical_kmeans |   Init 2/5: inertia=3.215289
2026-08-13 15:39:22 | DEBUG    | fgvc.clustering.spherical_kmeans |   Init 3/5: inertia=3.093059
2026-08-13 15:39:22 | DEBUG    | fgvc.clustering.spherical_kmeans |   Init 4/5: inertia=3.132643
2026-08-13 15:39:22 | DEBUG    | fgvc.clustering.spherical_kmeans |   Init 5/5: inertia=3.088394
2026-08-13 15:39:22 | DEBUG    | fgvc.clustering.spherical_kmeans |   Init 1/5: inertia=3.012199
2026-08-13 15:39:22 | DEBUG    | fgvc.clustering.spherical_kmeans |   Init 2/5: inertia=2.914702
2026-08-13 15:39:22 | DEBUG    | fgvc.clustering.spherical_kmeans |   Init 3/5: inertia=2.921089
2026-08-13 15:39:22 | DEBUG    | fgvc.clustering.spherical_kmeans |   Init 4/5: inertia=2.950869
2026-08-13 15:39:22 | DEBUG    | fgvc.clustering.spherical_kmeans |   Init 5/5: inertia=2.932774
2026-08-13 15:39:22 | DEBUG    | fgvc.clustering.spherical_kmeans |   Init 1/5: inertia=2.880298
2026-08-13 15:39:22 | DEBUG    | fgvc.clustering.spherical_kmeans |   Init 2/5: inertia=2.742680
2026-08-13 15:39:22 | DEBUG    | fgvc.clustering.spherical_kmeans |   Init 3/5: inertia=2.859554
2026-08-13 15:39:22 | DEBUG    | fgvc.clustering.spherical_kmeans |   Init 4/5: inertia=2.652630
2026-08-13 15:39:22 | DEBUG    | fgvc.clustering.spherical_kmeans |   Init 5/5: inertia=2.761380
2026-08-13 15:39:22 | DEBUG    | fgvc.clustering.spherical_kmeans |   Init 1/5: inertia=2.709061
2026-08-13 15:39:22 | DEBUG    | fgvc.clustering.spherical_kmeans |   Init 2/5: inertia=2.431259
2026-08-13 15:39:22 | DEBUG    | fgvc.clustering.spherical_kmeans |   Init 3/5: inertia=2.631740
2026-08-13 15:39:22 | DEBUG    | fgvc.clustering.spherical_kmeans |   Init 4/5: inertia=2.620457
2026-08-13 15:39:22 | DEBUG    | fgvc.clustering.spherical_kmeans |   Init 5/5: inertia=2.548722
2026-08-13 15:39:22 | DEBUG    | fgvc.clustering.spherical_kmeans | K selection: best_k=2 | scores={2: {'silhouette': 0.1477, 'compactness': 0.8765, 'score': 0.3368}, 3: {'silhouette': 0.0685, 'compactness': 0.8834, 'score': 0.2326}, 4: {'silhouette': 0.0972, 'compactness': 0.8939, 'score': 0.1834}, 5: {'silhouette': 0.0933, 'compactness': 0.9027, 'score': 0.1175}}
2026-08-13 15:39:22 | DEBUG    | fgvc.clustering.spherical_kmeans |   Init 1/10: inertia=3.188978
2026-08-13 15:39:22 | DEBUG    | fgvc.clustering.spherical_kmeans |   Init 2/10: inertia=3.215289
2026-08-13 15:39:22 | DEBUG    | fgvc.clustering.spherical_kmeans |   Init 3/10: inertia=3.093059
2026-08-13 15:39:22 | DEBUG    | fgvc.clustering.spherical_kmeans |   Init 4/10: inertia=3.132643
2026-08-13 15:39:22 | DEBUG    | fgvc.clustering.spherical_kmeans |   Init 5/10: inertia=3.088394
2026-08-13 15:39:22 | DEBUG    | fgvc.clustering.spherical_kmeans |   Init 6/10: inertia=3.196945
2026-08-13 15:39:22 | DEBUG    | fgvc.clustering.spherical_kmeans |   Init 7/10: inertia=3.135324
2026-08-13 15:39:22 | DEBUG    | fgvc.clustering.spherical_kmeans |   Init 8/10: inertia=3.132366
2026-08-13 15:39:22 | DEBUG    | fgvc.clustering.spherical_kmeans |   Init 9/10: inertia=3.207763
2026-08-13 15:39:22 | DEBUG    | fgvc.clustering.spherical_kmeans |   Init 10/10: inertia=3.064578
2026-08-13 15:39:22 | INFO     | fgvc.clustering.spherical_kmeans |   [Carolina_Wren] k_selected=2 | k_effective=1 | min_cluster=25 | max_cluster=25
2026-08-13 15:39:22 | INFO     | fgvc.clustering.spherical_kmeans |   [Caspian_Tern] 25 images
2026-08-13 15:39:22 | DEBUG    | fgvc.clustering.spherical_kmeans |   Init 1/5: inertia=5.211249
2026-08-13 15:39:22 | DEBUG    | fgvc.clustering.spherical_kmeans |   Init 2/5: inertia=5.176366
2026-08-13 15:39:22 | DEBUG    | fgvc.clustering.spherical_kmeans |   Init 3/5: inertia=5.224895
2026-08-13 15:39:22 | DEBUG    | fgvc.clustering.spherical_kmeans |   Init 4/5: inertia=5.216885
2026-08-13 15:39:22 | DEBUG    | fgvc.clustering.spherical_kmeans |   Init 5/5: inertia=5.176366
2026-08-13 15:39:22 | DEBUG    | fgvc.clustering.spherical_kmeans |   Init 1/5: inertia=5.098222
2026-08-13 15:39:22 | DEBUG    | fgvc.clustering.spherical_kmeans |   Init 2/5: inertia=4.735837
2026-08-13 15:39:22 | DEBUG    | fgvc.clustering.spherical_kmeans |   Init 3/5: inertia=4.814970
2026-08-13 15:39:22 | DEBUG    | fgvc.clustering.spherical_kmeans |   Init 4/5: inertia=4.860021
2026-08-13 15:39:22 | DEBUG    | fgvc.clustering.spherical_kmeans |   Init 5/5: inertia=4.942606
2026-08-13 15:39:22 | DEBUG    | fgvc.clustering.spherical_kmeans |   Init 1/5: inertia=4.641507
2026-08-13 15:39:22 | DEBUG    | fgvc.clustering.spherical_kmeans |   Init 2/5: inertia=4.417799
2026-08-13 15:39:22 | DEBUG    | fgvc.clustering.spherical_kmeans |   Init 3/5: inertia=4.350991
2026-08-13 15:39:22 | DEBUG    | fgvc.clustering.spherical_kmeans |   Init 4/5: inertia=4.563303
2026-08-13 15:39:22 | DEBUG    | fgvc.clustering.spherical_kmeans |   Init 5/5: inertia=4.707967
2026-08-13 15:39:22 | DEBUG    | fgvc.clustering.spherical_kmeans |   Init 1/5: inertia=4.017366
2026-08-13 15:39:22 | DEBUG    | fgvc.clustering.spherical_kmeans |   Init 2/5: inertia=4.112584
2026-08-13 15:39:22 | DEBUG    | fgvc.clustering.spherical_kmeans |   Init 3/5: inertia=4.202435
2026-08-13 15:39:22 | DEBUG    | fgvc.clustering.spherical_kmeans |   Init 4/5: inertia=4.490500
2026-08-13 15:39:22 | DEBUG    | fgvc.clustering.spherical_kmeans |   Init 5/5: inertia=4.174004
2026-08-13 15:39:22 | DEBUG    | fgvc.clustering.spherical_kmeans | K selection: best_k=2 | scores={2: {'silhouette': 0.2435, 'compactness': 0.7929, 'score': 0.3597}, 3: {'silhouette': 0.2389, 'compactness': 0.8106, 'score': 0.296}, 4: {'silhouette': 0.2394, 'compactness': 0.826, 'score': 0.2342}, 5: {'silhouette': 0.0851, 'compactness': 0.8393, 'score': 0.0943}}
2026-08-13 15:39:22 | DEBUG    | fgvc.clustering.spherical_kmeans |   Init 1/10: inertia=5.211249
2026-08-13 15:39:22 | DEBUG    | fgvc.clustering.spherical_kmeans |   Init 2/10: inertia=5.176366
2026-08-13 15:39:22 | DEBUG    | fgvc.clustering.spherical_kmeans |   Init 3/10: inertia=5.224895
2026-08-13 15:39:22 | DEBUG    | fgvc.clustering.spherical_kmeans |   Init 4/10: inertia=5.216885
2026-08-13 15:39:22 | DEBUG    | fgvc.clustering.spherical_kmeans |   Init 5/10: inertia=5.176366
2026-08-13 15:39:22 | DEBUG    | fgvc.clustering.spherical_kmeans |   Init 6/10: inertia=5.182431
2026-08-13 15:39:22 | DEBUG    | fgvc.clustering.spherical_kmeans |   Init 7/10: inertia=5.230055
2026-08-13 15:39:22 | DEBUG    | fgvc.clustering.spherical_kmeans |   Init 8/10: inertia=5.964900
2026-08-13 15:39:22 | DEBUG    | fgvc.clustering.spherical_kmeans |   Init 9/10: inertia=5.214205
2026-08-13 15:39:22 | DEBUG    | fgvc.clustering.spherical_kmeans |   Init 10/10: inertia=5.191605
2026-08-13 15:39:22 | INFO     | fgvc.clustering.spherical_kmeans |   [Caspian_Tern] k_selected=2 | k_effective=2 | min_cluster=8 | max_cluster=17
2026-08-13 15:39:22 | INFO     | fgvc.clustering.spherical_kmeans |   [Cedar_Waxwing] 25 images
2026-08-13 15:39:22 | DEBUG    | fgvc.clustering.spherical_kmeans |   Init 1/5: inertia=2.195785
2026-08-13 15:39:22 | DEBUG    | fgvc.clustering.spherical_kmeans |   Init 2/5: inertia=2.232247
2026-08-13 15:39:22 | DEBUG    | fgvc.clustering.spherical_kmeans |   Init 3/5: inertia=2.160542
2026-08-13 15:39:22 | DEBUG    | fgvc.clustering.spherical_kmeans |   Init 4/5: inertia=2.265463
2026-08-13 15:39:22 | DEBUG    | fgvc.clustering.spherical_kmeans |   Init 5/5: inertia=2.209898
2026-08-13 15:39:22 | DEBUG    | fgvc.clustering.spherical_kmeans |   Init 1/5: inertia=1.954631
2026-08-13 15:39:22 | DEBUG    | fgvc.clustering.spherical_kmeans |   Init 2/5: inertia=2.084978
2026-08-13 15:39:22 | DEBUG    | fgvc.clustering.spherical_kmeans |   Init 3/5: inertia=2.086189
2026-08-13 15:39:22 | DEBUG    | fgvc.clustering.spherical_kmeans |   Init 4/5: inertia=2.082376
2026-08-13 15:39:22 | DEBUG    | fgvc.clustering.spherical_kmeans |   Init 5/5: inertia=1.942180
2026-08-13 15:39:22 | DEBUG    | fgvc.clustering.spherical_kmeans |   Init 1/5: inertia=1.835480
2026-08-13 15:39:22 | DEBUG    | fgvc.clustering.spherical_kmeans |   Init 2/5: inertia=1.999306
2026-08-13 15:39:22 | DEBUG    | fgvc.clustering.spherical_kmeans |   Init 3/5: inertia=1.938273
2026-08-13 15:39:22 | DEBUG    | fgvc.clustering.spherical_kmeans |   Init 4/5: inertia=1.918589
2026-08-13 15:39:22 | DEBUG    | fgvc.clustering.spherical_kmeans |   Init 5/5: inertia=1.876634
2026-08-13 15:39:22 | DEBUG    | fgvc.clustering.spherical_kmeans |   Init 1/5: inertia=1.719910
2026-08-13 15:39:22 | DEBUG    | fgvc.clustering.spherical_kmeans |   Init 2/5: inertia=1.823005
2026-08-13 15:39:22 | DEBUG    | fgvc.clustering.spherical_kmeans |   Init 3/5: inertia=1.647360
2026-08-13 15:39:22 | DEBUG    | fgvc.clustering.spherical_kmeans |   Init 4/5: inertia=1.738648
2026-08-13 15:39:22 | DEBUG    | fgvc.clustering.spherical_kmeans |   Init 5/5: inertia=1.671250
2026-08-13 15:39:22 | DEBUG    | fgvc.clustering.spherical_kmeans | K selection: best_k=2 | scores={2: {'silhouette': 0.1048, 'compactness': 0.9136, 'score': 0.3265}, 3: {'silhouette': 0.1445, 'compactness': 0.9223, 'score': 0.2823}, 4: {'silhouette': 0.0874, 'compactness': 0.9266, 'score': 0.1883}, 5: {'silhouette': 0.1138, 'compactness': 0.9341, 'score': 0.1371}}
2026-08-13 15:39:22 | DEBUG    | fgvc.clustering.spherical_kmeans |   Init 1/10: inertia=2.195785
2026-08-13 15:39:22 | DEBUG    | fgvc.clustering.spherical_kmeans |   Init 2/10: inertia=2.232247
2026-08-13 15:39:22 | DEBUG    | fgvc.clustering.spherical_kmeans |   Init 3/10: inertia=2.160542
2026-08-13 15:39:22 | DEBUG    | fgvc.clustering.spherical_kmeans |   Init 4/10: inertia=2.265463
2026-08-13 15:39:22 | DEBUG    | fgvc.clustering.spherical_kmeans |   Init 5/10: inertia=2.209898
2026-08-13 15:39:22 | DEBUG    | fgvc.clustering.spherical_kmeans |   Init 6/10: inertia=2.201515
2026-08-13 15:39:22 | DEBUG    | fgvc.clustering.spherical_kmeans |   Init 7/10: inertia=2.170937
2026-08-13 15:39:22 | DEBUG    | fgvc.clustering.spherical_kmeans |   Init 8/10: inertia=2.167565
2026-08-13 15:39:22 | DEBUG    | fgvc.clustering.spherical_kmeans |   Init 9/10: inertia=2.223076
2026-08-13 15:39:22 | DEBUG    | fgvc.clustering.spherical_kmeans |   Init 10/10: inertia=2.162845
2026-08-13 15:39:22 | INFO     | fgvc.clustering.spherical_kmeans |   [Cedar_Waxwing] k_selected=2 | k_effective=2 | min_cluster=11 | max_cluster=14
2026-08-13 15:39:22 | INFO     | fgvc.clustering.spherical_kmeans |   [Cerulean_Warbler] 25 images
2026-08-13 15:39:22 | DEBUG    | fgvc.clustering.spherical_kmeans |   Init 1/5: inertia=4.608037
2026-08-13 15:39:22 | DEBUG    | fgvc.clustering.spherical_kmeans |   Init 2/5: inertia=4.426428
2026-08-13 15:39:22 | DEBUG    | fgvc.clustering.spherical_kmeans |   Init 3/5: inertia=4.546622
2026-08-13 15:39:22 | DEBUG    | fgvc.clustering.spherical_kmeans |   Init 4/5: inertia=4.549559
2026-08-13 15:39:22 | DEBUG    | fgvc.clustering.spherical_kmeans |   Init 5/5: inertia=4.407080
2026-08-13 15:39:22 | DEBUG    | fgvc.clustering.spherical_kmeans |   Init 1/5: inertia=4.323929
2026-08-13 15:39:22 | DEBUG    | fgvc.clustering.spherical_kmeans |   Init 2/5: inertia=4.219948
2026-08-13 15:39:22 | DEBUG    | fgvc.clustering.spherical_kmeans |   Init 3/5: inertia=4.116913
2026-08-13 15:39:22 | DEBUG    | fgvc.clustering.spherical_kmeans |   Init 4/5: inertia=4.311527
2026-08-13 15:39:22 | DEBUG    | fgvc.clustering.spherical_kmeans |   Init 5/5: inertia=4.203972
2026-08-13 15:39:22 | DEBUG    | fgvc.clustering.spherical_kmeans |   Init 1/5: inertia=3.988029
2026-08-13 15:39:22 | DEBUG    | fgvc.clustering.spherical_kmeans |   Init 2/5: inertia=3.997749
2026-08-13 15:39:22 | DEBUG    | fgvc.clustering.spherical_kmeans |   Init 3/5: inertia=3.927742
2026-08-13 15:39:22 | DEBUG    | fgvc.clustering.spherical_kmeans |   Init 4/5: inertia=3.866054
2026-08-13 15:39:22 | DEBUG    | fgvc.clustering.spherical_kmeans |   Init 5/5: inertia=3.995224
2026-08-13 15:39:22 | DEBUG    | fgvc.clustering.spherical_kmeans |   Init 1/5: inertia=3.694727
2026-08-13 15:39:22 | DEBUG    | fgvc.clustering.spherical_kmeans |   Init 2/5: inertia=3.708809
2026-08-13 15:39:22 | DEBUG    | fgvc.clustering.spherical_kmeans |   Init 3/5: inertia=3.711201
2026-08-13 15:39:22 | DEBUG    | fgvc.clustering.spherical_kmeans |   Init 4/5: inertia=3.709394
2026-08-13 15:39:22 | DEBUG    | fgvc.clustering.spherical_kmeans |   Init 5/5: inertia=3.802747
2026-08-13 15:39:22 | DEBUG    | fgvc.clustering.spherical_kmeans | K selection: best_k=2 | scores={2: {'silhouette': 0.2836, 'compactness': 0.8237, 'score': 0.3889}, 3: {'silhouette': 0.0278, 'compactness': 0.8353, 'score': 0.1978}, 4: {'silhouette': 0.035, 'compactness': 0.8454, 'score': 0.1378}, 5: {'silhouette': -0.0368, 'compactness': 0.8522, 'score': 0.0373}}
2026-08-13 15:39:22 | DEBUG    | fgvc.clustering.spherical_kmeans |   Init 1/10: inertia=4.608037
2026-08-13 15:39:22 | DEBUG    | fgvc.clustering.spherical_kmeans |   Init 2/10: inertia=4.426428
2026-08-13 15:39:22 | DEBUG    | fgvc.clustering.spherical_kmeans |   Init 3/10: inertia=4.546622
2026-08-13 15:39:22 | DEBUG    | fgvc.clustering.spherical_kmeans |   Init 4/10: inertia=4.549559
2026-08-13 15:39:22 | DEBUG    | fgvc.clustering.spherical_kmeans |   Init 5/10: inertia=4.407080
2026-08-13 15:39:22 | DEBUG    | fgvc.clustering.spherical_kmeans |   Init 6/10: inertia=4.507219
2026-08-13 15:39:22 | DEBUG    | fgvc.clustering.spherical_kmeans |   Init 7/10: inertia=4.547716
2026-08-13 15:39:22 | DEBUG    | fgvc.clustering.spherical_kmeans |   Init 8/10: inertia=4.571771
2026-08-13 15:39:22 | DEBUG    | fgvc.clustering.spherical_kmeans |   Init 9/10: inertia=4.453114
2026-08-13 15:39:22 | DEBUG    | fgvc.clustering.spherical_kmeans |   Init 10/10: inertia=4.647626
2026-08-13 15:39:22 | INFO     | fgvc.clustering.spherical_kmeans |   [Cerulean_Warbler] k_selected=2 | k_effective=1 | min_cluster=25 | max_cluster=25
2026-08-13 15:39:22 | INFO     | fgvc.clustering.spherical_kmeans |   [Chestnut_sided_Warbler] 25 images
2026-08-13 15:39:22 | DEBUG    | fgvc.clustering.spherical_kmeans |   Init 1/5: inertia=4.427024
2026-08-13 15:39:22 | DEBUG    | fgvc.clustering.spherical_kmeans |   Init 2/5: inertia=4.430389
2026-08-13 15:39:22 | DEBUG    | fgvc.clustering.spherical_kmeans |   Init 3/5: inertia=4.427024
2026-08-13 15:39:22 | DEBUG    | fgvc.clustering.spherical_kmeans |   Init 4/5: inertia=4.427024
2026-08-13 15:39:22 | DEBUG    | fgvc.clustering.spherical_kmeans |   Init 5/5: inertia=4.427024
2026-08-13 15:39:22 | DEBUG    | fgvc.clustering.spherical_kmeans |   Init 1/5: inertia=4.001099
2026-08-13 15:39:22 | DEBUG    | fgvc.clustering.spherical_kmeans |   Init 2/5: inertia=4.131664
2026-08-13 15:39:22 | DEBUG    | fgvc.clustering.spherical_kmeans |   Init 3/5: inertia=4.187035
2026-08-13 15:39:22 | DEBUG    | fgvc.clustering.spherical_kmeans |   Init 4/5: inertia=4.032360
2026-08-13 15:39:22 | DEBUG    | fgvc.clustering.spherical_kmeans |   Init 5/5: inertia=3.988548
2026-08-13 15:39:22 | DEBUG    | fgvc.clustering.spherical_kmeans |   Init 1/5: inertia=3.766459
2026-08-13 15:39:22 | DEBUG    | fgvc.clustering.spherical_kmeans |   Init 2/5: inertia=3.843712
2026-08-13 15:39:22 | DEBUG    | fgvc.clustering.spherical_kmeans |   Init 3/5: inertia=3.945631
2026-08-13 15:39:22 | DEBUG    | fgvc.clustering.spherical_kmeans |   Init 4/5: inertia=3.845823
2026-08-13 15:39:22 | DEBUG    | fgvc.clustering.spherical_kmeans |   Init 5/5: inertia=3.784012
2026-08-13 15:39:22 | DEBUG    | fgvc.clustering.spherical_kmeans |   Init 1/5: inertia=3.580875
2026-08-13 15:39:22 | DEBUG    | fgvc.clustering.spherical_kmeans |   Init 2/5: inertia=3.609932
2026-08-13 15:39:22 | DEBUG    | fgvc.clustering.spherical_kmeans |   Init 3/5: inertia=3.673998
2026-08-13 15:39:22 | DEBUG    | fgvc.clustering.spherical_kmeans |   Init 4/5: inertia=3.635768
2026-08-13 15:39:22 | DEBUG    | fgvc.clustering.spherical_kmeans |   Init 5/5: inertia=3.250695
2026-08-13 15:39:22 | DEBUG    | fgvc.clustering.spherical_kmeans | K selection: best_k=2 | scores={2: {'silhouette': 0.32, 'compactness': 0.8229, 'score': 0.4069}, 3: {'silhouette': 0.166, 'compactness': 0.8405, 'score': 0.2685}, 4: {'silhouette': 0.0858, 'compactness': 0.8493, 'score': 0.1644}, 5: {'silhouette': 0.1539, 'compactness': 0.87, 'score': 0.1379}}
2026-08-13 15:39:22 | DEBUG    | fgvc.clustering.spherical_kmeans |   Init 1/10: inertia=4.427024
2026-08-13 15:39:22 | DEBUG    | fgvc.clustering.spherical_kmeans |   Init 2/10: inertia=4.430389
2026-08-13 15:39:22 | DEBUG    | fgvc.clustering.spherical_kmeans |   Init 3/10: inertia=4.427024
2026-08-13 15:39:22 | DEBUG    | fgvc.clustering.spherical_kmeans |   Init 4/10: inertia=4.427024
2026-08-13 15:39:22 | DEBUG    | fgvc.clustering.spherical_kmeans |   Init 5/10: inertia=4.427024
2026-08-13 15:39:22 | DEBUG    | fgvc.clustering.spherical_kmeans |   Init 6/10: inertia=4.430389
2026-08-13 15:39:22 | DEBUG    | fgvc.clustering.spherical_kmeans |   Init 7/10: inertia=4.427024
2026-08-13 15:39:22 | DEBUG    | fgvc.clustering.spherical_kmeans |   Init 8/10: inertia=4.430389
2026-08-13 15:39:22 | DEBUG    | fgvc.clustering.spherical_kmeans |   Init 9/10: inertia=4.430389
2026-08-13 15:39:22 | DEBUG    | fgvc.clustering.spherical_kmeans |   Init 10/10: inertia=5.249069
2026-08-13 15:39:22 | INFO     | fgvc.clustering.spherical_kmeans |   [Chestnut_sided_Warbler] k_selected=2 | k_effective=2 | min_cluster=7 | max_cluster=18
2026-08-13 15:39:22 | INFO     | fgvc.clustering.spherical_kmeans |   [Chipping_Sparrow] 25 images
2026-08-13 15:39:22 | DEBUG    | fgvc.clustering.spherical_kmeans |   Init 1/5: inertia=4.678250
2026-08-13 15:39:22 | DEBUG    | fgvc.clustering.spherical_kmeans |   Init 2/5: inertia=4.478007
2026-08-13 15:39:22 | DEBUG    | fgvc.clustering.spherical_kmeans |   Init 3/5: inertia=4.929512
2026-08-13 15:39:22 | DEBUG    | fgvc.clustering.spherical_kmeans |   Init 4/5: inertia=4.505335
2026-08-13 15:39:22 | DEBUG    | fgvc.clustering.spherical_kmeans |   Init 5/5: inertia=4.739596
2026-08-13 15:39:22 | DEBUG    | fgvc.clustering.spherical_kmeans |   Init 1/5: inertia=4.165722
2026-08-13 15:39:22 | DEBUG    | fgvc.clustering.spherical_kmeans |   Init 2/5: inertia=4.268705
2026-08-13 15:39:22 | DEBUG    | fgvc.clustering.spherical_kmeans |   Init 3/5: inertia=4.036128
2026-08-13 15:39:22 | DEBUG    | fgvc.clustering.spherical_kmeans |   Init 4/5: inertia=4.087451
2026-08-13 15:39:22 | DEBUG    | fgvc.clustering.spherical_kmeans |   Init 5/5: inertia=4.478392
2026-08-13 15:39:22 | DEBUG    | fgvc.clustering.spherical_kmeans |   Init 1/5: inertia=3.847464
2026-08-13 15:39:22 | DEBUG    | fgvc.clustering.spherical_kmeans |   Init 2/5: inertia=3.772994
2026-08-13 15:39:22 | DEBUG    | fgvc.clustering.spherical_kmeans |   Init 3/5: inertia=3.957214
2026-08-13 15:39:22 | DEBUG    | fgvc.clustering.spherical_kmeans |   Init 4/5: inertia=3.719138
2026-08-13 15:39:22 | DEBUG    | fgvc.clustering.spherical_kmeans |   Init 5/5: inertia=4.225396
2026-08-13 15:39:22 | DEBUG    | fgvc.clustering.spherical_kmeans |   Init 1/5: inertia=3.551669
2026-08-13 15:39:22 | DEBUG    | fgvc.clustering.spherical_kmeans |   Init 2/5: inertia=3.490850
2026-08-13 15:39:22 | DEBUG    | fgvc.clustering.spherical_kmeans |   Init 3/5: inertia=3.487622
2026-08-13 15:39:22 | DEBUG    | fgvc.clustering.spherical_kmeans |   Init 4/5: inertia=3.645256
2026-08-13 15:39:22 | DEBUG    | fgvc.clustering.spherical_kmeans |   Init 5/5: inertia=3.763101
2026-08-13 15:39:22 | DEBUG    | fgvc.clustering.spherical_kmeans | K selection: best_k=2 | scores={2: {'silhouette': 0.2654, 'compactness': 0.8209, 'score': 0.379}, 3: {'silhouette': 0.2428, 'compactness': 0.8386, 'score': 0.3063}, 4: {'silhouette': 0.2149, 'compactness': 0.8512, 'score': 0.2295}, 5: {'silhouette': 0.162, 'compactness': 0.8605, 'score': 0.1392}}
2026-08-13 15:39:22 | DEBUG    | fgvc.clustering.spherical_kmeans |   Init 1/10: inertia=4.678250
2026-08-13 15:39:22 | DEBUG    | fgvc.clustering.spherical_kmeans |   Init 2/10: inertia=4.478007
2026-08-13 15:39:22 | DEBUG    | fgvc.clustering.spherical_kmeans |   Init 3/10: inertia=4.929512
2026-08-13 15:39:22 | DEBUG    | fgvc.clustering.spherical_kmeans |   Init 4/10: inertia=4.505335
2026-08-13 15:39:22 | DEBUG    | fgvc.clustering.spherical_kmeans |   Init 5/10: inertia=4.739596
2026-08-13 15:39:22 | DEBUG    | fgvc.clustering.spherical_kmeans |   Init 6/10: inertia=4.529900
2026-08-13 15:39:22 | DEBUG    | fgvc.clustering.spherical_kmeans |   Init 7/10: inertia=4.654093
2026-08-13 15:39:22 | DEBUG    | fgvc.clustering.spherical_kmeans |   Init 8/10: inertia=4.519434
2026-08-13 15:39:22 | DEBUG    | fgvc.clustering.spherical_kmeans |   Init 9/10: inertia=4.505335
2026-08-13 15:39:22 | DEBUG    | fgvc.clustering.spherical_kmeans |   Init 10/10: inertia=4.557083
2026-08-13 15:39:22 | INFO     | fgvc.clustering.spherical_kmeans |   [Chipping_Sparrow] k_selected=2 | k_effective=2 | min_cluster=6 | max_cluster=19
2026-08-13 15:39:22 | INFO     | fgvc.clustering.spherical_kmeans |   [Chuck_will_Widow] 25 images
2026-08-13 15:39:22 | DEBUG    | fgvc.clustering.spherical_kmeans |   Init 1/5: inertia=4.835184
2026-08-13 15:39:22 | DEBUG    | fgvc.clustering.spherical_kmeans |   Init 2/5: inertia=4.781872
2026-08-13 15:39:22 | DEBUG    | fgvc.clustering.spherical_kmeans |   Init 3/5: inertia=4.829674
2026-08-13 15:39:22 | DEBUG    | fgvc.clustering.spherical_kmeans |   Init 4/5: inertia=4.970551
2026-08-13 15:39:22 | DEBUG    | fgvc.clustering.spherical_kmeans |   Init 5/5: inertia=4.816275
2026-08-13 15:39:22 | DEBUG    | fgvc.clustering.spherical_kmeans |   Init 1/5: inertia=4.383824
2026-08-13 15:39:22 | DEBUG    | fgvc.clustering.spherical_kmeans |   Init 2/5: inertia=4.437472
2026-08-13 15:39:22 | DEBUG    | fgvc.clustering.spherical_kmeans |   Init 3/5: inertia=4.702810
2026-08-13 15:39:22 | DEBUG    | fgvc.clustering.spherical_kmeans |   Init 4/5: inertia=4.339937
2026-08-13 15:39:22 | DEBUG    | fgvc.clustering.spherical_kmeans |   Init 5/5: inertia=4.389803
2026-08-13 15:39:22 | DEBUG    | fgvc.clustering.spherical_kmeans |   Init 1/5: inertia=4.160310
2026-08-13 15:39:22 | DEBUG    | fgvc.clustering.spherical_kmeans |   Init 2/5: inertia=4.285933
2026-08-13 15:39:22 | DEBUG    | fgvc.clustering.spherical_kmeans |   Init 3/5: inertia=4.067339
2026-08-13 15:39:22 | DEBUG    | fgvc.clustering.spherical_kmeans |   Init 4/5: inertia=4.271528
2026-08-13 15:39:22 | DEBUG    | fgvc.clustering.spherical_kmeans |   Init 5/5: inertia=4.046256
2026-08-13 15:39:22 | DEBUG    | fgvc.clustering.spherical_kmeans |   Init 1/5: inertia=3.815896
2026-08-13 15:39:22 | DEBUG    | fgvc.clustering.spherical_kmeans |   Init 2/5: inertia=3.823340
2026-08-13 15:39:22 | DEBUG    | fgvc.clustering.spherical_kmeans |   Init 3/5: inertia=3.839561
2026-08-13 15:39:22 | DEBUG    | fgvc.clustering.spherical_kmeans |   Init 4/5: inertia=3.923956
2026-08-13 15:39:22 | DEBUG    | fgvc.clustering.spherical_kmeans |   Init 5/5: inertia=3.726506
2026-08-13 15:39:22 | DEBUG    | fgvc.clustering.spherical_kmeans | K selection: best_k=2 | scores={2: {'silhouette': 0.0583, 'compactness': 0.8087, 'score': 0.2717}, 3: {'silhouette': 0.1333, 'compactness': 0.8264, 'score': 0.2479}, 4: {'silhouette': 0.0982, 'compactness': 0.8381, 'score': 0.1672}, 5: {'silhouette': 0.0403, 'compactness': 0.8509, 'score': 0.0754}}
2026-08-13 15:39:22 | DEBUG    | fgvc.clustering.spherical_kmeans |   Init 1/10: inertia=4.835184
2026-08-13 15:39:22 | DEBUG    | fgvc.clustering.spherical_kmeans |   Init 2/10: inertia=4.781872
2026-08-13 15:39:22 | DEBUG    | fgvc.clustering.spherical_kmeans |   Init 3/10: inertia=4.829674
2026-08-13 15:39:22 | DEBUG    | fgvc.clustering.spherical_kmeans |   Init 4/10: inertia=4.970551
2026-08-13 15:39:22 | DEBUG    | fgvc.clustering.spherical_kmeans |   Init 5/10: inertia=4.816275
2026-08-13 15:39:22 | DEBUG    | fgvc.clustering.spherical_kmeans |   Init 6/10: inertia=4.871556
2026-08-13 15:39:22 | DEBUG    | fgvc.clustering.spherical_kmeans |   Init 7/10: inertia=4.796712
2026-08-13 15:39:22 | DEBUG    | fgvc.clustering.spherical_kmeans |   Init 8/10: inertia=4.760612
2026-08-13 15:39:22 | DEBUG    | fgvc.clustering.spherical_kmeans |   Init 9/10: inertia=4.844272
2026-08-13 15:39:22 | DEBUG    | fgvc.clustering.spherical_kmeans |   Init 10/10: inertia=4.776226
2026-08-13 15:39:22 | INFO     | fgvc.clustering.spherical_kmeans |   [Chuck_will_Widow] k_selected=2 | k_effective=2 | min_cluster=7 | max_cluster=18
2026-08-13 15:39:22 | INFO     | fgvc.clustering.spherical_kmeans |   [Clark_Nutcracker] 25 images
2026-08-13 15:39:22 | DEBUG    | fgvc.clustering.spherical_kmeans |   Init 1/5: inertia=3.498183
2026-08-13 15:39:22 | DEBUG    | fgvc.clustering.spherical_kmeans |   Init 2/5: inertia=3.516835
2026-08-13 15:39:22 | DEBUG    | fgvc.clustering.spherical_kmeans |   Init 3/5: inertia=3.486521
2026-08-13 15:39:22 | DEBUG    | fgvc.clustering.spherical_kmeans |   Init 4/5: inertia=3.472907
2026-08-13 15:39:22 | DEBUG    | fgvc.clustering.spherical_kmeans |   Init 5/5: inertia=3.593736
2026-08-13 15:39:22 | DEBUG    | fgvc.clustering.spherical_kmeans |   Init 1/5: inertia=3.299789
2026-08-13 15:39:22 | DEBUG    | fgvc.clustering.spherical_kmeans |   Init 2/5: inertia=3.349188
2026-08-13 15:39:22 | DEBUG    | fgvc.clustering.spherical_kmeans |   Init 3/5: inertia=3.239787
2026-08-13 15:39:22 | DEBUG    | fgvc.clustering.spherical_kmeans |   Init 4/5: inertia=3.198582
2026-08-13 15:39:22 | DEBUG    | fgvc.clustering.spherical_kmeans |   Init 5/5: inertia=3.312860
2026-08-13 15:39:22 | DEBUG    | fgvc.clustering.spherical_kmeans |   Init 1/5: inertia=3.011281
2026-08-13 15:39:22 | DEBUG    | fgvc.clustering.spherical_kmeans |   Init 2/5: inertia=2.974875
2026-08-13 15:39:22 | DEBUG    | fgvc.clustering.spherical_kmeans |   Init 3/5: inertia=3.040084
2026-08-13 15:39:22 | DEBUG    | fgvc.clustering.spherical_kmeans |   Init 4/5: inertia=3.144959
2026-08-13 15:39:22 | DEBUG    | fgvc.clustering.spherical_kmeans |   Init 5/5: inertia=3.097003
2026-08-13 15:39:22 | DEBUG    | fgvc.clustering.spherical_kmeans |   Init 1/5: inertia=2.779139
2026-08-13 15:39:22 | DEBUG    | fgvc.clustering.spherical_kmeans |   Init 2/5: inertia=2.830732
2026-08-13 15:39:22 | DEBUG    | fgvc.clustering.spherical_kmeans |   Init 3/5: inertia=2.871901
2026-08-13 15:39:22 | DEBUG    | fgvc.clustering.spherical_kmeans |   Init 4/5: inertia=2.863794
2026-08-13 15:39:22 | DEBUG    | fgvc.clustering.spherical_kmeans |   Init 5/5: inertia=2.694683
2026-08-13 15:39:22 | DEBUG    | fgvc.clustering.spherical_kmeans | K selection: best_k=2 | scores={2: {'silhouette': 0.3299, 'compactness': 0.8611, 'score': 0.4233}, 3: {'silhouette': 0.0833, 'compactness': 0.8721, 'score': 0.2366}, 4: {'silhouette': 0.0636, 'compactness': 0.881, 'score': 0.1628}, 5: {'silhouette': 0.0598, 'compactness': 0.8922, 'score': 0.0976}}
2026-08-13 15:39:22 | DEBUG    | fgvc.clustering.spherical_kmeans |   Init 1/10: inertia=3.498183
2026-08-13 15:39:22 | DEBUG    | fgvc.clustering.spherical_kmeans |   Init 2/10: inertia=3.516835
2026-08-13 15:39:22 | DEBUG    | fgvc.clustering.spherical_kmeans |   Init 3/10: inertia=3.486521
2026-08-13 15:39:22 | DEBUG    | fgvc.clustering.spherical_kmeans |   Init 4/10: inertia=3.472907
2026-08-13 15:39:22 | DEBUG    | fgvc.clustering.spherical_kmeans |   Init 5/10: inertia=3.593736
2026-08-13 15:39:22 | DEBUG    | fgvc.clustering.spherical_kmeans |   Init 6/10: inertia=3.481761
2026-08-13 15:39:22 | DEBUG    | fgvc.clustering.spherical_kmeans |   Init 7/10: inertia=3.511437
2026-08-13 15:39:22 | DEBUG    | fgvc.clustering.spherical_kmeans |   Init 8/10: inertia=3.595171
2026-08-13 15:39:22 | DEBUG    | fgvc.clustering.spherical_kmeans |   Init 9/10: inertia=3.468368
2026-08-13 15:39:22 | DEBUG    | fgvc.clustering.spherical_kmeans |   Init 10/10: inertia=3.491802
2026-08-13 15:39:22 | INFO     | fgvc.clustering.spherical_kmeans |   [Clark_Nutcracker] k_selected=2 | k_effective=2 | min_cluster=6 | max_cluster=19
2026-08-13 15:39:22 | INFO     | fgvc.clustering.spherical_kmeans |   [Clay_colored_Sparrow] 25 images
2026-08-13 15:39:22 | DEBUG    | fgvc.clustering.spherical_kmeans |   Init 1/5: inertia=4.482622
2026-08-13 15:39:22 | DEBUG    | fgvc.clustering.spherical_kmeans |   Init 2/5: inertia=4.562920
2026-08-13 15:39:22 | DEBUG    | fgvc.clustering.spherical_kmeans |   Init 3/5: inertia=4.612909
2026-08-13 15:39:22 | DEBUG    | fgvc.clustering.spherical_kmeans |   Init 4/5: inertia=4.595487
2026-08-13 15:39:22 | DEBUG    | fgvc.clustering.spherical_kmeans |   Init 5/5: inertia=4.584200
2026-08-13 15:39:22 | DEBUG    | fgvc.clustering.spherical_kmeans |   Init 1/5: inertia=4.206290
2026-08-13 15:39:22 | DEBUG    | fgvc.clustering.spherical_kmeans |   Init 2/5: inertia=4.202473
2026-08-13 15:39:22 | DEBUG    | fgvc.clustering.spherical_kmeans |   Init 3/5: inertia=4.118901
2026-08-13 15:39:22 | DEBUG    | fgvc.clustering.spherical_kmeans |   Init 4/5: inertia=4.192255
2026-08-13 15:39:22 | DEBUG    | fgvc.clustering.spherical_kmeans |   Init 5/5: inertia=4.259904
2026-08-13 15:39:22 | DEBUG    | fgvc.clustering.spherical_kmeans |   Init 1/5: inertia=3.854692
2026-08-13 15:39:22 | DEBUG    | fgvc.clustering.spherical_kmeans |   Init 2/5: inertia=4.038878
2026-08-13 15:39:22 | DEBUG    | fgvc.clustering.spherical_kmeans |   Init 3/5: inertia=3.810904
2026-08-13 15:39:22 | DEBUG    | fgvc.clustering.spherical_kmeans |   Init 4/5: inertia=3.986099
2026-08-13 15:39:22 | DEBUG    | fgvc.clustering.spherical_kmeans |   Init 5/5: inertia=3.824486
2026-08-13 15:39:22 | DEBUG    | fgvc.clustering.spherical_kmeans |   Init 1/5: inertia=3.634828
2026-08-13 15:39:22 | DEBUG    | fgvc.clustering.spherical_kmeans |   Init 2/5: inertia=3.764956
2026-08-13 15:39:22 | DEBUG    | fgvc.clustering.spherical_kmeans |   Init 3/5: inertia=3.836867
2026-08-13 15:39:22 | DEBUG    | fgvc.clustering.spherical_kmeans |   Init 4/5: inertia=3.584864
2026-08-13 15:39:22 | DEBUG    | fgvc.clustering.spherical_kmeans |   Init 5/5: inertia=3.675770
2026-08-13 15:39:22 | DEBUG    | fgvc.clustering.spherical_kmeans | K selection: best_k=2 | scores={2: {'silhouette': 0.1148, 'compactness': 0.8207, 'score': 0.3036}, 3: {'silhouette': 0.0824, 'compactness': 0.8352, 'score': 0.2251}, 4: {'silhouette': 0.0722, 'compactness': 0.8476, 'score': 0.157}, 5: {'silhouette': 0.0353, 'compactness': 0.8566, 'score': 0.0746}}
2026-08-13 15:39:22 | DEBUG    | fgvc.clustering.spherical_kmeans |   Init 1/10: inertia=4.482622
2026-08-13 15:39:22 | DEBUG    | fgvc.clustering.spherical_kmeans |   Init 2/10: inertia=4.562920
2026-08-13 15:39:22 | DEBUG    | fgvc.clustering.spherical_kmeans |   Init 3/10: inertia=4.612909
2026-08-13 15:39:22 | DEBUG    | fgvc.clustering.spherical_kmeans |   Init 4/10: inertia=4.595487
2026-08-13 15:39:22 | DEBUG    | fgvc.clustering.spherical_kmeans |   Init 5/10: inertia=4.584200
2026-08-13 15:39:22 | DEBUG    | fgvc.clustering.spherical_kmeans |   Init 6/10: inertia=4.621993
2026-08-13 15:39:22 | DEBUG    | fgvc.clustering.spherical_kmeans |   Init 7/10: inertia=4.647310
2026-08-13 15:39:22 | DEBUG    | fgvc.clustering.spherical_kmeans |   Init 8/10: inertia=4.514426
2026-08-13 15:39:22 | DEBUG    | fgvc.clustering.spherical_kmeans |   Init 9/10: inertia=4.599806
2026-08-13 15:39:22 | DEBUG    | fgvc.clustering.spherical_kmeans |   Init 10/10: inertia=4.473711
2026-08-13 15:39:22 | INFO     | fgvc.clustering.spherical_kmeans |   [Clay_colored_Sparrow] k_selected=2 | k_effective=1 | min_cluster=25 | max_cluster=25
2026-08-13 15:39:22 | INFO     | fgvc.clustering.spherical_kmeans |   [Cliff_Swallow] 25 images
2026-08-13 15:39:22 | DEBUG    | fgvc.clustering.spherical_kmeans |   Init 1/5: inertia=7.633845
2026-08-13 15:39:22 | DEBUG    | fgvc.clustering.spherical_kmeans |   Init 2/5: inertia=7.688319
2026-08-13 15:39:22 | DEBUG    | fgvc.clustering.spherical_kmeans |   Init 3/5: inertia=7.579437
2026-08-13 15:39:22 | DEBUG    | fgvc.clustering.spherical_kmeans |   Init 4/5: inertia=7.528029
2026-08-13 15:39:22 | DEBUG    | fgvc.clustering.spherical_kmeans |   Init 5/5: inertia=7.638752
2026-08-13 15:39:22 | DEBUG    | fgvc.clustering.spherical_kmeans |   Init 1/5: inertia=7.026081
2026-08-13 15:39:22 | DEBUG    | fgvc.clustering.spherical_kmeans |   Init 2/5: inertia=7.200796
2026-08-13 15:39:22 | DEBUG    | fgvc.clustering.spherical_kmeans |   Init 3/5: inertia=7.068429
2026-08-13 15:39:22 | DEBUG    | fgvc.clustering.spherical_kmeans |   Init 4/5: inertia=7.169598
2026-08-13 15:39:22 | DEBUG    | fgvc.clustering.spherical_kmeans |   Init 5/5: inertia=7.188056
2026-08-13 15:39:22 | DEBUG    | fgvc.clustering.spherical_kmeans |   Init 1/5: inertia=6.456923
2026-08-13 15:39:22 | DEBUG    | fgvc.clustering.spherical_kmeans |   Init 2/5: inertia=6.541902
2026-08-13 15:39:22 | DEBUG    | fgvc.clustering.spherical_kmeans |   Init 3/5: inertia=6.647181
2026-08-13 15:39:22 | DEBUG    | fgvc.clustering.spherical_kmeans |   Init 4/5: inertia=6.553016
2026-08-13 15:39:22 | DEBUG    | fgvc.clustering.spherical_kmeans |   Init 5/5: inertia=6.666468
2026-08-13 15:39:22 | DEBUG    | fgvc.clustering.spherical_kmeans |   Init 1/5: inertia=5.993305
2026-08-13 15:39:22 | DEBUG    | fgvc.clustering.spherical_kmeans |   Init 2/5: inertia=5.973934
2026-08-13 15:39:22 | DEBUG    | fgvc.clustering.spherical_kmeans |   Init 3/5: inertia=6.087306
2026-08-13 15:39:22 | DEBUG    | fgvc.clustering.spherical_kmeans |   Init 4/5: inertia=6.112618
2026-08-13 15:39:22 | DEBUG    | fgvc.clustering.spherical_kmeans |   Init 5/5: inertia=6.064575
2026-08-13 15:39:22 | DEBUG    | fgvc.clustering.spherical_kmeans | K selection: best_k=2 | scores={2: {'silhouette': 0.0803, 'compactness': 0.6989, 'score': 0.2498}, 3: {'silhouette': 0.0877, 'compactness': 0.719, 'score': 0.1929}, 4: {'silhouette': 0.0447, 'compactness': 0.7417, 'score': 0.1115}, 5: {'silhouette': 0.0423, 'compactness': 0.761, 'score': 0.0495}}
2026-08-13 15:39:22 | DEBUG    | fgvc.clustering.spherical_kmeans |   Init 1/10: inertia=7.633845
2026-08-13 15:39:22 | DEBUG    | fgvc.clustering.spherical_kmeans |   Init 2/10: inertia=7.688319
2026-08-13 15:39:22 | DEBUG    | fgvc.clustering.spherical_kmeans |   Init 3/10: inertia=7.579437
2026-08-13 15:39:22 | DEBUG    | fgvc.clustering.spherical_kmeans |   Init 4/10: inertia=7.528029
2026-08-13 15:39:22 | DEBUG    | fgvc.clustering.spherical_kmeans |   Init 5/10: inertia=7.638752
2026-08-13 15:39:22 | DEBUG    | fgvc.clustering.spherical_kmeans |   Init 6/10: inertia=7.569813
2026-08-13 15:39:22 | DEBUG    | fgvc.clustering.spherical_kmeans |   Init 7/10: inertia=7.632280
2026-08-13 15:39:22 | DEBUG    | fgvc.clustering.spherical_kmeans |   Init 8/10: inertia=7.748158
2026-08-13 15:39:22 | DEBUG    | fgvc.clustering.spherical_kmeans |   Init 9/10: inertia=7.691461
2026-08-13 15:39:22 | DEBUG    | fgvc.clustering.spherical_kmeans |   Init 10/10: inertia=7.550558
2026-08-13 15:39:22 | INFO     | fgvc.clustering.spherical_kmeans |   [Cliff_Swallow] k_selected=2 | k_effective=2 | min_cluster=11 | max_cluster=14
2026-08-13 15:39:22 | INFO     | fgvc.clustering.spherical_kmeans |   [Common_Raven] 25 images
2026-08-13 15:39:22 | DEBUG    | fgvc.clustering.spherical_kmeans |   Init 1/5: inertia=4.162185
2026-08-13 15:39:22 | DEBUG    | fgvc.clustering.spherical_kmeans |   Init 2/5: inertia=4.185140
2026-08-13 15:39:22 | DEBUG    | fgvc.clustering.spherical_kmeans |   Init 3/5: inertia=4.095679
2026-08-13 15:39:22 | DEBUG    | fgvc.clustering.spherical_kmeans |   Init 4/5: inertia=4.054927
2026-08-13 15:39:22 | DEBUG    | fgvc.clustering.spherical_kmeans |   Init 5/5: inertia=4.177125
2026-08-13 15:39:22 | DEBUG    | fgvc.clustering.spherical_kmeans |   Init 1/5: inertia=3.741307
2026-08-13 15:39:22 | DEBUG    | fgvc.clustering.spherical_kmeans |   Init 2/5: inertia=3.990258
2026-08-13 15:39:22 | DEBUG    | fgvc.clustering.spherical_kmeans |   Init 3/5: inertia=3.867101
2026-08-13 15:39:22 | DEBUG    | fgvc.clustering.spherical_kmeans |   Init 4/5: inertia=3.750529
2026-08-13 15:39:22 | DEBUG    | fgvc.clustering.spherical_kmeans |   Init 5/5: inertia=3.877134
2026-08-13 15:39:22 | DEBUG    | fgvc.clustering.spherical_kmeans |   Init 1/5: inertia=3.515344
2026-08-13 15:39:22 | DEBUG    | fgvc.clustering.spherical_kmeans |   Init 2/5: inertia=3.660431
2026-08-13 15:39:22 | DEBUG    | fgvc.clustering.spherical_kmeans |   Init 3/5: inertia=3.574839
2026-08-13 15:39:22 | DEBUG    | fgvc.clustering.spherical_kmeans |   Init 4/5: inertia=3.659233
2026-08-13 15:39:22 | DEBUG    | fgvc.clustering.spherical_kmeans |   Init 5/5: inertia=3.655620
2026-08-13 15:39:22 | DEBUG    | fgvc.clustering.spherical_kmeans |   Init 1/5: inertia=3.280815
2026-08-13 15:39:22 | DEBUG    | fgvc.clustering.spherical_kmeans |   Init 2/5: inertia=3.394571
2026-08-13 15:39:22 | DEBUG    | fgvc.clustering.spherical_kmeans |   Init 3/5: inertia=3.392239
2026-08-13 15:39:22 | DEBUG    | fgvc.clustering.spherical_kmeans |   Init 4/5: inertia=3.365418
2026-08-13 15:39:22 | DEBUG    | fgvc.clustering.spherical_kmeans |   Init 5/5: inertia=3.248991
2026-08-13 15:39:22 | DEBUG    | fgvc.clustering.spherical_kmeans | K selection: best_k=2 | scores={2: {'silhouette': 0.1381, 'compactness': 0.8378, 'score': 0.3204}, 3: {'silhouette': 0.0663, 'compactness': 0.8503, 'score': 0.2216}, 4: {'silhouette': 0.0673, 'compactness': 0.8594, 'score': 0.1581}, 5: {'silhouette': 0.0512, 'compactness': 0.87, 'score': 0.0866}}
2026-08-13 15:39:22 | DEBUG    | fgvc.clustering.spherical_kmeans |   Init 1/10: inertia=4.162185
2026-08-13 15:39:22 | DEBUG    | fgvc.clustering.spherical_kmeans |   Init 2/10: inertia=4.185140
2026-08-13 15:39:22 | DEBUG    | fgvc.clustering.spherical_kmeans |   Init 3/10: inertia=4.095679
2026-08-13 15:39:22 | DEBUG    | fgvc.clustering.spherical_kmeans |   Init 4/10: inertia=4.054927
2026-08-13 15:39:22 | DEBUG    | fgvc.clustering.spherical_kmeans |   Init 5/10: inertia=4.177125
2026-08-13 15:39:22 | DEBUG    | fgvc.clustering.spherical_kmeans |   Init 6/10: inertia=4.174748
2026-08-13 15:39:22 | DEBUG    | fgvc.clustering.spherical_kmeans |   Init 7/10: inertia=4.083314
2026-08-13 15:39:22 | DEBUG    | fgvc.clustering.spherical_kmeans |   Init 8/10: inertia=4.181761
2026-08-13 15:39:22 | DEBUG    | fgvc.clustering.spherical_kmeans |   Init 9/10: inertia=4.185140
2026-08-13 15:39:22 | DEBUG    | fgvc.clustering.spherical_kmeans |   Init 10/10: inertia=4.229743
2026-08-13 15:39:22 | INFO     | fgvc.clustering.spherical_kmeans |   [Common_Raven] k_selected=2 | k_effective=2 | min_cluster=7 | max_cluster=18
2026-08-13 15:39:22 | INFO     | fgvc.clustering.spherical_kmeans |   [Common_Tern] 25 images
2026-08-13 15:39:22 | DEBUG    | fgvc.clustering.spherical_kmeans |   Init 1/5: inertia=4.833321
2026-08-13 15:39:22 | DEBUG    | fgvc.clustering.spherical_kmeans |   Init 2/5: inertia=4.833834
2026-08-13 15:39:22 | DEBUG    | fgvc.clustering.spherical_kmeans |   Init 3/5: inertia=5.166129
2026-08-13 15:39:22 | DEBUG    | fgvc.clustering.spherical_kmeans |   Init 4/5: inertia=5.436420
2026-08-13 15:39:22 | DEBUG    | fgvc.clustering.spherical_kmeans |   Init 5/5: inertia=5.216245
2026-08-13 15:39:22 | DEBUG    | fgvc.clustering.spherical_kmeans |   Init 1/5: inertia=4.555096
2026-08-13 15:39:22 | DEBUG    | fgvc.clustering.spherical_kmeans |   Init 2/5: inertia=4.473932
2026-08-13 15:39:22 | DEBUG    | fgvc.clustering.spherical_kmeans |   Init 3/5: inertia=4.583383
2026-08-13 15:39:22 | DEBUG    | fgvc.clustering.spherical_kmeans |   Init 4/5: inertia=4.504315
2026-08-13 15:39:22 | DEBUG    | fgvc.clustering.spherical_kmeans |   Init 5/5: inertia=4.425920
2026-08-13 15:39:22 | DEBUG    | fgvc.clustering.spherical_kmeans |   Init 1/5: inertia=4.234682
2026-08-13 15:39:22 | DEBUG    | fgvc.clustering.spherical_kmeans |   Init 2/5: inertia=4.124593
2026-08-13 15:39:22 | DEBUG    | fgvc.clustering.spherical_kmeans |   Init 3/5: inertia=4.273430
2026-08-13 15:39:22 | DEBUG    | fgvc.clustering.spherical_kmeans |   Init 4/5: inertia=4.408910
2026-08-13 15:39:22 | DEBUG    | fgvc.clustering.spherical_kmeans |   Init 5/5: inertia=4.475841
2026-08-13 15:39:22 | DEBUG    | fgvc.clustering.spherical_kmeans |   Init 1/5: inertia=3.950028
2026-08-13 15:39:22 | DEBUG    | fgvc.clustering.spherical_kmeans |   Init 2/5: inertia=3.804432
2026-08-13 15:39:22 | DEBUG    | fgvc.clustering.spherical_kmeans |   Init 3/5: inertia=3.879023
2026-08-13 15:39:22 | DEBUG    | fgvc.clustering.spherical_kmeans |   Init 4/5: inertia=3.954120
2026-08-13 15:39:22 | DEBUG    | fgvc.clustering.spherical_kmeans |   Init 5/5: inertia=3.991503
2026-08-13 15:39:22 | DEBUG    | fgvc.clustering.spherical_kmeans | K selection: best_k=2 | scores={2: {'silhouette': 0.1829, 'compactness': 0.8067, 'score': 0.3335}, 3: {'silhouette': 0.1716, 'compactness': 0.823, 'score': 0.266}, 4: {'silhouette': 0.1259, 'compactness': 0.835, 'score': 0.1801}, 5: {'silhouette': 0.103, 'compactness': 0.8478, 'score': 0.1058}}
2026-08-13 15:39:22 | DEBUG    | fgvc.clustering.spherical_kmeans |   Init 1/10: inertia=4.833321
2026-08-13 15:39:22 | DEBUG    | fgvc.clustering.spherical_kmeans |   Init 2/10: inertia=4.833834
2026-08-13 15:39:22 | DEBUG    | fgvc.clustering.spherical_kmeans |   Init 3/10: inertia=5.166129
2026-08-13 15:39:22 | DEBUG    | fgvc.clustering.spherical_kmeans |   Init 4/10: inertia=5.436420
2026-08-13 15:39:22 | DEBUG    | fgvc.clustering.spherical_kmeans |   Init 5/10: inertia=5.216245
2026-08-13 15:39:22 | DEBUG    | fgvc.clustering.spherical_kmeans |   Init 6/10: inertia=4.833321
2026-08-13 15:39:22 | DEBUG    | fgvc.clustering.spherical_kmeans |   Init 7/10: inertia=5.070733
2026-08-13 15:39:22 | DEBUG    | fgvc.clustering.spherical_kmeans |   Init 8/10: inertia=4.833321
2026-08-13 15:39:22 | DEBUG    | fgvc.clustering.spherical_kmeans |   Init 9/10: inertia=4.833834
2026-08-13 15:39:22 | DEBUG    | fgvc.clustering.spherical_kmeans |   Init 10/10: inertia=5.217062
2026-08-13 15:39:22 | INFO     | fgvc.clustering.spherical_kmeans |   [Common_Tern] k_selected=2 | k_effective=2 | min_cluster=8 | max_cluster=17
2026-08-13 15:39:22 | INFO     | fgvc.clustering.spherical_kmeans |   [Common_Yellowthroat] 25 images
2026-08-13 15:39:22 | DEBUG    | fgvc.clustering.spherical_kmeans |   Init 1/5: inertia=4.182062
2026-08-13 15:39:22 | DEBUG    | fgvc.clustering.spherical_kmeans |   Init 2/5: inertia=4.208191
2026-08-13 15:39:22 | DEBUG    | fgvc.clustering.spherical_kmeans |   Init 3/5: inertia=4.083905
2026-08-13 15:39:22 | DEBUG    | fgvc.clustering.spherical_kmeans |   Init 4/5: inertia=4.190454
2026-08-13 15:39:22 | DEBUG    | fgvc.clustering.spherical_kmeans |   Init 5/5: inertia=4.278361
2026-08-13 15:39:22 | DEBUG    | fgvc.clustering.spherical_kmeans |   Init 1/5: inertia=3.958205
2026-08-13 15:39:22 | DEBUG    | fgvc.clustering.spherical_kmeans |   Init 2/5: inertia=3.748324
2026-08-13 15:39:22 | DEBUG    | fgvc.clustering.spherical_kmeans |   Init 3/5: inertia=3.931383
2026-08-13 15:39:22 | DEBUG    | fgvc.clustering.spherical_kmeans |   Init 4/5: inertia=3.614521
2026-08-13 15:39:22 | DEBUG    | fgvc.clustering.spherical_kmeans |   Init 5/5: inertia=3.709981
2026-08-13 15:39:22 | DEBUG    | fgvc.clustering.spherical_kmeans |   Init 1/5: inertia=3.607182
2026-08-13 15:39:22 | DEBUG    | fgvc.clustering.spherical_kmeans |   Init 2/5: inertia=3.514106
2026-08-13 15:39:22 | DEBUG    | fgvc.clustering.spherical_kmeans |   Init 3/5: inertia=3.514438
2026-08-13 15:39:22 | DEBUG    | fgvc.clustering.spherical_kmeans |   Init 4/5: inertia=3.551249
2026-08-13 15:39:22 | DEBUG    | fgvc.clustering.spherical_kmeans |   Init 5/5: inertia=3.328941
2026-08-13 15:39:22 | DEBUG    | fgvc.clustering.spherical_kmeans |   Init 1/5: inertia=3.027784
2026-08-13 15:39:22 | DEBUG    | fgvc.clustering.spherical_kmeans |   Init 2/5: inertia=3.095768
2026-08-13 15:39:22 | DEBUG    | fgvc.clustering.spherical_kmeans |   Init 3/5: inertia=3.290181
2026-08-13 15:39:22 | DEBUG    | fgvc.clustering.spherical_kmeans |   Init 4/5: inertia=2.980056
2026-08-13 15:39:22 | DEBUG    | fgvc.clustering.spherical_kmeans |   Init 5/5: inertia=3.155491
2026-08-13 15:39:22 | DEBUG    | fgvc.clustering.spherical_kmeans | K selection: best_k=2 | scores={2: {'silhouette': 0.1331, 'compactness': 0.8366, 'score': 0.3175}, 3: {'silhouette': 0.0692, 'compactness': 0.8554, 'score': 0.2246}, 4: {'silhouette': 0.0701, 'compactness': 0.8668, 'score': 0.1618}, 5: {'silhouette': 0.1063, 'compactness': 0.8808, 'score': 0.1174}}
2026-08-13 15:39:22 | DEBUG    | fgvc.clustering.spherical_kmeans |   Init 1/10: inertia=4.182062
2026-08-13 15:39:22 | DEBUG    | fgvc.clustering.spherical_kmeans |   Init 2/10: inertia=4.208191
2026-08-13 15:39:22 | DEBUG    | fgvc.clustering.spherical_kmeans |   Init 3/10: inertia=4.083905
2026-08-13 15:39:22 | DEBUG    | fgvc.clustering.spherical_kmeans |   Init 4/10: inertia=4.190454
2026-08-13 15:39:22 | DEBUG    | fgvc.clustering.spherical_kmeans |   Init 5/10: inertia=4.278361
2026-08-13 15:39:22 | DEBUG    | fgvc.clustering.spherical_kmeans |   Init 6/10: inertia=3.906048
2026-08-13 15:39:22 | DEBUG    | fgvc.clustering.spherical_kmeans |   Init 7/10: inertia=4.248353
2026-08-13 15:39:22 | DEBUG    | fgvc.clustering.spherical_kmeans |   Init 8/10: inertia=4.228249
2026-08-13 15:39:22 | DEBUG    | fgvc.clustering.spherical_kmeans |   Init 9/10: inertia=4.132791
2026-08-13 15:39:22 | DEBUG    | fgvc.clustering.spherical_kmeans |   Init 10/10: inertia=3.871378
2026-08-13 15:39:22 | INFO     | fgvc.clustering.spherical_kmeans |   [Common_Yellowthroat] k_selected=2 | k_effective=1 | min_cluster=25 | max_cluster=25
2026-08-13 15:39:22 | INFO     | fgvc.clustering.spherical_kmeans |   [Crested_Auklet] 25 images
2026-08-13 15:39:22 | DEBUG    | fgvc.clustering.spherical_kmeans |   Init 1/5: inertia=3.825342
2026-08-13 15:39:22 | DEBUG    | fgvc.clustering.spherical_kmeans |   Init 2/5: inertia=4.071016
2026-08-13 15:39:22 | DEBUG    | fgvc.clustering.spherical_kmeans |   Init 3/5: inertia=3.825342
2026-08-13 15:39:22 | DEBUG    | fgvc.clustering.spherical_kmeans |   Init 4/5: inertia=3.920838
2026-08-13 15:39:22 | DEBUG    | fgvc.clustering.spherical_kmeans |   Init 5/5: inertia=3.881329
2026-08-13 15:39:22 | DEBUG    | fgvc.clustering.spherical_kmeans |   Init 1/5: inertia=3.560238
2026-08-13 15:39:22 | DEBUG    | fgvc.clustering.spherical_kmeans |   Init 2/5: inertia=3.473214
2026-08-13 15:39:22 | DEBUG    | fgvc.clustering.spherical_kmeans |   Init 3/5: inertia=3.544228
2026-08-13 15:39:22 | DEBUG    | fgvc.clustering.spherical_kmeans |   Init 4/5: inertia=3.489170
2026-08-13 15:39:22 | DEBUG    | fgvc.clustering.spherical_kmeans |   Init 5/5: inertia=3.649764
2026-08-13 15:39:22 | DEBUG    | fgvc.clustering.spherical_kmeans |   Init 1/5: inertia=3.259606
2026-08-13 15:39:22 | DEBUG    | fgvc.clustering.spherical_kmeans |   Init 2/5: inertia=3.319539
2026-08-13 15:39:22 | DEBUG    | fgvc.clustering.spherical_kmeans |   Init 3/5: inertia=3.386993
2026-08-13 15:39:22 | DEBUG    | fgvc.clustering.spherical_kmeans |   Init 4/5: inertia=3.263363
2026-08-13 15:39:22 | DEBUG    | fgvc.clustering.spherical_kmeans |   Init 5/5: inertia=3.280991
2026-08-13 15:39:22 | DEBUG    | fgvc.clustering.spherical_kmeans |   Init 1/5: inertia=3.024493
2026-08-13 15:39:22 | DEBUG    | fgvc.clustering.spherical_kmeans |   Init 2/5: inertia=3.099097
2026-08-13 15:39:22 | DEBUG    | fgvc.clustering.spherical_kmeans |   Init 3/5: inertia=3.104202
2026-08-13 15:39:22 | DEBUG    | fgvc.clustering.spherical_kmeans |   Init 4/5: inertia=3.219896
2026-08-13 15:39:22 | DEBUG    | fgvc.clustering.spherical_kmeans |   Init 5/5: inertia=3.013043
2026-08-13 15:39:22 | DEBUG    | fgvc.clustering.spherical_kmeans | K selection: best_k=2 | scores={2: {'silhouette': 0.1683, 'compactness': 0.847, 'score': 0.3382}, 3: {'silhouette': 0.1318, 'compactness': 0.8611, 'score': 0.2575}, 4: {'silhouette': 0.1367, 'compactness': 0.8696, 'score': 0.1959}, 5: {'silhouette': 0.0475, 'compactness': 0.8795, 'score': 0.0876}}
2026-08-13 15:39:22 | DEBUG    | fgvc.clustering.spherical_kmeans |   Init 1/10: inertia=3.825342
2026-08-13 15:39:22 | DEBUG    | fgvc.clustering.spherical_kmeans |   Init 2/10: inertia=4.071016
2026-08-13 15:39:22 | DEBUG    | fgvc.clustering.spherical_kmeans |   Init 3/10: inertia=3.825342
2026-08-13 15:39:22 | DEBUG    | fgvc.clustering.spherical_kmeans |   Init 4/10: inertia=3.920838
2026-08-13 15:39:22 | DEBUG    | fgvc.clustering.spherical_kmeans |   Init 5/10: inertia=3.881329
2026-08-13 15:39:22 | DEBUG    | fgvc.clustering.spherical_kmeans |   Init 6/10: inertia=3.898948
2026-08-13 15:39:22 | DEBUG    | fgvc.clustering.spherical_kmeans |   Init 7/10: inertia=3.881329
2026-08-13 15:39:22 | DEBUG    | fgvc.clustering.spherical_kmeans |   Init 8/10: inertia=3.951493
2026-08-13 15:39:22 | DEBUG    | fgvc.clustering.spherical_kmeans |   Init 9/10: inertia=3.881329
2026-08-13 15:39:22 | DEBUG    | fgvc.clustering.spherical_kmeans |   Init 10/10: inertia=3.907243
2026-08-13 15:39:22 | INFO     | fgvc.clustering.spherical_kmeans |   [Crested_Auklet] k_selected=2 | k_effective=1 | min_cluster=25 | max_cluster=25
2026-08-13 15:39:22 | INFO     | fgvc.clustering.spherical_kmeans |   [Dark_eyed_Junco] 25 images
2026-08-13 15:39:22 | DEBUG    | fgvc.clustering.spherical_kmeans |   Init 1/5: inertia=4.443552
2026-08-13 15:39:22 | DEBUG    | fgvc.clustering.spherical_kmeans |   Init 2/5: inertia=4.435976
2026-08-13 15:39:22 | DEBUG    | fgvc.clustering.spherical_kmeans |   Init 3/5: inertia=4.389714
2026-08-13 15:39:22 | DEBUG    | fgvc.clustering.spherical_kmeans |   Init 4/5: inertia=4.462570
2026-08-13 15:39:22 | DEBUG    | fgvc.clustering.spherical_kmeans |   Init 5/5: inertia=4.381101
2026-08-13 15:39:22 | DEBUG    | fgvc.clustering.spherical_kmeans |   Init 1/5: inertia=4.071347
2026-08-13 15:39:22 | DEBUG    | fgvc.clustering.spherical_kmeans |   Init 2/5: inertia=4.185192
2026-08-13 15:39:22 | DEBUG    | fgvc.clustering.spherical_kmeans |   Init 3/5: inertia=4.242268
2026-08-13 15:39:22 | DEBUG    | fgvc.clustering.spherical_kmeans |   Init 4/5: inertia=4.065242
2026-08-13 15:39:22 | DEBUG    | fgvc.clustering.spherical_kmeans |   Init 5/5: inertia=4.087672
2026-08-13 15:39:22 | DEBUG    | fgvc.clustering.spherical_kmeans |   Init 1/5: inertia=3.775603
2026-08-13 15:39:22 | DEBUG    | fgvc.clustering.spherical_kmeans |   Init 2/5: inertia=3.947708
2026-08-13 15:39:22 | DEBUG    | fgvc.clustering.spherical_kmeans |   Init 3/5: inertia=3.881714
2026-08-13 15:39:22 | DEBUG    | fgvc.clustering.spherical_kmeans |   Init 4/5: inertia=3.798011
2026-08-13 15:39:22 | DEBUG    | fgvc.clustering.spherical_kmeans |   Init 5/5: inertia=3.717316
2026-08-13 15:39:22 | DEBUG    | fgvc.clustering.spherical_kmeans |   Init 1/5: inertia=3.493426
2026-08-13 15:39:22 | DEBUG    | fgvc.clustering.spherical_kmeans |   Init 2/5: inertia=3.661502
2026-08-13 15:39:22 | DEBUG    | fgvc.clustering.spherical_kmeans |   Init 3/5: inertia=3.456534
2026-08-13 15:39:22 | DEBUG    | fgvc.clustering.spherical_kmeans |   Init 4/5: inertia=3.537959
2026-08-13 15:39:22 | DEBUG    | fgvc.clustering.spherical_kmeans |   Init 5/5: inertia=3.537876
2026-08-13 15:39:22 | DEBUG    | fgvc.clustering.spherical_kmeans | K selection: best_k=2 | scores={2: {'silhouette': 0.0826, 'compactness': 0.8248, 'score': 0.2887}, 3: {'silhouette': 0.0608, 'compactness': 0.8374, 'score': 0.215}, 4: {'silhouette': 0.0793, 'compactness': 0.8513, 'score': 0.1617}, 5: {'silhouette': 0.0522, 'compactness': 0.8617, 'score': 0.0846}}
2026-08-13 15:39:22 | DEBUG    | fgvc.clustering.spherical_kmeans |   Init 1/10: inertia=4.443552
2026-08-13 15:39:22 | DEBUG    | fgvc.clustering.spherical_kmeans |   Init 2/10: inertia=4.435976
2026-08-13 15:39:22 | DEBUG    | fgvc.clustering.spherical_kmeans |   Init 3/10: inertia=4.389714
2026-08-13 15:39:22 | DEBUG    | fgvc.clustering.spherical_kmeans |   Init 4/10: inertia=4.462570
2026-08-13 15:39:22 | DEBUG    | fgvc.clustering.spherical_kmeans |   Init 5/10: inertia=4.381101
2026-08-13 15:39:22 | DEBUG    | fgvc.clustering.spherical_kmeans |   Init 6/10: inertia=4.440391
2026-08-13 15:39:22 | DEBUG    | fgvc.clustering.spherical_kmeans |   Init 7/10: inertia=4.328963
2026-08-13 15:39:22 | DEBUG    | fgvc.clustering.spherical_kmeans |   Init 8/10: inertia=4.604310
2026-08-13 15:39:22 | DEBUG    | fgvc.clustering.spherical_kmeans |   Init 9/10: inertia=4.435976
2026-08-13 15:39:22 | DEBUG    | fgvc.clustering.spherical_kmeans |   Init 10/10: inertia=4.477383
2026-08-13 15:39:22 | INFO     | fgvc.clustering.spherical_kmeans |   [Dark_eyed_Junco] k_selected=2 | k_effective=2 | min_cluster=11 | max_cluster=14
2026-08-13 15:39:22 | INFO     | fgvc.clustering.spherical_kmeans |   [Downy_Woodpecker] 25 images
2026-08-13 15:39:22 | DEBUG    | fgvc.clustering.spherical_kmeans |   Init 1/5: inertia=2.596954
2026-08-13 15:39:22 | DEBUG    | fgvc.clustering.spherical_kmeans |   Init 2/5: inertia=2.902443
2026-08-13 15:39:22 | DEBUG    | fgvc.clustering.spherical_kmeans |   Init 3/5: inertia=2.596954
2026-08-13 15:39:22 | DEBUG    | fgvc.clustering.spherical_kmeans |   Init 4/5: inertia=2.596954
2026-08-13 15:39:22 | DEBUG    | fgvc.clustering.spherical_kmeans |   Init 5/5: inertia=2.892037
2026-08-13 15:39:22 | DEBUG    | fgvc.clustering.spherical_kmeans |   Init 1/5: inertia=2.423828
2026-08-13 15:39:22 | DEBUG    | fgvc.clustering.spherical_kmeans |   Init 2/5: inertia=2.338650
2026-08-13 15:39:22 | DEBUG    | fgvc.clustering.spherical_kmeans |   Init 3/5: inertia=2.451848
2026-08-13 15:39:22 | DEBUG    | fgvc.clustering.spherical_kmeans |   Init 4/5: inertia=2.441551
2026-08-13 15:39:22 | DEBUG    | fgvc.clustering.spherical_kmeans |   Init 5/5: inertia=2.399947
2026-08-13 15:39:22 | DEBUG    | fgvc.clustering.spherical_kmeans |   Init 1/5: inertia=2.169143
2026-08-13 15:39:22 | DEBUG    | fgvc.clustering.spherical_kmeans |   Init 2/5: inertia=2.142028
2026-08-13 15:39:22 | DEBUG    | fgvc.clustering.spherical_kmeans |   Init 3/5: inertia=2.152013
2026-08-13 15:39:22 | DEBUG    | fgvc.clustering.spherical_kmeans |   Init 4/5: inertia=2.287980
2026-08-13 15:39:22 | DEBUG    | fgvc.clustering.spherical_kmeans |   Init 5/5: inertia=2.242655
2026-08-13 15:39:22 | DEBUG    | fgvc.clustering.spherical_kmeans |   Init 1/5: inertia=2.016967
2026-08-13 15:39:22 | DEBUG    | fgvc.clustering.spherical_kmeans |   Init 2/5: inertia=2.041174
2026-08-13 15:39:22 | DEBUG    | fgvc.clustering.spherical_kmeans |   Init 3/5: inertia=2.031426
2026-08-13 15:39:22 | DEBUG    | fgvc.clustering.spherical_kmeans |   Init 4/5: inertia=2.110422
2026-08-13 15:39:22 | DEBUG    | fgvc.clustering.spherical_kmeans |   Init 5/5: inertia=2.159985
2026-08-13 15:39:22 | DEBUG    | fgvc.clustering.spherical_kmeans | K selection: best_k=2 | scores={2: {'silhouette': 0.3788, 'compactness': 0.8961, 'score': 0.4582}, 3: {'silhouette': 0.1532, 'compactness': 0.9065, 'score': 0.2818}, 4: {'silhouette': 0.1372, 'compactness': 0.9143, 'score': 0.2096}, 5: {'silhouette': 0.107, 'compactness': 0.9193, 'score': 0.1293}}
2026-08-13 15:39:22 | DEBUG    | fgvc.clustering.spherical_kmeans |   Init 1/10: inertia=2.596954
2026-08-13 15:39:22 | DEBUG    | fgvc.clustering.spherical_kmeans |   Init 2/10: inertia=2.902443
2026-08-13 15:39:22 | DEBUG    | fgvc.clustering.spherical_kmeans |   Init 3/10: inertia=2.596954
2026-08-13 15:39:22 | DEBUG    | fgvc.clustering.spherical_kmeans |   Init 4/10: inertia=2.596954
2026-08-13 15:39:22 | DEBUG    | fgvc.clustering.spherical_kmeans |   Init 5/10: inertia=2.892037
2026-08-13 15:39:22 | DEBUG    | fgvc.clustering.spherical_kmeans |   Init 6/10: inertia=2.696050
2026-08-13 15:39:22 | DEBUG    | fgvc.clustering.spherical_kmeans |   Init 7/10: inertia=2.848869
2026-08-13 15:39:22 | DEBUG    | fgvc.clustering.spherical_kmeans |   Init 8/10: inertia=2.803171
2026-08-13 15:39:22 | DEBUG    | fgvc.clustering.spherical_kmeans |   Init 9/10: inertia=2.869320
2026-08-13 15:39:22 | DEBUG    | fgvc.clustering.spherical_kmeans |   Init 10/10: inertia=2.646056
2026-08-13 15:39:22 | INFO     | fgvc.clustering.spherical_kmeans |   [Downy_Woodpecker] k_selected=2 | k_effective=1 | min_cluster=25 | max_cluster=25
2026-08-13 15:39:22 | INFO     | fgvc.clustering.spherical_kmeans |   [Eared_Grebe] 25 images
2026-08-13 15:39:22 | DEBUG    | fgvc.clustering.spherical_kmeans |   Init 1/5: inertia=3.662098
2026-08-13 15:39:22 | DEBUG    | fgvc.clustering.spherical_kmeans |   Init 2/5: inertia=3.617567
2026-08-13 15:39:22 | DEBUG    | fgvc.clustering.spherical_kmeans |   Init 3/5: inertia=3.484936
2026-08-13 15:39:22 | DEBUG    | fgvc.clustering.spherical_kmeans |   Init 4/5: inertia=3.655217
2026-08-13 15:39:22 | DEBUG    | fgvc.clustering.spherical_kmeans |   Init 5/5: inertia=3.468526
2026-08-13 15:39:22 | DEBUG    | fgvc.clustering.spherical_kmeans |   Init 1/5: inertia=3.205869
2026-08-13 15:39:22 | DEBUG    | fgvc.clustering.spherical_kmeans |   Init 2/5: inertia=2.958001
2026-08-13 15:39:22 | DEBUG    | fgvc.clustering.spherical_kmeans |   Init 3/5: inertia=2.983967
2026-08-13 15:39:22 | DEBUG    | fgvc.clustering.spherical_kmeans |   Init 4/5: inertia=3.276175
2026-08-13 15:39:22 | DEBUG    | fgvc.clustering.spherical_kmeans |   Init 5/5: inertia=2.920882
2026-08-13 15:39:22 | DEBUG    | fgvc.clustering.spherical_kmeans |   Init 1/5: inertia=3.010744
2026-08-13 15:39:22 | DEBUG    | fgvc.clustering.spherical_kmeans |   Init 2/5: inertia=2.723052
2026-08-13 15:39:22 | DEBUG    | fgvc.clustering.spherical_kmeans |   Init 3/5: inertia=2.663315
2026-08-13 15:39:22 | DEBUG    | fgvc.clustering.spherical_kmeans |   Init 4/5: inertia=2.731494
2026-08-13 15:39:22 | DEBUG    | fgvc.clustering.spherical_kmeans |   Init 5/5: inertia=2.648628
2026-08-13 15:39:22 | DEBUG    | fgvc.clustering.spherical_kmeans |   Init 1/5: inertia=2.755023
2026-08-13 15:39:22 | DEBUG    | fgvc.clustering.spherical_kmeans |   Init 2/5: inertia=2.520452
2026-08-13 15:39:22 | DEBUG    | fgvc.clustering.spherical_kmeans |   Init 3/5: inertia=2.586751
2026-08-13 15:39:22 | DEBUG    | fgvc.clustering.spherical_kmeans |   Init 4/5: inertia=2.491916
2026-08-13 15:39:22 | DEBUG    | fgvc.clustering.spherical_kmeans |   Init 5/5: inertia=2.610005
2026-08-13 15:39:22 | DEBUG    | fgvc.clustering.spherical_kmeans | K selection: best_k=2 | scores={2: {'silhouette': 0.2527, 'compactness': 0.8613, 'score': 0.3847}, 3: {'silhouette': 0.2921, 'compactness': 0.8832, 'score': 0.3443}, 4: {'silhouette': 0.2836, 'compactness': 0.8941, 'score': 0.2767}, 5: {'silhouette': 0.1431, 'compactness': 0.9003, 'score': 0.1416}}
2026-08-13 15:39:22 | DEBUG    | fgvc.clustering.spherical_kmeans |   Init 1/10: inertia=3.662098
2026-08-13 15:39:22 | DEBUG    | fgvc.clustering.spherical_kmeans |   Init 2/10: inertia=3.617567
2026-08-13 15:39:22 | DEBUG    | fgvc.clustering.spherical_kmeans |   Init 3/10: inertia=3.484936
2026-08-13 15:39:22 | DEBUG    | fgvc.clustering.spherical_kmeans |   Init 4/10: inertia=3.655217
2026-08-13 15:39:22 | DEBUG    | fgvc.clustering.spherical_kmeans |   Init 5/10: inertia=3.468526
2026-08-13 15:39:22 | DEBUG    | fgvc.clustering.spherical_kmeans |   Init 6/10: inertia=3.454770
2026-08-13 15:39:22 | DEBUG    | fgvc.clustering.spherical_kmeans |   Init 7/10: inertia=3.514302
2026-08-13 15:39:22 | DEBUG    | fgvc.clustering.spherical_kmeans |   Init 8/10: inertia=3.454770
2026-08-13 15:39:22 | DEBUG    | fgvc.clustering.spherical_kmeans |   Init 9/10: inertia=3.617567
2026-08-13 15:39:22 | DEBUG    | fgvc.clustering.spherical_kmeans |   Init 10/10: inertia=3.484936
2026-08-13 15:39:22 | INFO     | fgvc.clustering.spherical_kmeans |   [Eared_Grebe] k_selected=2 | k_effective=2 | min_cluster=9 | max_cluster=16
2026-08-13 15:39:22 | INFO     | fgvc.clustering.spherical_kmeans |   [Eastern_Towhee] 25 images
2026-08-13 15:39:22 | DEBUG    | fgvc.clustering.spherical_kmeans |   Init 1/5: inertia=3.836373
2026-08-13 15:39:22 | DEBUG    | fgvc.clustering.spherical_kmeans |   Init 2/5: inertia=3.922170
2026-08-13 15:39:22 | DEBUG    | fgvc.clustering.spherical_kmeans |   Init 3/5: inertia=3.872307
2026-08-13 15:39:22 | DEBUG    | fgvc.clustering.spherical_kmeans |   Init 4/5: inertia=3.859635
2026-08-13 15:39:22 | DEBUG    | fgvc.clustering.spherical_kmeans |   Init 5/5: inertia=3.876980
2026-08-13 15:39:22 | DEBUG    | fgvc.clustering.spherical_kmeans |   Init 1/5: inertia=3.419337
2026-08-13 15:39:22 | DEBUG    | fgvc.clustering.spherical_kmeans |   Init 2/5: inertia=3.522240
2026-08-13 15:39:22 | DEBUG    | fgvc.clustering.spherical_kmeans |   Init 3/5: inertia=3.574454
2026-08-13 15:39:22 | DEBUG    | fgvc.clustering.spherical_kmeans |   Init 4/5: inertia=3.490500
2026-08-13 15:39:22 | DEBUG    | fgvc.clustering.spherical_kmeans |   Init 5/5: inertia=3.360260
2026-08-13 15:39:22 | DEBUG    | fgvc.clustering.spherical_kmeans |   Init 1/5: inertia=3.273529
2026-08-13 15:39:22 | DEBUG    | fgvc.clustering.spherical_kmeans |   Init 2/5: inertia=3.327883
2026-08-13 15:39:22 | DEBUG    | fgvc.clustering.spherical_kmeans |   Init 3/5: inertia=3.146139
2026-08-13 15:39:22 | DEBUG    | fgvc.clustering.spherical_kmeans |   Init 4/5: inertia=3.112530
2026-08-13 15:39:22 | DEBUG    | fgvc.clustering.spherical_kmeans |   Init 5/5: inertia=3.157059
2026-08-13 15:39:22 | DEBUG    | fgvc.clustering.spherical_kmeans |   Init 1/5: inertia=3.019871
2026-08-13 15:39:22 | DEBUG    | fgvc.clustering.spherical_kmeans |   Init 2/5: inertia=3.071305
2026-08-13 15:39:22 | DEBUG    | fgvc.clustering.spherical_kmeans |   Init 3/5: inertia=3.038625
2026-08-13 15:39:22 | DEBUG    | fgvc.clustering.spherical_kmeans |   Init 4/5: inertia=2.953805
2026-08-13 15:39:22 | DEBUG    | fgvc.clustering.spherical_kmeans |   Init 5/5: inertia=3.113197
2026-08-13 15:39:22 | DEBUG    | fgvc.clustering.spherical_kmeans | K selection: best_k=2 | scores={2: {'silhouette': 0.1056, 'compactness': 0.8465, 'score': 0.3068}, 3: {'silhouette': 0.1456, 'compactness': 0.8656, 'score': 0.2658}, 4: {'silhouette': 0.1217, 'compactness': 0.8755, 'score': 0.1901}, 5: {'silhouette': 0.0837, 'compactness': 0.8818, 'score': 0.1064}}
2026-08-13 15:39:22 | DEBUG    | fgvc.clustering.spherical_kmeans |   Init 1/10: inertia=3.836373
2026-08-13 15:39:22 | DEBUG    | fgvc.clustering.spherical_kmeans |   Init 2/10: inertia=3.922170
2026-08-13 15:39:22 | DEBUG    | fgvc.clustering.spherical_kmeans |   Init 3/10: inertia=3.872307
2026-08-13 15:39:22 | DEBUG    | fgvc.clustering.spherical_kmeans |   Init 4/10: inertia=3.859635
2026-08-13 15:39:22 | DEBUG    | fgvc.clustering.spherical_kmeans |   Init 5/10: inertia=3.876980
2026-08-13 15:39:22 | DEBUG    | fgvc.clustering.spherical_kmeans |   Init 6/10: inertia=3.958112
2026-08-13 15:39:22 | DEBUG    | fgvc.clustering.spherical_kmeans |   Init 7/10: inertia=3.814785
2026-08-13 15:39:22 | DEBUG    | fgvc.clustering.spherical_kmeans |   Init 8/10: inertia=3.820016
2026-08-13 15:39:22 | DEBUG    | fgvc.clustering.spherical_kmeans |   Init 9/10: inertia=3.817077
2026-08-13 15:39:22 | DEBUG    | fgvc.clustering.spherical_kmeans |   Init 10/10: inertia=3.915259
2026-08-13 15:39:22 | INFO     | fgvc.clustering.spherical_kmeans |   [Eastern_Towhee] k_selected=2 | k_effective=2 | min_cluster=6 | max_cluster=19
2026-08-13 15:39:22 | INFO     | fgvc.clustering.spherical_kmeans |   [Elegant_Tern] 25 images
2026-08-13 15:39:22 | DEBUG    | fgvc.clustering.spherical_kmeans |   Init 1/5: inertia=5.594949
2026-08-13 15:39:22 | DEBUG    | fgvc.clustering.spherical_kmeans |   Init 2/5: inertia=5.674844
2026-08-13 15:39:22 | DEBUG    | fgvc.clustering.spherical_kmeans |   Init 3/5: inertia=5.334047
2026-08-13 15:39:22 | DEBUG    | fgvc.clustering.spherical_kmeans |   Init 4/5: inertia=5.018513
2026-08-13 15:39:22 | DEBUG    | fgvc.clustering.spherical_kmeans |   Init 5/5: inertia=5.681650
2026-08-13 15:39:22 | DEBUG    | fgvc.clustering.spherical_kmeans |   Init 1/5: inertia=4.623960
2026-08-13 15:39:22 | DEBUG    | fgvc.clustering.spherical_kmeans |   Init 2/5: inertia=4.813968
2026-08-13 15:39:22 | DEBUG    | fgvc.clustering.spherical_kmeans |   Init 3/5: inertia=4.581778
2026-08-13 15:39:22 | DEBUG    | fgvc.clustering.spherical_kmeans |   Init 4/5: inertia=4.627317
2026-08-13 15:39:22 | DEBUG    | fgvc.clustering.spherical_kmeans |   Init 5/5: inertia=4.424534
2026-08-13 15:39:22 | DEBUG    | fgvc.clustering.spherical_kmeans |   Init 1/5: inertia=4.668836
2026-08-13 15:39:22 | DEBUG    | fgvc.clustering.spherical_kmeans |   Init 2/5: inertia=3.971711
2026-08-13 15:39:22 | DEBUG    | fgvc.clustering.spherical_kmeans |   Init 3/5: inertia=4.220039
2026-08-13 15:39:22 | DEBUG    | fgvc.clustering.spherical_kmeans |   Init 4/5: inertia=4.898559
2026-08-13 15:39:22 | DEBUG    | fgvc.clustering.spherical_kmeans |   Init 5/5: inertia=3.961119
2026-08-13 15:39:22 | DEBUG    | fgvc.clustering.spherical_kmeans |   Init 1/5: inertia=3.710967
2026-08-13 15:39:22 | DEBUG    | fgvc.clustering.spherical_kmeans |   Init 2/5: inertia=3.571510
2026-08-13 15:39:22 | DEBUG    | fgvc.clustering.spherical_kmeans |   Init 3/5: inertia=4.198585
2026-08-13 15:39:22 | DEBUG    | fgvc.clustering.spherical_kmeans |   Init 4/5: inertia=3.748406
2026-08-13 15:39:22 | DEBUG    | fgvc.clustering.spherical_kmeans |   Init 5/5: inertia=4.022787
2026-08-13 15:39:22 | DEBUG    | fgvc.clustering.spherical_kmeans | K selection: best_k=2 | scores={2: {'silhouette': 0.2319, 'compactness': 0.7993, 'score': 0.3557}, 3: {'silhouette': 0.2043, 'compactness': 0.823, 'score': 0.2824}, 4: {'silhouette': 0.1988, 'compactness': 0.8416, 'score': 0.2185}, 5: {'silhouette': 0.141, 'compactness': 0.8571, 'score': 0.1277}}
2026-08-13 15:39:22 | DEBUG    | fgvc.clustering.spherical_kmeans |   Init 1/10: inertia=5.594949
2026-08-13 15:39:22 | DEBUG    | fgvc.clustering.spherical_kmeans |   Init 2/10: inertia=5.674844
2026-08-13 15:39:22 | DEBUG    | fgvc.clustering.spherical_kmeans |   Init 3/10: inertia=5.334047
2026-08-13 15:39:22 | DEBUG    | fgvc.clustering.spherical_kmeans |   Init 4/10: inertia=5.018513
2026-08-13 15:39:22 | DEBUG    | fgvc.clustering.spherical_kmeans |   Init 5/10: inertia=5.681650
2026-08-13 15:39:22 | DEBUG    | fgvc.clustering.spherical_kmeans |   Init 6/10: inertia=5.611684
2026-08-13 15:39:22 | DEBUG    | fgvc.clustering.spherical_kmeans |   Init 7/10: inertia=5.003418
2026-08-13 15:39:22 | DEBUG    | fgvc.clustering.spherical_kmeans |   Init 8/10: inertia=5.006507
2026-08-13 15:39:22 | DEBUG    | fgvc.clustering.spherical_kmeans |   Init 9/10: inertia=5.190184
2026-08-13 15:39:22 | DEBUG    | fgvc.clustering.spherical_kmeans |   Init 10/10: inertia=5.033127
2026-08-13 15:39:22 | INFO     | fgvc.clustering.spherical_kmeans |   [Elegant_Tern] k_selected=2 | k_effective=2 | min_cluster=8 | max_cluster=17
2026-08-13 15:39:22 | INFO     | fgvc.clustering.spherical_kmeans |   [European_Goldfinch] 25 images
2026-08-13 15:39:22 | DEBUG    | fgvc.clustering.spherical_kmeans |   Init 1/5: inertia=3.555042
2026-08-13 15:39:22 | DEBUG    | fgvc.clustering.spherical_kmeans |   Init 2/5: inertia=3.401425
2026-08-13 15:39:22 | DEBUG    | fgvc.clustering.spherical_kmeans |   Init 3/5: inertia=3.524540
2026-08-13 15:39:22 | DEBUG    | fgvc.clustering.spherical_kmeans |   Init 4/5: inertia=3.529235
2026-08-13 15:39:22 | DEBUG    | fgvc.clustering.spherical_kmeans |   Init 5/5: inertia=3.607428
2026-08-13 15:39:22 | DEBUG    | fgvc.clustering.spherical_kmeans |   Init 1/5: inertia=3.329560
2026-08-13 15:39:22 | DEBUG    | fgvc.clustering.spherical_kmeans |   Init 2/5: inertia=3.223527
2026-08-13 15:39:22 | DEBUG    | fgvc.clustering.spherical_kmeans |   Init 3/5: inertia=3.403713
2026-08-13 15:39:22 | DEBUG    | fgvc.clustering.spherical_kmeans |   Init 4/5: inertia=3.371135
2026-08-13 15:39:22 | DEBUG    | fgvc.clustering.spherical_kmeans |   Init 5/5: inertia=3.103129
2026-08-13 15:39:22 | DEBUG    | fgvc.clustering.spherical_kmeans |   Init 1/5: inertia=3.100363
2026-08-13 15:39:22 | DEBUG    | fgvc.clustering.spherical_kmeans |   Init 2/5: inertia=3.068364
2026-08-13 15:39:22 | DEBUG    | fgvc.clustering.spherical_kmeans |   Init 3/5: inertia=3.217631
2026-08-13 15:39:22 | DEBUG    | fgvc.clustering.spherical_kmeans |   Init 4/5: inertia=2.998579
2026-08-13 15:39:22 | DEBUG    | fgvc.clustering.spherical_kmeans |   Init 5/5: inertia=2.968922
2026-08-13 15:39:22 | DEBUG    | fgvc.clustering.spherical_kmeans |   Init 1/5: inertia=2.889805
2026-08-13 15:39:22 | DEBUG    | fgvc.clustering.spherical_kmeans |   Init 2/5: inertia=2.903882
2026-08-13 15:39:22 | DEBUG    | fgvc.clustering.spherical_kmeans |   Init 3/5: inertia=2.827733
2026-08-13 15:39:22 | DEBUG    | fgvc.clustering.spherical_kmeans |   Init 4/5: inertia=2.824234
2026-08-13 15:39:22 | DEBUG    | fgvc.clustering.spherical_kmeans |   Init 5/5: inertia=2.773308
2026-08-13 15:39:22 | DEBUG    | fgvc.clustering.spherical_kmeans | K selection: best_k=2 | scores={2: {'silhouette': 0.1426, 'compactness': 0.8639, 'score': 0.3305}, 3: {'silhouette': 0.095, 'compactness': 0.8759, 'score': 0.2436}, 4: {'silhouette': 0.0423, 'compactness': 0.8812, 'score': 0.1522}, 5: {'silhouette': -0.0069, 'compactness': 0.8891, 'score': 0.0633}}
2026-08-13 15:39:22 | DEBUG    | fgvc.clustering.spherical_kmeans |   Init 1/10: inertia=3.555042
2026-08-13 15:39:22 | DEBUG    | fgvc.clustering.spherical_kmeans |   Init 2/10: inertia=3.401425
2026-08-13 15:39:22 | DEBUG    | fgvc.clustering.spherical_kmeans |   Init 3/10: inertia=3.524540
2026-08-13 15:39:22 | DEBUG    | fgvc.clustering.spherical_kmeans |   Init 4/10: inertia=3.529235
2026-08-13 15:39:22 | DEBUG    | fgvc.clustering.spherical_kmeans |   Init 5/10: inertia=3.607428
2026-08-13 15:39:22 | DEBUG    | fgvc.clustering.spherical_kmeans |   Init 6/10: inertia=3.435945
2026-08-13 15:39:22 | DEBUG    | fgvc.clustering.spherical_kmeans |   Init 7/10: inertia=3.487089
2026-08-13 15:39:22 | DEBUG    | fgvc.clustering.spherical_kmeans |   Init 8/10: inertia=3.636943
2026-08-13 15:39:22 | DEBUG    | fgvc.clustering.spherical_kmeans |   Init 9/10: inertia=3.610413
2026-08-13 15:39:22 | DEBUG    | fgvc.clustering.spherical_kmeans |   Init 10/10: inertia=3.637222
2026-08-13 15:39:22 | INFO     | fgvc.clustering.spherical_kmeans |   [European_Goldfinch] k_selected=2 | k_effective=2 | min_cluster=11 | max_cluster=14
2026-08-13 15:39:22 | INFO     | fgvc.clustering.spherical_kmeans |   [Evening_Grosbeak] 25 images
2026-08-13 15:39:22 | DEBUG    | fgvc.clustering.spherical_kmeans |   Init 1/5: inertia=2.750565
2026-08-13 15:39:22 | DEBUG    | fgvc.clustering.spherical_kmeans |   Init 2/5: inertia=2.645198
2026-08-13 15:39:22 | DEBUG    | fgvc.clustering.spherical_kmeans |   Init 3/5: inertia=2.477419
2026-08-13 15:39:22 | DEBUG    | fgvc.clustering.spherical_kmeans |   Init 4/5: inertia=2.425360
2026-08-13 15:39:22 | DEBUG    | fgvc.clustering.spherical_kmeans |   Init 5/5: inertia=2.654016
2026-08-13 15:39:22 | DEBUG    | fgvc.clustering.spherical_kmeans |   Init 1/5: inertia=2.504333
2026-08-13 15:39:22 | DEBUG    | fgvc.clustering.spherical_kmeans |   Init 2/5: inertia=2.351849
2026-08-13 15:39:22 | DEBUG    | fgvc.clustering.spherical_kmeans |   Init 3/5: inertia=2.575466
2026-08-13 15:39:22 | DEBUG    | fgvc.clustering.spherical_kmeans |   Init 4/5: inertia=2.300056
2026-08-13 15:39:22 | DEBUG    | fgvc.clustering.spherical_kmeans |   Init 5/5: inertia=2.290273
2026-08-13 15:39:22 | DEBUG    | fgvc.clustering.spherical_kmeans |   Init 1/5: inertia=2.348627
2026-08-13 15:39:22 | DEBUG    | fgvc.clustering.spherical_kmeans |   Init 2/5: inertia=2.070201
2026-08-13 15:39:22 | DEBUG    | fgvc.clustering.spherical_kmeans |   Init 3/5: inertia=2.053965
2026-08-13 15:39:22 | DEBUG    | fgvc.clustering.spherical_kmeans |   Init 4/5: inertia=2.254265
2026-08-13 15:39:22 | DEBUG    | fgvc.clustering.spherical_kmeans |   Init 5/5: inertia=2.124590
2026-08-13 15:39:22 | DEBUG    | fgvc.clustering.spherical_kmeans |   Init 1/5: inertia=1.984988
2026-08-13 15:39:22 | DEBUG    | fgvc.clustering.spherical_kmeans |   Init 2/5: inertia=1.927384
2026-08-13 15:39:22 | DEBUG    | fgvc.clustering.spherical_kmeans |   Init 3/5: inertia=1.891729
2026-08-13 15:39:22 | DEBUG    | fgvc.clustering.spherical_kmeans |   Init 4/5: inertia=1.929977
2026-08-13 15:39:22 | DEBUG    | fgvc.clustering.spherical_kmeans |   Init 5/5: inertia=1.973842
2026-08-13 15:39:22 | DEBUG    | fgvc.clustering.spherical_kmeans | K selection: best_k=2 | scores={2: {'silhouette': 0.5038, 'compactness': 0.903, 'score': 0.5228}, 3: {'silhouette': 0.0556, 'compactness': 0.9084, 'score': 0.2337}, 4: {'silhouette': 0.0715, 'compactness': 0.9178, 'score': 0.1778}, 5: {'silhouette': 0.0662, 'compactness': 0.9243, 'score': 0.1104}}
2026-08-13 15:39:22 | DEBUG    | fgvc.clustering.spherical_kmeans |   Init 1/10: inertia=2.750565
2026-08-13 15:39:22 | DEBUG    | fgvc.clustering.spherical_kmeans |   Init 2/10: inertia=2.645198
2026-08-13 15:39:22 | DEBUG    | fgvc.clustering.spherical_kmeans |   Init 3/10: inertia=2.477419
2026-08-13 15:39:22 | DEBUG    | fgvc.clustering.spherical_kmeans |   Init 4/10: inertia=2.425360
2026-08-13 15:39:22 | DEBUG    | fgvc.clustering.spherical_kmeans |   Init 5/10: inertia=2.654016
2026-08-13 15:39:22 | DEBUG    | fgvc.clustering.spherical_kmeans |   Init 6/10: inertia=2.640575
2026-08-13 15:39:22 | DEBUG    | fgvc.clustering.spherical_kmeans |   Init 7/10: inertia=2.669038
2026-08-13 15:39:22 | DEBUG    | fgvc.clustering.spherical_kmeans |   Init 8/10: inertia=2.425360
2026-08-13 15:39:22 | DEBUG    | fgvc.clustering.spherical_kmeans |   Init 9/10: inertia=2.625251
2026-08-13 15:39:22 | DEBUG    | fgvc.clustering.spherical_kmeans |   Init 10/10: inertia=2.631809
2026-08-13 15:39:22 | INFO     | fgvc.clustering.spherical_kmeans |   [Evening_Grosbeak] k_selected=2 | k_effective=1 | min_cluster=25 | max_cluster=25
2026-08-13 15:39:22 | INFO     | fgvc.clustering.spherical_kmeans |   [Field_Sparrow] 25 images
2026-08-13 15:39:22 | DEBUG    | fgvc.clustering.spherical_kmeans |   Init 1/5: inertia=5.758359
2026-08-13 15:39:22 | DEBUG    | fgvc.clustering.spherical_kmeans |   Init 2/5: inertia=6.130973
2026-08-13 15:39:22 | DEBUG    | fgvc.clustering.spherical_kmeans |   Init 3/5: inertia=5.952797
2026-08-13 15:39:22 | DEBUG    | fgvc.clustering.spherical_kmeans |   Init 4/5: inertia=6.199018
2026-08-13 15:39:22 | DEBUG    | fgvc.clustering.spherical_kmeans |   Init 5/5: inertia=6.091424
2026-08-13 15:39:22 | DEBUG    | fgvc.clustering.spherical_kmeans |   Init 1/5: inertia=5.369773
2026-08-13 15:39:22 | DEBUG    | fgvc.clustering.spherical_kmeans |   Init 2/5: inertia=5.379032
2026-08-13 15:39:22 | DEBUG    | fgvc.clustering.spherical_kmeans |   Init 3/5: inertia=5.701552
2026-08-13 15:39:22 | DEBUG    | fgvc.clustering.spherical_kmeans |   Init 4/5: inertia=5.489619
2026-08-13 15:39:22 | DEBUG    | fgvc.clustering.spherical_kmeans |   Init 5/5: inertia=5.464511
2026-08-13 15:39:22 | DEBUG    | fgvc.clustering.spherical_kmeans |   Init 1/5: inertia=4.823299
2026-08-13 15:39:22 | DEBUG    | fgvc.clustering.spherical_kmeans |   Init 2/5: inertia=5.312964
2026-08-13 15:39:22 | DEBUG    | fgvc.clustering.spherical_kmeans |   Init 3/5: inertia=4.928687
2026-08-13 15:39:22 | DEBUG    | fgvc.clustering.spherical_kmeans |   Init 4/5: inertia=4.982805
2026-08-13 15:39:22 | DEBUG    | fgvc.clustering.spherical_kmeans |   Init 5/5: inertia=4.937738
2026-08-13 15:39:22 | DEBUG    | fgvc.clustering.spherical_kmeans |   Init 1/5: inertia=4.466594
2026-08-13 15:39:22 | DEBUG    | fgvc.clustering.spherical_kmeans |   Init 2/5: inertia=5.040564
2026-08-13 15:39:22 | DEBUG    | fgvc.clustering.spherical_kmeans |   Init 3/5: inertia=4.630765
2026-08-13 15:39:22 | DEBUG    | fgvc.clustering.spherical_kmeans |   Init 4/5: inertia=4.262632
2026-08-13 15:39:22 | DEBUG    | fgvc.clustering.spherical_kmeans |   Init 5/5: inertia=5.000611
2026-08-13 15:39:22 | DEBUG    | fgvc.clustering.spherical_kmeans | K selection: best_k=2 | scores={2: {'silhouette': 0.255, 'compactness': 0.7697, 'score': 0.3584}, 3: {'silhouette': 0.0769, 'compactness': 0.7852, 'score': 0.2073}, 4: {'silhouette': 0.0881, 'compactness': 0.8071, 'score': 0.1528}, 5: {'silhouette': 0.2002, 'compactness': 0.8295, 'score': 0.149}}
2026-08-13 15:39:22 | DEBUG    | fgvc.clustering.spherical_kmeans |   Init 1/10: inertia=5.758359
2026-08-13 15:39:22 | DEBUG    | fgvc.clustering.spherical_kmeans |   Init 2/10: inertia=6.130973
2026-08-13 15:39:22 | DEBUG    | fgvc.clustering.spherical_kmeans |   Init 3/10: inertia=5.952797
2026-08-13 15:39:22 | DEBUG    | fgvc.clustering.spherical_kmeans |   Init 4/10: inertia=6.199018
2026-08-13 15:39:22 | DEBUG    | fgvc.clustering.spherical_kmeans |   Init 5/10: inertia=6.091424
2026-08-13 15:39:22 | DEBUG    | fgvc.clustering.spherical_kmeans |   Init 6/10: inertia=6.213351
2026-08-13 15:39:22 | DEBUG    | fgvc.clustering.spherical_kmeans |   Init 7/10: inertia=6.177660
2026-08-13 15:39:22 | DEBUG    | fgvc.clustering.spherical_kmeans |   Init 8/10: inertia=5.758359
2026-08-13 15:39:22 | DEBUG    | fgvc.clustering.spherical_kmeans |   Init 9/10: inertia=6.249763
2026-08-13 15:39:22 | DEBUG    | fgvc.clustering.spherical_kmeans |   Init 10/10: inertia=5.882154
2026-08-13 15:39:22 | INFO     | fgvc.clustering.spherical_kmeans |   [Field_Sparrow] k_selected=2 | k_effective=2 | min_cluster=5 | max_cluster=20
2026-08-13 15:39:22 | INFO     | fgvc.clustering.spherical_kmeans |   [Fish_Crow] 25 images
2026-08-13 15:39:22 | DEBUG    | fgvc.clustering.spherical_kmeans |   Init 1/5: inertia=5.934581
2026-08-13 15:39:22 | DEBUG    | fgvc.clustering.spherical_kmeans |   Init 2/5: inertia=6.015513
2026-08-13 15:39:22 | DEBUG    | fgvc.clustering.spherical_kmeans |   Init 3/5: inertia=6.187817
2026-08-13 15:39:22 | DEBUG    | fgvc.clustering.spherical_kmeans |   Init 4/5: inertia=6.234920
2026-08-13 15:39:22 | DEBUG    | fgvc.clustering.spherical_kmeans |   Init 5/5: inertia=6.077930
2026-08-13 15:39:22 | DEBUG    | fgvc.clustering.spherical_kmeans |   Init 1/5: inertia=5.496702
2026-08-13 15:39:22 | DEBUG    | fgvc.clustering.spherical_kmeans |   Init 2/5: inertia=5.792528
2026-08-13 15:39:22 | DEBUG    | fgvc.clustering.spherical_kmeans |   Init 3/5: inertia=5.792249
2026-08-13 15:39:22 | DEBUG    | fgvc.clustering.spherical_kmeans |   Init 4/5: inertia=5.492407
2026-08-13 15:39:22 | DEBUG    | fgvc.clustering.spherical_kmeans |   Init 5/5: inertia=5.514181
2026-08-13 15:39:22 | DEBUG    | fgvc.clustering.spherical_kmeans |   Init 1/5: inertia=5.124687
2026-08-13 15:39:22 | DEBUG    | fgvc.clustering.spherical_kmeans |   Init 2/5: inertia=5.340247
2026-08-13 15:39:22 | DEBUG    | fgvc.clustering.spherical_kmeans |   Init 3/5: inertia=5.268700
2026-08-13 15:39:22 | DEBUG    | fgvc.clustering.spherical_kmeans |   Init 4/5: inertia=5.162787
2026-08-13 15:39:22 | DEBUG    | fgvc.clustering.spherical_kmeans |   Init 5/5: inertia=5.166766
2026-08-13 15:39:22 | DEBUG    | fgvc.clustering.spherical_kmeans |   Init 1/5: inertia=4.741988
2026-08-13 15:39:22 | DEBUG    | fgvc.clustering.spherical_kmeans |   Init 2/5: inertia=5.015999
2026-08-13 15:39:22 | DEBUG    | fgvc.clustering.spherical_kmeans |   Init 3/5: inertia=5.026131
2026-08-13 15:39:22 | DEBUG    | fgvc.clustering.spherical_kmeans |   Init 4/5: inertia=4.833491
2026-08-13 15:39:22 | DEBUG    | fgvc.clustering.spherical_kmeans |   Init 5/5: inertia=4.909826
2026-08-13 15:39:22 | DEBUG    | fgvc.clustering.spherical_kmeans | K selection: best_k=2 | scores={2: {'silhouette': 0.1046, 'compactness': 0.7626, 'score': 0.2811}, 3: {'silhouette': 0.0665, 'compactness': 0.7803, 'score': 0.2007}, 4: {'silhouette': 0.062, 'compactness': 0.795, 'score': 0.1362}, 5: {'silhouette': 0.0489, 'compactness': 0.8103, 'score': 0.0676}}
2026-08-13 15:39:22 | DEBUG    | fgvc.clustering.spherical_kmeans |   Init 1/10: inertia=5.934581
2026-08-13 15:39:22 | DEBUG    | fgvc.clustering.spherical_kmeans |   Init 2/10: inertia=6.015513
2026-08-13 15:39:22 | DEBUG    | fgvc.clustering.spherical_kmeans |   Init 3/10: inertia=6.187817
2026-08-13 15:39:22 | DEBUG    | fgvc.clustering.spherical_kmeans |   Init 4/10: inertia=6.234920
2026-08-13 15:39:22 | DEBUG    | fgvc.clustering.spherical_kmeans |   Init 5/10: inertia=6.077930
2026-08-13 15:39:22 | DEBUG    | fgvc.clustering.spherical_kmeans |   Init 6/10: inertia=6.164180
2026-08-13 15:39:22 | DEBUG    | fgvc.clustering.spherical_kmeans |   Init 7/10: inertia=6.310585
2026-08-13 15:39:22 | DEBUG    | fgvc.clustering.spherical_kmeans |   Init 8/10: inertia=6.291991
2026-08-13 15:39:22 | DEBUG    | fgvc.clustering.spherical_kmeans |   Init 9/10: inertia=6.015513
2026-08-13 15:39:22 | DEBUG    | fgvc.clustering.spherical_kmeans |   Init 10/10: inertia=6.208377
2026-08-13 15:39:22 | INFO     | fgvc.clustering.spherical_kmeans |   [Fish_Crow] k_selected=2 | k_effective=2 | min_cluster=9 | max_cluster=16
2026-08-13 15:39:22 | INFO     | fgvc.clustering.spherical_kmeans |   [Florida_Jay] 25 images
2026-08-13 15:39:22 | DEBUG    | fgvc.clustering.spherical_kmeans |   Init 1/5: inertia=4.684301
2026-08-13 15:39:22 | DEBUG    | fgvc.clustering.spherical_kmeans |   Init 2/5: inertia=4.699833
2026-08-13 15:39:22 | DEBUG    | fgvc.clustering.spherical_kmeans |   Init 3/5: inertia=4.623227
2026-08-13 15:39:22 | DEBUG    | fgvc.clustering.spherical_kmeans |   Init 4/5: inertia=4.687187
2026-08-13 15:39:22 | DEBUG    | fgvc.clustering.spherical_kmeans |   Init 5/5: inertia=4.721534
2026-08-13 15:39:22 | DEBUG    | fgvc.clustering.spherical_kmeans |   Init 1/5: inertia=4.266512
2026-08-13 15:39:22 | DEBUG    | fgvc.clustering.spherical_kmeans |   Init 2/5: inertia=4.367732
2026-08-13 15:39:22 | DEBUG    | fgvc.clustering.spherical_kmeans |   Init 3/5: inertia=4.333457
2026-08-13 15:39:22 | DEBUG    | fgvc.clustering.spherical_kmeans |   Init 4/5: inertia=4.344328
2026-08-13 15:39:22 | DEBUG    | fgvc.clustering.spherical_kmeans |   Init 5/5: inertia=4.286150
2026-08-13 15:39:22 | DEBUG    | fgvc.clustering.spherical_kmeans |   Init 1/5: inertia=3.855191
2026-08-13 15:39:22 | DEBUG    | fgvc.clustering.spherical_kmeans |   Init 2/5: inertia=4.042454
2026-08-13 15:39:22 | DEBUG    | fgvc.clustering.spherical_kmeans |   Init 3/5: inertia=3.989043
2026-08-13 15:39:22 | DEBUG    | fgvc.clustering.spherical_kmeans |   Init 4/5: inertia=3.948642
2026-08-13 15:39:22 | DEBUG    | fgvc.clustering.spherical_kmeans |   Init 5/5: inertia=4.105183
2026-08-13 15:39:22 | DEBUG    | fgvc.clustering.spherical_kmeans |   Init 1/5: inertia=3.556129
2026-08-13 15:39:22 | DEBUG    | fgvc.clustering.spherical_kmeans |   Init 2/5: inertia=3.868721
2026-08-13 15:39:22 | DEBUG    | fgvc.clustering.spherical_kmeans |   Init 3/5: inertia=3.486319
2026-08-13 15:39:22 | DEBUG    | fgvc.clustering.spherical_kmeans |   Init 4/5: inertia=3.714023
2026-08-13 15:39:22 | DEBUG    | fgvc.clustering.spherical_kmeans |   Init 5/5: inertia=3.668247
2026-08-13 15:39:22 | DEBUG    | fgvc.clustering.spherical_kmeans | K selection: best_k=2 | scores={2: {'silhouette': 0.1664, 'compactness': 0.8151, 'score': 0.3277}, 3: {'silhouette': 0.0636, 'compactness': 0.8293, 'score': 0.2139}, 4: {'silhouette': 0.0476, 'compactness': 0.8458, 'score': 0.1442}, 5: {'silhouette': 0.0907, 'compactness': 0.8605, 'score': 0.1035}}
2026-08-13 15:39:22 | DEBUG    | fgvc.clustering.spherical_kmeans |   Init 1/10: inertia=4.684301
2026-08-13 15:39:22 | DEBUG    | fgvc.clustering.spherical_kmeans |   Init 2/10: inertia=4.699833
2026-08-13 15:39:22 | DEBUG    | fgvc.clustering.spherical_kmeans |   Init 3/10: inertia=4.623227
2026-08-13 15:39:22 | DEBUG    | fgvc.clustering.spherical_kmeans |   Init 4/10: inertia=4.687187
2026-08-13 15:39:22 | DEBUG    | fgvc.clustering.spherical_kmeans |   Init 5/10: inertia=4.721534
2026-08-13 15:39:22 | DEBUG    | fgvc.clustering.spherical_kmeans |   Init 6/10: inertia=4.683134
2026-08-13 15:39:22 | DEBUG    | fgvc.clustering.spherical_kmeans |   Init 7/10: inertia=4.621354
2026-08-13 15:39:22 | DEBUG    | fgvc.clustering.spherical_kmeans |   Init 8/10: inertia=4.609407
2026-08-13 15:39:22 | DEBUG    | fgvc.clustering.spherical_kmeans |   Init 9/10: inertia=4.713909
2026-08-13 15:39:22 | DEBUG    | fgvc.clustering.spherical_kmeans |   Init 10/10: inertia=4.699039
2026-08-13 15:39:22 | INFO     | fgvc.clustering.spherical_kmeans |   [Florida_Jay] k_selected=2 | k_effective=2 | min_cluster=8 | max_cluster=17
2026-08-13 15:39:22 | INFO     | fgvc.clustering.spherical_kmeans |   [Forsters_Tern] 25 images
2026-08-13 15:39:22 | DEBUG    | fgvc.clustering.spherical_kmeans |   Init 1/5: inertia=5.717104
2026-08-13 15:39:22 | DEBUG    | fgvc.clustering.spherical_kmeans |   Init 2/5: inertia=5.263064
2026-08-13 15:39:22 | DEBUG    | fgvc.clustering.spherical_kmeans |   Init 3/5: inertia=5.415406
2026-08-13 15:39:22 | DEBUG    | fgvc.clustering.spherical_kmeans |   Init 4/5: inertia=5.304008
2026-08-13 15:39:22 | DEBUG    | fgvc.clustering.spherical_kmeans |   Init 5/5: inertia=5.299057
2026-08-13 15:39:22 | DEBUG    | fgvc.clustering.spherical_kmeans |   Init 1/5: inertia=4.937986
2026-08-13 15:39:22 | DEBUG    | fgvc.clustering.spherical_kmeans |   Init 2/5: inertia=4.987624
2026-08-13 15:39:22 | DEBUG    | fgvc.clustering.spherical_kmeans |   Init 3/5: inertia=4.859171
2026-08-13 15:39:22 | DEBUG    | fgvc.clustering.spherical_kmeans |   Init 4/5: inertia=4.959852
2026-08-13 15:39:22 | DEBUG    | fgvc.clustering.spherical_kmeans |   Init 5/5: inertia=4.875581
2026-08-13 15:39:22 | DEBUG    | fgvc.clustering.spherical_kmeans |   Init 1/5: inertia=4.592363
2026-08-13 15:39:22 | DEBUG    | fgvc.clustering.spherical_kmeans |   Init 2/5: inertia=4.934611
2026-08-13 15:39:22 | DEBUG    | fgvc.clustering.spherical_kmeans |   Init 3/5: inertia=4.763932
2026-08-13 15:39:22 | DEBUG    | fgvc.clustering.spherical_kmeans |   Init 4/5: inertia=4.709816
2026-08-13 15:39:22 | DEBUG    | fgvc.clustering.spherical_kmeans |   Init 5/5: inertia=4.833362
2026-08-13 15:39:22 | DEBUG    | fgvc.clustering.spherical_kmeans |   Init 1/5: inertia=4.289496
2026-08-13 15:39:22 | DEBUG    | fgvc.clustering.spherical_kmeans |   Init 2/5: inertia=4.317272
2026-08-13 15:39:22 | DEBUG    | fgvc.clustering.spherical_kmeans |   Init 3/5: inertia=4.124474
2026-08-13 15:39:22 | DEBUG    | fgvc.clustering.spherical_kmeans |   Init 4/5: inertia=4.247521
2026-08-13 15:39:22 | DEBUG    | fgvc.clustering.spherical_kmeans |   Init 5/5: inertia=4.252883
2026-08-13 15:39:22 | DEBUG    | fgvc.clustering.spherical_kmeans | K selection: best_k=2 | scores={2: {'silhouette': 0.1494, 'compactness': 0.7895, 'score': 0.3115}, 3: {'silhouette': 0.0966, 'compactness': 0.8056, 'score': 0.2233}, 4: {'silhouette': 0.0644, 'compactness': 0.8163, 'score': 0.1438}, 5: {'silhouette': 0.0832, 'compactness': 0.835, 'score': 0.0921}}
2026-08-13 15:39:22 | DEBUG    | fgvc.clustering.spherical_kmeans |   Init 1/10: inertia=5.717104
2026-08-13 15:39:22 | DEBUG    | fgvc.clustering.spherical_kmeans |   Init 2/10: inertia=5.263064
2026-08-13 15:39:22 | DEBUG    | fgvc.clustering.spherical_kmeans |   Init 3/10: inertia=5.415406
2026-08-13 15:39:22 | DEBUG    | fgvc.clustering.spherical_kmeans |   Init 4/10: inertia=5.304008
2026-08-13 15:39:22 | DEBUG    | fgvc.clustering.spherical_kmeans |   Init 5/10: inertia=5.299057
2026-08-13 15:39:22 | DEBUG    | fgvc.clustering.spherical_kmeans |   Init 6/10: inertia=5.337656
2026-08-13 15:39:22 | DEBUG    | fgvc.clustering.spherical_kmeans |   Init 7/10: inertia=5.321989
2026-08-13 15:39:22 | DEBUG    | fgvc.clustering.spherical_kmeans |   Init 8/10: inertia=5.717137
2026-08-13 15:39:22 | DEBUG    | fgvc.clustering.spherical_kmeans |   Init 9/10: inertia=5.780614
2026-08-13 15:39:22 | DEBUG    | fgvc.clustering.spherical_kmeans |   Init 10/10: inertia=5.287440
2026-08-13 15:39:22 | INFO     | fgvc.clustering.spherical_kmeans |   [Forsters_Tern] k_selected=2 | k_effective=2 | min_cluster=10 | max_cluster=15
2026-08-13 15:39:22 | INFO     | fgvc.clustering.spherical_kmeans |   [Fox_Sparrow] 25 images
2026-08-13 15:39:22 | DEBUG    | fgvc.clustering.spherical_kmeans |   Init 1/5: inertia=3.216176
2026-08-13 15:39:22 | DEBUG    | fgvc.clustering.spherical_kmeans |   Init 2/5: inertia=3.575776
2026-08-13 15:39:22 | DEBUG    | fgvc.clustering.spherical_kmeans |   Init 3/5: inertia=3.366512
2026-08-13 15:39:22 | DEBUG    | fgvc.clustering.spherical_kmeans |   Init 4/5: inertia=3.241869
2026-08-13 15:39:22 | DEBUG    | fgvc.clustering.spherical_kmeans |   Init 5/5: inertia=3.242666
2026-08-13 15:39:22 | DEBUG    | fgvc.clustering.spherical_kmeans |   Init 1/5: inertia=2.992531
2026-08-13 15:39:22 | DEBUG    | fgvc.clustering.spherical_kmeans |   Init 2/5: inertia=2.860781
2026-08-13 15:39:22 | DEBUG    | fgvc.clustering.spherical_kmeans |   Init 3/5: inertia=2.881033
2026-08-13 15:39:22 | DEBUG    | fgvc.clustering.spherical_kmeans |   Init 4/5: inertia=3.022280
2026-08-13 15:39:22 | DEBUG    | fgvc.clustering.spherical_kmeans |   Init 5/5: inertia=2.998750
2026-08-13 15:39:22 | DEBUG    | fgvc.clustering.spherical_kmeans |   Init 1/5: inertia=2.800464
2026-08-13 15:39:22 | DEBUG    | fgvc.clustering.spherical_kmeans |   Init 2/5: inertia=2.843355
2026-08-13 15:39:22 | DEBUG    | fgvc.clustering.spherical_kmeans |   Init 3/5: inertia=2.866299
2026-08-13 15:39:22 | DEBUG    | fgvc.clustering.spherical_kmeans |   Init 4/5: inertia=2.723295
2026-08-13 15:39:22 | DEBUG    | fgvc.clustering.spherical_kmeans |   Init 5/5: inertia=2.561370
2026-08-13 15:39:22 | DEBUG    | fgvc.clustering.spherical_kmeans |   Init 1/5: inertia=2.409582
2026-08-13 15:39:22 | DEBUG    | fgvc.clustering.spherical_kmeans |   Init 2/5: inertia=2.683319
2026-08-13 15:39:22 | DEBUG    | fgvc.clustering.spherical_kmeans |   Init 3/5: inertia=2.561891
2026-08-13 15:39:22 | DEBUG    | fgvc.clustering.spherical_kmeans |   Init 4/5: inertia=2.382434
2026-08-13 15:39:22 | DEBUG    | fgvc.clustering.spherical_kmeans |   Init 5/5: inertia=2.567140
2026-08-13 15:39:22 | DEBUG    | fgvc.clustering.spherical_kmeans | K selection: best_k=2 | scores={2: {'silhouette': 0.2243, 'compactness': 0.8714, 'score': 0.3735}, 3: {'silhouette': 0.2462, 'compactness': 0.8856, 'score': 0.3221}, 4: {'silhouette': 0.2148, 'compactness': 0.8975, 'score': 0.2433}, 5: {'silhouette': 0.136, 'compactness': 0.9047, 'score': 0.1394}}
2026-08-13 15:39:22 | DEBUG    | fgvc.clustering.spherical_kmeans |   Init 1/10: inertia=3.216176
2026-08-13 15:39:22 | DEBUG    | fgvc.clustering.spherical_kmeans |   Init 2/10: inertia=3.575776
2026-08-13 15:39:22 | DEBUG    | fgvc.clustering.spherical_kmeans |   Init 3/10: inertia=3.366512
2026-08-13 15:39:22 | DEBUG    | fgvc.clustering.spherical_kmeans |   Init 4/10: inertia=3.241869
2026-08-13 15:39:22 | DEBUG    | fgvc.clustering.spherical_kmeans |   Init 5/10: inertia=3.242666
2026-08-13 15:39:22 | DEBUG    | fgvc.clustering.spherical_kmeans |   Init 6/10: inertia=3.222230
2026-08-13 15:39:22 | DEBUG    | fgvc.clustering.spherical_kmeans |   Init 7/10: inertia=3.233949
2026-08-13 15:39:22 | DEBUG    | fgvc.clustering.spherical_kmeans |   Init 8/10: inertia=3.241345
2026-08-13 15:39:22 | DEBUG    | fgvc.clustering.spherical_kmeans |   Init 9/10: inertia=3.369506
2026-08-13 15:39:22 | DEBUG    | fgvc.clustering.spherical_kmeans |   Init 10/10: inertia=3.218607
2026-08-13 15:39:22 | INFO     | fgvc.clustering.spherical_kmeans |   [Fox_Sparrow] k_selected=2 | k_effective=2 | min_cluster=9 | max_cluster=16
2026-08-13 15:39:22 | INFO     | fgvc.clustering.spherical_kmeans |   [Frigatebird] 25 images
2026-08-13 15:39:22 | DEBUG    | fgvc.clustering.spherical_kmeans |   Init 1/5: inertia=4.155565
2026-08-13 15:39:22 | DEBUG    | fgvc.clustering.spherical_kmeans |   Init 2/5: inertia=4.155565
2026-08-13 15:39:22 | DEBUG    | fgvc.clustering.spherical_kmeans |   Init 3/5: inertia=4.155565
2026-08-13 15:39:22 | DEBUG    | fgvc.clustering.spherical_kmeans |   Init 4/5: inertia=4.155565
2026-08-13 15:39:22 | DEBUG    | fgvc.clustering.spherical_kmeans |   Init 5/5: inertia=4.155565
2026-08-13 15:39:22 | DEBUG    | fgvc.clustering.spherical_kmeans |   Init 1/5: inertia=3.766742
2026-08-13 15:39:22 | DEBUG    | fgvc.clustering.spherical_kmeans |   Init 2/5: inertia=3.802357
2026-08-13 15:39:22 | DEBUG    | fgvc.clustering.spherical_kmeans |   Init 3/5: inertia=3.810931
2026-08-13 15:39:22 | DEBUG    | fgvc.clustering.spherical_kmeans |   Init 4/5: inertia=3.852068
2026-08-13 15:39:22 | DEBUG    | fgvc.clustering.spherical_kmeans |   Init 5/5: inertia=3.888591
2026-08-13 15:39:22 | DEBUG    | fgvc.clustering.spherical_kmeans |   Init 1/5: inertia=3.481853
2026-08-13 15:39:22 | DEBUG    | fgvc.clustering.spherical_kmeans |   Init 2/5: inertia=3.364197
2026-08-13 15:39:22 | DEBUG    | fgvc.clustering.spherical_kmeans |   Init 3/5: inertia=3.494158
2026-08-13 15:39:22 | DEBUG    | fgvc.clustering.spherical_kmeans |   Init 4/5: inertia=3.428418
2026-08-13 15:39:22 | DEBUG    | fgvc.clustering.spherical_kmeans |   Init 5/5: inertia=3.625163
2026-08-13 15:39:22 | DEBUG    | fgvc.clustering.spherical_kmeans |   Init 1/5: inertia=3.396534
2026-08-13 15:39:22 | DEBUG    | fgvc.clustering.spherical_kmeans |   Init 2/5: inertia=3.148497
2026-08-13 15:39:22 | DEBUG    | fgvc.clustering.spherical_kmeans |   Init 3/5: inertia=3.093307
2026-08-13 15:39:22 | DEBUG    | fgvc.clustering.spherical_kmeans |   Init 4/5: inertia=3.401299
2026-08-13 15:39:22 | DEBUG    | fgvc.clustering.spherical_kmeans |   Init 5/5: inertia=3.127947
2026-08-13 15:39:22 | DEBUG    | fgvc.clustering.spherical_kmeans | K selection: best_k=2 | scores={2: {'silhouette': 0.3665, 'compactness': 0.8338, 'score': 0.4334}, 3: {'silhouette': 0.2304, 'compactness': 0.8493, 'score': 0.3033}, 4: {'silhouette': 0.2043, 'compactness': 0.8654, 'score': 0.2284}, 5: {'silhouette': 0.1729, 'compactness': 0.8763, 'score': 0.1493}}
2026-08-13 15:39:22 | DEBUG    | fgvc.clustering.spherical_kmeans |   Init 1/10: inertia=4.155565
2026-08-13 15:39:22 | DEBUG    | fgvc.clustering.spherical_kmeans |   Init 2/10: inertia=4.155565
2026-08-13 15:39:22 | DEBUG    | fgvc.clustering.spherical_kmeans |   Init 3/10: inertia=4.155565
2026-08-13 15:39:22 | DEBUG    | fgvc.clustering.spherical_kmeans |   Init 4/10: inertia=4.155565
2026-08-13 15:39:22 | DEBUG    | fgvc.clustering.spherical_kmeans |   Init 5/10: inertia=4.155565
2026-08-13 15:39:22 | DEBUG    | fgvc.clustering.spherical_kmeans |   Init 6/10: inertia=4.155565
2026-08-13 15:39:22 | DEBUG    | fgvc.clustering.spherical_kmeans |   Init 7/10: inertia=4.155565
2026-08-13 15:39:22 | DEBUG    | fgvc.clustering.spherical_kmeans |   Init 8/10: inertia=4.155565
2026-08-13 15:39:22 | DEBUG    | fgvc.clustering.spherical_kmeans |   Init 9/10: inertia=4.155565
2026-08-13 15:39:22 | DEBUG    | fgvc.clustering.spherical_kmeans |   Init 10/10: inertia=5.462488
2026-08-13 15:39:22 | INFO     | fgvc.clustering.spherical_kmeans |   [Frigatebird] k_selected=2 | k_effective=2 | min_cluster=10 | max_cluster=15
2026-08-13 15:39:22 | INFO     | fgvc.clustering.spherical_kmeans |   [Gadwall] 25 images
2026-08-13 15:39:22 | DEBUG    | fgvc.clustering.spherical_kmeans |   Init 1/5: inertia=4.690098
2026-08-13 15:39:22 | DEBUG    | fgvc.clustering.spherical_kmeans |   Init 2/5: inertia=4.208935
2026-08-13 15:39:22 | DEBUG    | fgvc.clustering.spherical_kmeans |   Init 3/5: inertia=4.224927
2026-08-13 15:39:22 | DEBUG    | fgvc.clustering.spherical_kmeans |   Init 4/5: inertia=4.346254
2026-08-13 15:39:22 | DEBUG    | fgvc.clustering.spherical_kmeans |   Init 5/5: inertia=4.445961
2026-08-13 15:39:22 | DEBUG    | fgvc.clustering.spherical_kmeans |   Init 1/5: inertia=4.057732
2026-08-13 15:39:22 | DEBUG    | fgvc.clustering.spherical_kmeans |   Init 2/5: inertia=3.793109
2026-08-13 15:39:22 | DEBUG    | fgvc.clustering.spherical_kmeans |   Init 3/5: inertia=4.023665
2026-08-13 15:39:22 | DEBUG    | fgvc.clustering.spherical_kmeans |   Init 4/5: inertia=4.158110
2026-08-13 15:39:22 | DEBUG    | fgvc.clustering.spherical_kmeans |   Init 5/5: inertia=4.053116
2026-08-13 15:39:22 | DEBUG    | fgvc.clustering.spherical_kmeans |   Init 1/5: inertia=3.479106
2026-08-13 15:39:22 | DEBUG    | fgvc.clustering.spherical_kmeans |   Init 2/5: inertia=3.799390
2026-08-13 15:39:22 | DEBUG    | fgvc.clustering.spherical_kmeans |   Init 3/5: inertia=3.457224
2026-08-13 15:39:22 | DEBUG    | fgvc.clustering.spherical_kmeans |   Init 4/5: inertia=3.790538
2026-08-13 15:39:22 | DEBUG    | fgvc.clustering.spherical_kmeans |   Init 5/5: inertia=3.577550
2026-08-13 15:39:22 | DEBUG    | fgvc.clustering.spherical_kmeans |   Init 1/5: inertia=3.283996
2026-08-13 15:39:22 | DEBUG    | fgvc.clustering.spherical_kmeans |   Init 2/5: inertia=3.544706
2026-08-13 15:39:22 | DEBUG    | fgvc.clustering.spherical_kmeans |   Init 3/5: inertia=3.590034
2026-08-13 15:39:22 | DEBUG    | fgvc.clustering.spherical_kmeans |   Init 4/5: inertia=3.453345
2026-08-13 15:39:22 | DEBUG    | fgvc.clustering.spherical_kmeans |   Init 5/5: inertia=3.503484
2026-08-13 15:39:22 | DEBUG    | fgvc.clustering.spherical_kmeans | K selection: best_k=2 | scores={2: {'silhouette': 0.2952, 'compactness': 0.8316, 'score': 0.3971}, 3: {'silhouette': 0.1954, 'compactness': 0.8483, 'score': 0.2855}, 4: {'silhouette': 0.1525, 'compactness': 0.8617, 'score': 0.2014}, 5: {'silhouette': 0.0498, 'compactness': 0.8686, 'score': 0.0855}}
2026-08-13 15:39:22 | DEBUG    | fgvc.clustering.spherical_kmeans |   Init 1/10: inertia=4.690098
2026-08-13 15:39:22 | DEBUG    | fgvc.clustering.spherical_kmeans |   Init 2/10: inertia=4.208935
2026-08-13 15:39:22 | DEBUG    | fgvc.clustering.spherical_kmeans |   Init 3/10: inertia=4.224927
2026-08-13 15:39:22 | DEBUG    | fgvc.clustering.spherical_kmeans |   Init 4/10: inertia=4.346254
2026-08-13 15:39:22 | DEBUG    | fgvc.clustering.spherical_kmeans |   Init 5/10: inertia=4.445961
2026-08-13 15:39:22 | DEBUG    | fgvc.clustering.spherical_kmeans |   Init 6/10: inertia=4.240887
2026-08-13 15:39:22 | DEBUG    | fgvc.clustering.spherical_kmeans |   Init 7/10: inertia=4.382455
2026-08-13 15:39:22 | DEBUG    | fgvc.clustering.spherical_kmeans |   Init 8/10: inertia=4.403058
2026-08-13 15:39:22 | DEBUG    | fgvc.clustering.spherical_kmeans |   Init 9/10: inertia=4.208935
2026-08-13 15:39:22 | DEBUG    | fgvc.clustering.spherical_kmeans |   Init 10/10: inertia=4.402629
2026-08-13 15:39:22 | INFO     | fgvc.clustering.spherical_kmeans |   [Gadwall] k_selected=2 | k_effective=1 | min_cluster=25 | max_cluster=25
2026-08-13 15:39:22 | INFO     | fgvc.clustering.spherical_kmeans |   [Geococcyx] 25 images
2026-08-13 15:39:22 | DEBUG    | fgvc.clustering.spherical_kmeans |   Init 1/5: inertia=3.521354
2026-08-13 15:39:22 | DEBUG    | fgvc.clustering.spherical_kmeans |   Init 2/5: inertia=3.597415
2026-08-13 15:39:22 | DEBUG    | fgvc.clustering.spherical_kmeans |   Init 3/5: inertia=3.465216
2026-08-13 15:39:22 | DEBUG    | fgvc.clustering.spherical_kmeans |   Init 4/5: inertia=3.628716
2026-08-13 15:39:22 | DEBUG    | fgvc.clustering.spherical_kmeans |   Init 5/5: inertia=3.514952
2026-08-13 15:39:22 | DEBUG    | fgvc.clustering.spherical_kmeans |   Init 1/5: inertia=3.380459
2026-08-13 15:39:22 | DEBUG    | fgvc.clustering.spherical_kmeans |   Init 2/5: inertia=3.338972
2026-08-13 15:39:22 | DEBUG    | fgvc.clustering.spherical_kmeans |   Init 3/5: inertia=3.176285
2026-08-13 15:39:22 | DEBUG    | fgvc.clustering.spherical_kmeans |   Init 4/5: inertia=3.469642
2026-08-13 15:39:22 | DEBUG    | fgvc.clustering.spherical_kmeans |   Init 5/5: inertia=3.218007
2026-08-13 15:39:22 | DEBUG    | fgvc.clustering.spherical_kmeans |   Init 1/5: inertia=3.040357
2026-08-13 15:39:22 | DEBUG    | fgvc.clustering.spherical_kmeans |   Init 2/5: inertia=3.173897
2026-08-13 15:39:22 | DEBUG    | fgvc.clustering.spherical_kmeans |   Init 3/5: inertia=3.041460
2026-08-13 15:39:22 | DEBUG    | fgvc.clustering.spherical_kmeans |   Init 4/5: inertia=2.990439
2026-08-13 15:39:22 | DEBUG    | fgvc.clustering.spherical_kmeans |   Init 5/5: inertia=2.944427
2026-08-13 15:39:22 | DEBUG    | fgvc.clustering.spherical_kmeans |   Init 1/5: inertia=2.804006
2026-08-13 15:39:22 | DEBUG    | fgvc.clustering.spherical_kmeans |   Init 2/5: inertia=2.884020
2026-08-13 15:39:22 | DEBUG    | fgvc.clustering.spherical_kmeans |   Init 3/5: inertia=2.798337
2026-08-13 15:39:22 | DEBUG    | fgvc.clustering.spherical_kmeans |   Init 4/5: inertia=2.756451
2026-08-13 15:39:22 | DEBUG    | fgvc.clustering.spherical_kmeans |   Init 5/5: inertia=2.874235
2026-08-13 15:39:22 | DEBUG    | fgvc.clustering.spherical_kmeans | K selection: best_k=2 | scores={2: {'silhouette': 0.1309, 'compactness': 0.8614, 'score': 0.3239}, 3: {'silhouette': 0.0768, 'compactness': 0.8729, 'score': 0.2336}, 4: {'silhouette': 0.0728, 'compactness': 0.8822, 'score': 0.1677}, 5: {'silhouette': 0.0483, 'compactness': 0.8897, 'score': 0.0911}}
2026-08-13 15:39:22 | DEBUG    | fgvc.clustering.spherical_kmeans |   Init 1/10: inertia=3.521354
2026-08-13 15:39:22 | DEBUG    | fgvc.clustering.spherical_kmeans |   Init 2/10: inertia=3.597415
2026-08-13 15:39:22 | DEBUG    | fgvc.clustering.spherical_kmeans |   Init 3/10: inertia=3.465216
2026-08-13 15:39:22 | DEBUG    | fgvc.clustering.spherical_kmeans |   Init 4/10: inertia=3.628716
2026-08-13 15:39:22 | DEBUG    | fgvc.clustering.spherical_kmeans |   Init 5/10: inertia=3.514952
2026-08-13 15:39:22 | DEBUG    | fgvc.clustering.spherical_kmeans |   Init 6/10: inertia=3.618386
2026-08-13 15:39:22 | DEBUG    | fgvc.clustering.spherical_kmeans |   Init 7/10: inertia=3.672782
2026-08-13 15:39:22 | DEBUG    | fgvc.clustering.spherical_kmeans |   Init 8/10: inertia=3.554004
2026-08-13 15:39:22 | DEBUG    | fgvc.clustering.spherical_kmeans |   Init 9/10: inertia=3.656944
2026-08-13 15:39:22 | DEBUG    | fgvc.clustering.spherical_kmeans |   Init 10/10: inertia=3.386077
2026-08-13 15:39:22 | INFO     | fgvc.clustering.spherical_kmeans |   [Geococcyx] k_selected=2 | k_effective=2 | min_cluster=11 | max_cluster=14
2026-08-13 15:39:22 | INFO     | fgvc.clustering.spherical_kmeans |   [Glaucous_winged_Gull] 25 images
2026-08-13 15:39:22 | DEBUG    | fgvc.clustering.spherical_kmeans |   Init 1/5: inertia=5.602964
2026-08-13 15:39:22 | DEBUG    | fgvc.clustering.spherical_kmeans |   Init 2/5: inertia=5.610324
2026-08-13 15:39:22 | DEBUG    | fgvc.clustering.spherical_kmeans |   Init 3/5: inertia=5.483565
2026-08-13 15:39:22 | DEBUG    | fgvc.clustering.spherical_kmeans |   Init 4/5: inertia=5.252934
2026-08-13 15:39:22 | DEBUG    | fgvc.clustering.spherical_kmeans |   Init 5/5: inertia=5.345694
2026-08-13 15:39:22 | DEBUG    | fgvc.clustering.spherical_kmeans |   Init 1/5: inertia=5.163474
2026-08-13 15:39:22 | DEBUG    | fgvc.clustering.spherical_kmeans |   Init 2/5: inertia=4.961184
2026-08-13 15:39:22 | DEBUG    | fgvc.clustering.spherical_kmeans |   Init 3/5: inertia=5.079852
2026-08-13 15:39:22 | DEBUG    | fgvc.clustering.spherical_kmeans |   Init 4/5: inertia=5.074397
2026-08-13 15:39:22 | DEBUG    | fgvc.clustering.spherical_kmeans |   Init 5/5: inertia=4.787506
2026-08-13 15:39:22 | DEBUG    | fgvc.clustering.spherical_kmeans |   Init 1/5: inertia=4.588266
2026-08-13 15:39:22 | DEBUG    | fgvc.clustering.spherical_kmeans |   Init 2/5: inertia=4.509837
2026-08-13 15:39:22 | DEBUG    | fgvc.clustering.spherical_kmeans |   Init 3/5: inertia=4.712685
2026-08-13 15:39:22 | DEBUG    | fgvc.clustering.spherical_kmeans |   Init 4/5: inertia=4.439900
2026-08-13 15:39:22 | DEBUG    | fgvc.clustering.spherical_kmeans |   Init 5/5: inertia=4.508664
2026-08-13 15:39:22 | DEBUG    | fgvc.clustering.spherical_kmeans |   Init 1/5: inertia=4.258087
2026-08-13 15:39:22 | DEBUG    | fgvc.clustering.spherical_kmeans |   Init 2/5: inertia=4.149289
2026-08-13 15:39:22 | DEBUG    | fgvc.clustering.spherical_kmeans |   Init 3/5: inertia=4.229672
2026-08-13 15:39:22 | DEBUG    | fgvc.clustering.spherical_kmeans |   Init 4/5: inertia=4.118751
2026-08-13 15:39:22 | DEBUG    | fgvc.clustering.spherical_kmeans |   Init 5/5: inertia=4.311136
2026-08-13 15:39:22 | DEBUG    | fgvc.clustering.spherical_kmeans | K selection: best_k=2 | scores={2: {'silhouette': 0.2228, 'compactness': 0.7899, 'score': 0.3484}, 3: {'silhouette': 0.0867, 'compactness': 0.8085, 'score': 0.2193}, 4: {'silhouette': 0.0865, 'compactness': 0.8224, 'score': 0.1566}, 5: {'silhouette': 0.0535, 'compactness': 0.8352, 'score': 0.0773}}
2026-08-13 15:39:22 | DEBUG    | fgvc.clustering.spherical_kmeans |   Init 1/10: inertia=5.602964
2026-08-13 15:39:22 | DEBUG    | fgvc.clustering.spherical_kmeans |   Init 2/10: inertia=5.610324
2026-08-13 15:39:22 | DEBUG    | fgvc.clustering.spherical_kmeans |   Init 3/10: inertia=5.483565
2026-08-13 15:39:22 | DEBUG    | fgvc.clustering.spherical_kmeans |   Init 4/10: inertia=5.252934
2026-08-13 15:39:22 | DEBUG    | fgvc.clustering.spherical_kmeans |   Init 5/10: inertia=5.345694
2026-08-13 15:39:22 | DEBUG    | fgvc.clustering.spherical_kmeans |   Init 6/10: inertia=5.610411
2026-08-13 15:39:22 | DEBUG    | fgvc.clustering.spherical_kmeans |   Init 7/10: inertia=5.404953
2026-08-13 15:39:22 | DEBUG    | fgvc.clustering.spherical_kmeans |   Init 8/10: inertia=5.616467
2026-08-13 15:39:22 | DEBUG    | fgvc.clustering.spherical_kmeans |   Init 9/10: inertia=5.294164
2026-08-13 15:39:22 | DEBUG    | fgvc.clustering.spherical_kmeans |   Init 10/10: inertia=5.227668
2026-08-13 15:39:22 | INFO     | fgvc.clustering.spherical_kmeans |   [Glaucous_winged_Gull] k_selected=2 | k_effective=1 | min_cluster=25 | max_cluster=25
2026-08-13 15:39:22 | INFO     | fgvc.clustering.spherical_kmeans |   [Golden_winged_Warbler] 25 images
2026-08-13 15:39:22 | DEBUG    | fgvc.clustering.spherical_kmeans |   Init 1/5: inertia=3.553788
2026-08-13 15:39:22 | DEBUG    | fgvc.clustering.spherical_kmeans |   Init 2/5: inertia=3.621425
2026-08-13 15:39:22 | DEBUG    | fgvc.clustering.spherical_kmeans |   Init 3/5: inertia=3.436343
2026-08-13 15:39:22 | DEBUG    | fgvc.clustering.spherical_kmeans |   Init 4/5: inertia=3.421959
2026-08-13 15:39:22 | DEBUG    | fgvc.clustering.spherical_kmeans |   Init 5/5: inertia=3.491051
2026-08-13 15:39:22 | DEBUG    | fgvc.clustering.spherical_kmeans |   Init 1/5: inertia=3.305407
2026-08-13 15:39:22 | DEBUG    | fgvc.clustering.spherical_kmeans |   Init 2/5: inertia=3.377475
2026-08-13 15:39:22 | DEBUG    | fgvc.clustering.spherical_kmeans |   Init 3/5: inertia=3.266202
2026-08-13 15:39:22 | DEBUG    | fgvc.clustering.spherical_kmeans |   Init 4/5: inertia=3.341078
2026-08-13 15:39:22 | DEBUG    | fgvc.clustering.spherical_kmeans |   Init 5/5: inertia=3.163566
2026-08-13 15:39:22 | DEBUG    | fgvc.clustering.spherical_kmeans |   Init 1/5: inertia=3.097019
2026-08-13 15:39:22 | DEBUG    | fgvc.clustering.spherical_kmeans |   Init 2/5: inertia=3.014558
2026-08-13 15:39:22 | DEBUG    | fgvc.clustering.spherical_kmeans |   Init 3/5: inertia=3.017496
2026-08-13 15:39:22 | DEBUG    | fgvc.clustering.spherical_kmeans |   Init 4/5: inertia=3.044976
2026-08-13 15:39:22 | DEBUG    | fgvc.clustering.spherical_kmeans |   Init 5/5: inertia=3.080977
2026-08-13 15:39:22 | DEBUG    | fgvc.clustering.spherical_kmeans |   Init 1/5: inertia=2.834617
2026-08-13 15:39:22 | DEBUG    | fgvc.clustering.spherical_kmeans |   Init 2/5: inertia=2.833574
2026-08-13 15:39:22 | DEBUG    | fgvc.clustering.spherical_kmeans |   Init 3/5: inertia=2.851882
2026-08-13 15:39:22 | DEBUG    | fgvc.clustering.spherical_kmeans |   Init 4/5: inertia=2.739475
2026-08-13 15:39:23 | DEBUG    | fgvc.clustering.spherical_kmeans |   Init 5/5: inertia=2.774918
2026-08-13 15:39:23 | DEBUG    | fgvc.clustering.spherical_kmeans | K selection: best_k=2 | scores={2: {'silhouette': 0.1466, 'compactness': 0.8631, 'score': 0.3322}, 3: {'silhouette': 0.1815, 'compactness': 0.8735, 'score': 0.2861}, 4: {'silhouette': 0.0567, 'compactness': 0.8794, 'score': 0.1588}, 5: {'silhouette': 0.0764, 'compactness': 0.8904, 'score': 0.1053}}
2026-08-13 15:39:23 | DEBUG    | fgvc.clustering.spherical_kmeans |   Init 1/10: inertia=3.553788
2026-08-13 15:39:23 | DEBUG    | fgvc.clustering.spherical_kmeans |   Init 2/10: inertia=3.621425
2026-08-13 15:39:23 | DEBUG    | fgvc.clustering.spherical_kmeans |   Init 3/10: inertia=3.436343
2026-08-13 15:39:23 | DEBUG    | fgvc.clustering.spherical_kmeans |   Init 4/10: inertia=3.421959
2026-08-13 15:39:23 | DEBUG    | fgvc.clustering.spherical_kmeans |   Init 5/10: inertia=3.491051
2026-08-13 15:39:23 | DEBUG    | fgvc.clustering.spherical_kmeans |   Init 6/10: inertia=3.605735
2026-08-13 15:39:23 | DEBUG    | fgvc.clustering.spherical_kmeans |   Init 7/10: inertia=3.378988
2026-08-13 15:39:23 | DEBUG    | fgvc.clustering.spherical_kmeans |   Init 8/10: inertia=3.444266
2026-08-13 15:39:23 | DEBUG    | fgvc.clustering.spherical_kmeans |   Init 9/10: inertia=3.438423
2026-08-13 15:39:23 | DEBUG    | fgvc.clustering.spherical_kmeans |   Init 10/10: inertia=3.540926
2026-08-13 15:39:23 | INFO     | fgvc.clustering.spherical_kmeans |   [Golden_winged_Warbler] k_selected=2 | k_effective=2 | min_cluster=5 | max_cluster=20
2026-08-13 15:39:23 | INFO     | fgvc.clustering.spherical_kmeans |   [Grasshopper_Sparrow] 25 images
2026-08-13 15:39:23 | DEBUG    | fgvc.clustering.spherical_kmeans |   Init 1/5: inertia=5.904880
2026-08-13 15:39:23 | DEBUG    | fgvc.clustering.spherical_kmeans |   Init 2/5: inertia=5.877971
2026-08-13 15:39:23 | DEBUG    | fgvc.clustering.spherical_kmeans |   Init 3/5: inertia=5.986374
2026-08-13 15:39:23 | DEBUG    | fgvc.clustering.spherical_kmeans |   Init 4/5: inertia=5.908094
2026-08-13 15:39:23 | DEBUG    | fgvc.clustering.spherical_kmeans |   Init 5/5: inertia=5.884263
2026-08-13 15:39:23 | DEBUG    | fgvc.clustering.spherical_kmeans |   Init 1/5: inertia=5.449536
2026-08-13 15:39:23 | DEBUG    | fgvc.clustering.spherical_kmeans |   Init 2/5: inertia=5.588744
2026-08-13 15:39:23 | DEBUG    | fgvc.clustering.spherical_kmeans |   Init 3/5: inertia=5.563614
2026-08-13 15:39:23 | DEBUG    | fgvc.clustering.spherical_kmeans |   Init 4/5: inertia=5.617448
2026-08-13 15:39:23 | DEBUG    | fgvc.clustering.spherical_kmeans |   Init 5/5: inertia=5.487858
2026-08-13 15:39:23 | DEBUG    | fgvc.clustering.spherical_kmeans |   Init 1/5: inertia=5.153653
2026-08-13 15:39:23 | DEBUG    | fgvc.clustering.spherical_kmeans |   Init 2/5: inertia=5.109652
2026-08-13 15:39:23 | DEBUG    | fgvc.clustering.spherical_kmeans |   Init 3/5: inertia=4.950178
2026-08-13 15:39:23 | DEBUG    | fgvc.clustering.spherical_kmeans |   Init 4/5: inertia=4.954249
2026-08-13 15:39:23 | DEBUG    | fgvc.clustering.spherical_kmeans |   Init 5/5: inertia=5.334924
2026-08-13 15:39:23 | DEBUG    | fgvc.clustering.spherical_kmeans |   Init 1/5: inertia=4.714281
2026-08-13 15:39:23 | DEBUG    | fgvc.clustering.spherical_kmeans |   Init 2/5: inertia=4.682007
2026-08-13 15:39:23 | DEBUG    | fgvc.clustering.spherical_kmeans |   Init 3/5: inertia=4.667747
2026-08-13 15:39:23 | DEBUG    | fgvc.clustering.spherical_kmeans |   Init 4/5: inertia=4.991266
2026-08-13 15:39:23 | DEBUG    | fgvc.clustering.spherical_kmeans |   Init 5/5: inertia=4.596777
2026-08-13 15:39:23 | DEBUG    | fgvc.clustering.spherical_kmeans | K selection: best_k=2 | scores={2: {'silhouette': 0.0681, 'compactness': 0.7649, 'score': 0.2635}, 3: {'silhouette': 0.0562, 'compactness': 0.782, 'score': 0.196}, 4: {'silhouette': 0.0594, 'compactness': 0.802, 'score': 0.137}, 5: {'silhouette': 0.0558, 'compactness': 0.8161, 'score': 0.0727}}
2026-08-13 15:39:23 | DEBUG    | fgvc.clustering.spherical_kmeans |   Init 1/10: inertia=5.904880
2026-08-13 15:39:23 | DEBUG    | fgvc.clustering.spherical_kmeans |   Init 2/10: inertia=5.877971
2026-08-13 15:39:23 | DEBUG    | fgvc.clustering.spherical_kmeans |   Init 3/10: inertia=5.986374
2026-08-13 15:39:23 | DEBUG    | fgvc.clustering.spherical_kmeans |   Init 4/10: inertia=5.908094
2026-08-13 15:39:23 | DEBUG    | fgvc.clustering.spherical_kmeans |   Init 5/10: inertia=5.884263
2026-08-13 15:39:23 | DEBUG    | fgvc.clustering.spherical_kmeans |   Init 6/10: inertia=5.996451
2026-08-13 15:39:23 | DEBUG    | fgvc.clustering.spherical_kmeans |   Init 7/10: inertia=5.892850
2026-08-13 15:39:23 | DEBUG    | fgvc.clustering.spherical_kmeans |   Init 8/10: inertia=5.827737
2026-08-13 15:39:23 | DEBUG    | fgvc.clustering.spherical_kmeans |   Init 9/10: inertia=6.187780
2026-08-13 15:39:23 | DEBUG    | fgvc.clustering.spherical_kmeans |   Init 10/10: inertia=5.858011
2026-08-13 15:39:23 | INFO     | fgvc.clustering.spherical_kmeans |   [Grasshopper_Sparrow] k_selected=2 | k_effective=2 | min_cluster=5 | max_cluster=20
2026-08-13 15:39:23 | INFO     | fgvc.clustering.spherical_kmeans |   [Gray_Catbird] 25 images
2026-08-13 15:39:23 | DEBUG    | fgvc.clustering.spherical_kmeans |   Init 1/5: inertia=3.237220
2026-08-13 15:39:23 | DEBUG    | fgvc.clustering.spherical_kmeans |   Init 2/5: inertia=3.264357
2026-08-13 15:39:23 | DEBUG    | fgvc.clustering.spherical_kmeans |   Init 3/5: inertia=3.224751
2026-08-13 15:39:23 | DEBUG    | fgvc.clustering.spherical_kmeans |   Init 4/5: inertia=3.247469
2026-08-13 15:39:23 | DEBUG    | fgvc.clustering.spherical_kmeans |   Init 5/5: inertia=3.238065
2026-08-13 15:39:23 | DEBUG    | fgvc.clustering.spherical_kmeans |   Init 1/5: inertia=2.886278
2026-08-13 15:39:23 | DEBUG    | fgvc.clustering.spherical_kmeans |   Init 2/5: inertia=2.980249
2026-08-13 15:39:23 | DEBUG    | fgvc.clustering.spherical_kmeans |   Init 3/5: inertia=3.042525
2026-08-13 15:39:23 | DEBUG    | fgvc.clustering.spherical_kmeans |   Init 4/5: inertia=2.975233
2026-08-13 15:39:23 | DEBUG    | fgvc.clustering.spherical_kmeans |   Init 5/5: inertia=2.879742
2026-08-13 15:39:23 | DEBUG    | fgvc.clustering.spherical_kmeans |   Init 1/5: inertia=2.739316
2026-08-13 15:39:23 | DEBUG    | fgvc.clustering.spherical_kmeans |   Init 2/5: inertia=2.831405
2026-08-13 15:39:23 | DEBUG    | fgvc.clustering.spherical_kmeans |   Init 3/5: inertia=2.680933
2026-08-13 15:39:23 | DEBUG    | fgvc.clustering.spherical_kmeans |   Init 4/5: inertia=2.829146
2026-08-13 15:39:23 | DEBUG    | fgvc.clustering.spherical_kmeans |   Init 5/5: inertia=2.855424
2026-08-13 15:39:23 | DEBUG    | fgvc.clustering.spherical_kmeans |   Init 1/5: inertia=2.529451
2026-08-13 15:39:23 | DEBUG    | fgvc.clustering.spherical_kmeans |   Init 2/5: inertia=2.600590
2026-08-13 15:39:23 | DEBUG    | fgvc.clustering.spherical_kmeans |   Init 3/5: inertia=2.621239
2026-08-13 15:39:23 | DEBUG    | fgvc.clustering.spherical_kmeans |   Init 4/5: inertia=2.599448
2026-08-13 15:39:23 | DEBUG    | fgvc.clustering.spherical_kmeans |   Init 5/5: inertia=2.543566
2026-08-13 15:39:23 | DEBUG    | fgvc.clustering.spherical_kmeans | K selection: best_k=2 | scores={2: {'silhouette': 0.0916, 'compactness': 0.871, 'score': 0.3071}, 3: {'silhouette': 0.1181, 'compactness': 0.8848, 'score': 0.2578}, 4: {'silhouette': 0.0717, 'compactness': 0.8928, 'score': 0.1703}, 5: {'silhouette': 0.0586, 'compactness': 0.8988, 'score': 0.0989}}
2026-08-13 15:39:23 | DEBUG    | fgvc.clustering.spherical_kmeans |   Init 1/10: inertia=3.237220
2026-08-13 15:39:23 | DEBUG    | fgvc.clustering.spherical_kmeans |   Init 2/10: inertia=3.264357
2026-08-13 15:39:23 | DEBUG    | fgvc.clustering.spherical_kmeans |   Init 3/10: inertia=3.224751
2026-08-13 15:39:23 | DEBUG    | fgvc.clustering.spherical_kmeans |   Init 4/10: inertia=3.247469
2026-08-13 15:39:23 | DEBUG    | fgvc.clustering.spherical_kmeans |   Init 5/10: inertia=3.238065
2026-08-13 15:39:23 | DEBUG    | fgvc.clustering.spherical_kmeans |   Init 6/10: inertia=3.252496
2026-08-13 15:39:23 | DEBUG    | fgvc.clustering.spherical_kmeans |   Init 7/10: inertia=3.212089
2026-08-13 15:39:23 | DEBUG    | fgvc.clustering.spherical_kmeans |   Init 8/10: inertia=3.201180
2026-08-13 15:39:23 | DEBUG    | fgvc.clustering.spherical_kmeans |   Init 9/10: inertia=3.292725
2026-08-13 15:39:23 | DEBUG    | fgvc.clustering.spherical_kmeans |   Init 10/10: inertia=3.160108
2026-08-13 15:39:23 | INFO     | fgvc.clustering.spherical_kmeans |   [Gray_Catbird] k_selected=2 | k_effective=1 | min_cluster=25 | max_cluster=25
2026-08-13 15:39:23 | INFO     | fgvc.clustering.spherical_kmeans |   [Gray_Kingbird] 25 images
2026-08-13 15:39:23 | DEBUG    | fgvc.clustering.spherical_kmeans |   Init 1/5: inertia=4.726001
2026-08-13 15:39:23 | DEBUG    | fgvc.clustering.spherical_kmeans |   Init 2/5: inertia=4.650558
2026-08-13 15:39:23 | DEBUG    | fgvc.clustering.spherical_kmeans |   Init 3/5: inertia=4.743828
2026-08-13 15:39:23 | DEBUG    | fgvc.clustering.spherical_kmeans |   Init 4/5: inertia=4.767882
2026-08-13 15:39:23 | DEBUG    | fgvc.clustering.spherical_kmeans |   Init 5/5: inertia=4.827686
2026-08-13 15:39:23 | DEBUG    | fgvc.clustering.spherical_kmeans |   Init 1/5: inertia=4.300965
2026-08-13 15:39:23 | DEBUG    | fgvc.clustering.spherical_kmeans |   Init 2/5: inertia=4.379711
2026-08-13 15:39:23 | DEBUG    | fgvc.clustering.spherical_kmeans |   Init 3/5: inertia=4.467471
2026-08-13 15:39:23 | DEBUG    | fgvc.clustering.spherical_kmeans |   Init 4/5: inertia=4.349418
2026-08-13 15:39:23 | DEBUG    | fgvc.clustering.spherical_kmeans |   Init 5/5: inertia=4.275921
2026-08-13 15:39:23 | DEBUG    | fgvc.clustering.spherical_kmeans |   Init 1/5: inertia=4.081100
2026-08-13 15:39:23 | DEBUG    | fgvc.clustering.spherical_kmeans |   Init 2/5: inertia=4.009008
2026-08-13 15:39:23 | DEBUG    | fgvc.clustering.spherical_kmeans |   Init 3/5: inertia=3.967148
2026-08-13 15:39:23 | DEBUG    | fgvc.clustering.spherical_kmeans |   Init 4/5: inertia=4.128673
2026-08-13 15:39:23 | DEBUG    | fgvc.clustering.spherical_kmeans |   Init 5/5: inertia=4.249710
2026-08-13 15:39:23 | DEBUG    | fgvc.clustering.spherical_kmeans |   Init 1/5: inertia=3.722934
2026-08-13 15:39:23 | DEBUG    | fgvc.clustering.spherical_kmeans |   Init 2/5: inertia=3.765677
2026-08-13 15:39:23 | DEBUG    | fgvc.clustering.spherical_kmeans |   Init 3/5: inertia=3.736444
2026-08-13 15:39:23 | DEBUG    | fgvc.clustering.spherical_kmeans |   Init 4/5: inertia=3.698322
2026-08-13 15:39:23 | DEBUG    | fgvc.clustering.spherical_kmeans |   Init 5/5: inertia=3.825199
2026-08-13 15:39:23 | DEBUG    | fgvc.clustering.spherical_kmeans | K selection: best_k=2 | scores={2: {'silhouette': 0.0867, 'compactness': 0.814, 'score': 0.2876}, 3: {'silhouette': 0.0592, 'compactness': 0.829, 'score': 0.2116}, 4: {'silhouette': 0.0782, 'compactness': 0.8413, 'score': 0.1582}, 5: {'silhouette': 0.0434, 'compactness': 0.8521, 'score': 0.0773}}
2026-08-13 15:39:23 | DEBUG    | fgvc.clustering.spherical_kmeans |   Init 1/10: inertia=4.726001
2026-08-13 15:39:23 | DEBUG    | fgvc.clustering.spherical_kmeans |   Init 2/10: inertia=4.650558
2026-08-13 15:39:23 | DEBUG    | fgvc.clustering.spherical_kmeans |   Init 3/10: inertia=4.743828
2026-08-13 15:39:23 | DEBUG    | fgvc.clustering.spherical_kmeans |   Init 4/10: inertia=4.767882
2026-08-13 15:39:23 | DEBUG    | fgvc.clustering.spherical_kmeans |   Init 5/10: inertia=4.827686
2026-08-13 15:39:23 | DEBUG    | fgvc.clustering.spherical_kmeans |   Init 6/10: inertia=4.752508
2026-08-13 15:39:23 | DEBUG    | fgvc.clustering.spherical_kmeans |   Init 7/10: inertia=4.838975
2026-08-13 15:39:23 | DEBUG    | fgvc.clustering.spherical_kmeans |   Init 8/10: inertia=4.746477
2026-08-13 15:39:23 | DEBUG    | fgvc.clustering.spherical_kmeans |   Init 9/10: inertia=4.628199
2026-08-13 15:39:23 | DEBUG    | fgvc.clustering.spherical_kmeans |   Init 10/10: inertia=4.745836
2026-08-13 15:39:23 | INFO     | fgvc.clustering.spherical_kmeans |   [Gray_Kingbird] k_selected=2 | k_effective=2 | min_cluster=10 | max_cluster=15
2026-08-13 15:39:23 | INFO     | fgvc.clustering.spherical_kmeans |   [Gray_crowned_Rosy_Finch] 25 images
2026-08-13 15:39:23 | DEBUG    | fgvc.clustering.spherical_kmeans |   Init 1/5: inertia=4.441297
2026-08-13 15:39:23 | DEBUG    | fgvc.clustering.spherical_kmeans |   Init 2/5: inertia=4.416405
2026-08-13 15:39:23 | DEBUG    | fgvc.clustering.spherical_kmeans |   Init 3/5: inertia=4.420734
2026-08-13 15:39:23 | DEBUG    | fgvc.clustering.spherical_kmeans |   Init 4/5: inertia=4.581727
2026-08-13 15:39:23 | DEBUG    | fgvc.clustering.spherical_kmeans |   Init 5/5: inertia=4.425072
2026-08-13 15:39:23 | DEBUG    | fgvc.clustering.spherical_kmeans |   Init 1/5: inertia=4.076020
2026-08-13 15:39:23 | DEBUG    | fgvc.clustering.spherical_kmeans |   Init 2/5: inertia=4.190866
2026-08-13 15:39:23 | DEBUG    | fgvc.clustering.spherical_kmeans |   Init 3/5: inertia=4.161096
2026-08-13 15:39:23 | DEBUG    | fgvc.clustering.spherical_kmeans |   Init 4/5: inertia=4.110549
2026-08-13 15:39:23 | DEBUG    | fgvc.clustering.spherical_kmeans |   Init 5/5: inertia=4.203348
2026-08-13 15:39:23 | DEBUG    | fgvc.clustering.spherical_kmeans |   Init 1/5: inertia=3.777559
2026-08-13 15:39:23 | DEBUG    | fgvc.clustering.spherical_kmeans |   Init 2/5: inertia=3.890249
2026-08-13 15:39:23 | DEBUG    | fgvc.clustering.spherical_kmeans |   Init 3/5: inertia=3.895208
2026-08-13 15:39:23 | DEBUG    | fgvc.clustering.spherical_kmeans |   Init 4/5: inertia=3.858145
2026-08-13 15:39:23 | DEBUG    | fgvc.clustering.spherical_kmeans |   Init 5/5: inertia=3.797877
2026-08-13 15:39:23 | DEBUG    | fgvc.clustering.spherical_kmeans |   Init 1/5: inertia=3.429791
2026-08-13 15:39:23 | DEBUG    | fgvc.clustering.spherical_kmeans |   Init 2/5: inertia=3.435230
2026-08-13 15:39:23 | DEBUG    | fgvc.clustering.spherical_kmeans |   Init 3/5: inertia=3.557884
2026-08-13 15:39:23 | DEBUG    | fgvc.clustering.spherical_kmeans |   Init 4/5: inertia=3.647801
2026-08-13 15:39:23 | DEBUG    | fgvc.clustering.spherical_kmeans |   Init 5/5: inertia=3.530332
2026-08-13 15:39:23 | DEBUG    | fgvc.clustering.spherical_kmeans | K selection: best_k=2 | scores={2: {'silhouette': 0.1673, 'compactness': 0.8233, 'score': 0.3307}, 3: {'silhouette': 0.0795, 'compactness': 0.837, 'score': 0.2242}, 4: {'silhouette': 0.0575, 'compactness': 0.8489, 'score': 0.1501}, 5: {'silhouette': 0.0856, 'compactness': 0.8628, 'score': 0.1017}}
2026-08-13 15:39:23 | DEBUG    | fgvc.clustering.spherical_kmeans |   Init 1/10: inertia=4.441297
2026-08-13 15:39:23 | DEBUG    | fgvc.clustering.spherical_kmeans |   Init 2/10: inertia=4.416405
2026-08-13 15:39:23 | DEBUG    | fgvc.clustering.spherical_kmeans |   Init 3/10: inertia=4.420734
2026-08-13 15:39:23 | DEBUG    | fgvc.clustering.spherical_kmeans |   Init 4/10: inertia=4.581727
2026-08-13 15:39:23 | DEBUG    | fgvc.clustering.spherical_kmeans |   Init 5/10: inertia=4.425072
2026-08-13 15:39:23 | DEBUG    | fgvc.clustering.spherical_kmeans |   Init 6/10: inertia=4.539779
2026-08-13 15:39:23 | DEBUG    | fgvc.clustering.spherical_kmeans |   Init 7/10: inertia=4.444800
2026-08-13 15:39:23 | DEBUG    | fgvc.clustering.spherical_kmeans |   Init 8/10: inertia=4.512795
2026-08-13 15:39:23 | DEBUG    | fgvc.clustering.spherical_kmeans |   Init 9/10: inertia=4.462623
2026-08-13 15:39:23 | DEBUG    | fgvc.clustering.spherical_kmeans |   Init 10/10: inertia=4.459125
2026-08-13 15:39:23 | INFO     | fgvc.clustering.spherical_kmeans |   [Gray_crowned_Rosy_Finch] k_selected=2 | k_effective=1 | min_cluster=25 | max_cluster=25
2026-08-13 15:39:23 | INFO     | fgvc.clustering.spherical_kmeans |   [Great_Crested_Flycatcher] 25 images
2026-08-13 15:39:23 | DEBUG    | fgvc.clustering.spherical_kmeans |   Init 1/5: inertia=4.014126
2026-08-13 15:39:23 | DEBUG    | fgvc.clustering.spherical_kmeans |   Init 2/5: inertia=3.961651
2026-08-13 15:39:23 | DEBUG    | fgvc.clustering.spherical_kmeans |   Init 3/5: inertia=3.995333
2026-08-13 15:39:23 | DEBUG    | fgvc.clustering.spherical_kmeans |   Init 4/5: inertia=3.977026
2026-08-13 15:39:23 | DEBUG    | fgvc.clustering.spherical_kmeans |   Init 5/5: inertia=3.986665
2026-08-13 15:39:23 | DEBUG    | fgvc.clustering.spherical_kmeans |   Init 1/5: inertia=3.830672
2026-08-13 15:39:23 | DEBUG    | fgvc.clustering.spherical_kmeans |   Init 2/5: inertia=3.629092
2026-08-13 15:39:23 | DEBUG    | fgvc.clustering.spherical_kmeans |   Init 3/5: inertia=3.606872
2026-08-13 15:39:23 | DEBUG    | fgvc.clustering.spherical_kmeans |   Init 4/5: inertia=3.714733
2026-08-13 15:39:23 | DEBUG    | fgvc.clustering.spherical_kmeans |   Init 5/5: inertia=3.685593
2026-08-13 15:39:23 | DEBUG    | fgvc.clustering.spherical_kmeans |   Init 1/5: inertia=3.597579
2026-08-13 15:39:23 | DEBUG    | fgvc.clustering.spherical_kmeans |   Init 2/5: inertia=3.383332
2026-08-13 15:39:23 | DEBUG    | fgvc.clustering.spherical_kmeans |   Init 3/5: inertia=3.455249
2026-08-13 15:39:23 | DEBUG    | fgvc.clustering.spherical_kmeans |   Init 4/5: inertia=3.434579
2026-08-13 15:39:23 | DEBUG    | fgvc.clustering.spherical_kmeans |   Init 5/5: inertia=3.507267
2026-08-13 15:39:23 | DEBUG    | fgvc.clustering.spherical_kmeans |   Init 1/5: inertia=3.321823
2026-08-13 15:39:23 | DEBUG    | fgvc.clustering.spherical_kmeans |   Init 2/5: inertia=3.118253
2026-08-13 15:39:23 | DEBUG    | fgvc.clustering.spherical_kmeans |   Init 3/5: inertia=3.154891
2026-08-13 15:39:23 | DEBUG    | fgvc.clustering.spherical_kmeans |   Init 4/5: inertia=3.265201
2026-08-13 15:39:23 | DEBUG    | fgvc.clustering.spherical_kmeans |   Init 5/5: inertia=3.304934
2026-08-13 15:39:23 | DEBUG    | fgvc.clustering.spherical_kmeans | K selection: best_k=2 | scores={2: {'silhouette': 0.0959, 'compactness': 0.8415, 'score': 0.3004}, 3: {'silhouette': 0.1105, 'compactness': 0.8557, 'score': 0.2453}, 4: {'silhouette': 0.0512, 'compactness': 0.8647, 'score': 0.1517}, 5: {'silhouette': 0.0309, 'compactness': 0.8753, 'score': 0.078}}
2026-08-13 15:39:23 | DEBUG    | fgvc.clustering.spherical_kmeans |   Init 1/10: inertia=4.014126
2026-08-13 15:39:23 | DEBUG    | fgvc.clustering.spherical_kmeans |   Init 2/10: inertia=3.961651
2026-08-13 15:39:23 | DEBUG    | fgvc.clustering.spherical_kmeans |   Init 3/10: inertia=3.995333
2026-08-13 15:39:23 | DEBUG    | fgvc.clustering.spherical_kmeans |   Init 4/10: inertia=3.977026
2026-08-13 15:39:23 | DEBUG    | fgvc.clustering.spherical_kmeans |   Init 5/10: inertia=3.986665
2026-08-13 15:39:23 | DEBUG    | fgvc.clustering.spherical_kmeans |   Init 6/10: inertia=3.943285
2026-08-13 15:39:23 | DEBUG    | fgvc.clustering.spherical_kmeans |   Init 7/10: inertia=3.952980
2026-08-13 15:39:23 | DEBUG    | fgvc.clustering.spherical_kmeans |   Init 8/10: inertia=3.987399
2026-08-13 15:39:23 | DEBUG    | fgvc.clustering.spherical_kmeans |   Init 9/10: inertia=4.006474
2026-08-13 15:39:23 | DEBUG    | fgvc.clustering.spherical_kmeans |   Init 10/10: inertia=4.046961
2026-08-13 15:39:23 | INFO     | fgvc.clustering.spherical_kmeans |   [Great_Crested_Flycatcher] k_selected=2 | k_effective=2 | min_cluster=11 | max_cluster=14
2026-08-13 15:39:23 | INFO     | fgvc.clustering.spherical_kmeans |   [Great_Grey_Shrike] 25 images
2026-08-13 15:39:23 | DEBUG    | fgvc.clustering.spherical_kmeans |   Init 1/5: inertia=4.237811
2026-08-13 15:39:23 | DEBUG    | fgvc.clustering.spherical_kmeans |   Init 2/5: inertia=4.173388
2026-08-13 15:39:23 | DEBUG    | fgvc.clustering.spherical_kmeans |   Init 3/5: inertia=4.242872
2026-08-13 15:39:23 | DEBUG    | fgvc.clustering.spherical_kmeans |   Init 4/5: inertia=4.177813
2026-08-13 15:39:23 | DEBUG    | fgvc.clustering.spherical_kmeans |   Init 5/5: inertia=4.200703
2026-08-13 15:39:23 | DEBUG    | fgvc.clustering.spherical_kmeans |   Init 1/5: inertia=4.055589
2026-08-13 15:39:23 | DEBUG    | fgvc.clustering.spherical_kmeans |   Init 2/5: inertia=3.910042
2026-08-13 15:39:23 | DEBUG    | fgvc.clustering.spherical_kmeans |   Init 3/5: inertia=3.783471
2026-08-13 15:39:23 | DEBUG    | fgvc.clustering.spherical_kmeans |   Init 4/5: inertia=3.909708
2026-08-13 15:39:23 | DEBUG    | fgvc.clustering.spherical_kmeans |   Init 5/5: inertia=4.026580
2026-08-13 15:39:23 | DEBUG    | fgvc.clustering.spherical_kmeans |   Init 1/5: inertia=3.802513
2026-08-13 15:39:23 | DEBUG    | fgvc.clustering.spherical_kmeans |   Init 2/5: inertia=3.608915
2026-08-13 15:39:23 | DEBUG    | fgvc.clustering.spherical_kmeans |   Init 3/5: inertia=3.529031
2026-08-13 15:39:23 | DEBUG    | fgvc.clustering.spherical_kmeans |   Init 4/5: inertia=3.566596
2026-08-13 15:39:23 | DEBUG    | fgvc.clustering.spherical_kmeans |   Init 5/5: inertia=3.506014
2026-08-13 15:39:23 | DEBUG    | fgvc.clustering.spherical_kmeans |   Init 1/5: inertia=3.549940
2026-08-13 15:39:23 | DEBUG    | fgvc.clustering.spherical_kmeans |   Init 2/5: inertia=3.381558
2026-08-13 15:39:23 | DEBUG    | fgvc.clustering.spherical_kmeans |   Init 3/5: inertia=3.423892
2026-08-13 15:39:23 | DEBUG    | fgvc.clustering.spherical_kmeans |   Init 4/5: inertia=3.460207
2026-08-13 15:39:23 | DEBUG    | fgvc.clustering.spherical_kmeans |   Init 5/5: inertia=3.311242
2026-08-13 15:39:23 | DEBUG    | fgvc.clustering.spherical_kmeans | K selection: best_k=2 | scores={2: {'silhouette': 0.0573, 'compactness': 0.8331, 'score': 0.2786}, 3: {'silhouette': 0.0444, 'compactness': 0.8487, 'score': 0.2101}, 4: {'silhouette': 0.0467, 'compactness': 0.8598, 'score': 0.1479}, 5: {'silhouette': 0.0165, 'compactness': 0.8676, 'score': 0.0685}}
2026-08-13 15:39:23 | DEBUG    | fgvc.clustering.spherical_kmeans |   Init 1/10: inertia=4.237811
2026-08-13 15:39:23 | DEBUG    | fgvc.clustering.spherical_kmeans |   Init 2/10: inertia=4.173388
2026-08-13 15:39:23 | DEBUG    | fgvc.clustering.spherical_kmeans |   Init 3/10: inertia=4.242872
2026-08-13 15:39:23 | DEBUG    | fgvc.clustering.spherical_kmeans |   Init 4/10: inertia=4.177813
2026-08-13 15:39:23 | DEBUG    | fgvc.clustering.spherical_kmeans |   Init 5/10: inertia=4.200703
2026-08-13 15:39:23 | DEBUG    | fgvc.clustering.spherical_kmeans |   Init 6/10: inertia=4.199834
2026-08-13 15:39:23 | DEBUG    | fgvc.clustering.spherical_kmeans |   Init 7/10: inertia=4.133911
2026-08-13 15:39:23 | DEBUG    | fgvc.clustering.spherical_kmeans |   Init 8/10: inertia=4.272732
2026-08-13 15:39:23 | DEBUG    | fgvc.clustering.spherical_kmeans |   Init 9/10: inertia=4.193308
2026-08-13 15:39:23 | DEBUG    | fgvc.clustering.spherical_kmeans |   Init 10/10: inertia=4.170371
2026-08-13 15:39:23 | INFO     | fgvc.clustering.spherical_kmeans |   [Great_Grey_Shrike] k_selected=2 | k_effective=1 | min_cluster=25 | max_cluster=25
2026-08-13 15:39:23 | INFO     | fgvc.clustering.spherical_kmeans |   [Green_Jay] 25 images
2026-08-13 15:39:23 | DEBUG    | fgvc.clustering.spherical_kmeans |   Init 1/5: inertia=3.426166
2026-08-13 15:39:23 | DEBUG    | fgvc.clustering.spherical_kmeans |   Init 2/5: inertia=3.291860
2026-08-13 15:39:23 | DEBUG    | fgvc.clustering.spherical_kmeans |   Init 3/5: inertia=3.316319
2026-08-13 15:39:23 | DEBUG    | fgvc.clustering.spherical_kmeans |   Init 4/5: inertia=3.371857
2026-08-13 15:39:23 | DEBUG    | fgvc.clustering.spherical_kmeans |   Init 5/5: inertia=3.274573
2026-08-13 15:39:23 | DEBUG    | fgvc.clustering.spherical_kmeans |   Init 1/5: inertia=3.082484
2026-08-13 15:39:23 | DEBUG    | fgvc.clustering.spherical_kmeans |   Init 2/5: inertia=2.976607
2026-08-13 15:39:23 | DEBUG    | fgvc.clustering.spherical_kmeans |   Init 3/5: inertia=3.010319
2026-08-13 15:39:23 | DEBUG    | fgvc.clustering.spherical_kmeans |   Init 4/5: inertia=3.070573
2026-08-13 15:39:23 | DEBUG    | fgvc.clustering.spherical_kmeans |   Init 5/5: inertia=3.071321
2026-08-13 15:39:23 | DEBUG    | fgvc.clustering.spherical_kmeans |   Init 1/5: inertia=2.809930
2026-08-13 15:39:23 | DEBUG    | fgvc.clustering.spherical_kmeans |   Init 2/5: inertia=2.845638
2026-08-13 15:39:23 | DEBUG    | fgvc.clustering.spherical_kmeans |   Init 3/5: inertia=2.861805
2026-08-13 15:39:23 | DEBUG    | fgvc.clustering.spherical_kmeans |   Init 4/5: inertia=2.903344
2026-08-13 15:39:23 | DEBUG    | fgvc.clustering.spherical_kmeans |   Init 5/5: inertia=2.889047
2026-08-13 15:39:23 | DEBUG    | fgvc.clustering.spherical_kmeans |   Init 1/5: inertia=2.662303
2026-08-13 15:39:23 | DEBUG    | fgvc.clustering.spherical_kmeans |   Init 2/5: inertia=2.602738
2026-08-13 15:39:23 | DEBUG    | fgvc.clustering.spherical_kmeans |   Init 3/5: inertia=2.645023
2026-08-13 15:39:23 | DEBUG    | fgvc.clustering.spherical_kmeans |   Init 4/5: inertia=2.812515
2026-08-13 15:39:23 | DEBUG    | fgvc.clustering.spherical_kmeans |   Init 5/5: inertia=2.611663
2026-08-13 15:39:23 | DEBUG    | fgvc.clustering.spherical_kmeans | K selection: best_k=2 | scores={2: {'silhouette': 0.1333, 'compactness': 0.869, 'score': 0.3274}, 3: {'silhouette': 0.0885, 'compactness': 0.8809, 'score': 0.2418}, 4: {'silhouette': 0.0626, 'compactness': 0.8876, 'score': 0.1643}, 5: {'silhouette': 0.0484, 'compactness': 0.8959, 'score': 0.093}}
2026-08-13 15:39:23 | DEBUG    | fgvc.clustering.spherical_kmeans |   Init 1/10: inertia=3.426166
2026-08-13 15:39:23 | DEBUG    | fgvc.clustering.spherical_kmeans |   Init 2/10: inertia=3.291860
2026-08-13 15:39:23 | DEBUG    | fgvc.clustering.spherical_kmeans |   Init 3/10: inertia=3.316319
2026-08-13 15:39:23 | DEBUG    | fgvc.clustering.spherical_kmeans |   Init 4/10: inertia=3.371857
2026-08-13 15:39:23 | DEBUG    | fgvc.clustering.spherical_kmeans |   Init 5/10: inertia=3.274573
2026-08-13 15:39:23 | DEBUG    | fgvc.clustering.spherical_kmeans |   Init 6/10: inertia=3.276903
2026-08-13 15:39:23 | DEBUG    | fgvc.clustering.spherical_kmeans |   Init 7/10: inertia=3.239534
2026-08-13 15:39:23 | DEBUG    | fgvc.clustering.spherical_kmeans |   Init 8/10: inertia=3.306431
2026-08-13 15:39:23 | DEBUG    | fgvc.clustering.spherical_kmeans |   Init 9/10: inertia=3.274573
2026-08-13 15:39:23 | DEBUG    | fgvc.clustering.spherical_kmeans |   Init 10/10: inertia=3.276262
2026-08-13 15:39:23 | INFO     | fgvc.clustering.spherical_kmeans |   [Green_Jay] k_selected=2 | k_effective=2 | min_cluster=8 | max_cluster=17
2026-08-13 15:39:23 | INFO     | fgvc.clustering.spherical_kmeans |   [Green_Kingfisher] 25 images
2026-08-13 15:39:23 | DEBUG    | fgvc.clustering.spherical_kmeans |   Init 1/5: inertia=4.756999
2026-08-13 15:39:23 | DEBUG    | fgvc.clustering.spherical_kmeans |   Init 2/5: inertia=4.728598
2026-08-13 15:39:23 | DEBUG    | fgvc.clustering.spherical_kmeans |   Init 3/5: inertia=4.728598
2026-08-13 15:39:23 | DEBUG    | fgvc.clustering.spherical_kmeans |   Init 4/5: inertia=5.516537
2026-08-13 15:39:23 | DEBUG    | fgvc.clustering.spherical_kmeans |   Init 5/5: inertia=4.728598
2026-08-13 15:39:23 | DEBUG    | fgvc.clustering.spherical_kmeans |   Init 1/5: inertia=4.475764
2026-08-13 15:39:23 | DEBUG    | fgvc.clustering.spherical_kmeans |   Init 2/5: inertia=4.339897
2026-08-13 15:39:23 | DEBUG    | fgvc.clustering.spherical_kmeans |   Init 3/5: inertia=4.583472
2026-08-13 15:39:23 | DEBUG    | fgvc.clustering.spherical_kmeans |   Init 4/5: inertia=4.392404
2026-08-13 15:39:23 | DEBUG    | fgvc.clustering.spherical_kmeans |   Init 5/5: inertia=4.409442
2026-08-13 15:39:23 | DEBUG    | fgvc.clustering.spherical_kmeans |   Init 1/5: inertia=4.139970
2026-08-13 15:39:23 | DEBUG    | fgvc.clustering.spherical_kmeans |   Init 2/5: inertia=4.210326
2026-08-13 15:39:23 | DEBUG    | fgvc.clustering.spherical_kmeans |   Init 3/5: inertia=4.351723
2026-08-13 15:39:23 | DEBUG    | fgvc.clustering.spherical_kmeans |   Init 4/5: inertia=4.218714
2026-08-13 15:39:23 | DEBUG    | fgvc.clustering.spherical_kmeans |   Init 5/5: inertia=4.017123
2026-08-13 15:39:23 | DEBUG    | fgvc.clustering.spherical_kmeans |   Init 1/5: inertia=3.859414
2026-08-13 15:39:23 | DEBUG    | fgvc.clustering.spherical_kmeans |   Init 2/5: inertia=3.952071
2026-08-13 15:39:23 | DEBUG    | fgvc.clustering.spherical_kmeans |   Init 3/5: inertia=3.918362
2026-08-13 15:39:23 | DEBUG    | fgvc.clustering.spherical_kmeans |   Init 4/5: inertia=3.756980
2026-08-13 15:39:23 | DEBUG    | fgvc.clustering.spherical_kmeans |   Init 5/5: inertia=3.822144
2026-08-13 15:39:23 | DEBUG    | fgvc.clustering.spherical_kmeans | K selection: best_k=2 | scores={2: {'silhouette': 0.2275, 'compactness': 0.8109, 'score': 0.357}, 3: {'silhouette': 0.132, 'compactness': 0.8264, 'score': 0.2473}, 4: {'silhouette': 0.0972, 'compactness': 0.8393, 'score': 0.1671}, 5: {'silhouette': 0.1137, 'compactness': 0.8497, 'score': 0.1117}}
2026-08-13 15:39:23 | DEBUG    | fgvc.clustering.spherical_kmeans |   Init 1/10: inertia=4.756999
2026-08-13 15:39:23 | DEBUG    | fgvc.clustering.spherical_kmeans |   Init 2/10: inertia=4.728598
2026-08-13 15:39:23 | DEBUG    | fgvc.clustering.spherical_kmeans |   Init 3/10: inertia=4.728598
2026-08-13 15:39:23 | DEBUG    | fgvc.clustering.spherical_kmeans |   Init 4/10: inertia=5.516537
2026-08-13 15:39:23 | DEBUG    | fgvc.clustering.spherical_kmeans |   Init 5/10: inertia=4.728598
2026-08-13 15:39:23 | DEBUG    | fgvc.clustering.spherical_kmeans |   Init 6/10: inertia=4.765529
2026-08-13 15:39:23 | DEBUG    | fgvc.clustering.spherical_kmeans |   Init 7/10: inertia=4.746364
2026-08-13 15:39:23 | DEBUG    | fgvc.clustering.spherical_kmeans |   Init 8/10: inertia=4.728598
2026-08-13 15:39:23 | DEBUG    | fgvc.clustering.spherical_kmeans |   Init 9/10: inertia=4.961729
2026-08-13 15:39:23 | DEBUG    | fgvc.clustering.spherical_kmeans |   Init 10/10: inertia=4.746364
2026-08-13 15:39:23 | INFO     | fgvc.clustering.spherical_kmeans |   [Green_Kingfisher] k_selected=2 | k_effective=2 | min_cluster=10 | max_cluster=15
2026-08-13 15:39:23 | INFO     | fgvc.clustering.spherical_kmeans |   [Green_Violetear] 25 images
2026-08-13 15:39:23 | DEBUG    | fgvc.clustering.spherical_kmeans |   Init 1/5: inertia=2.897710
2026-08-13 15:39:23 | DEBUG    | fgvc.clustering.spherical_kmeans |   Init 2/5: inertia=2.963786
2026-08-13 15:39:23 | DEBUG    | fgvc.clustering.spherical_kmeans |   Init 3/5: inertia=2.898022
2026-08-13 15:39:23 | DEBUG    | fgvc.clustering.spherical_kmeans |   Init 4/5: inertia=3.001035
2026-08-13 15:39:23 | DEBUG    | fgvc.clustering.spherical_kmeans |   Init 5/5: inertia=2.949079
2026-08-13 15:39:23 | DEBUG    | fgvc.clustering.spherical_kmeans |   Init 1/5: inertia=2.669432
2026-08-13 15:39:23 | DEBUG    | fgvc.clustering.spherical_kmeans |   Init 2/5: inertia=2.623040
2026-08-13 15:39:23 | DEBUG    | fgvc.clustering.spherical_kmeans |   Init 3/5: inertia=2.584994
2026-08-13 15:39:23 | DEBUG    | fgvc.clustering.spherical_kmeans |   Init 4/5: inertia=2.576338
2026-08-13 15:39:23 | DEBUG    | fgvc.clustering.spherical_kmeans |   Init 5/5: inertia=2.409522
2026-08-13 15:39:23 | DEBUG    | fgvc.clustering.spherical_kmeans |   Init 1/5: inertia=2.524814
2026-08-13 15:39:23 | DEBUG    | fgvc.clustering.spherical_kmeans |   Init 2/5: inertia=2.522519
2026-08-13 15:39:23 | DEBUG    | fgvc.clustering.spherical_kmeans |   Init 3/5: inertia=2.367038
2026-08-13 15:39:23 | DEBUG    | fgvc.clustering.spherical_kmeans |   Init 4/5: inertia=2.411193
2026-08-13 15:39:23 | DEBUG    | fgvc.clustering.spherical_kmeans |   Init 5/5: inertia=2.421503
2026-08-13 15:39:23 | DEBUG    | fgvc.clustering.spherical_kmeans |   Init 1/5: inertia=2.385107
2026-08-13 15:39:23 | DEBUG    | fgvc.clustering.spherical_kmeans |   Init 2/5: inertia=2.384537
2026-08-13 15:39:23 | DEBUG    | fgvc.clustering.spherical_kmeans |   Init 3/5: inertia=2.042573
2026-08-13 15:39:23 | DEBUG    | fgvc.clustering.spherical_kmeans |   Init 4/5: inertia=2.169343
2026-08-13 15:39:23 | DEBUG    | fgvc.clustering.spherical_kmeans |   Init 5/5: inertia=2.148131
2026-08-13 15:39:23 | DEBUG    | fgvc.clustering.spherical_kmeans | K selection: best_k=2 | scores={2: {'silhouette': 0.1136, 'compactness': 0.8841, 'score': 0.322}, 3: {'silhouette': 0.0935, 'compactness': 0.9036, 'score': 0.2511}, 4: {'silhouette': 0.0556, 'compactness': 0.9053, 'score': 0.1661}, 5: {'silhouette': 0.0565, 'compactness': 0.9183, 'score': 0.1037}}
2026-08-13 15:39:23 | DEBUG    | fgvc.clustering.spherical_kmeans |   Init 1/10: inertia=2.897710
2026-08-13 15:39:23 | DEBUG    | fgvc.clustering.spherical_kmeans |   Init 2/10: inertia=2.963786
2026-08-13 15:39:23 | DEBUG    | fgvc.clustering.spherical_kmeans |   Init 3/10: inertia=2.898022
2026-08-13 15:39:23 | DEBUG    | fgvc.clustering.spherical_kmeans |   Init 4/10: inertia=3.001035
2026-08-13 15:39:23 | DEBUG    | fgvc.clustering.spherical_kmeans |   Init 5/10: inertia=2.949079
2026-08-13 15:39:23 | DEBUG    | fgvc.clustering.spherical_kmeans |   Init 6/10: inertia=2.899071
2026-08-13 15:39:23 | DEBUG    | fgvc.clustering.spherical_kmeans |   Init 7/10: inertia=2.708550
2026-08-13 15:39:23 | DEBUG    | fgvc.clustering.spherical_kmeans |   Init 8/10: inertia=2.893312
2026-08-13 15:39:23 | DEBUG    | fgvc.clustering.spherical_kmeans |   Init 9/10: inertia=3.001950
2026-08-13 15:39:23 | DEBUG    | fgvc.clustering.spherical_kmeans |   Init 10/10: inertia=2.932689
2026-08-13 15:39:23 | INFO     | fgvc.clustering.spherical_kmeans |   [Green_Violetear] k_selected=2 | k_effective=1 | min_cluster=25 | max_cluster=25
2026-08-13 15:39:23 | INFO     | fgvc.clustering.spherical_kmeans |   [Green_tailed_Towhee] 25 images
2026-08-13 15:39:23 | DEBUG    | fgvc.clustering.spherical_kmeans |   Init 1/5: inertia=3.375107
2026-08-13 15:39:23 | DEBUG    | fgvc.clustering.spherical_kmeans |   Init 2/5: inertia=3.466973
2026-08-13 15:39:23 | DEBUG    | fgvc.clustering.spherical_kmeans |   Init 3/5: inertia=3.431264
2026-08-13 15:39:23 | DEBUG    | fgvc.clustering.spherical_kmeans |   Init 4/5: inertia=3.402995
2026-08-13 15:39:23 | DEBUG    | fgvc.clustering.spherical_kmeans |   Init 5/5: inertia=3.541357
2026-08-13 15:39:23 | DEBUG    | fgvc.clustering.spherical_kmeans |   Init 1/5: inertia=3.153599
2026-08-13 15:39:23 | DEBUG    | fgvc.clustering.spherical_kmeans |   Init 2/5: inertia=3.134030
2026-08-13 15:39:23 | DEBUG    | fgvc.clustering.spherical_kmeans |   Init 3/5: inertia=3.281381
2026-08-13 15:39:23 | DEBUG    | fgvc.clustering.spherical_kmeans |   Init 4/5: inertia=3.200621
2026-08-13 15:39:23 | DEBUG    | fgvc.clustering.spherical_kmeans |   Init 5/5: inertia=3.109363
2026-08-13 15:39:23 | DEBUG    | fgvc.clustering.spherical_kmeans |   Init 1/5: inertia=2.796681
2026-08-13 15:39:23 | DEBUG    | fgvc.clustering.spherical_kmeans |   Init 2/5: inertia=2.877337
2026-08-13 15:39:23 | DEBUG    | fgvc.clustering.spherical_kmeans |   Init 3/5: inertia=2.872364
2026-08-13 15:39:23 | DEBUG    | fgvc.clustering.spherical_kmeans |   Init 4/5: inertia=2.899451
2026-08-13 15:39:23 | DEBUG    | fgvc.clustering.spherical_kmeans |   Init 5/5: inertia=2.857133
2026-08-13 15:39:23 | DEBUG    | fgvc.clustering.spherical_kmeans |   Init 1/5: inertia=2.558592
2026-08-13 15:39:23 | DEBUG    | fgvc.clustering.spherical_kmeans |   Init 2/5: inertia=2.563184
2026-08-13 15:39:23 | DEBUG    | fgvc.clustering.spherical_kmeans |   Init 3/5: inertia=2.695799
2026-08-13 15:39:23 | DEBUG    | fgvc.clustering.spherical_kmeans |   Init 4/5: inertia=2.711816
2026-08-13 15:39:23 | DEBUG    | fgvc.clustering.spherical_kmeans |   Init 5/5: inertia=2.660015
2026-08-13 15:39:23 | DEBUG    | fgvc.clustering.spherical_kmeans | K selection: best_k=2 | scores={2: {'silhouette': 0.1142, 'compactness': 0.865, 'score': 0.3166}, 3: {'silhouette': 0.1581, 'compactness': 0.8756, 'score': 0.2751}, 4: {'silhouette': 0.1467, 'compactness': 0.8881, 'score': 0.2064}, 5: {'silhouette': 0.1184, 'compactness': 0.8977, 'score': 0.1285}}
2026-08-13 15:39:23 | DEBUG    | fgvc.clustering.spherical_kmeans |   Init 1/10: inertia=3.375107
2026-08-13 15:39:23 | DEBUG    | fgvc.clustering.spherical_kmeans |   Init 2/10: inertia=3.466973
2026-08-13 15:39:23 | DEBUG    | fgvc.clustering.spherical_kmeans |   Init 3/10: inertia=3.431264
2026-08-13 15:39:23 | DEBUG    | fgvc.clustering.spherical_kmeans |   Init 4/10: inertia=3.402995
2026-08-13 15:39:23 | DEBUG    | fgvc.clustering.spherical_kmeans |   Init 5/10: inertia=3.541357
2026-08-13 15:39:23 | DEBUG    | fgvc.clustering.spherical_kmeans |   Init 6/10: inertia=3.488583
2026-08-13 15:39:23 | DEBUG    | fgvc.clustering.spherical_kmeans |   Init 7/10: inertia=3.471603
2026-08-13 15:39:23 | DEBUG    | fgvc.clustering.spherical_kmeans |   Init 8/10: inertia=3.512743
2026-08-13 15:39:23 | DEBUG    | fgvc.clustering.spherical_kmeans |   Init 9/10: inertia=3.509604
2026-08-13 15:39:23 | DEBUG    | fgvc.clustering.spherical_kmeans |   Init 10/10: inertia=3.354240
2026-08-13 15:39:23 | INFO     | fgvc.clustering.spherical_kmeans |   [Green_tailed_Towhee] k_selected=2 | k_effective=2 | min_cluster=8 | max_cluster=17
2026-08-13 15:39:23 | INFO     | fgvc.clustering.spherical_kmeans |   [Groove_billed_Ani] 25 images
2026-08-13 15:39:23 | DEBUG    | fgvc.clustering.spherical_kmeans |   Init 1/5: inertia=2.540066
2026-08-13 15:39:23 | DEBUG    | fgvc.clustering.spherical_kmeans |   Init 2/5: inertia=2.517159
2026-08-13 15:39:23 | DEBUG    | fgvc.clustering.spherical_kmeans |   Init 3/5: inertia=2.569865
2026-08-13 15:39:23 | DEBUG    | fgvc.clustering.spherical_kmeans |   Init 4/5: inertia=2.496984
2026-08-13 15:39:23 | DEBUG    | fgvc.clustering.spherical_kmeans |   Init 5/5: inertia=2.541884
2026-08-13 15:39:23 | DEBUG    | fgvc.clustering.spherical_kmeans |   Init 1/5: inertia=2.385198
2026-08-13 15:39:23 | DEBUG    | fgvc.clustering.spherical_kmeans |   Init 2/5: inertia=2.359919
2026-08-13 15:39:23 | DEBUG    | fgvc.clustering.spherical_kmeans |   Init 3/5: inertia=2.416510
2026-08-13 15:39:23 | DEBUG    | fgvc.clustering.spherical_kmeans |   Init 4/5: inertia=2.375091
2026-08-13 15:39:23 | DEBUG    | fgvc.clustering.spherical_kmeans |   Init 5/5: inertia=2.354056
2026-08-13 15:39:23 | DEBUG    | fgvc.clustering.spherical_kmeans |   Init 1/5: inertia=2.225051
2026-08-13 15:39:23 | DEBUG    | fgvc.clustering.spherical_kmeans |   Init 2/5: inertia=2.193811
2026-08-13 15:39:23 | DEBUG    | fgvc.clustering.spherical_kmeans |   Init 3/5: inertia=2.258384
2026-08-13 15:39:23 | DEBUG    | fgvc.clustering.spherical_kmeans |   Init 4/5: inertia=2.187537
2026-08-13 15:39:23 | DEBUG    | fgvc.clustering.spherical_kmeans |   Init 5/5: inertia=2.152690
2026-08-13 15:39:23 | DEBUG    | fgvc.clustering.spherical_kmeans |   Init 1/5: inertia=2.063218
2026-08-13 15:39:23 | DEBUG    | fgvc.clustering.spherical_kmeans |   Init 2/5: inertia=2.035917
2026-08-13 15:39:23 | DEBUG    | fgvc.clustering.spherical_kmeans |   Init 3/5: inertia=2.076365
2026-08-13 15:39:23 | DEBUG    | fgvc.clustering.spherical_kmeans |   Init 4/5: inertia=2.103909
2026-08-13 15:39:23 | DEBUG    | fgvc.clustering.spherical_kmeans |   Init 5/5: inertia=2.116375
2026-08-13 15:39:23 | DEBUG    | fgvc.clustering.spherical_kmeans | K selection: best_k=2 | scores={2: {'silhouette': 0.0821, 'compactness': 0.9001, 'score': 0.3111}, 3: {'silhouette': 0.0429, 'compactness': 0.9058, 'score': 0.2265}, 4: {'silhouette': 0.0815, 'compactness': 0.9139, 'score': 0.1816}, 5: {'silhouette': 0.0703, 'compactness': 0.9186, 'score': 0.1107}}
2026-08-13 15:39:23 | DEBUG    | fgvc.clustering.spherical_kmeans |   Init 1/10: inertia=2.540066
2026-08-13 15:39:23 | DEBUG    | fgvc.clustering.spherical_kmeans |   Init 2/10: inertia=2.517159
2026-08-13 15:39:23 | DEBUG    | fgvc.clustering.spherical_kmeans |   Init 3/10: inertia=2.569865
2026-08-13 15:39:23 | DEBUG    | fgvc.clustering.spherical_kmeans |   Init 4/10: inertia=2.496984
2026-08-13 15:39:23 | DEBUG    | fgvc.clustering.spherical_kmeans |   Init 5/10: inertia=2.541884
2026-08-13 15:39:23 | DEBUG    | fgvc.clustering.spherical_kmeans |   Init 6/10: inertia=2.517159
2026-08-13 15:39:23 | DEBUG    | fgvc.clustering.spherical_kmeans |   Init 7/10: inertia=2.499087
2026-08-13 15:39:23 | DEBUG    | fgvc.clustering.spherical_kmeans |   Init 8/10: inertia=2.591286
2026-08-13 15:39:23 | DEBUG    | fgvc.clustering.spherical_kmeans |   Init 9/10: inertia=2.517159
2026-08-13 15:39:23 | DEBUG    | fgvc.clustering.spherical_kmeans |   Init 10/10: inertia=2.507460
2026-08-13 15:39:23 | INFO     | fgvc.clustering.spherical_kmeans |   [Groove_billed_Ani] k_selected=2 | k_effective=2 | min_cluster=11 | max_cluster=14
2026-08-13 15:39:23 | INFO     | fgvc.clustering.spherical_kmeans |   [Harris_Sparrow] 25 images
2026-08-13 15:39:23 | DEBUG    | fgvc.clustering.spherical_kmeans |   Init 1/5: inertia=4.268731
2026-08-13 15:39:23 | DEBUG    | fgvc.clustering.spherical_kmeans |   Init 2/5: inertia=4.213219
2026-08-13 15:39:23 | DEBUG    | fgvc.clustering.spherical_kmeans |   Init 3/5: inertia=4.278466
2026-08-13 15:39:23 | DEBUG    | fgvc.clustering.spherical_kmeans |   Init 4/5: inertia=4.503814
2026-08-13 15:39:23 | DEBUG    | fgvc.clustering.spherical_kmeans |   Init 5/5: inertia=4.177901
2026-08-13 15:39:23 | DEBUG    | fgvc.clustering.spherical_kmeans |   Init 1/5: inertia=3.955540
2026-08-13 15:39:23 | DEBUG    | fgvc.clustering.spherical_kmeans |   Init 2/5: inertia=4.041862
2026-08-13 15:39:23 | DEBUG    | fgvc.clustering.spherical_kmeans |   Init 3/5: inertia=4.114420
2026-08-13 15:39:23 | DEBUG    | fgvc.clustering.spherical_kmeans |   Init 4/5: inertia=3.893786
2026-08-13 15:39:23 | DEBUG    | fgvc.clustering.spherical_kmeans |   Init 5/5: inertia=3.964509
2026-08-13 15:39:23 | DEBUG    | fgvc.clustering.spherical_kmeans |   Init 1/5: inertia=3.529765
2026-08-13 15:39:23 | DEBUG    | fgvc.clustering.spherical_kmeans |   Init 2/5: inertia=3.833134
2026-08-13 15:39:23 | DEBUG    | fgvc.clustering.spherical_kmeans |   Init 3/5: inertia=3.646265
2026-08-13 15:39:23 | DEBUG    | fgvc.clustering.spherical_kmeans |   Init 4/5: inertia=3.601377
2026-08-13 15:39:23 | DEBUG    | fgvc.clustering.spherical_kmeans |   Init 5/5: inertia=3.699361
2026-08-13 15:39:23 | DEBUG    | fgvc.clustering.spherical_kmeans |   Init 1/5: inertia=3.354802
2026-08-13 15:39:23 | DEBUG    | fgvc.clustering.spherical_kmeans |   Init 2/5: inertia=3.469159
2026-08-13 15:39:23 | DEBUG    | fgvc.clustering.spherical_kmeans |   Init 3/5: inertia=3.254065
2026-08-13 15:39:23 | DEBUG    | fgvc.clustering.spherical_kmeans |   Init 4/5: inertia=3.445003
2026-08-13 15:39:23 | DEBUG    | fgvc.clustering.spherical_kmeans |   Init 5/5: inertia=3.399415
2026-08-13 15:39:23 | DEBUG    | fgvc.clustering.spherical_kmeans | K selection: best_k=2 | scores={2: {'silhouette': 0.1798, 'compactness': 0.8329, 'score': 0.3397}, 3: {'silhouette': 0.1196, 'compactness': 0.8442, 'score': 0.2464}, 4: {'silhouette': 0.1077, 'compactness': 0.8588, 'score': 0.1782}, 5: {'silhouette': 0.1297, 'compactness': 0.8698, 'score': 0.1258}}
2026-08-13 15:39:23 | DEBUG    | fgvc.clustering.spherical_kmeans |   Init 1/10: inertia=4.268731
2026-08-13 15:39:23 | DEBUG    | fgvc.clustering.spherical_kmeans |   Init 2/10: inertia=4.213219
2026-08-13 15:39:23 | DEBUG    | fgvc.clustering.spherical_kmeans |   Init 3/10: inertia=4.278466
2026-08-13 15:39:23 | DEBUG    | fgvc.clustering.spherical_kmeans |   Init 4/10: inertia=4.503814
2026-08-13 15:39:23 | DEBUG    | fgvc.clustering.spherical_kmeans |   Init 5/10: inertia=4.177901
2026-08-13 15:39:23 | DEBUG    | fgvc.clustering.spherical_kmeans |   Init 6/10: inertia=4.278466
2026-08-13 15:39:23 | DEBUG    | fgvc.clustering.spherical_kmeans |   Init 7/10: inertia=4.239896
2026-08-13 15:39:23 | DEBUG    | fgvc.clustering.spherical_kmeans |   Init 8/10: inertia=4.601713
2026-08-13 15:39:23 | DEBUG    | fgvc.clustering.spherical_kmeans |   Init 9/10: inertia=4.213219
2026-08-13 15:39:23 | DEBUG    | fgvc.clustering.spherical_kmeans |   Init 10/10: inertia=4.264336
2026-08-13 15:39:23 | INFO     | fgvc.clustering.spherical_kmeans |   [Harris_Sparrow] k_selected=2 | k_effective=2 | min_cluster=9 | max_cluster=16
2026-08-13 15:39:23 | INFO     | fgvc.clustering.spherical_kmeans |   [Heermann_Gull] 25 images
2026-08-13 15:39:23 | DEBUG    | fgvc.clustering.spherical_kmeans |   Init 1/5: inertia=4.458042
2026-08-13 15:39:23 | DEBUG    | fgvc.clustering.spherical_kmeans |   Init 2/5: inertia=4.355039
2026-08-13 15:39:23 | DEBUG    | fgvc.clustering.spherical_kmeans |   Init 3/5: inertia=4.424349
2026-08-13 15:39:23 | DEBUG    | fgvc.clustering.spherical_kmeans |   Init 4/5: inertia=4.388307
2026-08-13 15:39:23 | DEBUG    | fgvc.clustering.spherical_kmeans |   Init 5/5: inertia=4.379225
2026-08-13 15:39:23 | DEBUG    | fgvc.clustering.spherical_kmeans |   Init 1/5: inertia=4.243035
2026-08-13 15:39:23 | DEBUG    | fgvc.clustering.spherical_kmeans |   Init 2/5: inertia=4.070924
2026-08-13 15:39:23 | DEBUG    | fgvc.clustering.spherical_kmeans |   Init 3/5: inertia=3.981877
2026-08-13 15:39:23 | DEBUG    | fgvc.clustering.spherical_kmeans |   Init 4/5: inertia=3.992577
2026-08-13 15:39:23 | DEBUG    | fgvc.clustering.spherical_kmeans |   Init 5/5: inertia=4.133136
2026-08-13 15:39:23 | DEBUG    | fgvc.clustering.spherical_kmeans |   Init 1/5: inertia=3.828103
2026-08-13 15:39:23 | DEBUG    | fgvc.clustering.spherical_kmeans |   Init 2/5: inertia=3.835721
2026-08-13 15:39:23 | DEBUG    | fgvc.clustering.spherical_kmeans |   Init 3/5: inertia=3.874705
2026-08-13 15:39:23 | DEBUG    | fgvc.clustering.spherical_kmeans |   Init 4/5: inertia=3.754985
2026-08-13 15:39:23 | DEBUG    | fgvc.clustering.spherical_kmeans |   Init 5/5: inertia=3.699946
2026-08-13 15:39:23 | DEBUG    | fgvc.clustering.spherical_kmeans |   Init 1/5: inertia=3.520072
2026-08-13 15:39:23 | DEBUG    | fgvc.clustering.spherical_kmeans |   Init 2/5: inertia=3.495141
2026-08-13 15:39:23 | DEBUG    | fgvc.clustering.spherical_kmeans |   Init 3/5: inertia=3.544970
2026-08-13 15:39:23 | DEBUG    | fgvc.clustering.spherical_kmeans |   Init 4/5: inertia=3.457103
2026-08-13 15:39:23 | DEBUG    | fgvc.clustering.spherical_kmeans |   Init 5/5: inertia=3.403049
2026-08-13 15:39:23 | DEBUG    | fgvc.clustering.spherical_kmeans | K selection: best_k=2 | scores={2: {'silhouette': 0.0866, 'compactness': 0.8258, 'score': 0.291}, 3: {'silhouette': 0.07, 'compactness': 0.8407, 'score': 0.2206}, 4: {'silhouette': 0.0672, 'compactness': 0.852, 'score': 0.1559}, 5: {'silhouette': 0.0233, 'compactness': 0.8639, 'score': 0.0708}}
2026-08-13 15:39:23 | DEBUG    | fgvc.clustering.spherical_kmeans |   Init 1/10: inertia=4.458042
2026-08-13 15:39:23 | DEBUG    | fgvc.clustering.spherical_kmeans |   Init 2/10: inertia=4.355039
2026-08-13 15:39:23 | DEBUG    | fgvc.clustering.spherical_kmeans |   Init 3/10: inertia=4.424349
2026-08-13 15:39:23 | DEBUG    | fgvc.clustering.spherical_kmeans |   Init 4/10: inertia=4.388307
2026-08-13 15:39:23 | DEBUG    | fgvc.clustering.spherical_kmeans |   Init 5/10: inertia=4.379225
2026-08-13 15:39:23 | DEBUG    | fgvc.clustering.spherical_kmeans |   Init 6/10: inertia=4.446214
2026-08-13 15:39:23 | DEBUG    | fgvc.clustering.spherical_kmeans |   Init 7/10: inertia=4.415125
2026-08-13 15:39:23 | DEBUG    | fgvc.clustering.spherical_kmeans |   Init 8/10: inertia=4.383925
2026-08-13 15:39:23 | DEBUG    | fgvc.clustering.spherical_kmeans |   Init 9/10: inertia=4.489630
2026-08-13 15:39:23 | DEBUG    | fgvc.clustering.spherical_kmeans |   Init 10/10: inertia=4.340542
2026-08-13 15:39:23 | INFO     | fgvc.clustering.spherical_kmeans |   [Heermann_Gull] k_selected=2 | k_effective=2 | min_cluster=7 | max_cluster=18
2026-08-13 15:39:23 | INFO     | fgvc.clustering.spherical_kmeans |   [Henslow_Sparrow] 25 images
2026-08-13 15:39:23 | DEBUG    | fgvc.clustering.spherical_kmeans |   Init 1/5: inertia=3.478074
2026-08-13 15:39:23 | DEBUG    | fgvc.clustering.spherical_kmeans |   Init 2/5: inertia=3.490019
2026-08-13 15:39:23 | DEBUG    | fgvc.clustering.spherical_kmeans |   Init 3/5: inertia=3.454204
2026-08-13 15:39:23 | DEBUG    | fgvc.clustering.spherical_kmeans |   Init 4/5: inertia=3.492397
2026-08-13 15:39:23 | DEBUG    | fgvc.clustering.spherical_kmeans |   Init 5/5: inertia=3.483380
2026-08-13 15:39:23 | DEBUG    | fgvc.clustering.spherical_kmeans |   Init 1/5: inertia=3.241924
2026-08-13 15:39:23 | DEBUG    | fgvc.clustering.spherical_kmeans |   Init 2/5: inertia=3.151380
2026-08-13 15:39:23 | DEBUG    | fgvc.clustering.spherical_kmeans |   Init 3/5: inertia=3.193872
2026-08-13 15:39:23 | DEBUG    | fgvc.clustering.spherical_kmeans |   Init 4/5: inertia=3.183465
2026-08-13 15:39:23 | DEBUG    | fgvc.clustering.spherical_kmeans |   Init 5/5: inertia=3.287278
2026-08-13 15:39:23 | DEBUG    | fgvc.clustering.spherical_kmeans |   Init 1/5: inertia=3.066196
2026-08-13 15:39:23 | DEBUG    | fgvc.clustering.spherical_kmeans |   Init 2/5: inertia=2.915625
2026-08-13 15:39:23 | DEBUG    | fgvc.clustering.spherical_kmeans |   Init 3/5: inertia=3.054831
2026-08-13 15:39:23 | DEBUG    | fgvc.clustering.spherical_kmeans |   Init 4/5: inertia=2.991086
2026-08-13 15:39:23 | DEBUG    | fgvc.clustering.spherical_kmeans |   Init 5/5: inertia=3.037623
2026-08-13 15:39:23 | DEBUG    | fgvc.clustering.spherical_kmeans |   Init 1/5: inertia=2.808475
2026-08-13 15:39:23 | DEBUG    | fgvc.clustering.spherical_kmeans |   Init 2/5: inertia=2.724139
2026-08-13 15:39:23 | DEBUG    | fgvc.clustering.spherical_kmeans |   Init 3/5: inertia=2.705943
2026-08-13 15:39:23 | DEBUG    | fgvc.clustering.spherical_kmeans |   Init 4/5: inertia=2.700620
2026-08-13 15:39:23 | DEBUG    | fgvc.clustering.spherical_kmeans |   Init 5/5: inertia=2.735435
2026-08-13 15:39:23 | DEBUG    | fgvc.clustering.spherical_kmeans | K selection: best_k=2 | scores={2: {'silhouette': 0.0777, 'compactness': 0.8618, 'score': 0.2974}, 3: {'silhouette': 0.0997, 'compactness': 0.8739, 'score': 0.2454}, 4: {'silhouette': 0.0756, 'compactness': 0.8834, 'score': 0.1695}, 5: {'silhouette': 0.0676, 'compactness': 0.892, 'score': 0.1014}}
2026-08-13 15:39:23 | DEBUG    | fgvc.clustering.spherical_kmeans |   Init 1/10: inertia=3.478074
2026-08-13 15:39:23 | DEBUG    | fgvc.clustering.spherical_kmeans |   Init 2/10: inertia=3.490019
2026-08-13 15:39:23 | DEBUG    | fgvc.clustering.spherical_kmeans |   Init 3/10: inertia=3.454204
2026-08-13 15:39:23 | DEBUG    | fgvc.clustering.spherical_kmeans |   Init 4/10: inertia=3.492397
2026-08-13 15:39:23 | DEBUG    | fgvc.clustering.spherical_kmeans |   Init 5/10: inertia=3.483380
2026-08-13 15:39:23 | DEBUG    | fgvc.clustering.spherical_kmeans |   Init 6/10: inertia=3.490277
2026-08-13 15:39:23 | DEBUG    | fgvc.clustering.spherical_kmeans |   Init 7/10: inertia=3.497806
2026-08-13 15:39:23 | DEBUG    | fgvc.clustering.spherical_kmeans |   Init 8/10: inertia=3.505232
2026-08-13 15:39:23 | DEBUG    | fgvc.clustering.spherical_kmeans |   Init 9/10: inertia=3.443980
2026-08-13 15:39:23 | DEBUG    | fgvc.clustering.spherical_kmeans |   Init 10/10: inertia=3.557907
2026-08-13 15:39:23 | INFO     | fgvc.clustering.spherical_kmeans |   [Henslow_Sparrow] k_selected=2 | k_effective=2 | min_cluster=9 | max_cluster=16
2026-08-13 15:39:23 | INFO     | fgvc.clustering.spherical_kmeans |   [Herring_Gull] 25 images
2026-08-13 15:39:23 | DEBUG    | fgvc.clustering.spherical_kmeans |   Init 1/5: inertia=6.422185
2026-08-13 15:39:23 | DEBUG    | fgvc.clustering.spherical_kmeans |   Init 2/5: inertia=6.100300
2026-08-13 15:39:23 | DEBUG    | fgvc.clustering.spherical_kmeans |   Init 3/5: inertia=6.336271
2026-08-13 15:39:23 | DEBUG    | fgvc.clustering.spherical_kmeans |   Init 4/5: inertia=6.165047
2026-08-13 15:39:23 | DEBUG    | fgvc.clustering.spherical_kmeans |   Init 5/5: inertia=6.123241
2026-08-13 15:39:23 | DEBUG    | fgvc.clustering.spherical_kmeans |   Init 1/5: inertia=5.463567
2026-08-13 15:39:23 | DEBUG    | fgvc.clustering.spherical_kmeans |   Init 2/5: inertia=5.451990
2026-08-13 15:39:23 | DEBUG    | fgvc.clustering.spherical_kmeans |   Init 3/5: inertia=5.740271
2026-08-13 15:39:23 | DEBUG    | fgvc.clustering.spherical_kmeans |   Init 4/5: inertia=5.866734
2026-08-13 15:39:23 | DEBUG    | fgvc.clustering.spherical_kmeans |   Init 5/5: inertia=5.522985
2026-08-13 15:39:23 | DEBUG    | fgvc.clustering.spherical_kmeans |   Init 1/5: inertia=5.101837
2026-08-13 15:39:23 | DEBUG    | fgvc.clustering.spherical_kmeans |   Init 2/5: inertia=5.112001
2026-08-13 15:39:23 | DEBUG    | fgvc.clustering.spherical_kmeans |   Init 3/5: inertia=5.133252
2026-08-13 15:39:23 | DEBUG    | fgvc.clustering.spherical_kmeans |   Init 4/5: inertia=5.274324
2026-08-13 15:39:23 | DEBUG    | fgvc.clustering.spherical_kmeans |   Init 5/5: inertia=5.176705
2026-08-13 15:39:23 | DEBUG    | fgvc.clustering.spherical_kmeans |   Init 1/5: inertia=4.697667
2026-08-13 15:39:23 | DEBUG    | fgvc.clustering.spherical_kmeans |   Init 2/5: inertia=4.612497
2026-08-13 15:39:23 | DEBUG    | fgvc.clustering.spherical_kmeans |   Init 3/5: inertia=4.812631
2026-08-13 15:39:23 | DEBUG    | fgvc.clustering.spherical_kmeans |   Init 4/5: inertia=4.719727
2026-08-13 15:39:23 | DEBUG    | fgvc.clustering.spherical_kmeans |   Init 5/5: inertia=5.163597
2026-08-13 15:39:23 | DEBUG    | fgvc.clustering.spherical_kmeans | K selection: best_k=2 | scores={2: {'silhouette': 0.1357, 'compactness': 0.756, 'score': 0.2946}, 3: {'silhouette': 0.1412, 'compactness': 0.7819, 'score': 0.2385}, 4: {'silhouette': 0.1149, 'compactness': 0.7959, 'score': 0.1629}, 5: {'silhouette': 0.0873, 'compactness': 0.8155, 'score': 0.0883}}
2026-08-13 15:39:23 | DEBUG    | fgvc.clustering.spherical_kmeans |   Init 1/10: inertia=6.422185
2026-08-13 15:39:23 | DEBUG    | fgvc.clustering.spherical_kmeans |   Init 2/10: inertia=6.100300
2026-08-13 15:39:23 | DEBUG    | fgvc.clustering.spherical_kmeans |   Init 3/10: inertia=6.336271
2026-08-13 15:39:23 | DEBUG    | fgvc.clustering.spherical_kmeans |   Init 4/10: inertia=6.165047
2026-08-13 15:39:23 | DEBUG    | fgvc.clustering.spherical_kmeans |   Init 5/10: inertia=6.123241
2026-08-13 15:39:23 | DEBUG    | fgvc.clustering.spherical_kmeans |   Init 6/10: inertia=6.295888
2026-08-13 15:39:23 | DEBUG    | fgvc.clustering.spherical_kmeans |   Init 7/10: inertia=6.245645
2026-08-13 15:39:23 | DEBUG    | fgvc.clustering.spherical_kmeans |   Init 8/10: inertia=6.373600
2026-08-13 15:39:23 | DEBUG    | fgvc.clustering.spherical_kmeans |   Init 9/10: inertia=6.516636
2026-08-13 15:39:23 | DEBUG    | fgvc.clustering.spherical_kmeans |   Init 10/10: inertia=6.128807
2026-08-13 15:39:23 | INFO     | fgvc.clustering.spherical_kmeans |   [Herring_Gull] k_selected=2 | k_effective=2 | min_cluster=11 | max_cluster=14
2026-08-13 15:39:23 | INFO     | fgvc.clustering.spherical_kmeans |   [Hooded_Merganser] 25 images
2026-08-13 15:39:23 | DEBUG    | fgvc.clustering.spherical_kmeans |   Init 1/5: inertia=2.805552
2026-08-13 15:39:23 | DEBUG    | fgvc.clustering.spherical_kmeans |   Init 2/5: inertia=2.834980
2026-08-13 15:39:23 | DEBUG    | fgvc.clustering.spherical_kmeans |   Init 3/5: inertia=2.800694
2026-08-13 15:39:23 | DEBUG    | fgvc.clustering.spherical_kmeans |   Init 4/5: inertia=2.878013
2026-08-13 15:39:23 | DEBUG    | fgvc.clustering.spherical_kmeans |   Init 5/5: inertia=2.834980
2026-08-13 15:39:23 | DEBUG    | fgvc.clustering.spherical_kmeans |   Init 1/5: inertia=2.652980
2026-08-13 15:39:23 | DEBUG    | fgvc.clustering.spherical_kmeans |   Init 2/5: inertia=2.494649
2026-08-13 15:39:23 | DEBUG    | fgvc.clustering.spherical_kmeans |   Init 3/5: inertia=2.508025
2026-08-13 15:39:23 | DEBUG    | fgvc.clustering.spherical_kmeans |   Init 4/5: inertia=2.578970
2026-08-13 15:39:23 | DEBUG    | fgvc.clustering.spherical_kmeans |   Init 5/5: inertia=2.578390
2026-08-13 15:39:23 | DEBUG    | fgvc.clustering.spherical_kmeans |   Init 1/5: inertia=2.437200
2026-08-13 15:39:23 | DEBUG    | fgvc.clustering.spherical_kmeans |   Init 2/5: inertia=2.419786
2026-08-13 15:39:23 | DEBUG    | fgvc.clustering.spherical_kmeans |   Init 3/5: inertia=2.390642
2026-08-13 15:39:23 | DEBUG    | fgvc.clustering.spherical_kmeans |   Init 4/5: inertia=2.336600
2026-08-13 15:39:23 | DEBUG    | fgvc.clustering.spherical_kmeans |   Init 5/5: inertia=2.294677
2026-08-13 15:39:23 | DEBUG    | fgvc.clustering.spherical_kmeans |   Init 1/5: inertia=2.174732
2026-08-13 15:39:23 | DEBUG    | fgvc.clustering.spherical_kmeans |   Init 2/5: inertia=2.107811
2026-08-13 15:39:23 | DEBUG    | fgvc.clustering.spherical_kmeans |   Init 3/5: inertia=2.162024
2026-08-13 15:39:23 | DEBUG    | fgvc.clustering.spherical_kmeans |   Init 4/5: inertia=2.287790
2026-08-13 15:39:23 | DEBUG    | fgvc.clustering.spherical_kmeans |   Init 5/5: inertia=2.153747
2026-08-13 15:39:23 | DEBUG    | fgvc.clustering.spherical_kmeans | K selection: best_k=2 | scores={2: {'silhouette': 0.3049, 'compactness': 0.888, 'score': 0.4189}, 3: {'silhouette': 0.0858, 'compactness': 0.9002, 'score': 0.2463}, 4: {'silhouette': 0.0704, 'compactness': 0.9082, 'score': 0.1743}, 5: {'silhouette': 0.0492, 'compactness': 0.9157, 'score': 0.0993}}
2026-08-13 15:39:23 | DEBUG    | fgvc.clustering.spherical_kmeans |   Init 1/10: inertia=2.805552
2026-08-13 15:39:23 | DEBUG    | fgvc.clustering.spherical_kmeans |   Init 2/10: inertia=2.834980
2026-08-13 15:39:23 | DEBUG    | fgvc.clustering.spherical_kmeans |   Init 3/10: inertia=2.800694
2026-08-13 15:39:23 | DEBUG    | fgvc.clustering.spherical_kmeans |   Init 4/10: inertia=2.878013
2026-08-13 15:39:23 | DEBUG    | fgvc.clustering.spherical_kmeans |   Init 5/10: inertia=2.834980
2026-08-13 15:39:23 | DEBUG    | fgvc.clustering.spherical_kmeans |   Init 6/10: inertia=2.834980
2026-08-13 15:39:23 | DEBUG    | fgvc.clustering.spherical_kmeans |   Init 7/10: inertia=2.705106
2026-08-13 15:39:23 | DEBUG    | fgvc.clustering.spherical_kmeans |   Init 8/10: inertia=2.873768
2026-08-13 15:39:23 | DEBUG    | fgvc.clustering.spherical_kmeans |   Init 9/10: inertia=2.730397
2026-08-13 15:39:23 | DEBUG    | fgvc.clustering.spherical_kmeans |   Init 10/10: inertia=2.740483
2026-08-13 15:39:23 | INFO     | fgvc.clustering.spherical_kmeans |   [Hooded_Merganser] k_selected=2 | k_effective=1 | min_cluster=25 | max_cluster=25
2026-08-13 15:39:23 | INFO     | fgvc.clustering.spherical_kmeans |   [Hooded_Oriole] 25 images
2026-08-13 15:39:23 | DEBUG    | fgvc.clustering.spherical_kmeans |   Init 1/5: inertia=3.420661
2026-08-13 15:39:23 | DEBUG    | fgvc.clustering.spherical_kmeans |   Init 2/5: inertia=3.420661
2026-08-13 15:39:23 | DEBUG    | fgvc.clustering.spherical_kmeans |   Init 3/5: inertia=4.302988
2026-08-13 15:39:23 | DEBUG    | fgvc.clustering.spherical_kmeans |   Init 4/5: inertia=3.420661
2026-08-13 15:39:23 | DEBUG    | fgvc.clustering.spherical_kmeans |   Init 5/5: inertia=4.295553
2026-08-13 15:39:23 | DEBUG    | fgvc.clustering.spherical_kmeans |   Init 1/5: inertia=3.179256
2026-08-13 15:39:23 | DEBUG    | fgvc.clustering.spherical_kmeans |   Init 2/5: inertia=3.150014
2026-08-13 15:39:23 | DEBUG    | fgvc.clustering.spherical_kmeans |   Init 3/5: inertia=3.146094
2026-08-13 15:39:23 | DEBUG    | fgvc.clustering.spherical_kmeans |   Init 4/5: inertia=3.178044
2026-08-13 15:39:23 | DEBUG    | fgvc.clustering.spherical_kmeans |   Init 5/5: inertia=3.163026
2026-08-13 15:39:23 | DEBUG    | fgvc.clustering.spherical_kmeans |   Init 1/5: inertia=3.022428
2026-08-13 15:39:23 | DEBUG    | fgvc.clustering.spherical_kmeans |   Init 2/5: inertia=3.026534
2026-08-13 15:39:23 | DEBUG    | fgvc.clustering.spherical_kmeans |   Init 3/5: inertia=2.984222
2026-08-13 15:39:23 | DEBUG    | fgvc.clustering.spherical_kmeans |   Init 4/5: inertia=2.921120
2026-08-13 15:39:23 | DEBUG    | fgvc.clustering.spherical_kmeans |   Init 5/5: inertia=2.971368
2026-08-13 15:39:23 | DEBUG    | fgvc.clustering.spherical_kmeans |   Init 1/5: inertia=2.857438
2026-08-13 15:39:23 | DEBUG    | fgvc.clustering.spherical_kmeans |   Init 2/5: inertia=2.812539
2026-08-13 15:39:23 | DEBUG    | fgvc.clustering.spherical_kmeans |   Init 3/5: inertia=2.791333
2026-08-13 15:39:23 | DEBUG    | fgvc.clustering.spherical_kmeans |   Init 4/5: inertia=2.997525
2026-08-13 15:39:23 | DEBUG    | fgvc.clustering.spherical_kmeans |   Init 5/5: inertia=2.795756
2026-08-13 15:39:23 | DEBUG    | fgvc.clustering.spherical_kmeans | K selection: best_k=2 | scores={2: {'silhouette': 0.3671, 'compactness': 0.8632, 'score': 0.4425}, 3: {'silhouette': 0.2048, 'compactness': 0.8742, 'score': 0.298}, 4: {'silhouette': 0.1314, 'compactness': 0.8832, 'score': 0.1973}, 5: {'silhouette': 0.107, 'compactness': 0.8883, 'score': 0.12}}
2026-08-13 15:39:23 | DEBUG    | fgvc.clustering.spherical_kmeans |   Init 1/10: inertia=3.420661
2026-08-13 15:39:23 | DEBUG    | fgvc.clustering.spherical_kmeans |   Init 2/10: inertia=3.420661
2026-08-13 15:39:23 | DEBUG    | fgvc.clustering.spherical_kmeans |   Init 3/10: inertia=4.302988
2026-08-13 15:39:23 | DEBUG    | fgvc.clustering.spherical_kmeans |   Init 4/10: inertia=3.420661
2026-08-13 15:39:23 | DEBUG    | fgvc.clustering.spherical_kmeans |   Init 5/10: inertia=4.295553
2026-08-13 15:39:23 | DEBUG    | fgvc.clustering.spherical_kmeans |   Init 6/10: inertia=3.420661
2026-08-13 15:39:23 | DEBUG    | fgvc.clustering.spherical_kmeans |   Init 7/10: inertia=3.420661
2026-08-13 15:39:23 | DEBUG    | fgvc.clustering.spherical_kmeans |   Init 8/10: inertia=3.420661
2026-08-13 15:39:23 | DEBUG    | fgvc.clustering.spherical_kmeans |   Init 9/10: inertia=3.420661
2026-08-13 15:39:23 | DEBUG    | fgvc.clustering.spherical_kmeans |   Init 10/10: inertia=3.420661
2026-08-13 15:39:23 | INFO     | fgvc.clustering.spherical_kmeans |   [Hooded_Oriole] k_selected=2 | k_effective=2 | min_cluster=7 | max_cluster=18
2026-08-13 15:39:23 | INFO     | fgvc.clustering.spherical_kmeans |   [Hooded_Warbler] 25 images
2026-08-13 15:39:23 | DEBUG    | fgvc.clustering.spherical_kmeans |   Init 1/5: inertia=3.421390
2026-08-13 15:39:23 | DEBUG    | fgvc.clustering.spherical_kmeans |   Init 2/5: inertia=3.421390
2026-08-13 15:39:23 | DEBUG    | fgvc.clustering.spherical_kmeans |   Init 3/5: inertia=3.988343
2026-08-13 15:39:23 | DEBUG    | fgvc.clustering.spherical_kmeans |   Init 4/5: inertia=3.421390
2026-08-13 15:39:23 | DEBUG    | fgvc.clustering.spherical_kmeans |   Init 5/5: inertia=3.421390
2026-08-13 15:39:23 | DEBUG    | fgvc.clustering.spherical_kmeans |   Init 1/5: inertia=3.379076
2026-08-13 15:39:23 | DEBUG    | fgvc.clustering.spherical_kmeans |   Init 2/5: inertia=3.194953
2026-08-13 15:39:23 | DEBUG    | fgvc.clustering.spherical_kmeans |   Init 3/5: inertia=3.205575
2026-08-13 15:39:23 | DEBUG    | fgvc.clustering.spherical_kmeans |   Init 4/5: inertia=3.480020
2026-08-13 15:39:23 | DEBUG    | fgvc.clustering.spherical_kmeans |   Init 5/5: inertia=3.331622
2026-08-13 15:39:23 | DEBUG    | fgvc.clustering.spherical_kmeans |   Init 1/5: inertia=2.670417
2026-08-13 15:39:23 | DEBUG    | fgvc.clustering.spherical_kmeans |   Init 2/5: inertia=2.977618
2026-08-13 15:39:23 | DEBUG    | fgvc.clustering.spherical_kmeans |   Init 3/5: inertia=2.670417
2026-08-13 15:39:23 | DEBUG    | fgvc.clustering.spherical_kmeans |   Init 4/5: inertia=2.933324
2026-08-13 15:39:23 | DEBUG    | fgvc.clustering.spherical_kmeans |   Init 5/5: inertia=3.107193
2026-08-13 15:39:23 | DEBUG    | fgvc.clustering.spherical_kmeans |   Init 1/5: inertia=2.472520
2026-08-13 15:39:23 | DEBUG    | fgvc.clustering.spherical_kmeans |   Init 2/5: inertia=2.787450
2026-08-13 15:39:23 | DEBUG    | fgvc.clustering.spherical_kmeans |   Init 3/5: inertia=2.952018
2026-08-13 15:39:23 | DEBUG    | fgvc.clustering.spherical_kmeans |   Init 4/5: inertia=2.591764
2026-08-13 15:39:23 | DEBUG    | fgvc.clustering.spherical_kmeans |   Init 5/5: inertia=2.941710
2026-08-13 15:39:23 | DEBUG    | fgvc.clustering.spherical_kmeans | K selection: best_k=2 | scores={2: {'silhouette': 0.3896, 'compactness': 0.8631, 'score': 0.4538}, 3: {'silhouette': 0.2129, 'compactness': 0.8722, 'score': 0.3014}, 4: {'silhouette': 0.373, 'compactness': 0.8932, 'score': 0.3211}, 5: {'silhouette': 0.2232, 'compactness': 0.9011, 'score': 0.1819}}
2026-08-13 15:39:23 | DEBUG    | fgvc.clustering.spherical_kmeans |   Init 1/10: inertia=3.421390
2026-08-13 15:39:23 | DEBUG    | fgvc.clustering.spherical_kmeans |   Init 2/10: inertia=3.421390
2026-08-13 15:39:23 | DEBUG    | fgvc.clustering.spherical_kmeans |   Init 3/10: inertia=3.988343
2026-08-13 15:39:23 | DEBUG    | fgvc.clustering.spherical_kmeans |   Init 4/10: inertia=3.421390
2026-08-13 15:39:23 | DEBUG    | fgvc.clustering.spherical_kmeans |   Init 5/10: inertia=3.421390
2026-08-13 15:39:23 | DEBUG    | fgvc.clustering.spherical_kmeans |   Init 6/10: inertia=3.988343
2026-08-13 15:39:23 | DEBUG    | fgvc.clustering.spherical_kmeans |   Init 7/10: inertia=4.228846
2026-08-13 15:39:23 | DEBUG    | fgvc.clustering.spherical_kmeans |   Init 8/10: inertia=3.868301
2026-08-13 15:39:23 | DEBUG    | fgvc.clustering.spherical_kmeans |   Init 9/10: inertia=3.421390
2026-08-13 15:39:23 | DEBUG    | fgvc.clustering.spherical_kmeans |   Init 10/10: inertia=3.505117
2026-08-13 15:39:23 | INFO     | fgvc.clustering.spherical_kmeans |   [Hooded_Warbler] k_selected=2 | k_effective=2 | min_cluster=6 | max_cluster=19
2026-08-13 15:39:23 | INFO     | fgvc.clustering.spherical_kmeans |   [Horned_Grebe] 25 images
2026-08-13 15:39:23 | DEBUG    | fgvc.clustering.spherical_kmeans |   Init 1/5: inertia=4.172488
2026-08-13 15:39:23 | DEBUG    | fgvc.clustering.spherical_kmeans |   Init 2/5: inertia=3.551361
2026-08-13 15:39:23 | DEBUG    | fgvc.clustering.spherical_kmeans |   Init 3/5: inertia=3.520671
2026-08-13 15:39:23 | DEBUG    | fgvc.clustering.spherical_kmeans |   Init 4/5: inertia=3.551361
2026-08-13 15:39:23 | DEBUG    | fgvc.clustering.spherical_kmeans |   Init 5/5: inertia=4.117196
2026-08-13 15:39:23 | DEBUG    | fgvc.clustering.spherical_kmeans |   Init 1/5: inertia=3.320172
2026-08-13 15:39:23 | DEBUG    | fgvc.clustering.spherical_kmeans |   Init 2/5: inertia=3.195961
2026-08-13 15:39:23 | DEBUG    | fgvc.clustering.spherical_kmeans |   Init 3/5: inertia=3.345544
2026-08-13 15:39:23 | DEBUG    | fgvc.clustering.spherical_kmeans |   Init 4/5: inertia=3.207154
2026-08-13 15:39:23 | DEBUG    | fgvc.clustering.spherical_kmeans |   Init 5/5: inertia=3.269138
2026-08-13 15:39:23 | DEBUG    | fgvc.clustering.spherical_kmeans |   Init 1/5: inertia=3.104077
2026-08-13 15:39:23 | DEBUG    | fgvc.clustering.spherical_kmeans |   Init 2/5: inertia=2.971678
2026-08-13 15:39:23 | DEBUG    | fgvc.clustering.spherical_kmeans |   Init 3/5: inertia=3.057761
2026-08-13 15:39:23 | DEBUG    | fgvc.clustering.spherical_kmeans |   Init 4/5: inertia=3.009049
2026-08-13 15:39:23 | DEBUG    | fgvc.clustering.spherical_kmeans |   Init 5/5: inertia=3.081136
2026-08-13 15:39:23 | DEBUG    | fgvc.clustering.spherical_kmeans |   Init 1/5: inertia=2.947233
2026-08-13 15:39:23 | DEBUG    | fgvc.clustering.spherical_kmeans |   Init 2/5: inertia=2.798728
2026-08-13 15:39:23 | DEBUG    | fgvc.clustering.spherical_kmeans |   Init 3/5: inertia=2.769737
2026-08-13 15:39:23 | DEBUG    | fgvc.clustering.spherical_kmeans |   Init 4/5: inertia=2.933756
2026-08-13 15:39:23 | DEBUG    | fgvc.clustering.spherical_kmeans |   Init 5/5: inertia=2.985861
2026-08-13 15:39:23 | DEBUG    | fgvc.clustering.spherical_kmeans | K selection: best_k=2 | scores={2: {'silhouette': 0.2588, 'compactness': 0.8592, 'score': 0.3872}, 3: {'silhouette': 0.212, 'compactness': 0.8722, 'score': 0.301}, 4: {'silhouette': 0.1676, 'compactness': 0.8811, 'score': 0.2148}, 5: {'silhouette': 0.0917, 'compactness': 0.8892, 'score': 0.1126}}
2026-08-13 15:39:23 | DEBUG    | fgvc.clustering.spherical_kmeans |   Init 1/10: inertia=4.172488
2026-08-13 15:39:23 | DEBUG    | fgvc.clustering.spherical_kmeans |   Init 2/10: inertia=3.551361
2026-08-13 15:39:23 | DEBUG    | fgvc.clustering.spherical_kmeans |   Init 3/10: inertia=3.520671
2026-08-13 15:39:23 | DEBUG    | fgvc.clustering.spherical_kmeans |   Init 4/10: inertia=3.551361
2026-08-13 15:39:23 | DEBUG    | fgvc.clustering.spherical_kmeans |   Init 5/10: inertia=4.117196
2026-08-13 15:39:23 | DEBUG    | fgvc.clustering.spherical_kmeans |   Init 6/10: inertia=3.522902
2026-08-13 15:39:23 | DEBUG    | fgvc.clustering.spherical_kmeans |   Init 7/10: inertia=3.531439
2026-08-13 15:39:23 | DEBUG    | fgvc.clustering.spherical_kmeans |   Init 8/10: inertia=3.531439
2026-08-13 15:39:23 | DEBUG    | fgvc.clustering.spherical_kmeans |   Init 9/10: inertia=3.531439
2026-08-13 15:39:23 | DEBUG    | fgvc.clustering.spherical_kmeans |   Init 10/10: inertia=3.558417
2026-08-13 15:39:23 | INFO     | fgvc.clustering.spherical_kmeans |   [Horned_Grebe] k_selected=2 | k_effective=2 | min_cluster=12 | max_cluster=13
2026-08-13 15:39:23 | INFO     | fgvc.clustering.spherical_kmeans |   [Horned_Lark] 25 images
2026-08-13 15:39:23 | DEBUG    | fgvc.clustering.spherical_kmeans |   Init 1/5: inertia=4.571392
2026-08-13 15:39:23 | DEBUG    | fgvc.clustering.spherical_kmeans |   Init 2/5: inertia=4.627140
2026-08-13 15:39:23 | DEBUG    | fgvc.clustering.spherical_kmeans |   Init 3/5: inertia=4.525075
2026-08-13 15:39:23 | DEBUG    | fgvc.clustering.spherical_kmeans |   Init 4/5: inertia=4.503313
2026-08-13 15:39:23 | DEBUG    | fgvc.clustering.spherical_kmeans |   Init 5/5: inertia=4.530418
2026-08-13 15:39:23 | DEBUG    | fgvc.clustering.spherical_kmeans |   Init 1/5: inertia=4.024814
2026-08-13 15:39:23 | DEBUG    | fgvc.clustering.spherical_kmeans |   Init 2/5: inertia=4.309980
2026-08-13 15:39:23 | DEBUG    | fgvc.clustering.spherical_kmeans |   Init 3/5: inertia=4.182836
2026-08-13 15:39:23 | DEBUG    | fgvc.clustering.spherical_kmeans |   Init 4/5: inertia=4.210295
2026-08-13 15:39:23 | DEBUG    | fgvc.clustering.spherical_kmeans |   Init 5/5: inertia=4.261626
2026-08-13 15:39:23 | DEBUG    | fgvc.clustering.spherical_kmeans |   Init 1/5: inertia=3.704252
2026-08-13 15:39:23 | DEBUG    | fgvc.clustering.spherical_kmeans |   Init 2/5: inertia=3.980985
2026-08-13 15:39:23 | DEBUG    | fgvc.clustering.spherical_kmeans |   Init 3/5: inertia=3.789313
2026-08-13 15:39:23 | DEBUG    | fgvc.clustering.spherical_kmeans |   Init 4/5: inertia=3.937371
2026-08-13 15:39:23 | DEBUG    | fgvc.clustering.spherical_kmeans |   Init 5/5: inertia=3.884351
2026-08-13 15:39:23 | DEBUG    | fgvc.clustering.spherical_kmeans |   Init 1/5: inertia=3.485205
2026-08-13 15:39:23 | DEBUG    | fgvc.clustering.spherical_kmeans |   Init 2/5: inertia=3.553185
2026-08-13 15:39:23 | DEBUG    | fgvc.clustering.spherical_kmeans |   Init 3/5: inertia=3.444970
2026-08-13 15:39:23 | DEBUG    | fgvc.clustering.spherical_kmeans |   Init 4/5: inertia=3.425856
2026-08-13 15:39:23 | DEBUG    | fgvc.clustering.spherical_kmeans |   Init 5/5: inertia=3.616122
2026-08-13 15:39:23 | DEBUG    | fgvc.clustering.spherical_kmeans | K selection: best_k=2 | scores={2: {'silhouette': 0.1474, 'compactness': 0.8199, 'score': 0.3196}, 3: {'silhouette': 0.1128, 'compactness': 0.839, 'score': 0.2415}, 4: {'silhouette': 0.1165, 'compactness': 0.8518, 'score': 0.1804}, 5: {'silhouette': 0.0779, 'compactness': 0.863, 'score': 0.0978}}
2026-08-13 15:39:23 | DEBUG    | fgvc.clustering.spherical_kmeans |   Init 1/10: inertia=4.571392
2026-08-13 15:39:23 | DEBUG    | fgvc.clustering.spherical_kmeans |   Init 2/10: inertia=4.627140
2026-08-13 15:39:23 | DEBUG    | fgvc.clustering.spherical_kmeans |   Init 3/10: inertia=4.525075
2026-08-13 15:39:23 | DEBUG    | fgvc.clustering.spherical_kmeans |   Init 4/10: inertia=4.503313
2026-08-13 15:39:23 | DEBUG    | fgvc.clustering.spherical_kmeans |   Init 5/10: inertia=4.530418
2026-08-13 15:39:23 | DEBUG    | fgvc.clustering.spherical_kmeans |   Init 6/10: inertia=4.532557
2026-08-13 15:39:23 | DEBUG    | fgvc.clustering.spherical_kmeans |   Init 7/10: inertia=4.518652
2026-08-13 15:39:23 | DEBUG    | fgvc.clustering.spherical_kmeans |   Init 8/10: inertia=4.664417
2026-08-13 15:39:23 | DEBUG    | fgvc.clustering.spherical_kmeans |   Init 9/10: inertia=4.665960
2026-08-13 15:39:23 | DEBUG    | fgvc.clustering.spherical_kmeans |   Init 10/10: inertia=4.648123
2026-08-13 15:39:23 | INFO     | fgvc.clustering.spherical_kmeans |   [Horned_Lark] k_selected=2 | k_effective=2 | min_cluster=6 | max_cluster=19
2026-08-13 15:39:23 | INFO     | fgvc.clustering.spherical_kmeans |   [Horned_Puffin] 25 images
2026-08-13 15:39:23 | DEBUG    | fgvc.clustering.spherical_kmeans |   Init 1/5: inertia=3.277003
2026-08-13 15:39:23 | DEBUG    | fgvc.clustering.spherical_kmeans |   Init 2/5: inertia=3.313272
2026-08-13 15:39:23 | DEBUG    | fgvc.clustering.spherical_kmeans |   Init 3/5: inertia=3.370656
2026-08-13 15:39:23 | DEBUG    | fgvc.clustering.spherical_kmeans |   Init 4/5: inertia=3.280485
2026-08-13 15:39:23 | DEBUG    | fgvc.clustering.spherical_kmeans |   Init 5/5: inertia=3.280485
2026-08-13 15:39:23 | DEBUG    | fgvc.clustering.spherical_kmeans |   Init 1/5: inertia=3.085752
2026-08-13 15:39:23 | DEBUG    | fgvc.clustering.spherical_kmeans |   Init 2/5: inertia=3.012570
2026-08-13 15:39:23 | DEBUG    | fgvc.clustering.spherical_kmeans |   Init 3/5: inertia=2.949991
2026-08-13 15:39:23 | DEBUG    | fgvc.clustering.spherical_kmeans |   Init 4/5: inertia=2.988376
2026-08-13 15:39:23 | DEBUG    | fgvc.clustering.spherical_kmeans |   Init 5/5: inertia=2.989977
2026-08-13 15:39:23 | DEBUG    | fgvc.clustering.spherical_kmeans |   Init 1/5: inertia=2.784660
2026-08-13 15:39:23 | DEBUG    | fgvc.clustering.spherical_kmeans |   Init 2/5: inertia=2.755388
2026-08-13 15:39:23 | DEBUG    | fgvc.clustering.spherical_kmeans |   Init 3/5: inertia=2.624412
2026-08-13 15:39:23 | DEBUG    | fgvc.clustering.spherical_kmeans |   Init 4/5: inertia=2.785600
2026-08-13 15:39:23 | DEBUG    | fgvc.clustering.spherical_kmeans |   Init 5/5: inertia=2.691422
2026-08-13 15:39:23 | DEBUG    | fgvc.clustering.spherical_kmeans |   Init 1/5: inertia=2.635448
2026-08-13 15:39:23 | DEBUG    | fgvc.clustering.spherical_kmeans |   Init 2/5: inertia=2.484914
2026-08-13 15:39:23 | DEBUG    | fgvc.clustering.spherical_kmeans |   Init 3/5: inertia=2.608928
2026-08-13 15:39:23 | DEBUG    | fgvc.clustering.spherical_kmeans |   Init 4/5: inertia=2.553991
2026-08-13 15:39:23 | DEBUG    | fgvc.clustering.spherical_kmeans |   Init 5/5: inertia=2.662351
2026-08-13 15:39:23 | DEBUG    | fgvc.clustering.spherical_kmeans | K selection: best_k=2 | scores={2: {'silhouette': 0.0875, 'compactness': 0.8689, 'score': 0.3045}, 3: {'silhouette': 0.0955, 'compactness': 0.882, 'score': 0.2457}, 4: {'silhouette': 0.181, 'compactness': 0.895, 'score': 0.2257}, 5: {'silhouette': 0.0803, 'compactness': 0.9006, 'score': 0.1103}}
2026-08-13 15:39:23 | DEBUG    | fgvc.clustering.spherical_kmeans |   Init 1/10: inertia=3.277003
2026-08-13 15:39:23 | DEBUG    | fgvc.clustering.spherical_kmeans |   Init 2/10: inertia=3.313272
2026-08-13 15:39:23 | DEBUG    | fgvc.clustering.spherical_kmeans |   Init 3/10: inertia=3.370656
2026-08-13 15:39:23 | DEBUG    | fgvc.clustering.spherical_kmeans |   Init 4/10: inertia=3.280485
2026-08-13 15:39:23 | DEBUG    | fgvc.clustering.spherical_kmeans |   Init 5/10: inertia=3.280485
2026-08-13 15:39:23 | DEBUG    | fgvc.clustering.spherical_kmeans |   Init 6/10: inertia=3.349554
2026-08-13 15:39:23 | DEBUG    | fgvc.clustering.spherical_kmeans |   Init 7/10: inertia=3.352953
2026-08-13 15:39:23 | DEBUG    | fgvc.clustering.spherical_kmeans |   Init 8/10: inertia=3.344605
2026-08-13 15:39:23 | DEBUG    | fgvc.clustering.spherical_kmeans |   Init 9/10: inertia=3.360766
2026-08-13 15:39:23 | DEBUG    | fgvc.clustering.spherical_kmeans |   Init 10/10: inertia=3.379955
2026-08-13 15:39:23 | INFO     | fgvc.clustering.spherical_kmeans |   [Horned_Puffin] k_selected=2 | k_effective=2 | min_cluster=11 | max_cluster=14
2026-08-13 15:39:23 | INFO     | fgvc.clustering.spherical_kmeans |   [House_Sparrow] 25 images
2026-08-13 15:39:23 | DEBUG    | fgvc.clustering.spherical_kmeans |   Init 1/5: inertia=4.247145
2026-08-13 15:39:23 | DEBUG    | fgvc.clustering.spherical_kmeans |   Init 2/5: inertia=3.667662
2026-08-13 15:39:23 | DEBUG    | fgvc.clustering.spherical_kmeans |   Init 3/5: inertia=3.667662
2026-08-13 15:39:23 | DEBUG    | fgvc.clustering.spherical_kmeans |   Init 4/5: inertia=3.643118
2026-08-13 15:39:23 | DEBUG    | fgvc.clustering.spherical_kmeans |   Init 5/5: inertia=3.667662
2026-08-13 15:39:23 | DEBUG    | fgvc.clustering.spherical_kmeans |   Init 1/5: inertia=3.918040
2026-08-13 15:39:23 | DEBUG    | fgvc.clustering.spherical_kmeans |   Init 2/5: inertia=3.360494
2026-08-13 15:39:23 | DEBUG    | fgvc.clustering.spherical_kmeans |   Init 3/5: inertia=3.451014
2026-08-13 15:39:23 | DEBUG    | fgvc.clustering.spherical_kmeans |   Init 4/5: inertia=3.680110
2026-08-13 15:39:23 | DEBUG    | fgvc.clustering.spherical_kmeans |   Init 5/5: inertia=3.428798
2026-08-13 15:39:23 | DEBUG    | fgvc.clustering.spherical_kmeans |   Init 1/5: inertia=3.088939
2026-08-13 15:39:23 | DEBUG    | fgvc.clustering.spherical_kmeans |   Init 2/5: inertia=3.141739
2026-08-13 15:39:23 | DEBUG    | fgvc.clustering.spherical_kmeans |   Init 3/5: inertia=3.223225
2026-08-13 15:39:23 | DEBUG    | fgvc.clustering.spherical_kmeans |   Init 4/5: inertia=3.112998
2026-08-13 15:39:23 | DEBUG    | fgvc.clustering.spherical_kmeans |   Init 5/5: inertia=3.126624
2026-08-13 15:39:23 | DEBUG    | fgvc.clustering.spherical_kmeans |   Init 1/5: inertia=2.827492
2026-08-13 15:39:23 | DEBUG    | fgvc.clustering.spherical_kmeans |   Init 2/5: inertia=2.924513
2026-08-13 15:39:23 | DEBUG    | fgvc.clustering.spherical_kmeans |   Init 3/5: inertia=2.979029
2026-08-13 15:39:23 | DEBUG    | fgvc.clustering.spherical_kmeans |   Init 4/5: inertia=2.880021
2026-08-13 15:39:23 | DEBUG    | fgvc.clustering.spherical_kmeans |   Init 5/5: inertia=3.082766
2026-08-13 15:39:23 | DEBUG    | fgvc.clustering.spherical_kmeans | K selection: best_k=2 | scores={2: {'silhouette': 0.3129, 'compactness': 0.8543, 'score': 0.4127}, 3: {'silhouette': 0.2382, 'compactness': 0.8656, 'score': 0.3121}, 4: {'silhouette': 0.1153, 'compactness': 0.8764, 'score': 0.1873}, 5: {'silhouette': 0.1018, 'compactness': 0.8869, 'score': 0.117}}
2026-08-13 15:39:23 | DEBUG    | fgvc.clustering.spherical_kmeans |   Init 1/10: inertia=4.247145
2026-08-13 15:39:23 | DEBUG    | fgvc.clustering.spherical_kmeans |   Init 2/10: inertia=3.667662
2026-08-13 15:39:23 | DEBUG    | fgvc.clustering.spherical_kmeans |   Init 3/10: inertia=3.667662
2026-08-13 15:39:23 | DEBUG    | fgvc.clustering.spherical_kmeans |   Init 4/10: inertia=3.643118
2026-08-13 15:39:23 | DEBUG    | fgvc.clustering.spherical_kmeans |   Init 5/10: inertia=3.667662
2026-08-13 15:39:23 | DEBUG    | fgvc.clustering.spherical_kmeans |   Init 6/10: inertia=3.667662
2026-08-13 15:39:23 | DEBUG    | fgvc.clustering.spherical_kmeans |   Init 7/10: inertia=4.100526
2026-08-13 15:39:23 | DEBUG    | fgvc.clustering.spherical_kmeans |   Init 8/10: inertia=3.617421
2026-08-13 15:39:23 | DEBUG    | fgvc.clustering.spherical_kmeans |   Init 9/10: inertia=3.643118
2026-08-13 15:39:23 | DEBUG    | fgvc.clustering.spherical_kmeans |   Init 10/10: inertia=3.617421
2026-08-13 15:39:23 | INFO     | fgvc.clustering.spherical_kmeans |   [House_Sparrow] k_selected=2 | k_effective=2 | min_cluster=6 | max_cluster=19
2026-08-13 15:39:23 | INFO     | fgvc.clustering.spherical_kmeans |   [House_Wren] 25 images
2026-08-13 15:39:23 | DEBUG    | fgvc.clustering.spherical_kmeans |   Init 1/5: inertia=3.971838
2026-08-13 15:39:23 | DEBUG    | fgvc.clustering.spherical_kmeans |   Init 2/5: inertia=3.858592
2026-08-13 15:39:23 | DEBUG    | fgvc.clustering.spherical_kmeans |   Init 3/5: inertia=3.835976
2026-08-13 15:39:23 | DEBUG    | fgvc.clustering.spherical_kmeans |   Init 4/5: inertia=3.871984
2026-08-13 15:39:23 | DEBUG    | fgvc.clustering.spherical_kmeans |   Init 5/5: inertia=3.909536
2026-08-13 15:39:23 | DEBUG    | fgvc.clustering.spherical_kmeans |   Init 1/5: inertia=3.621384
2026-08-13 15:39:23 | DEBUG    | fgvc.clustering.spherical_kmeans |   Init 2/5: inertia=3.553035
2026-08-13 15:39:23 | DEBUG    | fgvc.clustering.spherical_kmeans |   Init 3/5: inertia=3.739816
2026-08-13 15:39:23 | DEBUG    | fgvc.clustering.spherical_kmeans |   Init 4/5: inertia=3.743260
2026-08-13 15:39:23 | DEBUG    | fgvc.clustering.spherical_kmeans |   Init 5/5: inertia=3.763503
2026-08-13 15:39:23 | DEBUG    | fgvc.clustering.spherical_kmeans |   Init 1/5: inertia=3.361560
2026-08-13 15:39:23 | DEBUG    | fgvc.clustering.spherical_kmeans |   Init 2/5: inertia=3.376550
2026-08-13 15:39:23 | DEBUG    | fgvc.clustering.spherical_kmeans |   Init 3/5: inertia=3.299205
2026-08-13 15:39:23 | DEBUG    | fgvc.clustering.spherical_kmeans |   Init 4/5: inertia=3.463228
2026-08-13 15:39:23 | DEBUG    | fgvc.clustering.spherical_kmeans |   Init 5/5: inertia=3.476591
2026-08-13 15:39:23 | DEBUG    | fgvc.clustering.spherical_kmeans |   Init 1/5: inertia=3.167465
2026-08-13 15:39:23 | DEBUG    | fgvc.clustering.spherical_kmeans |   Init 2/5: inertia=3.179725
2026-08-13 15:39:23 | DEBUG    | fgvc.clustering.spherical_kmeans |   Init 3/5: inertia=3.077288
2026-08-13 15:39:23 | DEBUG    | fgvc.clustering.spherical_kmeans |   Init 4/5: inertia=3.127486
2026-08-13 15:39:23 | DEBUG    | fgvc.clustering.spherical_kmeans |   Init 5/5: inertia=3.160904
2026-08-13 15:39:23 | DEBUG    | fgvc.clustering.spherical_kmeans | K selection: best_k=2 | scores={2: {'silhouette': 0.0949, 'compactness': 0.8466, 'score': 0.3014}, 3: {'silhouette': 0.1178, 'compactness': 0.8579, 'score': 0.2496}, 4: {'silhouette': 0.0748, 'compactness': 0.868, 'score': 0.1645}, 5: {'silhouette': 0.0466, 'compactness': 0.8769, 'score': 0.0864}}
2026-08-13 15:39:23 | DEBUG    | fgvc.clustering.spherical_kmeans |   Init 1/10: inertia=3.971838
2026-08-13 15:39:23 | DEBUG    | fgvc.clustering.spherical_kmeans |   Init 2/10: inertia=3.858592
2026-08-13 15:39:23 | DEBUG    | fgvc.clustering.spherical_kmeans |   Init 3/10: inertia=3.835976
2026-08-13 15:39:23 | DEBUG    | fgvc.clustering.spherical_kmeans |   Init 4/10: inertia=3.871984
2026-08-13 15:39:23 | DEBUG    | fgvc.clustering.spherical_kmeans |   Init 5/10: inertia=3.909536
2026-08-13 15:39:23 | DEBUG    | fgvc.clustering.spherical_kmeans |   Init 6/10: inertia=3.814333
2026-08-13 15:39:23 | DEBUG    | fgvc.clustering.spherical_kmeans |   Init 7/10: inertia=3.805874
2026-08-13 15:39:23 | DEBUG    | fgvc.clustering.spherical_kmeans |   Init 8/10: inertia=3.885684
2026-08-13 15:39:23 | DEBUG    | fgvc.clustering.spherical_kmeans |   Init 9/10: inertia=3.858592
2026-08-13 15:39:23 | DEBUG    | fgvc.clustering.spherical_kmeans |   Init 10/10: inertia=3.969709
2026-08-13 15:39:23 | INFO     | fgvc.clustering.spherical_kmeans |   [House_Wren] k_selected=2 | k_effective=1 | min_cluster=25 | max_cluster=25
2026-08-13 15:39:23 | INFO     | fgvc.clustering.spherical_kmeans |   [Indigo_Bunting] 25 images
2026-08-13 15:39:23 | DEBUG    | fgvc.clustering.spherical_kmeans |   Init 1/5: inertia=3.147930
2026-08-13 15:39:23 | DEBUG    | fgvc.clustering.spherical_kmeans |   Init 2/5: inertia=3.170217
2026-08-13 15:39:23 | DEBUG    | fgvc.clustering.spherical_kmeans |   Init 3/5: inertia=3.056857
2026-08-13 15:39:23 | DEBUG    | fgvc.clustering.spherical_kmeans |   Init 4/5: inertia=3.111535
2026-08-13 15:39:23 | DEBUG    | fgvc.clustering.spherical_kmeans |   Init 5/5: inertia=3.153391
2026-08-13 15:39:23 | DEBUG    | fgvc.clustering.spherical_kmeans |   Init 1/5: inertia=2.893927
2026-08-13 15:39:23 | DEBUG    | fgvc.clustering.spherical_kmeans |   Init 2/5: inertia=2.947306
2026-08-13 15:39:23 | DEBUG    | fgvc.clustering.spherical_kmeans |   Init 3/5: inertia=2.945199
2026-08-13 15:39:23 | DEBUG    | fgvc.clustering.spherical_kmeans |   Init 4/5: inertia=2.819082
2026-08-13 15:39:23 | DEBUG    | fgvc.clustering.spherical_kmeans |   Init 5/5: inertia=2.909862
2026-08-13 15:39:23 | DEBUG    | fgvc.clustering.spherical_kmeans |   Init 1/5: inertia=2.631940
2026-08-13 15:39:23 | DEBUG    | fgvc.clustering.spherical_kmeans |   Init 2/5: inertia=2.649695
2026-08-13 15:39:23 | DEBUG    | fgvc.clustering.spherical_kmeans |   Init 3/5: inertia=2.734284
2026-08-13 15:39:23 | DEBUG    | fgvc.clustering.spherical_kmeans |   Init 4/5: inertia=2.603915
2026-08-13 15:39:23 | DEBUG    | fgvc.clustering.spherical_kmeans |   Init 5/5: inertia=2.823276
2026-08-13 15:39:23 | DEBUG    | fgvc.clustering.spherical_kmeans |   Init 1/5: inertia=2.551810
2026-08-13 15:39:23 | DEBUG    | fgvc.clustering.spherical_kmeans |   Init 2/5: inertia=2.493829
2026-08-13 15:39:23 | DEBUG    | fgvc.clustering.spherical_kmeans |   Init 3/5: inertia=2.415852
2026-08-13 15:39:23 | DEBUG    | fgvc.clustering.spherical_kmeans |   Init 4/5: inertia=2.575562
2026-08-13 15:39:23 | DEBUG    | fgvc.clustering.spherical_kmeans |   Init 5/5: inertia=2.483750
2026-08-13 15:39:23 | DEBUG    | fgvc.clustering.spherical_kmeans | K selection: best_k=2 | scores={2: {'silhouette': 0.1137, 'compactness': 0.8777, 'score': 0.3202}, 3: {'silhouette': 0.0995, 'compactness': 0.8872, 'score': 0.2493}, 4: {'silhouette': 0.0572, 'compactness': 0.8958, 'score': 0.164}, 5: {'silhouette': 0.062, 'compactness': 0.9034, 'score': 0.102}}
2026-08-13 15:39:23 | DEBUG    | fgvc.clustering.spherical_kmeans |   Init 1/10: inertia=3.147930
2026-08-13 15:39:23 | DEBUG    | fgvc.clustering.spherical_kmeans |   Init 2/10: inertia=3.170217
2026-08-13 15:39:23 | DEBUG    | fgvc.clustering.spherical_kmeans |   Init 3/10: inertia=3.056857
2026-08-13 15:39:23 | DEBUG    | fgvc.clustering.spherical_kmeans |   Init 4/10: inertia=3.111535
2026-08-13 15:39:23 | DEBUG    | fgvc.clustering.spherical_kmeans |   Init 5/10: inertia=3.153391
2026-08-13 15:39:23 | DEBUG    | fgvc.clustering.spherical_kmeans |   Init 6/10: inertia=3.051703
2026-08-13 15:39:23 | DEBUG    | fgvc.clustering.spherical_kmeans |   Init 7/10: inertia=3.175688
2026-08-13 15:39:23 | DEBUG    | fgvc.clustering.spherical_kmeans |   Init 8/10: inertia=3.105172
2026-08-13 15:39:23 | DEBUG    | fgvc.clustering.spherical_kmeans |   Init 9/10: inertia=3.076929
2026-08-13 15:39:23 | DEBUG    | fgvc.clustering.spherical_kmeans |   Init 10/10: inertia=3.096089
2026-08-13 15:39:23 | INFO     | fgvc.clustering.spherical_kmeans |   [Indigo_Bunting] k_selected=2 | k_effective=2 | min_cluster=5 | max_cluster=20
2026-08-13 15:39:23 | INFO     | fgvc.clustering.spherical_kmeans |   [Ivory_Gull] 25 images
2026-08-13 15:39:23 | DEBUG    | fgvc.clustering.spherical_kmeans |   Init 1/5: inertia=3.960388
2026-08-13 15:39:23 | DEBUG    | fgvc.clustering.spherical_kmeans |   Init 2/5: inertia=3.810816
2026-08-13 15:39:23 | DEBUG    | fgvc.clustering.spherical_kmeans |   Init 3/5: inertia=3.925439
2026-08-13 15:39:23 | DEBUG    | fgvc.clustering.spherical_kmeans |   Init 4/5: inertia=3.955200
2026-08-13 15:39:23 | DEBUG    | fgvc.clustering.spherical_kmeans |   Init 5/5: inertia=3.817192
2026-08-13 15:39:23 | DEBUG    | fgvc.clustering.spherical_kmeans |   Init 1/5: inertia=3.492052
2026-08-13 15:39:23 | DEBUG    | fgvc.clustering.spherical_kmeans |   Init 2/5: inertia=3.550743
2026-08-13 15:39:23 | DEBUG    | fgvc.clustering.spherical_kmeans |   Init 3/5: inertia=3.488484
2026-08-13 15:39:23 | DEBUG    | fgvc.clustering.spherical_kmeans |   Init 4/5: inertia=3.655065
2026-08-13 15:39:23 | DEBUG    | fgvc.clustering.spherical_kmeans |   Init 5/5: inertia=3.453894
2026-08-13 15:39:23 | DEBUG    | fgvc.clustering.spherical_kmeans |   Init 1/5: inertia=3.072149
2026-08-13 15:39:23 | DEBUG    | fgvc.clustering.spherical_kmeans |   Init 2/5: inertia=3.454210
2026-08-13 15:39:23 | DEBUG    | fgvc.clustering.spherical_kmeans |   Init 3/5: inertia=3.407226
2026-08-13 15:39:23 | DEBUG    | fgvc.clustering.spherical_kmeans |   Init 4/5: inertia=3.215526
2026-08-13 15:39:23 | DEBUG    | fgvc.clustering.spherical_kmeans |   Init 5/5: inertia=3.121334
2026-08-13 15:39:23 | DEBUG    | fgvc.clustering.spherical_kmeans |   Init 1/5: inertia=2.787396
2026-08-13 15:39:23 | DEBUG    | fgvc.clustering.spherical_kmeans |   Init 2/5: inertia=3.090618
2026-08-13 15:39:23 | DEBUG    | fgvc.clustering.spherical_kmeans |   Init 3/5: inertia=2.964098
2026-08-13 15:39:23 | DEBUG    | fgvc.clustering.spherical_kmeans |   Init 4/5: inertia=2.877943
2026-08-13 15:39:23 | DEBUG    | fgvc.clustering.spherical_kmeans |   Init 5/5: inertia=2.822169
2026-08-13 15:39:23 | DEBUG    | fgvc.clustering.spherical_kmeans | K selection: best_k=2 | scores={2: {'silhouette': 0.1147, 'compactness': 0.8476, 'score': 0.3116}, 3: {'silhouette': 0.0877, 'compactness': 0.8618, 'score': 0.2357}, 4: {'silhouette': 0.1023, 'compactness': 0.8771, 'score': 0.181}, 5: {'silhouette': 0.1142, 'compactness': 0.8885, 'score': 0.1237}}
2026-08-13 15:39:23 | DEBUG    | fgvc.clustering.spherical_kmeans |   Init 1/10: inertia=3.960388
2026-08-13 15:39:23 | DEBUG    | fgvc.clustering.spherical_kmeans |   Init 2/10: inertia=3.810816
2026-08-13 15:39:23 | DEBUG    | fgvc.clustering.spherical_kmeans |   Init 3/10: inertia=3.925439
2026-08-13 15:39:23 | DEBUG    | fgvc.clustering.spherical_kmeans |   Init 4/10: inertia=3.955200
2026-08-13 15:39:23 | DEBUG    | fgvc.clustering.spherical_kmeans |   Init 5/10: inertia=3.817192
2026-08-13 15:39:23 | DEBUG    | fgvc.clustering.spherical_kmeans |   Init 6/10: inertia=4.016634
2026-08-13 15:39:23 | DEBUG    | fgvc.clustering.spherical_kmeans |   Init 7/10: inertia=3.868866
2026-08-13 15:39:23 | DEBUG    | fgvc.clustering.spherical_kmeans |   Init 8/10: inertia=3.885728
2026-08-13 15:39:23 | DEBUG    | fgvc.clustering.spherical_kmeans |   Init 9/10: inertia=3.951319
2026-08-13 15:39:23 | DEBUG    | fgvc.clustering.spherical_kmeans |   Init 10/10: inertia=3.831821
2026-08-13 15:39:23 | INFO     | fgvc.clustering.spherical_kmeans |   [Ivory_Gull] k_selected=2 | k_effective=2 | min_cluster=10 | max_cluster=15
2026-08-13 15:39:23 | INFO     | fgvc.clustering.spherical_kmeans |   [Kentucky_Warbler] 25 images
2026-08-13 15:39:23 | DEBUG    | fgvc.clustering.spherical_kmeans |   Init 1/5: inertia=4.637064
2026-08-13 15:39:23 | DEBUG    | fgvc.clustering.spherical_kmeans |   Init 2/5: inertia=4.482413
2026-08-13 15:39:23 | DEBUG    | fgvc.clustering.spherical_kmeans |   Init 3/5: inertia=4.561995
2026-08-13 15:39:23 | DEBUG    | fgvc.clustering.spherical_kmeans |   Init 4/5: inertia=4.582162
2026-08-13 15:39:23 | DEBUG    | fgvc.clustering.spherical_kmeans |   Init 5/5: inertia=4.620430
2026-08-13 15:39:23 | DEBUG    | fgvc.clustering.spherical_kmeans |   Init 1/5: inertia=4.259072
2026-08-13 15:39:23 | DEBUG    | fgvc.clustering.spherical_kmeans |   Init 2/5: inertia=4.232456
2026-08-13 15:39:23 | DEBUG    | fgvc.clustering.spherical_kmeans |   Init 3/5: inertia=4.224035
2026-08-13 15:39:23 | DEBUG    | fgvc.clustering.spherical_kmeans |   Init 4/5: inertia=4.200068
2026-08-13 15:39:23 | DEBUG    | fgvc.clustering.spherical_kmeans |   Init 5/5: inertia=4.128188
2026-08-13 15:39:23 | DEBUG    | fgvc.clustering.spherical_kmeans |   Init 1/5: inertia=4.016779
2026-08-13 15:39:23 | DEBUG    | fgvc.clustering.spherical_kmeans |   Init 2/5: inertia=3.872180
2026-08-13 15:39:23 | DEBUG    | fgvc.clustering.spherical_kmeans |   Init 3/5: inertia=4.060317
2026-08-13 15:39:23 | DEBUG    | fgvc.clustering.spherical_kmeans |   Init 4/5: inertia=4.073383
2026-08-13 15:39:23 | DEBUG    | fgvc.clustering.spherical_kmeans |   Init 5/5: inertia=3.522156
2026-08-13 15:39:23 | DEBUG    | fgvc.clustering.spherical_kmeans |   Init 1/5: inertia=3.672689
2026-08-13 15:39:23 | DEBUG    | fgvc.clustering.spherical_kmeans |   Init 2/5: inertia=3.645926
2026-08-13 15:39:23 | DEBUG    | fgvc.clustering.spherical_kmeans |   Init 3/5: inertia=3.796388
2026-08-13 15:39:23 | DEBUG    | fgvc.clustering.spherical_kmeans |   Init 4/5: inertia=3.154160
2026-08-13 15:39:23 | DEBUG    | fgvc.clustering.spherical_kmeans |   Init 5/5: inertia=3.799374
2026-08-13 15:39:23 | DEBUG    | fgvc.clustering.spherical_kmeans | K selection: best_k=3 | scores={2: {'silhouette': 0.0928, 'compactness': 0.8207, 'score': 0.2926}, 3: {'silhouette': 0.2379, 'compactness': 0.8349, 'score': 0.3028}, 4: {'silhouette': 0.01, 'compactness': 0.8591, 'score': 0.1294}, 5: {'silhouette': 0.0478, 'compactness': 0.8738, 'score': 0.086}}
2026-08-13 15:39:23 | DEBUG    | fgvc.clustering.spherical_kmeans |   Init 1/10: inertia=4.259072
2026-08-13 15:39:23 | DEBUG    | fgvc.clustering.spherical_kmeans |   Init 2/10: inertia=4.232456
2026-08-13 15:39:23 | DEBUG    | fgvc.clustering.spherical_kmeans |   Init 3/10: inertia=4.224035
2026-08-13 15:39:23 | DEBUG    | fgvc.clustering.spherical_kmeans |   Init 4/10: inertia=4.200068
2026-08-13 15:39:23 | DEBUG    | fgvc.clustering.spherical_kmeans |   Init 5/10: inertia=4.128188
2026-08-13 15:39:23 | DEBUG    | fgvc.clustering.spherical_kmeans |   Init 6/10: inertia=4.303321
2026-08-13 15:39:23 | DEBUG    | fgvc.clustering.spherical_kmeans |   Init 7/10: inertia=4.387666
2026-08-13 15:39:23 | DEBUG    | fgvc.clustering.spherical_kmeans |   Init 8/10: inertia=3.927625
2026-08-13 15:39:23 | DEBUG    | fgvc.clustering.spherical_kmeans |   Init 9/10: inertia=4.300965
2026-08-13 15:39:23 | DEBUG    | fgvc.clustering.spherical_kmeans |   Init 10/10: inertia=4.355101
2026-08-13 15:39:23 | INFO     | fgvc.clustering.spherical_kmeans |   [Kentucky_Warbler] k_selected=3 | k_effective=1 | min_cluster=25 | max_cluster=25
2026-08-13 15:39:23 | INFO     | fgvc.clustering.spherical_kmeans |   [Laysan_Albatross] 25 images
2026-08-13 15:39:23 | DEBUG    | fgvc.clustering.spherical_kmeans |   Init 1/5: inertia=3.875886
2026-08-13 15:39:23 | DEBUG    | fgvc.clustering.spherical_kmeans |   Init 2/5: inertia=3.751509
2026-08-13 15:39:23 | DEBUG    | fgvc.clustering.spherical_kmeans |   Init 3/5: inertia=4.114872
2026-08-13 15:39:23 | DEBUG    | fgvc.clustering.spherical_kmeans |   Init 4/5: inertia=3.826013
2026-08-13 15:39:23 | DEBUG    | fgvc.clustering.spherical_kmeans |   Init 5/5: inertia=3.753620
2026-08-13 15:39:23 | DEBUG    | fgvc.clustering.spherical_kmeans |   Init 1/5: inertia=3.553900
2026-08-13 15:39:23 | DEBUG    | fgvc.clustering.spherical_kmeans |   Init 2/5: inertia=3.669904
2026-08-13 15:39:23 | DEBUG    | fgvc.clustering.spherical_kmeans |   Init 3/5: inertia=3.421557
2026-08-13 15:39:23 | DEBUG    | fgvc.clustering.spherical_kmeans |   Init 4/5: inertia=3.440907
2026-08-13 15:39:23 | DEBUG    | fgvc.clustering.spherical_kmeans |   Init 5/5: inertia=3.548100
2026-08-13 15:39:23 | DEBUG    | fgvc.clustering.spherical_kmeans |   Init 1/5: inertia=3.193621
2026-08-13 15:39:23 | DEBUG    | fgvc.clustering.spherical_kmeans |   Init 2/5: inertia=3.185556
2026-08-13 15:39:23 | DEBUG    | fgvc.clustering.spherical_kmeans |   Init 3/5: inertia=3.119677
2026-08-13 15:39:23 | DEBUG    | fgvc.clustering.spherical_kmeans |   Init 4/5: inertia=3.286407
2026-08-13 15:39:23 | DEBUG    | fgvc.clustering.spherical_kmeans |   Init 5/5: inertia=3.203669
2026-08-13 15:39:23 | DEBUG    | fgvc.clustering.spherical_kmeans |   Init 1/5: inertia=2.915493
2026-08-13 15:39:23 | DEBUG    | fgvc.clustering.spherical_kmeans |   Init 2/5: inertia=2.932434
2026-08-13 15:39:23 | DEBUG    | fgvc.clustering.spherical_kmeans |   Init 3/5: inertia=2.933419
2026-08-13 15:39:23 | DEBUG    | fgvc.clustering.spherical_kmeans |   Init 4/5: inertia=3.005196
2026-08-13 15:39:23 | DEBUG    | fgvc.clustering.spherical_kmeans |   Init 5/5: inertia=2.767419
2026-08-13 15:39:23 | DEBUG    | fgvc.clustering.spherical_kmeans | K selection: best_k=2 | scores={2: {'silhouette': 0.2117, 'compactness': 0.8499, 'score': 0.3608}, 3: {'silhouette': 0.167, 'compactness': 0.8631, 'score': 0.2758}, 4: {'silhouette': 0.1616, 'compactness': 0.8752, 'score': 0.2101}, 5: {'silhouette': 0.1998, 'compactness': 0.8893, 'score': 0.1667}}
2026-08-13 15:39:23 | DEBUG    | fgvc.clustering.spherical_kmeans |   Init 1/10: inertia=3.875886
2026-08-13 15:39:23 | DEBUG    | fgvc.clustering.spherical_kmeans |   Init 2/10: inertia=3.751509
2026-08-13 15:39:23 | DEBUG    | fgvc.clustering.spherical_kmeans |   Init 3/10: inertia=4.114872
2026-08-13 15:39:23 | DEBUG    | fgvc.clustering.spherical_kmeans |   Init 4/10: inertia=3.826013
2026-08-13 15:39:23 | DEBUG    | fgvc.clustering.spherical_kmeans |   Init 5/10: inertia=3.753620
2026-08-13 15:39:23 | DEBUG    | fgvc.clustering.spherical_kmeans |   Init 6/10: inertia=4.076378
2026-08-13 15:39:23 | DEBUG    | fgvc.clustering.spherical_kmeans |   Init 7/10: inertia=4.168190
2026-08-13 15:39:23 | DEBUG    | fgvc.clustering.spherical_kmeans |   Init 8/10: inertia=3.754155
2026-08-13 15:39:23 | DEBUG    | fgvc.clustering.spherical_kmeans |   Init 9/10: inertia=4.057885
2026-08-13 15:39:23 | DEBUG    | fgvc.clustering.spherical_kmeans |   Init 10/10: inertia=3.760967
2026-08-13 15:39:23 | INFO     | fgvc.clustering.spherical_kmeans |   [Laysan_Albatross] k_selected=2 | k_effective=2 | min_cluster=12 | max_cluster=13
2026-08-13 15:39:23 | INFO     | fgvc.clustering.spherical_kmeans |   [Lazuli_Bunting] 25 images
2026-08-13 15:39:23 | DEBUG    | fgvc.clustering.spherical_kmeans |   Init 1/5: inertia=3.240959
2026-08-13 15:39:23 | DEBUG    | fgvc.clustering.spherical_kmeans |   Init 2/5: inertia=3.115731
2026-08-13 15:39:23 | DEBUG    | fgvc.clustering.spherical_kmeans |   Init 3/5: inertia=3.188175
2026-08-13 15:39:23 | DEBUG    | fgvc.clustering.spherical_kmeans |   Init 4/5: inertia=3.287026
2026-08-13 15:39:23 | DEBUG    | fgvc.clustering.spherical_kmeans |   Init 5/5: inertia=3.229287
2026-08-13 15:39:23 | DEBUG    | fgvc.clustering.spherical_kmeans |   Init 1/5: inertia=2.959070
2026-08-13 15:39:23 | DEBUG    | fgvc.clustering.spherical_kmeans |   Init 2/5: inertia=2.976727
2026-08-13 15:39:23 | DEBUG    | fgvc.clustering.spherical_kmeans |   Init 3/5: inertia=2.956170
2026-08-13 15:39:23 | DEBUG    | fgvc.clustering.spherical_kmeans |   Init 4/5: inertia=2.986865
2026-08-13 15:39:23 | DEBUG    | fgvc.clustering.spherical_kmeans |   Init 5/5: inertia=3.005105
2026-08-13 15:39:23 | DEBUG    | fgvc.clustering.spherical_kmeans |   Init 1/5: inertia=2.720834
2026-08-13 15:39:23 | DEBUG    | fgvc.clustering.spherical_kmeans |   Init 2/5: inertia=2.928932
2026-08-13 15:39:23 | DEBUG    | fgvc.clustering.spherical_kmeans |   Init 3/5: inertia=2.693051
2026-08-13 15:39:23 | DEBUG    | fgvc.clustering.spherical_kmeans |   Init 4/5: inertia=2.878975
2026-08-13 15:39:23 | DEBUG    | fgvc.clustering.spherical_kmeans |   Init 5/5: inertia=2.717065
2026-08-13 15:39:23 | DEBUG    | fgvc.clustering.spherical_kmeans |   Init 1/5: inertia=2.528238
2026-08-13 15:39:23 | DEBUG    | fgvc.clustering.spherical_kmeans |   Init 2/5: inertia=2.627536
2026-08-13 15:39:23 | DEBUG    | fgvc.clustering.spherical_kmeans |   Init 3/5: inertia=2.556325
2026-08-13 15:39:23 | DEBUG    | fgvc.clustering.spherical_kmeans |   Init 4/5: inertia=2.555217
2026-08-13 15:39:23 | DEBUG    | fgvc.clustering.spherical_kmeans |   Init 5/5: inertia=2.747275
2026-08-13 15:39:23 | DEBUG    | fgvc.clustering.spherical_kmeans | K selection: best_k=2 | scores={2: {'silhouette': 0.1081, 'compactness': 0.8754, 'score': 0.3167}, 3: {'silhouette': 0.0664, 'compactness': 0.8818, 'score': 0.231}, 4: {'silhouette': 0.0761, 'compactness': 0.8923, 'score': 0.1724}, 5: {'silhouette': 0.0386, 'compactness': 0.8989, 'score': 0.089}}
2026-08-13 15:39:23 | DEBUG    | fgvc.clustering.spherical_kmeans |   Init 1/10: inertia=3.240959
2026-08-13 15:39:23 | DEBUG    | fgvc.clustering.spherical_kmeans |   Init 2/10: inertia=3.115731
2026-08-13 15:39:23 | DEBUG    | fgvc.clustering.spherical_kmeans |   Init 3/10: inertia=3.188175
2026-08-13 15:39:23 | DEBUG    | fgvc.clustering.spherical_kmeans |   Init 4/10: inertia=3.287026
2026-08-13 15:39:23 | DEBUG    | fgvc.clustering.spherical_kmeans |   Init 5/10: inertia=3.229287
2026-08-13 15:39:23 | DEBUG    | fgvc.clustering.spherical_kmeans |   Init 6/10: inertia=3.294288
2026-08-13 15:39:23 | DEBUG    | fgvc.clustering.spherical_kmeans |   Init 7/10: inertia=3.163043
2026-08-13 15:39:23 | DEBUG    | fgvc.clustering.spherical_kmeans |   Init 8/10: inertia=3.181582
2026-08-13 15:39:23 | DEBUG    | fgvc.clustering.spherical_kmeans |   Init 9/10: inertia=3.306741
2026-08-13 15:39:23 | DEBUG    | fgvc.clustering.spherical_kmeans |   Init 10/10: inertia=3.266678
2026-08-13 15:39:23 | INFO     | fgvc.clustering.spherical_kmeans |   [Lazuli_Bunting] k_selected=2 | k_effective=2 | min_cluster=10 | max_cluster=15
2026-08-13 15:39:23 | INFO     | fgvc.clustering.spherical_kmeans |   [Le_Conte_Sparrow] 25 images
2026-08-13 15:39:23 | DEBUG    | fgvc.clustering.spherical_kmeans |   Init 1/5: inertia=5.142468
2026-08-13 15:39:23 | DEBUG    | fgvc.clustering.spherical_kmeans |   Init 2/5: inertia=5.061708
2026-08-13 15:39:23 | DEBUG    | fgvc.clustering.spherical_kmeans |   Init 3/5: inertia=5.006424
2026-08-13 15:39:23 | DEBUG    | fgvc.clustering.spherical_kmeans |   Init 4/5: inertia=5.209444
2026-08-13 15:39:23 | DEBUG    | fgvc.clustering.spherical_kmeans |   Init 5/5: inertia=5.016400
2026-08-13 15:39:23 | DEBUG    | fgvc.clustering.spherical_kmeans |   Init 1/5: inertia=4.665830
2026-08-13 15:39:23 | DEBUG    | fgvc.clustering.spherical_kmeans |   Init 2/5: inertia=4.675118
2026-08-13 15:39:23 | DEBUG    | fgvc.clustering.spherical_kmeans |   Init 3/5: inertia=4.715816
2026-08-13 15:39:23 | DEBUG    | fgvc.clustering.spherical_kmeans |   Init 4/5: inertia=4.715929
2026-08-13 15:39:23 | DEBUG    | fgvc.clustering.spherical_kmeans |   Init 5/5: inertia=4.832109
2026-08-13 15:39:23 | DEBUG    | fgvc.clustering.spherical_kmeans |   Init 1/5: inertia=4.362139
2026-08-13 15:39:23 | DEBUG    | fgvc.clustering.spherical_kmeans |   Init 2/5: inertia=4.319787
2026-08-13 15:39:23 | DEBUG    | fgvc.clustering.spherical_kmeans |   Init 3/5: inertia=4.458258
2026-08-13 15:39:23 | DEBUG    | fgvc.clustering.spherical_kmeans |   Init 4/5: inertia=4.382615
2026-08-13 15:39:23 | DEBUG    | fgvc.clustering.spherical_kmeans |   Init 5/5: inertia=4.493505
2026-08-13 15:39:23 | DEBUG    | fgvc.clustering.spherical_kmeans |   Init 1/5: inertia=4.126683
2026-08-13 15:39:23 | DEBUG    | fgvc.clustering.spherical_kmeans |   Init 2/5: inertia=4.062469
2026-08-13 15:39:23 | DEBUG    | fgvc.clustering.spherical_kmeans |   Init 3/5: inertia=3.983218
2026-08-13 15:39:23 | DEBUG    | fgvc.clustering.spherical_kmeans |   Init 4/5: inertia=4.119251
2026-08-13 15:39:23 | DEBUG    | fgvc.clustering.spherical_kmeans |   Init 5/5: inertia=3.995486
2026-08-13 15:39:23 | DEBUG    | fgvc.clustering.spherical_kmeans | K selection: best_k=2 | scores={2: {'silhouette': 0.0917, 'compactness': 0.7997, 'score': 0.2858}, 3: {'silhouette': 0.0433, 'compactness': 0.8134, 'score': 0.199}, 4: {'silhouette': 0.0081, 'compactness': 0.8272, 'score': 0.1189}, 5: {'silhouette': 0.0641, 'compactness': 0.8407, 'score': 0.0843}}
2026-08-13 15:39:23 | DEBUG    | fgvc.clustering.spherical_kmeans |   Init 1/10: inertia=5.142468
2026-08-13 15:39:23 | DEBUG    | fgvc.clustering.spherical_kmeans |   Init 2/10: inertia=5.061708
2026-08-13 15:39:23 | DEBUG    | fgvc.clustering.spherical_kmeans |   Init 3/10: inertia=5.006424
2026-08-13 15:39:23 | DEBUG    | fgvc.clustering.spherical_kmeans |   Init 4/10: inertia=5.209444
2026-08-13 15:39:23 | DEBUG    | fgvc.clustering.spherical_kmeans |   Init 5/10: inertia=5.016400
2026-08-13 15:39:23 | DEBUG    | fgvc.clustering.spherical_kmeans |   Init 6/10: inertia=5.016992
2026-08-13 15:39:23 | DEBUG    | fgvc.clustering.spherical_kmeans |   Init 7/10: inertia=5.133047
2026-08-13 15:39:23 | DEBUG    | fgvc.clustering.spherical_kmeans |   Init 8/10: inertia=5.083521
2026-08-13 15:39:23 | DEBUG    | fgvc.clustering.spherical_kmeans |   Init 9/10: inertia=5.061708
2026-08-13 15:39:23 | DEBUG    | fgvc.clustering.spherical_kmeans |   Init 10/10: inertia=5.196368
2026-08-13 15:39:23 | INFO     | fgvc.clustering.spherical_kmeans |   [Le_Conte_Sparrow] k_selected=2 | k_effective=2 | min_cluster=9 | max_cluster=16
2026-08-13 15:39:23 | INFO     | fgvc.clustering.spherical_kmeans |   [Least_Auklet] 25 images
2026-08-13 15:39:23 | DEBUG    | fgvc.clustering.spherical_kmeans |   Init 1/5: inertia=4.106462
2026-08-13 15:39:23 | DEBUG    | fgvc.clustering.spherical_kmeans |   Init 2/5: inertia=4.191260
2026-08-13 15:39:23 | DEBUG    | fgvc.clustering.spherical_kmeans |   Init 3/5: inertia=4.092734
2026-08-13 15:39:23 | DEBUG    | fgvc.clustering.spherical_kmeans |   Init 4/5: inertia=4.155330
2026-08-13 15:39:23 | DEBUG    | fgvc.clustering.spherical_kmeans |   Init 5/5: inertia=4.255963
2026-08-13 15:39:23 | DEBUG    | fgvc.clustering.spherical_kmeans |   Init 1/5: inertia=3.858619
2026-08-13 15:39:23 | DEBUG    | fgvc.clustering.spherical_kmeans |   Init 2/5: inertia=3.865707
2026-08-13 15:39:23 | DEBUG    | fgvc.clustering.spherical_kmeans |   Init 3/5: inertia=3.986169
2026-08-13 15:39:23 | DEBUG    | fgvc.clustering.spherical_kmeans |   Init 4/5: inertia=3.808777
2026-08-13 15:39:23 | DEBUG    | fgvc.clustering.spherical_kmeans |   Init 5/5: inertia=3.812860
2026-08-13 15:39:23 | DEBUG    | fgvc.clustering.spherical_kmeans |   Init 1/5: inertia=3.525110
2026-08-13 15:39:23 | DEBUG    | fgvc.clustering.spherical_kmeans |   Init 2/5: inertia=3.519098
2026-08-13 15:39:23 | DEBUG    | fgvc.clustering.spherical_kmeans |   Init 3/5: inertia=3.576077
2026-08-13 15:39:23 | DEBUG    | fgvc.clustering.spherical_kmeans |   Init 4/5: inertia=3.531616
2026-08-13 15:39:23 | DEBUG    | fgvc.clustering.spherical_kmeans |   Init 5/5: inertia=3.718562
2026-08-13 15:39:23 | DEBUG    | fgvc.clustering.spherical_kmeans |   Init 1/5: inertia=3.327557
2026-08-13 15:39:23 | DEBUG    | fgvc.clustering.spherical_kmeans |   Init 2/5: inertia=3.257594
2026-08-13 15:39:23 | DEBUG    | fgvc.clustering.spherical_kmeans |   Init 3/5: inertia=3.239878
2026-08-13 15:39:23 | DEBUG    | fgvc.clustering.spherical_kmeans |   Init 4/5: inertia=3.392512
2026-08-13 15:39:23 | DEBUG    | fgvc.clustering.spherical_kmeans |   Init 5/5: inertia=3.264637
2026-08-13 15:39:23 | DEBUG    | fgvc.clustering.spherical_kmeans | K selection: best_k=2 | scores={2: {'silhouette': 0.1612, 'compactness': 0.8363, 'score': 0.3315}, 3: {'silhouette': 0.0637, 'compactness': 0.8476, 'score': 0.2195}, 4: {'silhouette': 0.0682, 'compactness': 0.8592, 'score': 0.1585}, 5: {'silhouette': 0.0677, 'compactness': 0.8704, 'score': 0.0949}}
2026-08-13 15:39:23 | DEBUG    | fgvc.clustering.spherical_kmeans |   Init 1/10: inertia=4.106462
2026-08-13 15:39:23 | DEBUG    | fgvc.clustering.spherical_kmeans |   Init 2/10: inertia=4.191260
2026-08-13 15:39:23 | DEBUG    | fgvc.clustering.spherical_kmeans |   Init 3/10: inertia=4.092734
2026-08-13 15:39:23 | DEBUG    | fgvc.clustering.spherical_kmeans |   Init 4/10: inertia=4.155330
2026-08-13 15:39:23 | DEBUG    | fgvc.clustering.spherical_kmeans |   Init 5/10: inertia=4.255963
2026-08-13 15:39:23 | DEBUG    | fgvc.clustering.spherical_kmeans |   Init 6/10: inertia=4.210473
2026-08-13 15:39:23 | DEBUG    | fgvc.clustering.spherical_kmeans |   Init 7/10: inertia=4.106312
2026-08-13 15:39:23 | DEBUG    | fgvc.clustering.spherical_kmeans |   Init 8/10: inertia=4.175093
2026-08-13 15:39:23 | DEBUG    | fgvc.clustering.spherical_kmeans |   Init 9/10: inertia=4.191260
2026-08-13 15:39:23 | DEBUG    | fgvc.clustering.spherical_kmeans |   Init 10/10: inertia=4.173248
2026-08-13 15:39:23 | INFO     | fgvc.clustering.spherical_kmeans |   [Least_Auklet] k_selected=2 | k_effective=1 | min_cluster=25 | max_cluster=25
2026-08-13 15:39:23 | INFO     | fgvc.clustering.spherical_kmeans |   [Least_Flycatcher] 25 images
2026-08-13 15:39:23 | DEBUG    | fgvc.clustering.spherical_kmeans |   Init 1/5: inertia=6.012828
2026-08-13 15:39:23 | DEBUG    | fgvc.clustering.spherical_kmeans |   Init 2/5: inertia=5.992891
2026-08-13 15:39:23 | DEBUG    | fgvc.clustering.spherical_kmeans |   Init 3/5: inertia=6.012828
2026-08-13 15:39:23 | DEBUG    | fgvc.clustering.spherical_kmeans |   Init 4/5: inertia=6.128729
2026-08-13 15:39:23 | DEBUG    | fgvc.clustering.spherical_kmeans |   Init 5/5: inertia=5.956254
2026-08-13 15:39:23 | DEBUG    | fgvc.clustering.spherical_kmeans |   Init 1/5: inertia=5.499420
2026-08-13 15:39:23 | DEBUG    | fgvc.clustering.spherical_kmeans |   Init 2/5: inertia=5.280515
2026-08-13 15:39:23 | DEBUG    | fgvc.clustering.spherical_kmeans |   Init 3/5: inertia=5.557313
2026-08-13 15:39:23 | DEBUG    | fgvc.clustering.spherical_kmeans |   Init 4/5: inertia=5.489090
2026-08-13 15:39:23 | DEBUG    | fgvc.clustering.spherical_kmeans |   Init 5/5: inertia=5.662094
2026-08-13 15:39:23 | DEBUG    | fgvc.clustering.spherical_kmeans |   Init 1/5: inertia=5.159457
2026-08-13 15:39:23 | DEBUG    | fgvc.clustering.spherical_kmeans |   Init 2/5: inertia=5.014935
2026-08-13 15:39:23 | DEBUG    | fgvc.clustering.spherical_kmeans |   Init 3/5: inertia=4.979388
2026-08-13 15:39:23 | DEBUG    | fgvc.clustering.spherical_kmeans |   Init 4/5: inertia=5.240127
2026-08-13 15:39:23 | DEBUG    | fgvc.clustering.spherical_kmeans |   Init 5/5: inertia=5.048699
2026-08-13 15:39:23 | DEBUG    | fgvc.clustering.spherical_kmeans |   Init 1/5: inertia=4.789834
2026-08-13 15:39:23 | DEBUG    | fgvc.clustering.spherical_kmeans |   Init 2/5: inertia=4.688042
2026-08-13 15:39:23 | DEBUG    | fgvc.clustering.spherical_kmeans |   Init 3/5: inertia=4.739745
2026-08-13 15:39:23 | DEBUG    | fgvc.clustering.spherical_kmeans |   Init 4/5: inertia=4.855583
2026-08-13 15:39:23 | DEBUG    | fgvc.clustering.spherical_kmeans |   Init 5/5: inertia=4.845580
2026-08-13 15:39:23 | DEBUG    | fgvc.clustering.spherical_kmeans | K selection: best_k=2 | scores={2: {'silhouette': 0.1471, 'compactness': 0.7617, 'score': 0.3021}, 3: {'silhouette': 0.1164, 'compactness': 0.7888, 'score': 0.2282}, 4: {'silhouette': 0.0566, 'compactness': 0.8008, 'score': 0.1352}, 5: {'silhouette': 0.0367, 'compactness': 0.8125, 'score': 0.0621}}
2026-08-13 15:39:23 | DEBUG    | fgvc.clustering.spherical_kmeans |   Init 1/10: inertia=6.012828
2026-08-13 15:39:23 | DEBUG    | fgvc.clustering.spherical_kmeans |   Init 2/10: inertia=5.992891
2026-08-13 15:39:23 | DEBUG    | fgvc.clustering.spherical_kmeans |   Init 3/10: inertia=6.012828
2026-08-13 15:39:23 | DEBUG    | fgvc.clustering.spherical_kmeans |   Init 4/10: inertia=6.128729
2026-08-13 15:39:23 | DEBUG    | fgvc.clustering.spherical_kmeans |   Init 5/10: inertia=5.956254
2026-08-13 15:39:23 | DEBUG    | fgvc.clustering.spherical_kmeans |   Init 6/10: inertia=6.012828
2026-08-13 15:39:23 | DEBUG    | fgvc.clustering.spherical_kmeans |   Init 7/10: inertia=5.995755
2026-08-13 15:39:23 | DEBUG    | fgvc.clustering.spherical_kmeans |   Init 8/10: inertia=6.015540
2026-08-13 15:39:23 | DEBUG    | fgvc.clustering.spherical_kmeans |   Init 9/10: inertia=5.934959
2026-08-13 15:39:23 | DEBUG    | fgvc.clustering.spherical_kmeans |   Init 10/10: inertia=6.012114
2026-08-13 15:39:23 | INFO     | fgvc.clustering.spherical_kmeans |   [Least_Flycatcher] k_selected=2 | k_effective=2 | min_cluster=7 | max_cluster=18
2026-08-13 15:39:23 | INFO     | fgvc.clustering.spherical_kmeans |   [Least_Tern] 25 images
2026-08-13 15:39:23 | DEBUG    | fgvc.clustering.spherical_kmeans |   Init 1/5: inertia=5.011055
2026-08-13 15:39:23 | DEBUG    | fgvc.clustering.spherical_kmeans |   Init 2/5: inertia=4.732959
2026-08-13 15:39:23 | DEBUG    | fgvc.clustering.spherical_kmeans |   Init 3/5: inertia=4.854554
2026-08-13 15:39:23 | DEBUG    | fgvc.clustering.spherical_kmeans |   Init 4/5: inertia=5.001152
2026-08-13 15:39:23 | DEBUG    | fgvc.clustering.spherical_kmeans |   Init 5/5: inertia=5.057865
2026-08-13 15:39:23 | DEBUG    | fgvc.clustering.spherical_kmeans |   Init 1/5: inertia=4.321686
2026-08-13 15:39:23 | DEBUG    | fgvc.clustering.spherical_kmeans |   Init 2/5: inertia=4.722136
2026-08-13 15:39:23 | DEBUG    | fgvc.clustering.spherical_kmeans |   Init 3/5: inertia=4.743210
2026-08-13 15:39:23 | DEBUG    | fgvc.clustering.spherical_kmeans |   Init 4/5: inertia=4.624619
2026-08-13 15:39:23 | DEBUG    | fgvc.clustering.spherical_kmeans |   Init 5/5: inertia=4.270484
2026-08-13 15:39:23 | DEBUG    | fgvc.clustering.spherical_kmeans |   Init 1/5: inertia=4.250821
2026-08-13 15:39:23 | DEBUG    | fgvc.clustering.spherical_kmeans |   Init 2/5: inertia=4.452342
2026-08-13 15:39:23 | DEBUG    | fgvc.clustering.spherical_kmeans |   Init 3/5: inertia=3.982934
2026-08-13 15:39:23 | DEBUG    | fgvc.clustering.spherical_kmeans |   Init 4/5: inertia=3.967475
2026-08-13 15:39:23 | DEBUG    | fgvc.clustering.spherical_kmeans |   Init 5/5: inertia=4.010537
2026-08-13 15:39:23 | DEBUG    | fgvc.clustering.spherical_kmeans |   Init 1/5: inertia=3.911070
2026-08-13 15:39:23 | DEBUG    | fgvc.clustering.spherical_kmeans |   Init 2/5: inertia=4.197989
2026-08-13 15:39:23 | DEBUG    | fgvc.clustering.spherical_kmeans |   Init 3/5: inertia=3.965589
2026-08-13 15:39:23 | DEBUG    | fgvc.clustering.spherical_kmeans |   Init 4/5: inertia=3.749238
2026-08-13 15:39:23 | DEBUG    | fgvc.clustering.spherical_kmeans |   Init 5/5: inertia=3.924136
2026-08-13 15:39:23 | DEBUG    | fgvc.clustering.spherical_kmeans | K selection: best_k=2 | scores={2: {'silhouette': 0.1894, 'compactness': 0.8107, 'score': 0.3379}, 3: {'silhouette': 0.222, 'compactness': 0.8292, 'score': 0.2931}, 4: {'silhouette': 0.1327, 'compactness': 0.8413, 'score': 0.1854}, 5: {'silhouette': 0.0684, 'compactness': 0.85, 'score': 0.0892}}
2026-08-13 15:39:23 | DEBUG    | fgvc.clustering.spherical_kmeans |   Init 1/10: inertia=5.011055
2026-08-13 15:39:23 | DEBUG    | fgvc.clustering.spherical_kmeans |   Init 2/10: inertia=4.732959
2026-08-13 15:39:23 | DEBUG    | fgvc.clustering.spherical_kmeans |   Init 3/10: inertia=4.854554
2026-08-13 15:39:23 | DEBUG    | fgvc.clustering.spherical_kmeans |   Init 4/10: inertia=5.001152
2026-08-13 15:39:23 | DEBUG    | fgvc.clustering.spherical_kmeans |   Init 5/10: inertia=5.057865
2026-08-13 15:39:23 | DEBUG    | fgvc.clustering.spherical_kmeans |   Init 6/10: inertia=4.937327
2026-08-13 15:39:23 | DEBUG    | fgvc.clustering.spherical_kmeans |   Init 7/10: inertia=5.064472
2026-08-13 15:39:23 | DEBUG    | fgvc.clustering.spherical_kmeans |   Init 8/10: inertia=4.723058
2026-08-13 15:39:23 | DEBUG    | fgvc.clustering.spherical_kmeans |   Init 9/10: inertia=5.073659
2026-08-13 15:39:23 | DEBUG    | fgvc.clustering.spherical_kmeans |   Init 10/10: inertia=4.965566
2026-08-13 15:39:23 | INFO     | fgvc.clustering.spherical_kmeans |   [Least_Tern] k_selected=2 | k_effective=2 | min_cluster=10 | max_cluster=15
2026-08-13 15:39:23 | INFO     | fgvc.clustering.spherical_kmeans |   [Lincoln_Sparrow] 25 images
2026-08-13 15:39:23 | DEBUG    | fgvc.clustering.spherical_kmeans |   Init 1/5: inertia=4.254203
2026-08-13 15:39:23 | DEBUG    | fgvc.clustering.spherical_kmeans |   Init 2/5: inertia=4.291708
2026-08-13 15:39:23 | DEBUG    | fgvc.clustering.spherical_kmeans |   Init 3/5: inertia=4.324606
2026-08-13 15:39:23 | DEBUG    | fgvc.clustering.spherical_kmeans |   Init 4/5: inertia=4.329270
2026-08-13 15:39:23 | DEBUG    | fgvc.clustering.spherical_kmeans |   Init 5/5: inertia=4.362978
2026-08-13 15:39:23 | DEBUG    | fgvc.clustering.spherical_kmeans |   Init 1/5: inertia=3.924649
2026-08-13 15:39:23 | DEBUG    | fgvc.clustering.spherical_kmeans |   Init 2/5: inertia=3.823328
2026-08-13 15:39:23 | DEBUG    | fgvc.clustering.spherical_kmeans |   Init 3/5: inertia=4.049191
2026-08-13 15:39:23 | DEBUG    | fgvc.clustering.spherical_kmeans |   Init 4/5: inertia=3.942615
2026-08-13 15:39:23 | DEBUG    | fgvc.clustering.spherical_kmeans |   Init 5/5: inertia=3.979621
2026-08-13 15:39:23 | DEBUG    | fgvc.clustering.spherical_kmeans |   Init 1/5: inertia=3.768845
2026-08-13 15:39:23 | DEBUG    | fgvc.clustering.spherical_kmeans |   Init 2/5: inertia=3.563258
2026-08-13 15:39:23 | DEBUG    | fgvc.clustering.spherical_kmeans |   Init 3/5: inertia=3.684051
2026-08-13 15:39:23 | DEBUG    | fgvc.clustering.spherical_kmeans |   Init 4/5: inertia=3.738195
2026-08-13 15:39:23 | DEBUG    | fgvc.clustering.spherical_kmeans |   Init 5/5: inertia=3.488528
2026-08-13 15:39:23 | DEBUG    | fgvc.clustering.spherical_kmeans |   Init 1/5: inertia=3.517965
2026-08-13 15:39:23 | DEBUG    | fgvc.clustering.spherical_kmeans |   Init 2/5: inertia=3.380896
2026-08-13 15:39:23 | DEBUG    | fgvc.clustering.spherical_kmeans |   Init 3/5: inertia=3.455608
2026-08-13 15:39:23 | DEBUG    | fgvc.clustering.spherical_kmeans |   Init 4/5: inertia=3.363203
2026-08-13 15:39:23 | DEBUG    | fgvc.clustering.spherical_kmeans |   Init 5/5: inertia=3.466132
2026-08-13 15:39:23 | DEBUG    | fgvc.clustering.spherical_kmeans | K selection: best_k=2 | scores={2: {'silhouette': 0.0628, 'compactness': 0.8298, 'score': 0.2804}, 3: {'silhouette': 0.0958, 'compactness': 0.8471, 'score': 0.2354}, 4: {'silhouette': 0.0829, 'compactness': 0.8605, 'score': 0.1663}, 5: {'silhouette': 0.0533, 'compactness': 0.8655, 'score': 0.0863}}
2026-08-13 15:39:23 | DEBUG    | fgvc.clustering.spherical_kmeans |   Init 1/10: inertia=4.254203
2026-08-13 15:39:23 | DEBUG    | fgvc.clustering.spherical_kmeans |   Init 2/10: inertia=4.291708
2026-08-13 15:39:23 | DEBUG    | fgvc.clustering.spherical_kmeans |   Init 3/10: inertia=4.324606
2026-08-13 15:39:23 | DEBUG    | fgvc.clustering.spherical_kmeans |   Init 4/10: inertia=4.329270
2026-08-13 15:39:23 | DEBUG    | fgvc.clustering.spherical_kmeans |   Init 5/10: inertia=4.362978
2026-08-13 15:39:23 | DEBUG    | fgvc.clustering.spherical_kmeans |   Init 6/10: inertia=4.341471
2026-08-13 15:39:23 | DEBUG    | fgvc.clustering.spherical_kmeans |   Init 7/10: inertia=4.353705
2026-08-13 15:39:23 | DEBUG    | fgvc.clustering.spherical_kmeans |   Init 8/10: inertia=4.347541
2026-08-13 15:39:23 | DEBUG    | fgvc.clustering.spherical_kmeans |   Init 9/10: inertia=4.270359
2026-08-13 15:39:23 | DEBUG    | fgvc.clustering.spherical_kmeans |   Init 10/10: inertia=4.279018
2026-08-13 15:39:23 | INFO     | fgvc.clustering.spherical_kmeans |   [Lincoln_Sparrow] k_selected=2 | k_effective=2 | min_cluster=11 | max_cluster=14
2026-08-13 15:39:23 | INFO     | fgvc.clustering.spherical_kmeans |   [Loggerhead_Shrike] 25 images
2026-08-13 15:39:23 | DEBUG    | fgvc.clustering.spherical_kmeans |   Init 1/5: inertia=3.952607
2026-08-13 15:39:23 | DEBUG    | fgvc.clustering.spherical_kmeans |   Init 2/5: inertia=4.075721
2026-08-13 15:39:23 | DEBUG    | fgvc.clustering.spherical_kmeans |   Init 3/5: inertia=3.986782
2026-08-13 15:39:23 | DEBUG    | fgvc.clustering.spherical_kmeans |   Init 4/5: inertia=4.064130
2026-08-13 15:39:23 | DEBUG    | fgvc.clustering.spherical_kmeans |   Init 5/5: inertia=4.071729
2026-08-13 15:39:23 | DEBUG    | fgvc.clustering.spherical_kmeans |   Init 1/5: inertia=3.727024
2026-08-13 15:39:23 | DEBUG    | fgvc.clustering.spherical_kmeans |   Init 2/5: inertia=3.680976
2026-08-13 15:39:23 | DEBUG    | fgvc.clustering.spherical_kmeans |   Init 3/5: inertia=3.846553
2026-08-13 15:39:23 | DEBUG    | fgvc.clustering.spherical_kmeans |   Init 4/5: inertia=3.594447
2026-08-13 15:39:23 | DEBUG    | fgvc.clustering.spherical_kmeans |   Init 5/5: inertia=3.526564
2026-08-13 15:39:23 | DEBUG    | fgvc.clustering.spherical_kmeans |   Init 1/5: inertia=3.372063
2026-08-13 15:39:23 | DEBUG    | fgvc.clustering.spherical_kmeans |   Init 2/5: inertia=3.452447
2026-08-13 15:39:23 | DEBUG    | fgvc.clustering.spherical_kmeans |   Init 3/5: inertia=3.471157
2026-08-13 15:39:23 | DEBUG    | fgvc.clustering.spherical_kmeans |   Init 4/5: inertia=3.426845
2026-08-13 15:39:23 | DEBUG    | fgvc.clustering.spherical_kmeans |   Init 5/5: inertia=3.459389
2026-08-13 15:39:23 | DEBUG    | fgvc.clustering.spherical_kmeans |   Init 1/5: inertia=3.090690
2026-08-13 15:39:23 | DEBUG    | fgvc.clustering.spherical_kmeans |   Init 2/5: inertia=3.066497
2026-08-13 15:39:23 | DEBUG    | fgvc.clustering.spherical_kmeans |   Init 3/5: inertia=3.198821
2026-08-13 15:39:23 | DEBUG    | fgvc.clustering.spherical_kmeans |   Init 4/5: inertia=3.249108
2026-08-13 15:39:23 | DEBUG    | fgvc.clustering.spherical_kmeans |   Init 5/5: inertia=3.251982
2026-08-13 15:39:23 | DEBUG    | fgvc.clustering.spherical_kmeans | K selection: best_k=2 | scores={2: {'silhouette': 0.0815, 'compactness': 0.8419, 'score': 0.2933}, 3: {'silhouette': 0.105, 'compactness': 0.8589, 'score': 0.2435}, 4: {'silhouette': 0.0609, 'compactness': 0.8651, 'score': 0.1567}, 5: {'silhouette': 0.0736, 'compactness': 0.8773, 'score': 0.1}}
2026-08-13 15:39:23 | DEBUG    | fgvc.clustering.spherical_kmeans |   Init 1/10: inertia=3.952607
2026-08-13 15:39:23 | DEBUG    | fgvc.clustering.spherical_kmeans |   Init 2/10: inertia=4.075721
2026-08-13 15:39:23 | DEBUG    | fgvc.clustering.spherical_kmeans |   Init 3/10: inertia=3.986782
2026-08-13 15:39:23 | DEBUG    | fgvc.clustering.spherical_kmeans |   Init 4/10: inertia=4.064130
2026-08-13 15:39:23 | DEBUG    | fgvc.clustering.spherical_kmeans |   Init 5/10: inertia=4.071729
2026-08-13 15:39:23 | DEBUG    | fgvc.clustering.spherical_kmeans |   Init 6/10: inertia=3.925912
2026-08-13 15:39:23 | DEBUG    | fgvc.clustering.spherical_kmeans |   Init 7/10: inertia=3.956103
2026-08-13 15:39:23 | DEBUG    | fgvc.clustering.spherical_kmeans |   Init 8/10: inertia=3.952708
2026-08-13 15:39:23 | DEBUG    | fgvc.clustering.spherical_kmeans |   Init 9/10: inertia=4.123677
2026-08-13 15:39:23 | DEBUG    | fgvc.clustering.spherical_kmeans |   Init 10/10: inertia=3.999804
2026-08-13 15:39:23 | INFO     | fgvc.clustering.spherical_kmeans |   [Loggerhead_Shrike] k_selected=2 | k_effective=2 | min_cluster=5 | max_cluster=20
2026-08-13 15:39:23 | INFO     | fgvc.clustering.spherical_kmeans |   [Long_tailed_Jaeger] 25 images
2026-08-13 15:39:23 | DEBUG    | fgvc.clustering.spherical_kmeans |   Init 1/5: inertia=6.002337
2026-08-13 15:39:23 | DEBUG    | fgvc.clustering.spherical_kmeans |   Init 2/5: inertia=6.075944
2026-08-13 15:39:23 | DEBUG    | fgvc.clustering.spherical_kmeans |   Init 3/5: inertia=6.300541
2026-08-13 15:39:23 | DEBUG    | fgvc.clustering.spherical_kmeans |   Init 4/5: inertia=6.230316
2026-08-13 15:39:23 | DEBUG    | fgvc.clustering.spherical_kmeans |   Init 5/5: inertia=6.151273
2026-08-13 15:39:23 | DEBUG    | fgvc.clustering.spherical_kmeans |   Init 1/5: inertia=5.213595
2026-08-13 15:39:23 | DEBUG    | fgvc.clustering.spherical_kmeans |   Init 2/5: inertia=5.688419
2026-08-13 15:39:23 | DEBUG    | fgvc.clustering.spherical_kmeans |   Init 3/5: inertia=5.629529
2026-08-13 15:39:23 | DEBUG    | fgvc.clustering.spherical_kmeans |   Init 4/5: inertia=5.276304
2026-08-13 15:39:23 | DEBUG    | fgvc.clustering.spherical_kmeans |   Init 5/5: inertia=5.419906
2026-08-13 15:39:23 | DEBUG    | fgvc.clustering.spherical_kmeans |   Init 1/5: inertia=4.908471
2026-08-13 15:39:23 | DEBUG    | fgvc.clustering.spherical_kmeans |   Init 2/5: inertia=5.326387
2026-08-13 15:39:23 | DEBUG    | fgvc.clustering.spherical_kmeans |   Init 3/5: inertia=5.390579
2026-08-13 15:39:23 | DEBUG    | fgvc.clustering.spherical_kmeans |   Init 4/5: inertia=5.104880
2026-08-13 15:39:23 | DEBUG    | fgvc.clustering.spherical_kmeans |   Init 5/5: inertia=4.854075
2026-08-13 15:39:23 | DEBUG    | fgvc.clustering.spherical_kmeans |   Init 1/5: inertia=4.672995
2026-08-13 15:39:23 | DEBUG    | fgvc.clustering.spherical_kmeans |   Init 2/5: inertia=5.022429
2026-08-13 15:39:23 | DEBUG    | fgvc.clustering.spherical_kmeans |   Init 3/5: inertia=4.615521
2026-08-13 15:39:23 | DEBUG    | fgvc.clustering.spherical_kmeans |   Init 4/5: inertia=4.809384
2026-08-13 15:39:23 | DEBUG    | fgvc.clustering.spherical_kmeans |   Init 5/5: inertia=4.858002
2026-08-13 15:39:23 | DEBUG    | fgvc.clustering.spherical_kmeans | K selection: best_k=2 | scores={2: {'silhouette': 0.2254, 'compactness': 0.7599, 'score': 0.3407}, 3: {'silhouette': 0.1591, 'compactness': 0.7915, 'score': 0.2503}, 4: {'silhouette': 0.1174, 'compactness': 0.8058, 'score': 0.1671}, 5: {'silhouette': 0.0642, 'compactness': 0.8154, 'score': 0.0767}}
2026-08-13 15:39:23 | DEBUG    | fgvc.clustering.spherical_kmeans |   Init 1/10: inertia=6.002337
2026-08-13 15:39:23 | DEBUG    | fgvc.clustering.spherical_kmeans |   Init 2/10: inertia=6.075944
2026-08-13 15:39:23 | DEBUG    | fgvc.clustering.spherical_kmeans |   Init 3/10: inertia=6.300541
2026-08-13 15:39:23 | DEBUG    | fgvc.clustering.spherical_kmeans |   Init 4/10: inertia=6.230316
2026-08-13 15:39:23 | DEBUG    | fgvc.clustering.spherical_kmeans |   Init 5/10: inertia=6.151273
2026-08-13 15:39:23 | DEBUG    | fgvc.clustering.spherical_kmeans |   Init 6/10: inertia=6.332125
2026-08-13 15:39:23 | DEBUG    | fgvc.clustering.spherical_kmeans |   Init 7/10: inertia=6.343961
2026-08-13 15:39:23 | DEBUG    | fgvc.clustering.spherical_kmeans |   Init 8/10: inertia=6.206205
2026-08-13 15:39:23 | DEBUG    | fgvc.clustering.spherical_kmeans |   Init 9/10: inertia=6.075944
2026-08-13 15:39:23 | DEBUG    | fgvc.clustering.spherical_kmeans |   Init 10/10: inertia=6.101190
2026-08-13 15:39:23 | INFO     | fgvc.clustering.spherical_kmeans |   [Long_tailed_Jaeger] k_selected=2 | k_effective=1 | min_cluster=25 | max_cluster=25
2026-08-13 15:39:23 | INFO     | fgvc.clustering.spherical_kmeans |   [Louisiana_Waterthrush] 25 images
2026-08-13 15:39:23 | DEBUG    | fgvc.clustering.spherical_kmeans |   Init 1/5: inertia=4.598328
2026-08-13 15:39:23 | DEBUG    | fgvc.clustering.spherical_kmeans |   Init 2/5: inertia=4.510114
2026-08-13 15:39:23 | DEBUG    | fgvc.clustering.spherical_kmeans |   Init 3/5: inertia=4.483557
2026-08-13 15:39:23 | DEBUG    | fgvc.clustering.spherical_kmeans |   Init 4/5: inertia=4.487407
2026-08-13 15:39:23 | DEBUG    | fgvc.clustering.spherical_kmeans |   Init 5/5: inertia=4.448922
2026-08-13 15:39:23 | DEBUG    | fgvc.clustering.spherical_kmeans |   Init 1/5: inertia=4.120136
2026-08-13 15:39:23 | DEBUG    | fgvc.clustering.spherical_kmeans |   Init 2/5: inertia=4.379481
2026-08-13 15:39:23 | DEBUG    | fgvc.clustering.spherical_kmeans |   Init 3/5: inertia=4.254731
2026-08-13 15:39:23 | DEBUG    | fgvc.clustering.spherical_kmeans |   Init 4/5: inertia=4.172724
2026-08-13 15:39:23 | DEBUG    | fgvc.clustering.spherical_kmeans |   Init 5/5: inertia=4.082077
2026-08-13 15:39:23 | DEBUG    | fgvc.clustering.spherical_kmeans |   Init 1/5: inertia=3.843840
2026-08-13 15:39:23 | DEBUG    | fgvc.clustering.spherical_kmeans |   Init 2/5: inertia=4.131617
2026-08-13 15:39:23 | DEBUG    | fgvc.clustering.spherical_kmeans |   Init 3/5: inertia=3.931389
2026-08-13 15:39:23 | DEBUG    | fgvc.clustering.spherical_kmeans |   Init 4/5: inertia=4.011331
2026-08-13 15:39:23 | DEBUG    | fgvc.clustering.spherical_kmeans |   Init 5/5: inertia=4.091635
2026-08-13 15:39:23 | DEBUG    | fgvc.clustering.spherical_kmeans |   Init 1/5: inertia=3.563649
2026-08-13 15:39:23 | DEBUG    | fgvc.clustering.spherical_kmeans |   Init 2/5: inertia=3.915259
2026-08-13 15:39:23 | DEBUG    | fgvc.clustering.spherical_kmeans |   Init 3/5: inertia=3.791116
2026-08-13 15:39:23 | DEBUG    | fgvc.clustering.spherical_kmeans |   Init 4/5: inertia=3.591821
2026-08-13 15:39:23 | DEBUG    | fgvc.clustering.spherical_kmeans |   Init 5/5: inertia=3.678025
2026-08-13 15:39:23 | DEBUG    | fgvc.clustering.spherical_kmeans | K selection: best_k=2 | scores={2: {'silhouette': 0.095, 'compactness': 0.822, 'score': 0.2941}, 3: {'silhouette': 0.0656, 'compactness': 0.8367, 'score': 0.2172}, 4: {'silhouette': 0.0662, 'compactness': 0.8462, 'score': 0.1537}, 5: {'silhouette': 0.0605, 'compactness': 0.8575, 'score': 0.0875}}
2026-08-13 15:39:23 | DEBUG    | fgvc.clustering.spherical_kmeans |   Init 1/10: inertia=4.598328
2026-08-13 15:39:23 | DEBUG    | fgvc.clustering.spherical_kmeans |   Init 2/10: inertia=4.510114
2026-08-13 15:39:23 | DEBUG    | fgvc.clustering.spherical_kmeans |   Init 3/10: inertia=4.483557
2026-08-13 15:39:23 | DEBUG    | fgvc.clustering.spherical_kmeans |   Init 4/10: inertia=4.487407
2026-08-13 15:39:23 | DEBUG    | fgvc.clustering.spherical_kmeans |   Init 5/10: inertia=4.448922
2026-08-13 15:39:23 | DEBUG    | fgvc.clustering.spherical_kmeans |   Init 6/10: inertia=4.555382
2026-08-13 15:39:23 | DEBUG    | fgvc.clustering.spherical_kmeans |   Init 7/10: inertia=4.481110
2026-08-13 15:39:23 | DEBUG    | fgvc.clustering.spherical_kmeans |   Init 8/10: inertia=4.405637
2026-08-13 15:39:23 | DEBUG    | fgvc.clustering.spherical_kmeans |   Init 9/10: inertia=4.622559
2026-08-13 15:39:23 | DEBUG    | fgvc.clustering.spherical_kmeans |   Init 10/10: inertia=4.483887
2026-08-13 15:39:23 | INFO     | fgvc.clustering.spherical_kmeans |   [Louisiana_Waterthrush] k_selected=2 | k_effective=2 | min_cluster=9 | max_cluster=16
2026-08-13 15:39:23 | INFO     | fgvc.clustering.spherical_kmeans |   [Magnolia_Warbler] 25 images
2026-08-13 15:39:23 | DEBUG    | fgvc.clustering.spherical_kmeans |   Init 1/5: inertia=3.291396
2026-08-13 15:39:23 | DEBUG    | fgvc.clustering.spherical_kmeans |   Init 2/5: inertia=3.129124
2026-08-13 15:39:23 | DEBUG    | fgvc.clustering.spherical_kmeans |   Init 3/5: inertia=3.360761
2026-08-13 15:39:23 | DEBUG    | fgvc.clustering.spherical_kmeans |   Init 4/5: inertia=3.276874
2026-08-13 15:39:23 | DEBUG    | fgvc.clustering.spherical_kmeans |   Init 5/5: inertia=2.883022
2026-08-13 15:39:23 | DEBUG    | fgvc.clustering.spherical_kmeans |   Init 1/5: inertia=2.896958
2026-08-13 15:39:23 | DEBUG    | fgvc.clustering.spherical_kmeans |   Init 2/5: inertia=2.655376
2026-08-13 15:39:23 | DEBUG    | fgvc.clustering.spherical_kmeans |   Init 3/5: inertia=2.433228
2026-08-13 15:39:23 | DEBUG    | fgvc.clustering.spherical_kmeans |   Init 4/5: inertia=2.533681
2026-08-13 15:39:23 | DEBUG    | fgvc.clustering.spherical_kmeans |   Init 5/5: inertia=2.413636
2026-08-13 15:39:23 | DEBUG    | fgvc.clustering.spherical_kmeans |   Init 1/5: inertia=2.259674
2026-08-13 15:39:23 | DEBUG    | fgvc.clustering.spherical_kmeans |   Init 2/5: inertia=2.376779
2026-08-13 15:39:23 | DEBUG    | fgvc.clustering.spherical_kmeans |   Init 3/5: inertia=2.468649
2026-08-13 15:39:23 | DEBUG    | fgvc.clustering.spherical_kmeans |   Init 4/5: inertia=2.277021
2026-08-13 15:39:23 | DEBUG    | fgvc.clustering.spherical_kmeans |   Init 5/5: inertia=2.514777
2026-08-13 15:39:23 | DEBUG    | fgvc.clustering.spherical_kmeans |   Init 1/5: inertia=2.093102
2026-08-13 15:39:23 | DEBUG    | fgvc.clustering.spherical_kmeans |   Init 2/5: inertia=2.202395
2026-08-13 15:39:23 | DEBUG    | fgvc.clustering.spherical_kmeans |   Init 3/5: inertia=2.250101
2026-08-13 15:39:23 | DEBUG    | fgvc.clustering.spherical_kmeans |   Init 4/5: inertia=2.295019
2026-08-13 15:39:23 | DEBUG    | fgvc.clustering.spherical_kmeans |   Init 5/5: inertia=1.997536
2026-08-13 15:39:23 | DEBUG    | fgvc.clustering.spherical_kmeans | K selection: best_k=2 | scores={2: {'silhouette': 0.3182, 'compactness': 0.8847, 'score': 0.4245}, 3: {'silhouette': 0.3396, 'compactness': 0.9035, 'score': 0.3742}, 4: {'silhouette': 0.1637, 'compactness': 0.9096, 'score': 0.2214}, 5: {'silhouette': 0.3188, 'compactness': 0.9201, 'score': 0.2354}}
2026-08-13 15:39:23 | DEBUG    | fgvc.clustering.spherical_kmeans |   Init 1/10: inertia=3.291396
2026-08-13 15:39:23 | DEBUG    | fgvc.clustering.spherical_kmeans |   Init 2/10: inertia=3.129124
2026-08-13 15:39:23 | DEBUG    | fgvc.clustering.spherical_kmeans |   Init 3/10: inertia=3.360761
2026-08-13 15:39:23 | DEBUG    | fgvc.clustering.spherical_kmeans |   Init 4/10: inertia=3.276874
2026-08-13 15:39:23 | DEBUG    | fgvc.clustering.spherical_kmeans |   Init 5/10: inertia=2.883022
2026-08-13 15:39:23 | DEBUG    | fgvc.clustering.spherical_kmeans |   Init 6/10: inertia=2.820121
2026-08-13 15:39:23 | DEBUG    | fgvc.clustering.spherical_kmeans |   Init 7/10: inertia=3.331707
2026-08-13 15:39:23 | DEBUG    | fgvc.clustering.spherical_kmeans |   Init 8/10: inertia=3.378641
2026-08-13 15:39:23 | DEBUG    | fgvc.clustering.spherical_kmeans |   Init 9/10: inertia=3.135096
2026-08-13 15:39:23 | DEBUG    | fgvc.clustering.spherical_kmeans |   Init 10/10: inertia=2.883022
2026-08-13 15:39:23 | INFO     | fgvc.clustering.spherical_kmeans |   [Magnolia_Warbler] k_selected=2 | k_effective=2 | min_cluster=7 | max_cluster=18
2026-08-13 15:39:23 | INFO     | fgvc.clustering.spherical_kmeans |   [Mallard] 25 images
2026-08-13 15:39:23 | DEBUG    | fgvc.clustering.spherical_kmeans |   Init 1/5: inertia=2.902439
2026-08-13 15:39:23 | DEBUG    | fgvc.clustering.spherical_kmeans |   Init 2/5: inertia=2.894957
2026-08-13 15:39:23 | DEBUG    | fgvc.clustering.spherical_kmeans |   Init 3/5: inertia=2.894957
2026-08-13 15:39:23 | DEBUG    | fgvc.clustering.spherical_kmeans |   Init 4/5: inertia=2.902439
2026-08-13 15:39:23 | DEBUG    | fgvc.clustering.spherical_kmeans |   Init 5/5: inertia=2.894957
2026-08-13 15:39:23 | DEBUG    | fgvc.clustering.spherical_kmeans |   Init 1/5: inertia=2.644605
2026-08-13 15:39:23 | DEBUG    | fgvc.clustering.spherical_kmeans |   Init 2/5: inertia=2.680734
2026-08-13 15:39:23 | DEBUG    | fgvc.clustering.spherical_kmeans |   Init 3/5: inertia=2.665838
2026-08-13 15:39:23 | DEBUG    | fgvc.clustering.spherical_kmeans |   Init 4/5: inertia=2.611000
2026-08-13 15:39:23 | DEBUG    | fgvc.clustering.spherical_kmeans |   Init 5/5: inertia=3.009639
2026-08-13 15:39:23 | DEBUG    | fgvc.clustering.spherical_kmeans |   Init 1/5: inertia=2.465655
2026-08-13 15:39:23 | DEBUG    | fgvc.clustering.spherical_kmeans |   Init 2/5: inertia=2.469988
2026-08-13 15:39:23 | DEBUG    | fgvc.clustering.spherical_kmeans |   Init 3/5: inertia=2.291733
2026-08-13 15:39:23 | DEBUG    | fgvc.clustering.spherical_kmeans |   Init 4/5: inertia=2.474245
2026-08-13 15:39:23 | DEBUG    | fgvc.clustering.spherical_kmeans |   Init 5/5: inertia=2.666405
2026-08-13 15:39:23 | DEBUG    | fgvc.clustering.spherical_kmeans |   Init 1/5: inertia=2.277422
2026-08-13 15:39:23 | DEBUG    | fgvc.clustering.spherical_kmeans |   Init 2/5: inertia=2.723567
2026-08-13 15:39:23 | DEBUG    | fgvc.clustering.spherical_kmeans |   Init 3/5: inertia=2.300896
2026-08-13 15:39:23 | DEBUG    | fgvc.clustering.spherical_kmeans |   Init 4/5: inertia=2.210008
2026-08-13 15:39:23 | DEBUG    | fgvc.clustering.spherical_kmeans |   Init 5/5: inertia=2.659617
2026-08-13 15:39:23 | DEBUG    | fgvc.clustering.spherical_kmeans | K selection: best_k=2 | scores={2: {'silhouette': 0.485, 'compactness': 0.8842, 'score': 0.5077}, 3: {'silhouette': 0.3865, 'compactness': 0.8956, 'score': 0.3952}, 4: {'silhouette': 0.1684, 'compactness': 0.9083, 'score': 0.2234}, 5: {'silhouette': 0.1646, 'compactness': 0.9116, 'score': 0.1558}}
2026-08-13 15:39:23 | DEBUG    | fgvc.clustering.spherical_kmeans |   Init 1/10: inertia=2.902439
2026-08-13 15:39:23 | DEBUG    | fgvc.clustering.spherical_kmeans |   Init 2/10: inertia=2.894957
2026-08-13 15:39:23 | DEBUG    | fgvc.clustering.spherical_kmeans |   Init 3/10: inertia=2.894957
2026-08-13 15:39:23 | DEBUG    | fgvc.clustering.spherical_kmeans |   Init 4/10: inertia=2.902439
2026-08-13 15:39:23 | DEBUG    | fgvc.clustering.spherical_kmeans |   Init 5/10: inertia=2.894957
2026-08-13 15:39:23 | DEBUG    | fgvc.clustering.spherical_kmeans |   Init 6/10: inertia=2.894957
2026-08-13 15:39:23 | DEBUG    | fgvc.clustering.spherical_kmeans |   Init 7/10: inertia=2.894957
2026-08-13 15:39:23 | DEBUG    | fgvc.clustering.spherical_kmeans |   Init 8/10: inertia=2.902439
2026-08-13 15:39:23 | DEBUG    | fgvc.clustering.spherical_kmeans |   Init 9/10: inertia=2.894957
2026-08-13 15:39:23 | DEBUG    | fgvc.clustering.spherical_kmeans |   Init 10/10: inertia=3.387686
2026-08-13 15:39:23 | INFO     | fgvc.clustering.spherical_kmeans |   [Mallard] k_selected=2 | k_effective=1 | min_cluster=25 | max_cluster=25
2026-08-13 15:39:23 | INFO     | fgvc.clustering.spherical_kmeans |   [Mangrove_Cuckoo] 25 images
2026-08-13 15:39:23 | DEBUG    | fgvc.clustering.spherical_kmeans |   Init 1/5: inertia=5.542703
2026-08-13 15:39:23 | DEBUG    | fgvc.clustering.spherical_kmeans |   Init 2/5: inertia=5.397356
2026-08-13 15:39:23 | DEBUG    | fgvc.clustering.spherical_kmeans |   Init 3/5: inertia=5.505249
2026-08-13 15:39:23 | DEBUG    | fgvc.clustering.spherical_kmeans |   Init 4/5: inertia=5.396400
2026-08-13 15:39:23 | DEBUG    | fgvc.clustering.spherical_kmeans |   Init 5/5: inertia=5.395977
2026-08-13 15:39:23 | DEBUG    | fgvc.clustering.spherical_kmeans |   Init 1/5: inertia=4.757580
2026-08-13 15:39:23 | DEBUG    | fgvc.clustering.spherical_kmeans |   Init 2/5: inertia=4.761334
2026-08-13 15:39:23 | DEBUG    | fgvc.clustering.spherical_kmeans |   Init 3/5: inertia=4.983348
2026-08-13 15:39:23 | DEBUG    | fgvc.clustering.spherical_kmeans |   Init 4/5: inertia=4.926047
2026-08-13 15:39:23 | DEBUG    | fgvc.clustering.spherical_kmeans |   Init 5/5: inertia=4.749815
2026-08-13 15:39:23 | DEBUG    | fgvc.clustering.spherical_kmeans |   Init 1/5: inertia=4.450862
2026-08-13 15:39:23 | DEBUG    | fgvc.clustering.spherical_kmeans |   Init 2/5: inertia=4.358974
2026-08-13 15:39:23 | DEBUG    | fgvc.clustering.spherical_kmeans |   Init 3/5: inertia=4.544192
2026-08-13 15:39:23 | DEBUG    | fgvc.clustering.spherical_kmeans |   Init 4/5: inertia=4.362769
2026-08-13 15:39:23 | DEBUG    | fgvc.clustering.spherical_kmeans |   Init 5/5: inertia=4.571972
2026-08-13 15:39:23 | DEBUG    | fgvc.clustering.spherical_kmeans |   Init 1/5: inertia=4.086645
2026-08-13 15:39:23 | DEBUG    | fgvc.clustering.spherical_kmeans |   Init 2/5: inertia=4.077234
2026-08-13 15:39:23 | DEBUG    | fgvc.clustering.spherical_kmeans |   Init 3/5: inertia=4.419143
2026-08-13 15:39:23 | DEBUG    | fgvc.clustering.spherical_kmeans |   Init 4/5: inertia=4.016421
2026-08-13 15:39:23 | DEBUG    | fgvc.clustering.spherical_kmeans |   Init 5/5: inertia=4.044796
2026-08-13 15:39:23 | DEBUG    | fgvc.clustering.spherical_kmeans | K selection: best_k=2 | scores={2: {'silhouette': 0.1176, 'compactness': 0.7842, 'score': 0.2941}, 3: {'silhouette': 0.1542, 'compactness': 0.81, 'score': 0.2534}, 4: {'silhouette': 0.1297, 'compactness': 0.8256, 'score': 0.1792}, 5: {'silhouette': 0.0895, 'compactness': 0.8393, 'score': 0.0966}}
2026-08-13 15:39:23 | DEBUG    | fgvc.clustering.spherical_kmeans |   Init 1/10: inertia=5.542703
2026-08-13 15:39:23 | DEBUG    | fgvc.clustering.spherical_kmeans |   Init 2/10: inertia=5.397356
2026-08-13 15:39:23 | DEBUG    | fgvc.clustering.spherical_kmeans |   Init 3/10: inertia=5.505249
2026-08-13 15:39:23 | DEBUG    | fgvc.clustering.spherical_kmeans |   Init 4/10: inertia=5.396400
2026-08-13 15:39:23 | DEBUG    | fgvc.clustering.spherical_kmeans |   Init 5/10: inertia=5.395977
2026-08-13 15:39:23 | DEBUG    | fgvc.clustering.spherical_kmeans |   Init 6/10: inertia=5.734722
2026-08-13 15:39:23 | DEBUG    | fgvc.clustering.spherical_kmeans |   Init 7/10: inertia=5.509663
2026-08-13 15:39:23 | DEBUG    | fgvc.clustering.spherical_kmeans |   Init 8/10: inertia=5.515717
2026-08-13 15:39:23 | DEBUG    | fgvc.clustering.spherical_kmeans |   Init 9/10: inertia=5.399387
2026-08-13 15:39:23 | DEBUG    | fgvc.clustering.spherical_kmeans |   Init 10/10: inertia=5.522776
2026-08-13 15:39:23 | INFO     | fgvc.clustering.spherical_kmeans |   [Mangrove_Cuckoo] k_selected=2 | k_effective=2 | min_cluster=12 | max_cluster=13
2026-08-13 15:39:23 | INFO     | fgvc.clustering.spherical_kmeans |   [Marsh_Wren] 25 images
2026-08-13 15:39:23 | DEBUG    | fgvc.clustering.spherical_kmeans |   Init 1/5: inertia=4.053751
2026-08-13 15:39:23 | DEBUG    | fgvc.clustering.spherical_kmeans |   Init 2/5: inertia=3.999492
2026-08-13 15:39:23 | DEBUG    | fgvc.clustering.spherical_kmeans |   Init 3/5: inertia=4.005209
2026-08-13 15:39:23 | DEBUG    | fgvc.clustering.spherical_kmeans |   Init 4/5: inertia=3.951808
2026-08-13 15:39:23 | DEBUG    | fgvc.clustering.spherical_kmeans |   Init 5/5: inertia=3.886987
2026-08-13 15:39:23 | DEBUG    | fgvc.clustering.spherical_kmeans |   Init 1/5: inertia=3.772979
2026-08-13 15:39:23 | DEBUG    | fgvc.clustering.spherical_kmeans |   Init 2/5: inertia=3.681046
2026-08-13 15:39:23 | DEBUG    | fgvc.clustering.spherical_kmeans |   Init 3/5: inertia=3.581668
2026-08-13 15:39:23 | DEBUG    | fgvc.clustering.spherical_kmeans |   Init 4/5: inertia=3.837086
2026-08-13 15:39:23 | DEBUG    | fgvc.clustering.spherical_kmeans |   Init 5/5: inertia=3.584373
2026-08-13 15:39:23 | DEBUG    | fgvc.clustering.spherical_kmeans |   Init 1/5: inertia=3.516052
2026-08-13 15:39:23 | DEBUG    | fgvc.clustering.spherical_kmeans |   Init 2/5: inertia=3.521695
2026-08-13 15:39:23 | DEBUG    | fgvc.clustering.spherical_kmeans |   Init 3/5: inertia=3.370781
2026-08-13 15:39:23 | DEBUG    | fgvc.clustering.spherical_kmeans |   Init 4/5: inertia=3.254194
2026-08-13 15:39:23 | DEBUG    | fgvc.clustering.spherical_kmeans |   Init 5/5: inertia=3.264631
2026-08-13 15:39:23 | DEBUG    | fgvc.clustering.spherical_kmeans |   Init 1/5: inertia=3.290552
2026-08-13 15:39:23 | DEBUG    | fgvc.clustering.spherical_kmeans |   Init 2/5: inertia=3.160470
2026-08-13 15:39:23 | DEBUG    | fgvc.clustering.spherical_kmeans |   Init 3/5: inertia=2.975272
2026-08-13 15:39:23 | DEBUG    | fgvc.clustering.spherical_kmeans |   Init 4/5: inertia=3.123722
2026-08-13 15:39:23 | DEBUG    | fgvc.clustering.spherical_kmeans |   Init 5/5: inertia=3.243326
2026-08-13 15:39:23 | DEBUG    | fgvc.clustering.spherical_kmeans | K selection: best_k=2 | scores={2: {'silhouette': 0.3668, 'compactness': 0.8445, 'score': 0.4368}, 3: {'silhouette': 0.2578, 'compactness': 0.8567, 'score': 0.3192}, 4: {'silhouette': 0.0674, 'compactness': 0.8698, 'score': 0.1613}, 5: {'silhouette': 0.0629, 'compactness': 0.881, 'score': 0.0958}}
2026-08-13 15:39:23 | DEBUG    | fgvc.clustering.spherical_kmeans |   Init 1/10: inertia=4.053751
2026-08-13 15:39:23 | DEBUG    | fgvc.clustering.spherical_kmeans |   Init 2/10: inertia=3.999492
2026-08-13 15:39:23 | DEBUG    | fgvc.clustering.spherical_kmeans |   Init 3/10: inertia=4.005209
2026-08-13 15:39:23 | DEBUG    | fgvc.clustering.spherical_kmeans |   Init 4/10: inertia=3.951808
2026-08-13 15:39:23 | DEBUG    | fgvc.clustering.spherical_kmeans |   Init 5/10: inertia=3.886987
2026-08-13 15:39:23 | DEBUG    | fgvc.clustering.spherical_kmeans |   Init 6/10: inertia=3.918313
2026-08-13 15:39:23 | DEBUG    | fgvc.clustering.spherical_kmeans |   Init 7/10: inertia=3.869488
2026-08-13 15:39:23 | DEBUG    | fgvc.clustering.spherical_kmeans |   Init 8/10: inertia=3.972432
2026-08-13 15:39:23 | DEBUG    | fgvc.clustering.spherical_kmeans |   Init 9/10: inertia=3.886987
2026-08-13 15:39:23 | DEBUG    | fgvc.clustering.spherical_kmeans |   Init 10/10: inertia=3.945677
2026-08-13 15:39:23 | INFO     | fgvc.clustering.spherical_kmeans |   [Marsh_Wren] k_selected=2 | k_effective=1 | min_cluster=25 | max_cluster=25
2026-08-13 15:39:23 | INFO     | fgvc.clustering.spherical_kmeans |   [Mockingbird] 25 images
2026-08-13 15:39:23 | DEBUG    | fgvc.clustering.spherical_kmeans |   Init 1/5: inertia=5.582710
2026-08-13 15:39:23 | DEBUG    | fgvc.clustering.spherical_kmeans |   Init 2/5: inertia=5.769168
2026-08-13 15:39:23 | DEBUG    | fgvc.clustering.spherical_kmeans |   Init 3/5: inertia=5.581936
2026-08-13 15:39:23 | DEBUG    | fgvc.clustering.spherical_kmeans |   Init 4/5: inertia=5.521983
2026-08-13 15:39:23 | DEBUG    | fgvc.clustering.spherical_kmeans |   Init 5/5: inertia=5.696041
2026-08-13 15:39:23 | DEBUG    | fgvc.clustering.spherical_kmeans |   Init 1/5: inertia=5.315118
2026-08-13 15:39:23 | DEBUG    | fgvc.clustering.spherical_kmeans |   Init 2/5: inertia=5.220615
2026-08-13 15:39:23 | DEBUG    | fgvc.clustering.spherical_kmeans |   Init 3/5: inertia=5.294872
2026-08-13 15:39:23 | DEBUG    | fgvc.clustering.spherical_kmeans |   Init 4/5: inertia=5.088556
2026-08-13 15:39:23 | DEBUG    | fgvc.clustering.spherical_kmeans |   Init 5/5: inertia=5.361476
2026-08-13 15:39:23 | DEBUG    | fgvc.clustering.spherical_kmeans |   Init 1/5: inertia=4.899367
2026-08-13 15:39:23 | DEBUG    | fgvc.clustering.spherical_kmeans |   Init 2/5: inertia=4.806434
2026-08-13 15:39:23 | DEBUG    | fgvc.clustering.spherical_kmeans |   Init 3/5: inertia=4.866541
2026-08-13 15:39:23 | DEBUG    | fgvc.clustering.spherical_kmeans |   Init 4/5: inertia=4.953209
2026-08-13 15:39:23 | DEBUG    | fgvc.clustering.spherical_kmeans |   Init 5/5: inertia=4.957102
2026-08-13 15:39:23 | DEBUG    | fgvc.clustering.spherical_kmeans |   Init 1/5: inertia=4.641175
2026-08-13 15:39:23 | DEBUG    | fgvc.clustering.spherical_kmeans |   Init 2/5: inertia=4.472929
2026-08-13 15:39:23 | DEBUG    | fgvc.clustering.spherical_kmeans |   Init 3/5: inertia=4.809854
2026-08-13 15:39:23 | DEBUG    | fgvc.clustering.spherical_kmeans |   Init 4/5: inertia=4.529382
2026-08-13 15:39:23 | DEBUG    | fgvc.clustering.spherical_kmeans |   Init 5/5: inertia=4.546185
2026-08-13 15:39:23 | DEBUG    | fgvc.clustering.spherical_kmeans | K selection: best_k=2 | scores={2: {'silhouette': 0.1581, 'compactness': 0.7791, 'score': 0.3128}, 3: {'silhouette': 0.1639, 'compactness': 0.7965, 'score': 0.2542}, 4: {'silhouette': 0.0678, 'compactness': 0.8077, 'score': 0.1429}, 5: {'silhouette': 0.07, 'compactness': 0.8211, 'score': 0.0813}}
2026-08-13 15:39:23 | DEBUG    | fgvc.clustering.spherical_kmeans |   Init 1/10: inertia=5.582710
2026-08-13 15:39:23 | DEBUG    | fgvc.clustering.spherical_kmeans |   Init 2/10: inertia=5.769168
2026-08-13 15:39:23 | DEBUG    | fgvc.clustering.spherical_kmeans |   Init 3/10: inertia=5.581936
2026-08-13 15:39:23 | DEBUG    | fgvc.clustering.spherical_kmeans |   Init 4/10: inertia=5.521983
2026-08-13 15:39:23 | DEBUG    | fgvc.clustering.spherical_kmeans |   Init 5/10: inertia=5.696041
2026-08-13 15:39:23 | DEBUG    | fgvc.clustering.spherical_kmeans |   Init 6/10: inertia=5.602295
2026-08-13 15:39:23 | DEBUG    | fgvc.clustering.spherical_kmeans |   Init 7/10: inertia=5.705648
2026-08-13 15:39:23 | DEBUG    | fgvc.clustering.spherical_kmeans |   Init 8/10: inertia=5.739090
2026-08-13 15:39:23 | DEBUG    | fgvc.clustering.spherical_kmeans |   Init 9/10: inertia=5.723011
2026-08-13 15:39:23 | DEBUG    | fgvc.clustering.spherical_kmeans |   Init 10/10: inertia=5.503393
2026-08-13 15:39:23 | INFO     | fgvc.clustering.spherical_kmeans |   [Mockingbird] k_selected=2 | k_effective=2 | min_cluster=5 | max_cluster=20
2026-08-13 15:39:23 | INFO     | fgvc.clustering.spherical_kmeans |   [Mourning_Warbler] 25 images
2026-08-13 15:39:23 | DEBUG    | fgvc.clustering.spherical_kmeans |   Init 1/5: inertia=3.183262
2026-08-13 15:39:23 | DEBUG    | fgvc.clustering.spherical_kmeans |   Init 2/5: inertia=3.239803
2026-08-13 15:39:23 | DEBUG    | fgvc.clustering.spherical_kmeans |   Init 3/5: inertia=3.233945
2026-08-13 15:39:23 | DEBUG    | fgvc.clustering.spherical_kmeans |   Init 4/5: inertia=3.126771
2026-08-13 15:39:23 | DEBUG    | fgvc.clustering.spherical_kmeans |   Init 5/5: inertia=3.198908
2026-08-13 15:39:23 | DEBUG    | fgvc.clustering.spherical_kmeans |   Init 1/5: inertia=2.936643
2026-08-13 15:39:23 | DEBUG    | fgvc.clustering.spherical_kmeans |   Init 2/5: inertia=3.033738
2026-08-13 15:39:23 | DEBUG    | fgvc.clustering.spherical_kmeans |   Init 3/5: inertia=2.875082
2026-08-13 15:39:23 | DEBUG    | fgvc.clustering.spherical_kmeans |   Init 4/5: inertia=3.044043
2026-08-13 15:39:23 | DEBUG    | fgvc.clustering.spherical_kmeans |   Init 5/5: inertia=3.039658
2026-08-13 15:39:23 | DEBUG    | fgvc.clustering.spherical_kmeans |   Init 1/5: inertia=2.766235
2026-08-13 15:39:23 | DEBUG    | fgvc.clustering.spherical_kmeans |   Init 2/5: inertia=2.587520
2026-08-13 15:39:23 | DEBUG    | fgvc.clustering.spherical_kmeans |   Init 3/5: inertia=2.720840
2026-08-13 15:39:23 | DEBUG    | fgvc.clustering.spherical_kmeans |   Init 4/5: inertia=2.698905
2026-08-13 15:39:23 | DEBUG    | fgvc.clustering.spherical_kmeans |   Init 5/5: inertia=2.678669
2026-08-13 15:39:23 | DEBUG    | fgvc.clustering.spherical_kmeans |   Init 1/5: inertia=2.725435
2026-08-13 15:39:23 | DEBUG    | fgvc.clustering.spherical_kmeans |   Init 2/5: inertia=2.389983
2026-08-13 15:39:23 | DEBUG    | fgvc.clustering.spherical_kmeans |   Init 3/5: inertia=2.659333
2026-08-13 15:39:23 | DEBUG    | fgvc.clustering.spherical_kmeans |   Init 4/5: inertia=2.517243
2026-08-13 15:39:23 | DEBUG    | fgvc.clustering.spherical_kmeans |   Init 5/5: inertia=2.427501
2026-08-13 15:39:23 | DEBUG    | fgvc.clustering.spherical_kmeans | K selection: best_k=2 | scores={2: {'silhouette': 0.3697, 'compactness': 0.8749, 'score': 0.4473}, 3: {'silhouette': 0.3233, 'compactness': 0.885, 'score': 0.3605}, 4: {'silhouette': 0.1704, 'compactness': 0.8965, 'score': 0.2208}, 5: {'silhouette': 0.1446, 'compactness': 0.9044, 'score': 0.1436}}
2026-08-13 15:39:23 | DEBUG    | fgvc.clustering.spherical_kmeans |   Init 1/10: inertia=3.183262
2026-08-13 15:39:23 | DEBUG    | fgvc.clustering.spherical_kmeans |   Init 2/10: inertia=3.239803
2026-08-13 15:39:23 | DEBUG    | fgvc.clustering.spherical_kmeans |   Init 3/10: inertia=3.233945
2026-08-13 15:39:23 | DEBUG    | fgvc.clustering.spherical_kmeans |   Init 4/10: inertia=3.126771
2026-08-13 15:39:23 | DEBUG    | fgvc.clustering.spherical_kmeans |   Init 5/10: inertia=3.198908
2026-08-13 15:39:23 | DEBUG    | fgvc.clustering.spherical_kmeans |   Init 6/10: inertia=3.126771
2026-08-13 15:39:23 | DEBUG    | fgvc.clustering.spherical_kmeans |   Init 7/10: inertia=3.198908
2026-08-13 15:39:23 | DEBUG    | fgvc.clustering.spherical_kmeans |   Init 8/10: inertia=3.554345
2026-08-13 15:39:23 | DEBUG    | fgvc.clustering.spherical_kmeans |   Init 9/10: inertia=3.198908
2026-08-13 15:39:23 | DEBUG    | fgvc.clustering.spherical_kmeans |   Init 10/10: inertia=3.183262
2026-08-13 15:39:23 | INFO     | fgvc.clustering.spherical_kmeans |   [Mourning_Warbler] k_selected=2 | k_effective=2 | min_cluster=5 | max_cluster=20
2026-08-13 15:39:23 | INFO     | fgvc.clustering.spherical_kmeans |   [Myrtle_Warbler] 25 images
2026-08-13 15:39:23 | DEBUG    | fgvc.clustering.spherical_kmeans |   Init 1/5: inertia=4.061439
2026-08-13 15:39:23 | DEBUG    | fgvc.clustering.spherical_kmeans |   Init 2/5: inertia=4.064733
2026-08-13 15:39:23 | DEBUG    | fgvc.clustering.spherical_kmeans |   Init 3/5: inertia=4.064733
2026-08-13 15:39:23 | DEBUG    | fgvc.clustering.spherical_kmeans |   Init 4/5: inertia=4.064733
2026-08-13 15:39:23 | DEBUG    | fgvc.clustering.spherical_kmeans |   Init 5/5: inertia=4.061439
2026-08-13 15:39:23 | DEBUG    | fgvc.clustering.spherical_kmeans |   Init 1/5: inertia=3.809007
2026-08-13 15:39:23 | DEBUG    | fgvc.clustering.spherical_kmeans |   Init 2/5: inertia=3.793907
2026-08-13 15:39:23 | DEBUG    | fgvc.clustering.spherical_kmeans |   Init 3/5: inertia=3.780695
2026-08-13 15:39:23 | DEBUG    | fgvc.clustering.spherical_kmeans |   Init 4/5: inertia=3.791733
2026-08-13 15:39:23 | DEBUG    | fgvc.clustering.spherical_kmeans |   Init 5/5: inertia=3.791447
2026-08-13 15:39:23 | DEBUG    | fgvc.clustering.spherical_kmeans |   Init 1/5: inertia=3.588755
2026-08-13 15:39:23 | DEBUG    | fgvc.clustering.spherical_kmeans |   Init 2/5: inertia=3.454255
2026-08-13 15:39:23 | DEBUG    | fgvc.clustering.spherical_kmeans |   Init 3/5: inertia=3.421949
2026-08-13 15:39:23 | DEBUG    | fgvc.clustering.spherical_kmeans |   Init 4/5: inertia=3.794822
2026-08-13 15:39:23 | DEBUG    | fgvc.clustering.spherical_kmeans |   Init 5/5: inertia=3.472822
2026-08-13 15:39:23 | DEBUG    | fgvc.clustering.spherical_kmeans |   Init 1/5: inertia=3.384698
2026-08-13 15:39:23 | DEBUG    | fgvc.clustering.spherical_kmeans |   Init 2/5: inertia=3.292684
2026-08-13 15:39:23 | DEBUG    | fgvc.clustering.spherical_kmeans |   Init 3/5: inertia=3.245369
2026-08-13 15:39:23 | DEBUG    | fgvc.clustering.spherical_kmeans |   Init 4/5: inertia=3.249732
2026-08-13 15:39:23 | DEBUG    | fgvc.clustering.spherical_kmeans |   Init 5/5: inertia=3.256737
2026-08-13 15:39:23 | DEBUG    | fgvc.clustering.spherical_kmeans | K selection: best_k=2 | scores={2: {'silhouette': 0.2828, 'compactness': 0.8375, 'score': 0.3927}, 3: {'silhouette': 0.2143, 'compactness': 0.8488, 'score': 0.2951}, 4: {'silhouette': 0.1505, 'compactness': 0.8631, 'score': 0.2009}, 5: {'silhouette': 0.0899, 'compactness': 0.8702, 'score': 0.106}}
2026-08-13 15:39:23 | DEBUG    | fgvc.clustering.spherical_kmeans |   Init 1/10: inertia=4.061439
2026-08-13 15:39:23 | DEBUG    | fgvc.clustering.spherical_kmeans |   Init 2/10: inertia=4.064733
2026-08-13 15:39:23 | DEBUG    | fgvc.clustering.spherical_kmeans |   Init 3/10: inertia=4.064733
2026-08-13 15:39:23 | DEBUG    | fgvc.clustering.spherical_kmeans |   Init 4/10: inertia=4.064733
2026-08-13 15:39:23 | DEBUG    | fgvc.clustering.spherical_kmeans |   Init 5/10: inertia=4.061439
2026-08-13 15:39:23 | DEBUG    | fgvc.clustering.spherical_kmeans |   Init 6/10: inertia=4.064733
2026-08-13 15:39:23 | DEBUG    | fgvc.clustering.spherical_kmeans |   Init 7/10: inertia=4.061439
2026-08-13 15:39:23 | DEBUG    | fgvc.clustering.spherical_kmeans |   Init 8/10: inertia=4.064733
2026-08-13 15:39:23 | DEBUG    | fgvc.clustering.spherical_kmeans |   Init 9/10: inertia=4.061439
2026-08-13 15:39:23 | DEBUG    | fgvc.clustering.spherical_kmeans |   Init 10/10: inertia=4.061439
2026-08-13 15:39:23 | INFO     | fgvc.clustering.spherical_kmeans |   [Myrtle_Warbler] k_selected=2 | k_effective=2 | min_cluster=12 | max_cluster=13
2026-08-13 15:39:23 | INFO     | fgvc.clustering.spherical_kmeans |   [Nashville_Warbler] 25 images
2026-08-13 15:39:23 | DEBUG    | fgvc.clustering.spherical_kmeans |   Init 1/5: inertia=3.685022
2026-08-13 15:39:23 | DEBUG    | fgvc.clustering.spherical_kmeans |   Init 2/5: inertia=3.848100
2026-08-13 15:39:23 | DEBUG    | fgvc.clustering.spherical_kmeans |   Init 3/5: inertia=3.628821
2026-08-13 15:39:23 | DEBUG    | fgvc.clustering.spherical_kmeans |   Init 4/5: inertia=3.830111
2026-08-13 15:39:23 | DEBUG    | fgvc.clustering.spherical_kmeans |   Init 5/5: inertia=3.824543
2026-08-13 15:39:23 | DEBUG    | fgvc.clustering.spherical_kmeans |   Init 1/5: inertia=3.408305
2026-08-13 15:39:23 | DEBUG    | fgvc.clustering.spherical_kmeans |   Init 2/5: inertia=3.498209
2026-08-13 15:39:23 | DEBUG    | fgvc.clustering.spherical_kmeans |   Init 3/5: inertia=3.403618
2026-08-13 15:39:23 | DEBUG    | fgvc.clustering.spherical_kmeans |   Init 4/5: inertia=3.470676
2026-08-13 15:39:23 | DEBUG    | fgvc.clustering.spherical_kmeans |   Init 5/5: inertia=3.427573
2026-08-13 15:39:23 | DEBUG    | fgvc.clustering.spherical_kmeans |   Init 1/5: inertia=3.138149
2026-08-13 15:39:23 | DEBUG    | fgvc.clustering.spherical_kmeans |   Init 2/5: inertia=3.120309
2026-08-13 15:39:23 | DEBUG    | fgvc.clustering.spherical_kmeans |   Init 3/5: inertia=3.172392
2026-08-13 15:39:23 | DEBUG    | fgvc.clustering.spherical_kmeans |   Init 4/5: inertia=3.220756
2026-08-13 15:39:23 | DEBUG    | fgvc.clustering.spherical_kmeans |   Init 5/5: inertia=3.192057
2026-08-13 15:39:23 | DEBUG    | fgvc.clustering.spherical_kmeans |   Init 1/5: inertia=2.925376
2026-08-13 15:39:23 | DEBUG    | fgvc.clustering.spherical_kmeans |   Init 2/5: inertia=2.987168
2026-08-13 15:39:23 | DEBUG    | fgvc.clustering.spherical_kmeans |   Init 3/5: inertia=3.033189
2026-08-13 15:39:23 | DEBUG    | fgvc.clustering.spherical_kmeans |   Init 4/5: inertia=3.126916
2026-08-13 15:39:23 | DEBUG    | fgvc.clustering.spherical_kmeans |   Init 5/5: inertia=3.017905
2026-08-13 15:39:23 | DEBUG    | fgvc.clustering.spherical_kmeans | K selection: best_k=2 | scores={2: {'silhouette': 0.1111, 'compactness': 0.8548, 'score': 0.312}, 3: {'silhouette': 0.0812, 'compactness': 0.8639, 'score': 0.2331}, 4: {'silhouette': 0.1047, 'compactness': 0.8752, 'score': 0.1816}, 5: {'silhouette': 0.0746, 'compactness': 0.883, 'score': 0.1022}}
2026-08-13 15:39:23 | DEBUG    | fgvc.clustering.spherical_kmeans |   Init 1/10: inertia=3.685022
2026-08-13 15:39:23 | DEBUG    | fgvc.clustering.spherical_kmeans |   Init 2/10: inertia=3.848100
2026-08-13 15:39:23 | DEBUG    | fgvc.clustering.spherical_kmeans |   Init 3/10: inertia=3.628821
2026-08-13 15:39:23 | DEBUG    | fgvc.clustering.spherical_kmeans |   Init 4/10: inertia=3.830111
2026-08-13 15:39:23 | DEBUG    | fgvc.clustering.spherical_kmeans |   Init 5/10: inertia=3.824543
2026-08-13 15:39:23 | DEBUG    | fgvc.clustering.spherical_kmeans |   Init 6/10: inertia=3.690302
2026-08-13 15:39:23 | DEBUG    | fgvc.clustering.spherical_kmeans |   Init 7/10: inertia=3.716482
2026-08-13 15:39:23 | DEBUG    | fgvc.clustering.spherical_kmeans |   Init 8/10: inertia=3.691655
2026-08-13 15:39:23 | DEBUG    | fgvc.clustering.spherical_kmeans |   Init 9/10: inertia=3.743070
2026-08-13 15:39:23 | DEBUG    | fgvc.clustering.spherical_kmeans |   Init 10/10: inertia=3.632232
2026-08-13 15:39:23 | INFO     | fgvc.clustering.spherical_kmeans |   [Nashville_Warbler] k_selected=2 | k_effective=2 | min_cluster=8 | max_cluster=17
2026-08-13 15:39:23 | INFO     | fgvc.clustering.spherical_kmeans |   [Nelson_Sharp_tailed_Sparrow] 25 images
2026-08-13 15:39:23 | DEBUG    | fgvc.clustering.spherical_kmeans |   Init 1/5: inertia=5.360888
2026-08-13 15:39:23 | DEBUG    | fgvc.clustering.spherical_kmeans |   Init 2/5: inertia=5.220830
2026-08-13 15:39:23 | DEBUG    | fgvc.clustering.spherical_kmeans |   Init 3/5: inertia=5.327336
2026-08-13 15:39:23 | DEBUG    | fgvc.clustering.spherical_kmeans |   Init 4/5: inertia=5.372644
2026-08-13 15:39:23 | DEBUG    | fgvc.clustering.spherical_kmeans |   Init 5/5: inertia=5.602713
2026-08-13 15:39:23 | DEBUG    | fgvc.clustering.spherical_kmeans |   Init 1/5: inertia=5.033916
2026-08-13 15:39:23 | DEBUG    | fgvc.clustering.spherical_kmeans |   Init 2/5: inertia=4.806671
2026-08-13 15:39:23 | DEBUG    | fgvc.clustering.spherical_kmeans |   Init 3/5: inertia=5.072337
2026-08-13 15:39:23 | DEBUG    | fgvc.clustering.spherical_kmeans |   Init 4/5: inertia=5.020801
2026-08-13 15:39:23 | DEBUG    | fgvc.clustering.spherical_kmeans |   Init 5/5: inertia=5.107740
2026-08-13 15:39:23 | DEBUG    | fgvc.clustering.spherical_kmeans |   Init 1/5: inertia=4.699957
2026-08-13 15:39:23 | DEBUG    | fgvc.clustering.spherical_kmeans |   Init 2/5: inertia=4.508747
2026-08-13 15:39:23 | DEBUG    | fgvc.clustering.spherical_kmeans |   Init 3/5: inertia=4.768985
2026-08-13 15:39:23 | DEBUG    | fgvc.clustering.spherical_kmeans |   Init 4/5: inertia=4.610895
2026-08-13 15:39:23 | DEBUG    | fgvc.clustering.spherical_kmeans |   Init 5/5: inertia=4.601696
2026-08-13 15:39:23 | DEBUG    | fgvc.clustering.spherical_kmeans |   Init 1/5: inertia=4.212856
2026-08-13 15:39:23 | DEBUG    | fgvc.clustering.spherical_kmeans |   Init 2/5: inertia=4.155504
2026-08-13 15:39:23 | DEBUG    | fgvc.clustering.spherical_kmeans |   Init 3/5: inertia=4.366291
2026-08-13 15:39:23 | DEBUG    | fgvc.clustering.spherical_kmeans |   Init 4/5: inertia=4.294863
2026-08-13 15:39:23 | DEBUG    | fgvc.clustering.spherical_kmeans |   Init 5/5: inertia=4.456298
2026-08-13 15:39:23 | DEBUG    | fgvc.clustering.spherical_kmeans | K selection: best_k=2 | scores={2: {'silhouette': 0.1397, 'compactness': 0.7912, 'score': 0.3072}, 3: {'silhouette': 0.0964, 'compactness': 0.8077, 'score': 0.2239}, 4: {'silhouette': 0.0645, 'compactness': 0.8197, 'score': 0.1448}, 5: {'silhouette': 0.0802, 'compactness': 0.8338, 'score': 0.0902}}
2026-08-13 15:39:23 | DEBUG    | fgvc.clustering.spherical_kmeans |   Init 1/10: inertia=5.360888
2026-08-13 15:39:23 | DEBUG    | fgvc.clustering.spherical_kmeans |   Init 2/10: inertia=5.220830
2026-08-13 15:39:23 | DEBUG    | fgvc.clustering.spherical_kmeans |   Init 3/10: inertia=5.327336
2026-08-13 15:39:23 | DEBUG    | fgvc.clustering.spherical_kmeans |   Init 4/10: inertia=5.372644
2026-08-13 15:39:23 | DEBUG    | fgvc.clustering.spherical_kmeans |   Init 5/10: inertia=5.602713
2026-08-13 15:39:23 | DEBUG    | fgvc.clustering.spherical_kmeans |   Init 6/10: inertia=5.434237
2026-08-13 15:39:23 | DEBUG    | fgvc.clustering.spherical_kmeans |   Init 7/10: inertia=5.346533
2026-08-13 15:39:23 | DEBUG    | fgvc.clustering.spherical_kmeans |   Init 8/10: inertia=5.525192
2026-08-13 15:39:23 | DEBUG    | fgvc.clustering.spherical_kmeans |   Init 9/10: inertia=5.395300
2026-08-13 15:39:23 | DEBUG    | fgvc.clustering.spherical_kmeans |   Init 10/10: inertia=5.437605
2026-08-13 15:39:23 | INFO     | fgvc.clustering.spherical_kmeans |   [Nelson_Sharp_tailed_Sparrow] k_selected=2 | k_effective=2 | min_cluster=10 | max_cluster=15
2026-08-13 15:39:23 | INFO     | fgvc.clustering.spherical_kmeans |   [Nighthawk] 25 images
2026-08-13 15:39:23 | DEBUG    | fgvc.clustering.spherical_kmeans |   Init 1/5: inertia=5.266410
2026-08-13 15:39:23 | DEBUG    | fgvc.clustering.spherical_kmeans |   Init 2/5: inertia=5.869734
2026-08-13 15:39:23 | DEBUG    | fgvc.clustering.spherical_kmeans |   Init 3/5: inertia=5.291308
2026-08-13 15:39:23 | DEBUG    | fgvc.clustering.spherical_kmeans |   Init 4/5: inertia=5.601001
2026-08-13 15:39:23 | DEBUG    | fgvc.clustering.spherical_kmeans |   Init 5/5: inertia=5.347637
2026-08-13 15:39:23 | DEBUG    | fgvc.clustering.spherical_kmeans |   Init 1/5: inertia=5.084870
2026-08-13 15:39:23 | DEBUG    | fgvc.clustering.spherical_kmeans |   Init 2/5: inertia=4.843240
2026-08-13 15:39:23 | DEBUG    | fgvc.clustering.spherical_kmeans |   Init 3/5: inertia=4.935498
2026-08-13 15:39:23 | DEBUG    | fgvc.clustering.spherical_kmeans |   Init 4/5: inertia=5.481399
2026-08-13 15:39:23 | DEBUG    | fgvc.clustering.spherical_kmeans |   Init 5/5: inertia=4.823699
2026-08-13 15:39:23 | DEBUG    | fgvc.clustering.spherical_kmeans |   Init 1/5: inertia=4.671795
2026-08-13 15:39:23 | DEBUG    | fgvc.clustering.spherical_kmeans |   Init 2/5: inertia=4.403141
2026-08-13 15:39:23 | DEBUG    | fgvc.clustering.spherical_kmeans |   Init 3/5: inertia=4.376554
2026-08-13 15:39:23 | DEBUG    | fgvc.clustering.spherical_kmeans |   Init 4/5: inertia=4.575335
2026-08-13 15:39:23 | DEBUG    | fgvc.clustering.spherical_kmeans |   Init 5/5: inertia=4.848784
2026-08-13 15:39:23 | DEBUG    | fgvc.clustering.spherical_kmeans |   Init 1/5: inertia=4.105628
2026-08-13 15:39:23 | DEBUG    | fgvc.clustering.spherical_kmeans |   Init 2/5: inertia=4.149352
2026-08-13 15:39:23 | DEBUG    | fgvc.clustering.spherical_kmeans |   Init 3/5: inertia=4.166214
2026-08-13 15:39:23 | DEBUG    | fgvc.clustering.spherical_kmeans |   Init 4/5: inertia=3.930295
2026-08-13 15:39:23 | DEBUG    | fgvc.clustering.spherical_kmeans |   Init 5/5: inertia=4.128238
2026-08-13 15:39:23 | DEBUG    | fgvc.clustering.spherical_kmeans | K selection: best_k=2 | scores={2: {'silhouette': 0.2048, 'compactness': 0.7893, 'score': 0.3392}, 3: {'silhouette': 0.1555, 'compactness': 0.8071, 'score': 0.2532}, 4: {'silhouette': 0.1528, 'compactness': 0.8249, 'score': 0.1905}, 5: {'silhouette': 0.1637, 'compactness': 0.8428, 'score': 0.1347}}
2026-08-13 15:39:23 | DEBUG    | fgvc.clustering.spherical_kmeans |   Init 1/10: inertia=5.266410
2026-08-13 15:39:23 | DEBUG    | fgvc.clustering.spherical_kmeans |   Init 2/10: inertia=5.869734
2026-08-13 15:39:23 | DEBUG    | fgvc.clustering.spherical_kmeans |   Init 3/10: inertia=5.291308
2026-08-13 15:39:23 | DEBUG    | fgvc.clustering.spherical_kmeans |   Init 4/10: inertia=5.601001
2026-08-13 15:39:23 | DEBUG    | fgvc.clustering.spherical_kmeans |   Init 5/10: inertia=5.347637
2026-08-13 15:39:23 | DEBUG    | fgvc.clustering.spherical_kmeans |   Init 6/10: inertia=5.431829
2026-08-13 15:39:23 | DEBUG    | fgvc.clustering.spherical_kmeans |   Init 7/10: inertia=5.291308
2026-08-13 15:39:23 | DEBUG    | fgvc.clustering.spherical_kmeans |   Init 8/10: inertia=5.789288
2026-08-13 15:39:23 | DEBUG    | fgvc.clustering.spherical_kmeans |   Init 9/10: inertia=5.431829
2026-08-13 15:39:23 | DEBUG    | fgvc.clustering.spherical_kmeans |   Init 10/10: inertia=5.291308
2026-08-13 15:39:23 | INFO     | fgvc.clustering.spherical_kmeans |   [Nighthawk] k_selected=2 | k_effective=2 | min_cluster=7 | max_cluster=18
2026-08-13 15:39:23 | INFO     | fgvc.clustering.spherical_kmeans |   [Northern_Flicker] 25 images
2026-08-13 15:39:23 | DEBUG    | fgvc.clustering.spherical_kmeans |   Init 1/5: inertia=3.164056
2026-08-13 15:39:23 | DEBUG    | fgvc.clustering.spherical_kmeans |   Init 2/5: inertia=3.155487
2026-08-13 15:39:23 | DEBUG    | fgvc.clustering.spherical_kmeans |   Init 3/5: inertia=3.094012
2026-08-13 15:39:23 | DEBUG    | fgvc.clustering.spherical_kmeans |   Init 4/5: inertia=3.146457
2026-08-13 15:39:23 | DEBUG    | fgvc.clustering.spherical_kmeans |   Init 5/5: inertia=3.170365
2026-08-13 15:39:23 | DEBUG    | fgvc.clustering.spherical_kmeans |   Init 1/5: inertia=2.935263
2026-08-13 15:39:23 | DEBUG    | fgvc.clustering.spherical_kmeans |   Init 2/5: inertia=2.921232
2026-08-13 15:39:23 | DEBUG    | fgvc.clustering.spherical_kmeans |   Init 3/5: inertia=3.015326
2026-08-13 15:39:23 | DEBUG    | fgvc.clustering.spherical_kmeans |   Init 4/5: inertia=2.901700
2026-08-13 15:39:23 | DEBUG    | fgvc.clustering.spherical_kmeans |   Init 5/5: inertia=2.962151
2026-08-13 15:39:23 | DEBUG    | fgvc.clustering.spherical_kmeans |   Init 1/5: inertia=2.744834
2026-08-13 15:39:23 | DEBUG    | fgvc.clustering.spherical_kmeans |   Init 2/5: inertia=2.623997
2026-08-13 15:39:23 | DEBUG    | fgvc.clustering.spherical_kmeans |   Init 3/5: inertia=2.784875
2026-08-13 15:39:23 | DEBUG    | fgvc.clustering.spherical_kmeans |   Init 4/5: inertia=2.621891
2026-08-13 15:39:23 | DEBUG    | fgvc.clustering.spherical_kmeans |   Init 5/5: inertia=2.719562
2026-08-13 15:39:23 | DEBUG    | fgvc.clustering.spherical_kmeans |   Init 1/5: inertia=2.597230
2026-08-13 15:39:23 | DEBUG    | fgvc.clustering.spherical_kmeans |   Init 2/5: inertia=2.585239
2026-08-13 15:39:23 | DEBUG    | fgvc.clustering.spherical_kmeans |   Init 3/5: inertia=2.491385
2026-08-13 15:39:23 | DEBUG    | fgvc.clustering.spherical_kmeans |   Init 4/5: inertia=2.533877
2026-08-13 15:39:23 | DEBUG    | fgvc.clustering.spherical_kmeans |   Init 5/5: inertia=2.599654
2026-08-13 15:39:23 | DEBUG    | fgvc.clustering.spherical_kmeans | K selection: best_k=2 | scores={2: {'silhouette': 0.1481, 'compactness': 0.8762, 'score': 0.3369}, 3: {'silhouette': 0.1127, 'compactness': 0.8839, 'score': 0.2549}, 4: {'silhouette': 0.0981, 'compactness': 0.8951, 'score': 0.1843}, 5: {'silhouette': 0.0486, 'compactness': 0.9003, 'score': 0.0944}}
2026-08-13 15:39:23 | DEBUG    | fgvc.clustering.spherical_kmeans |   Init 1/10: inertia=3.164056
2026-08-13 15:39:23 | DEBUG    | fgvc.clustering.spherical_kmeans |   Init 2/10: inertia=3.155487
2026-08-13 15:39:23 | DEBUG    | fgvc.clustering.spherical_kmeans |   Init 3/10: inertia=3.094012
2026-08-13 15:39:23 | DEBUG    | fgvc.clustering.spherical_kmeans |   Init 4/10: inertia=3.146457
2026-08-13 15:39:23 | DEBUG    | fgvc.clustering.spherical_kmeans |   Init 5/10: inertia=3.170365
2026-08-13 15:39:23 | DEBUG    | fgvc.clustering.spherical_kmeans |   Init 6/10: inertia=3.118975
2026-08-13 15:39:23 | DEBUG    | fgvc.clustering.spherical_kmeans |   Init 7/10: inertia=3.147922
2026-08-13 15:39:23 | DEBUG    | fgvc.clustering.spherical_kmeans |   Init 8/10: inertia=3.246413
2026-08-13 15:39:23 | DEBUG    | fgvc.clustering.spherical_kmeans |   Init 9/10: inertia=3.176355
2026-08-13 15:39:23 | DEBUG    | fgvc.clustering.spherical_kmeans |   Init 10/10: inertia=3.282259
2026-08-13 15:39:23 | INFO     | fgvc.clustering.spherical_kmeans |   [Northern_Flicker] k_selected=2 | k_effective=2 | min_cluster=9 | max_cluster=16
2026-08-13 15:39:23 | INFO     | fgvc.clustering.spherical_kmeans |   [Northern_Fulmar] 25 images
2026-08-13 15:39:23 | DEBUG    | fgvc.clustering.spherical_kmeans |   Init 1/5: inertia=4.922043
2026-08-13 15:39:23 | DEBUG    | fgvc.clustering.spherical_kmeans |   Init 2/5: inertia=5.016920
2026-08-13 15:39:23 | DEBUG    | fgvc.clustering.spherical_kmeans |   Init 3/5: inertia=4.918934
2026-08-13 15:39:23 | DEBUG    | fgvc.clustering.spherical_kmeans |   Init 4/5: inertia=4.788293
2026-08-13 15:39:23 | DEBUG    | fgvc.clustering.spherical_kmeans |   Init 5/5: inertia=4.788293
2026-08-13 15:39:23 | DEBUG    | fgvc.clustering.spherical_kmeans |   Init 1/5: inertia=4.397911
2026-08-13 15:39:23 | DEBUG    | fgvc.clustering.spherical_kmeans |   Init 2/5: inertia=4.608648
2026-08-13 15:39:23 | DEBUG    | fgvc.clustering.spherical_kmeans |   Init 3/5: inertia=4.368894
2026-08-13 15:39:23 | DEBUG    | fgvc.clustering.spherical_kmeans |   Init 4/5: inertia=4.465756
2026-08-13 15:39:23 | DEBUG    | fgvc.clustering.spherical_kmeans |   Init 5/5: inertia=4.385679
2026-08-13 15:39:23 | DEBUG    | fgvc.clustering.spherical_kmeans |   Init 1/5: inertia=4.028675
2026-08-13 15:39:23 | DEBUG    | fgvc.clustering.spherical_kmeans |   Init 2/5: inertia=4.126715
2026-08-13 15:39:23 | DEBUG    | fgvc.clustering.spherical_kmeans |   Init 3/5: inertia=3.958265
2026-08-13 15:39:23 | DEBUG    | fgvc.clustering.spherical_kmeans |   Init 4/5: inertia=3.984442
2026-08-13 15:39:23 | DEBUG    | fgvc.clustering.spherical_kmeans |   Init 5/5: inertia=3.991115
2026-08-13 15:39:23 | DEBUG    | fgvc.clustering.spherical_kmeans |   Init 1/5: inertia=3.789333
2026-08-13 15:39:23 | DEBUG    | fgvc.clustering.spherical_kmeans |   Init 2/5: inertia=3.847959
2026-08-13 15:39:23 | DEBUG    | fgvc.clustering.spherical_kmeans |   Init 3/5: inertia=3.851605
2026-08-13 15:39:23 | DEBUG    | fgvc.clustering.spherical_kmeans |   Init 4/5: inertia=3.785763
2026-08-13 15:39:23 | DEBUG    | fgvc.clustering.spherical_kmeans |   Init 5/5: inertia=3.662939
2026-08-13 15:39:23 | DEBUG    | fgvc.clustering.spherical_kmeans | K selection: best_k=2 | scores={2: {'silhouette': 0.2337, 'compactness': 0.8085, 'score': 0.3594}, 3: {'silhouette': 0.1405, 'compactness': 0.8252, 'score': 0.2512}, 4: {'silhouette': 0.1585, 'compactness': 0.8417, 'score': 0.1984}, 5: {'silhouette': 0.1244, 'compactness': 0.8535, 'score': 0.1182}}
2026-08-13 15:39:23 | DEBUG    | fgvc.clustering.spherical_kmeans |   Init 1/10: inertia=4.922043
2026-08-13 15:39:23 | DEBUG    | fgvc.clustering.spherical_kmeans |   Init 2/10: inertia=5.016920
2026-08-13 15:39:23 | DEBUG    | fgvc.clustering.spherical_kmeans |   Init 3/10: inertia=4.918934
2026-08-13 15:39:23 | DEBUG    | fgvc.clustering.spherical_kmeans |   Init 4/10: inertia=4.788293
2026-08-13 15:39:23 | DEBUG    | fgvc.clustering.spherical_kmeans |   Init 5/10: inertia=4.788293
2026-08-13 15:39:23 | DEBUG    | fgvc.clustering.spherical_kmeans |   Init 6/10: inertia=5.140530
2026-08-13 15:39:23 | DEBUG    | fgvc.clustering.spherical_kmeans |   Init 7/10: inertia=5.455507
2026-08-13 15:39:23 | DEBUG    | fgvc.clustering.spherical_kmeans |   Init 8/10: inertia=4.918934
2026-08-13 15:39:23 | DEBUG    | fgvc.clustering.spherical_kmeans |   Init 9/10: inertia=5.096708
2026-08-13 15:39:23 | DEBUG    | fgvc.clustering.spherical_kmeans |   Init 10/10: inertia=4.809028
2026-08-13 15:39:23 | INFO     | fgvc.clustering.spherical_kmeans |   [Northern_Fulmar] k_selected=2 | k_effective=2 | min_cluster=9 | max_cluster=16
2026-08-13 15:39:23 | INFO     | fgvc.clustering.spherical_kmeans |   [Northern_Waterthrush] 25 images
2026-08-13 15:39:23 | DEBUG    | fgvc.clustering.spherical_kmeans |   Init 1/5: inertia=3.171919
2026-08-13 15:39:23 | DEBUG    | fgvc.clustering.spherical_kmeans |   Init 2/5: inertia=3.201396
2026-08-13 15:39:23 | DEBUG    | fgvc.clustering.spherical_kmeans |   Init 3/5: inertia=3.136364
2026-08-13 15:39:23 | DEBUG    | fgvc.clustering.spherical_kmeans |   Init 4/5: inertia=3.139153
2026-08-13 15:39:23 | DEBUG    | fgvc.clustering.spherical_kmeans |   Init 5/5: inertia=3.212637
2026-08-13 15:39:23 | DEBUG    | fgvc.clustering.spherical_kmeans |   Init 1/5: inertia=2.937925
2026-08-13 15:39:23 | DEBUG    | fgvc.clustering.spherical_kmeans |   Init 2/5: inertia=2.922546
2026-08-13 15:39:23 | DEBUG    | fgvc.clustering.spherical_kmeans |   Init 3/5: inertia=2.967206
2026-08-13 15:39:23 | DEBUG    | fgvc.clustering.spherical_kmeans |   Init 4/5: inertia=2.917650
2026-08-13 15:39:23 | DEBUG    | fgvc.clustering.spherical_kmeans |   Init 5/5: inertia=2.894930
2026-08-13 15:39:23 | DEBUG    | fgvc.clustering.spherical_kmeans |   Init 1/5: inertia=2.707525
2026-08-13 15:39:23 | DEBUG    | fgvc.clustering.spherical_kmeans |   Init 2/5: inertia=2.706323
2026-08-13 15:39:23 | DEBUG    | fgvc.clustering.spherical_kmeans |   Init 3/5: inertia=2.660959
2026-08-13 15:39:23 | DEBUG    | fgvc.clustering.spherical_kmeans |   Init 4/5: inertia=2.715498
2026-08-13 15:39:23 | DEBUG    | fgvc.clustering.spherical_kmeans |   Init 5/5: inertia=2.810035
2026-08-13 15:39:23 | DEBUG    | fgvc.clustering.spherical_kmeans |   Init 1/5: inertia=2.545972
2026-08-13 15:39:23 | DEBUG    | fgvc.clustering.spherical_kmeans |   Init 2/5: inertia=2.516702
2026-08-13 15:39:23 | DEBUG    | fgvc.clustering.spherical_kmeans |   Init 3/5: inertia=2.570802
2026-08-13 15:39:23 | DEBUG    | fgvc.clustering.spherical_kmeans |   Init 4/5: inertia=2.534671
2026-08-13 15:39:23 | DEBUG    | fgvc.clustering.spherical_kmeans |   Init 5/5: inertia=2.646494
2026-08-13 15:39:23 | DEBUG    | fgvc.clustering.spherical_kmeans | K selection: best_k=2 | scores={2: {'silhouette': 0.0944, 'compactness': 0.8745, 'score': 0.3096}, 3: {'silhouette': 0.0466, 'compactness': 0.8842, 'score': 0.2219}, 4: {'silhouette': 0.087, 'compactness': 0.8936, 'score': 0.1782}, 5: {'silhouette': 0.0571, 'compactness': 0.8993, 'score': 0.0983}}
2026-08-13 15:39:23 | DEBUG    | fgvc.clustering.spherical_kmeans |   Init 1/10: inertia=3.171919
2026-08-13 15:39:23 | DEBUG    | fgvc.clustering.spherical_kmeans |   Init 2/10: inertia=3.201396
2026-08-13 15:39:23 | DEBUG    | fgvc.clustering.spherical_kmeans |   Init 3/10: inertia=3.136364
2026-08-13 15:39:23 | DEBUG    | fgvc.clustering.spherical_kmeans |   Init 4/10: inertia=3.139153
2026-08-13 15:39:23 | DEBUG    | fgvc.clustering.spherical_kmeans |   Init 5/10: inertia=3.212637
2026-08-13 15:39:23 | DEBUG    | fgvc.clustering.spherical_kmeans |   Init 6/10: inertia=3.179184
2026-08-13 15:39:23 | DEBUG    | fgvc.clustering.spherical_kmeans |   Init 7/10: inertia=3.224864
2026-08-13 15:39:23 | DEBUG    | fgvc.clustering.spherical_kmeans |   Init 8/10: inertia=3.191446
2026-08-13 15:39:23 | DEBUG    | fgvc.clustering.spherical_kmeans |   Init 9/10: inertia=3.166622
2026-08-13 15:39:23 | DEBUG    | fgvc.clustering.spherical_kmeans |   Init 10/10: inertia=3.217392
2026-08-13 15:39:23 | INFO     | fgvc.clustering.spherical_kmeans |   [Northern_Waterthrush] k_selected=2 | k_effective=2 | min_cluster=9 | max_cluster=16
2026-08-13 15:39:23 | INFO     | fgvc.clustering.spherical_kmeans |   [Olive_sided_Flycatcher] 25 images
2026-08-13 15:39:23 | DEBUG    | fgvc.clustering.spherical_kmeans |   Init 1/5: inertia=4.850475
2026-08-13 15:39:23 | DEBUG    | fgvc.clustering.spherical_kmeans |   Init 2/5: inertia=4.980212
2026-08-13 15:39:23 | DEBUG    | fgvc.clustering.spherical_kmeans |   Init 3/5: inertia=5.055827
2026-08-13 15:39:23 | DEBUG    | fgvc.clustering.spherical_kmeans |   Init 4/5: inertia=5.127133
2026-08-13 15:39:23 | DEBUG    | fgvc.clustering.spherical_kmeans |   Init 5/5: inertia=5.086426
2026-08-13 15:39:23 | DEBUG    | fgvc.clustering.spherical_kmeans |   Init 1/5: inertia=4.594974
2026-08-13 15:39:23 | DEBUG    | fgvc.clustering.spherical_kmeans |   Init 2/5: inertia=4.638469
2026-08-13 15:39:23 | DEBUG    | fgvc.clustering.spherical_kmeans |   Init 3/5: inertia=4.649083
2026-08-13 15:39:23 | DEBUG    | fgvc.clustering.spherical_kmeans |   Init 4/5: inertia=4.748064
2026-08-13 15:39:23 | DEBUG    | fgvc.clustering.spherical_kmeans |   Init 5/5: inertia=4.687883
2026-08-13 15:39:23 | DEBUG    | fgvc.clustering.spherical_kmeans |   Init 1/5: inertia=4.300744
2026-08-13 15:39:23 | DEBUG    | fgvc.clustering.spherical_kmeans |   Init 2/5: inertia=4.413762
2026-08-13 15:39:23 | DEBUG    | fgvc.clustering.spherical_kmeans |   Init 3/5: inertia=4.442228
2026-08-13 15:39:23 | DEBUG    | fgvc.clustering.spherical_kmeans |   Init 4/5: inertia=4.439030
2026-08-13 15:39:23 | DEBUG    | fgvc.clustering.spherical_kmeans |   Init 5/5: inertia=4.381428
2026-08-13 15:39:23 | DEBUG    | fgvc.clustering.spherical_kmeans |   Init 1/5: inertia=3.926799
2026-08-13 15:39:23 | DEBUG    | fgvc.clustering.spherical_kmeans |   Init 2/5: inertia=4.183065
2026-08-13 15:39:23 | DEBUG    | fgvc.clustering.spherical_kmeans |   Init 3/5: inertia=4.058346
2026-08-13 15:39:23 | DEBUG    | fgvc.clustering.spherical_kmeans |   Init 4/5: inertia=4.031855
2026-08-13 15:39:23 | DEBUG    | fgvc.clustering.spherical_kmeans |   Init 5/5: inertia=3.981016
2026-08-13 15:39:23 | DEBUG    | fgvc.clustering.spherical_kmeans | K selection: best_k=2 | scores={2: {'silhouette': 0.1004, 'compactness': 0.806, 'score': 0.292}, 3: {'silhouette': 0.0675, 'compactness': 0.8162, 'score': 0.2119}, 4: {'silhouette': 0.0587, 'compactness': 0.828, 'score': 0.1444}, 5: {'silhouette': 0.0721, 'compactness': 0.8429, 'score': 0.0889}}
2026-08-13 15:39:23 | DEBUG    | fgvc.clustering.spherical_kmeans |   Init 1/10: inertia=4.850475
2026-08-13 15:39:23 | DEBUG    | fgvc.clustering.spherical_kmeans |   Init 2/10: inertia=4.980212
2026-08-13 15:39:23 | DEBUG    | fgvc.clustering.spherical_kmeans |   Init 3/10: inertia=5.055827
2026-08-13 15:39:23 | DEBUG    | fgvc.clustering.spherical_kmeans |   Init 4/10: inertia=5.127133
2026-08-13 15:39:23 | DEBUG    | fgvc.clustering.spherical_kmeans |   Init 5/10: inertia=5.086426
2026-08-13 15:39:23 | DEBUG    | fgvc.clustering.spherical_kmeans |   Init 6/10: inertia=5.063725
2026-08-13 15:39:23 | DEBUG    | fgvc.clustering.spherical_kmeans |   Init 7/10: inertia=4.938411
2026-08-13 15:39:23 | DEBUG    | fgvc.clustering.spherical_kmeans |   Init 8/10: inertia=5.085803
2026-08-13 15:39:23 | DEBUG    | fgvc.clustering.spherical_kmeans |   Init 9/10: inertia=4.989468
2026-08-13 15:39:23 | DEBUG    | fgvc.clustering.spherical_kmeans |   Init 10/10: inertia=5.123561
2026-08-13 15:39:23 | INFO     | fgvc.clustering.spherical_kmeans |   [Olive_sided_Flycatcher] k_selected=2 | k_effective=2 | min_cluster=9 | max_cluster=16
2026-08-13 15:39:23 | INFO     | fgvc.clustering.spherical_kmeans |   [Orange_crowned_Warbler] 25 images
2026-08-13 15:39:23 | DEBUG    | fgvc.clustering.spherical_kmeans |   Init 1/5: inertia=5.464034
2026-08-13 15:39:23 | DEBUG    | fgvc.clustering.spherical_kmeans |   Init 2/5: inertia=5.334486
2026-08-13 15:39:23 | DEBUG    | fgvc.clustering.spherical_kmeans |   Init 3/5: inertia=5.291139
2026-08-13 15:39:23 | DEBUG    | fgvc.clustering.spherical_kmeans |   Init 4/5: inertia=5.519479
2026-08-13 15:39:23 | DEBUG    | fgvc.clustering.spherical_kmeans |   Init 5/5: inertia=5.345404
2026-08-13 15:39:23 | DEBUG    | fgvc.clustering.spherical_kmeans |   Init 1/5: inertia=5.140010
2026-08-13 15:39:23 | DEBUG    | fgvc.clustering.spherical_kmeans |   Init 2/5: inertia=4.998881
2026-08-13 15:39:23 | DEBUG    | fgvc.clustering.spherical_kmeans |   Init 3/5: inertia=4.855363
2026-08-13 15:39:23 | DEBUG    | fgvc.clustering.spherical_kmeans |   Init 4/5: inertia=5.093424
2026-08-13 15:39:23 | DEBUG    | fgvc.clustering.spherical_kmeans |   Init 5/5: inertia=5.039637
2026-08-13 15:39:23 | DEBUG    | fgvc.clustering.spherical_kmeans |   Init 1/5: inertia=4.827751
2026-08-13 15:39:23 | DEBUG    | fgvc.clustering.spherical_kmeans |   Init 2/5: inertia=4.626203
2026-08-13 15:39:23 | DEBUG    | fgvc.clustering.spherical_kmeans |   Init 3/5: inertia=4.722374
2026-08-13 15:39:23 | DEBUG    | fgvc.clustering.spherical_kmeans |   Init 4/5: inertia=4.684638
2026-08-13 15:39:23 | DEBUG    | fgvc.clustering.spherical_kmeans |   Init 5/5: inertia=4.560465
2026-08-13 15:39:23 | DEBUG    | fgvc.clustering.spherical_kmeans |   Init 1/5: inertia=4.327493
2026-08-13 15:39:23 | DEBUG    | fgvc.clustering.spherical_kmeans |   Init 2/5: inertia=4.336241
2026-08-13 15:39:23 | DEBUG    | fgvc.clustering.spherical_kmeans |   Init 3/5: inertia=4.418416
2026-08-13 15:39:23 | DEBUG    | fgvc.clustering.spherical_kmeans |   Init 4/5: inertia=4.271736
2026-08-13 15:39:23 | DEBUG    | fgvc.clustering.spherical_kmeans |   Init 5/5: inertia=4.435740
2026-08-13 15:39:23 | DEBUG    | fgvc.clustering.spherical_kmeans | K selection: best_k=2 | scores={2: {'silhouette': 0.1436, 'compactness': 0.7884, 'score': 0.3083}, 3: {'silhouette': 0.0691, 'compactness': 0.8058, 'score': 0.2096}, 4: {'silhouette': 0.0558, 'compactness': 0.8176, 'score': 0.1398}, 5: {'silhouette': 0.009, 'compactness': 0.8291, 'score': 0.0533}}
2026-08-13 15:39:23 | DEBUG    | fgvc.clustering.spherical_kmeans |   Init 1/10: inertia=5.464034
2026-08-13 15:39:23 | DEBUG    | fgvc.clustering.spherical_kmeans |   Init 2/10: inertia=5.334486
2026-08-13 15:39:23 | DEBUG    | fgvc.clustering.spherical_kmeans |   Init 3/10: inertia=5.291139
2026-08-13 15:39:23 | DEBUG    | fgvc.clustering.spherical_kmeans |   Init 4/10: inertia=5.519479
2026-08-13 15:39:23 | DEBUG    | fgvc.clustering.spherical_kmeans |   Init 5/10: inertia=5.345404
2026-08-13 15:39:23 | DEBUG    | fgvc.clustering.spherical_kmeans |   Init 6/10: inertia=5.350055
2026-08-13 15:39:23 | DEBUG    | fgvc.clustering.spherical_kmeans |   Init 7/10: inertia=5.407872
2026-08-13 15:39:23 | DEBUG    | fgvc.clustering.spherical_kmeans |   Init 8/10: inertia=5.354173
2026-08-13 15:39:23 | DEBUG    | fgvc.clustering.spherical_kmeans |   Init 9/10: inertia=5.350689
2026-08-13 15:39:23 | DEBUG    | fgvc.clustering.spherical_kmeans |   Init 10/10: inertia=5.374194
2026-08-13 15:39:23 | INFO     | fgvc.clustering.spherical_kmeans |   [Orange_crowned_Warbler] k_selected=2 | k_effective=2 | min_cluster=5 | max_cluster=20
2026-08-13 15:39:23 | INFO     | fgvc.clustering.spherical_kmeans |   [Orchard_Oriole] 25 images
2026-08-13 15:39:23 | DEBUG    | fgvc.clustering.spherical_kmeans |   Init 1/5: inertia=4.165708
2026-08-13 15:39:23 | DEBUG    | fgvc.clustering.spherical_kmeans |   Init 2/5: inertia=5.346391
2026-08-13 15:39:23 | DEBUG    | fgvc.clustering.spherical_kmeans |   Init 3/5: inertia=4.165708
2026-08-13 15:39:23 | DEBUG    | fgvc.clustering.spherical_kmeans |   Init 4/5: inertia=4.165708
2026-08-13 15:39:23 | DEBUG    | fgvc.clustering.spherical_kmeans |   Init 5/5: inertia=4.165708
2026-08-13 15:39:23 | DEBUG    | fgvc.clustering.spherical_kmeans |   Init 1/5: inertia=4.199444
2026-08-13 15:39:23 | DEBUG    | fgvc.clustering.spherical_kmeans |   Init 2/5: inertia=3.732102
2026-08-13 15:39:23 | DEBUG    | fgvc.clustering.spherical_kmeans |   Init 3/5: inertia=3.868621
2026-08-13 15:39:23 | DEBUG    | fgvc.clustering.spherical_kmeans |   Init 4/5: inertia=4.263790
2026-08-13 15:39:23 | DEBUG    | fgvc.clustering.spherical_kmeans |   Init 5/5: inertia=3.680597
2026-08-13 15:39:23 | DEBUG    | fgvc.clustering.spherical_kmeans |   Init 1/5: inertia=3.329167
2026-08-13 15:39:23 | DEBUG    | fgvc.clustering.spherical_kmeans |   Init 2/5: inertia=3.435015
2026-08-13 15:39:23 | DEBUG    | fgvc.clustering.spherical_kmeans |   Init 3/5: inertia=3.448196
2026-08-13 15:39:23 | DEBUG    | fgvc.clustering.spherical_kmeans |   Init 4/5: inertia=3.604644
2026-08-13 15:39:23 | DEBUG    | fgvc.clustering.spherical_kmeans |   Init 5/5: inertia=3.531209
2026-08-13 15:39:23 | DEBUG    | fgvc.clustering.spherical_kmeans |   Init 1/5: inertia=3.068524
2026-08-13 15:39:23 | DEBUG    | fgvc.clustering.spherical_kmeans |   Init 2/5: inertia=3.091423
2026-08-13 15:39:23 | DEBUG    | fgvc.clustering.spherical_kmeans |   Init 3/5: inertia=3.309853
2026-08-13 15:39:23 | DEBUG    | fgvc.clustering.spherical_kmeans |   Init 4/5: inertia=3.346669
2026-08-13 15:39:23 | DEBUG    | fgvc.clustering.spherical_kmeans |   Init 5/5: inertia=3.472414
2026-08-13 15:39:23 | DEBUG    | fgvc.clustering.spherical_kmeans | K selection: best_k=2 | scores={2: {'silhouette': 0.4654, 'compactness': 0.8334, 'score': 0.4827}, 3: {'silhouette': 0.4411, 'compactness': 0.8528, 'score': 0.4097}, 4: {'silhouette': 0.1445, 'compactness': 0.8668, 'score': 0.199}, 5: {'silhouette': 0.1052, 'compactness': 0.8773, 'score': 0.1158}}
2026-08-13 15:39:23 | DEBUG    | fgvc.clustering.spherical_kmeans |   Init 1/10: inertia=4.165708
2026-08-13 15:39:23 | DEBUG    | fgvc.clustering.spherical_kmeans |   Init 2/10: inertia=5.346391
2026-08-13 15:39:23 | DEBUG    | fgvc.clustering.spherical_kmeans |   Init 3/10: inertia=4.165708
2026-08-13 15:39:23 | DEBUG    | fgvc.clustering.spherical_kmeans |   Init 4/10: inertia=4.165708
2026-08-13 15:39:23 | DEBUG    | fgvc.clustering.spherical_kmeans |   Init 5/10: inertia=4.165708
2026-08-13 15:39:23 | DEBUG    | fgvc.clustering.spherical_kmeans |   Init 6/10: inertia=4.736359
2026-08-13 15:39:23 | DEBUG    | fgvc.clustering.spherical_kmeans |   Init 7/10: inertia=4.893126
2026-08-13 15:39:23 | DEBUG    | fgvc.clustering.spherical_kmeans |   Init 8/10: inertia=4.165708
2026-08-13 15:39:23 | DEBUG    | fgvc.clustering.spherical_kmeans |   Init 9/10: inertia=4.165708
2026-08-13 15:39:23 | DEBUG    | fgvc.clustering.spherical_kmeans |   Init 10/10: inertia=4.165708
2026-08-13 15:39:23 | INFO     | fgvc.clustering.spherical_kmeans |   [Orchard_Oriole] k_selected=2 | k_effective=2 | min_cluster=5 | max_cluster=20
2026-08-13 15:39:23 | INFO     | fgvc.clustering.spherical_kmeans |   [Ovenbird] 25 images
2026-08-13 15:39:23 | DEBUG    | fgvc.clustering.spherical_kmeans |   Init 1/5: inertia=3.874396
2026-08-13 15:39:23 | DEBUG    | fgvc.clustering.spherical_kmeans |   Init 2/5: inertia=4.033834
2026-08-13 15:39:23 | DEBUG    | fgvc.clustering.spherical_kmeans |   Init 3/5: inertia=3.874396
2026-08-13 15:39:23 | DEBUG    | fgvc.clustering.spherical_kmeans |   Init 4/5: inertia=4.212679
2026-08-13 15:39:23 | DEBUG    | fgvc.clustering.spherical_kmeans |   Init 5/5: inertia=4.033900
2026-08-13 15:39:23 | DEBUG    | fgvc.clustering.spherical_kmeans |   Init 1/5: inertia=3.386116
2026-08-13 15:39:23 | DEBUG    | fgvc.clustering.spherical_kmeans |   Init 2/5: inertia=3.397723
2026-08-13 15:39:23 | DEBUG    | fgvc.clustering.spherical_kmeans |   Init 3/5: inertia=3.449766
2026-08-13 15:39:23 | DEBUG    | fgvc.clustering.spherical_kmeans |   Init 4/5: inertia=3.513067
2026-08-13 15:39:23 | DEBUG    | fgvc.clustering.spherical_kmeans |   Init 5/5: inertia=3.601265
2026-08-13 15:39:23 | DEBUG    | fgvc.clustering.spherical_kmeans |   Init 1/5: inertia=3.127467
2026-08-13 15:39:23 | DEBUG    | fgvc.clustering.spherical_kmeans |   Init 2/5: inertia=3.120769
2026-08-13 15:39:23 | DEBUG    | fgvc.clustering.spherical_kmeans |   Init 3/5: inertia=3.257007
2026-08-13 15:39:23 | DEBUG    | fgvc.clustering.spherical_kmeans |   Init 4/5: inertia=3.522907
2026-08-13 15:39:23 | DEBUG    | fgvc.clustering.spherical_kmeans |   Init 5/5: inertia=3.725986
2026-08-13 15:39:23 | DEBUG    | fgvc.clustering.spherical_kmeans |   Init 1/5: inertia=2.970820
2026-08-13 15:39:23 | DEBUG    | fgvc.clustering.spherical_kmeans |   Init 2/5: inertia=2.910280
2026-08-13 15:39:23 | DEBUG    | fgvc.clustering.spherical_kmeans |   Init 3/5: inertia=3.176607
2026-08-13 15:39:23 | DEBUG    | fgvc.clustering.spherical_kmeans |   Init 4/5: inertia=3.173806
2026-08-13 15:39:23 | DEBUG    | fgvc.clustering.spherical_kmeans |   Init 5/5: inertia=2.955323
2026-08-13 15:39:23 | DEBUG    | fgvc.clustering.spherical_kmeans | K selection: best_k=2 | scores={2: {'silhouette': 0.557, 'compactness': 0.845, 'score': 0.532}, 3: {'silhouette': 0.2724, 'compactness': 0.8646, 'score': 0.3289}, 4: {'silhouette': 0.0354, 'compactness': 0.8752, 'score': 0.1469}, 5: {'silhouette': 0.0266, 'compactness': 0.8836, 'score': 0.0784}}
2026-08-13 15:39:23 | DEBUG    | fgvc.clustering.spherical_kmeans |   Init 1/10: inertia=3.874396
2026-08-13 15:39:23 | DEBUG    | fgvc.clustering.spherical_kmeans |   Init 2/10: inertia=4.033834
2026-08-13 15:39:23 | DEBUG    | fgvc.clustering.spherical_kmeans |   Init 3/10: inertia=3.874396
2026-08-13 15:39:23 | DEBUG    | fgvc.clustering.spherical_kmeans |   Init 4/10: inertia=4.212679
2026-08-13 15:39:23 | DEBUG    | fgvc.clustering.spherical_kmeans |   Init 5/10: inertia=4.033900
2026-08-13 15:39:23 | DEBUG    | fgvc.clustering.spherical_kmeans |   Init 6/10: inertia=3.874396
2026-08-13 15:39:23 | DEBUG    | fgvc.clustering.spherical_kmeans |   Init 7/10: inertia=4.098892
2026-08-13 15:39:23 | DEBUG    | fgvc.clustering.spherical_kmeans |   Init 8/10: inertia=4.123962
2026-08-13 15:39:23 | DEBUG    | fgvc.clustering.spherical_kmeans |   Init 9/10: inertia=4.069810
2026-08-13 15:39:23 | DEBUG    | fgvc.clustering.spherical_kmeans |   Init 10/10: inertia=4.173929
2026-08-13 15:39:23 | INFO     | fgvc.clustering.spherical_kmeans |   [Ovenbird] k_selected=2 | k_effective=1 | min_cluster=25 | max_cluster=25
2026-08-13 15:39:23 | INFO     | fgvc.clustering.spherical_kmeans |   [Pacific_Loon] 25 images
2026-08-13 15:39:23 | DEBUG    | fgvc.clustering.spherical_kmeans |   Init 1/5: inertia=4.249187
2026-08-13 15:39:23 | DEBUG    | fgvc.clustering.spherical_kmeans |   Init 2/5: inertia=4.318416
2026-08-13 15:39:23 | DEBUG    | fgvc.clustering.spherical_kmeans |   Init 3/5: inertia=4.638756
2026-08-13 15:39:23 | DEBUG    | fgvc.clustering.spherical_kmeans |   Init 4/5: inertia=4.309143
2026-08-13 15:39:23 | DEBUG    | fgvc.clustering.spherical_kmeans |   Init 5/5: inertia=4.630145
2026-08-13 15:39:23 | DEBUG    | fgvc.clustering.spherical_kmeans |   Init 1/5: inertia=4.056715
2026-08-13 15:39:23 | DEBUG    | fgvc.clustering.spherical_kmeans |   Init 2/5: inertia=3.997860
2026-08-13 15:39:23 | DEBUG    | fgvc.clustering.spherical_kmeans |   Init 3/5: inertia=4.344898
2026-08-13 15:39:23 | DEBUG    | fgvc.clustering.spherical_kmeans |   Init 4/5: inertia=4.009710
2026-08-13 15:39:23 | DEBUG    | fgvc.clustering.spherical_kmeans |   Init 5/5: inertia=3.983289
2026-08-13 15:39:23 | DEBUG    | fgvc.clustering.spherical_kmeans |   Init 1/5: inertia=3.909599
2026-08-13 15:39:23 | DEBUG    | fgvc.clustering.spherical_kmeans |   Init 2/5: inertia=3.817061
2026-08-13 15:39:23 | DEBUG    | fgvc.clustering.spherical_kmeans |   Init 3/5: inertia=3.697233
2026-08-13 15:39:23 | DEBUG    | fgvc.clustering.spherical_kmeans |   Init 4/5: inertia=3.995671
2026-08-13 15:39:23 | DEBUG    | fgvc.clustering.spherical_kmeans |   Init 5/5: inertia=3.631223
2026-08-13 15:39:23 | DEBUG    | fgvc.clustering.spherical_kmeans |   Init 1/5: inertia=3.524217
2026-08-13 15:39:23 | DEBUG    | fgvc.clustering.spherical_kmeans |   Init 2/5: inertia=3.556817
2026-08-13 15:39:23 | DEBUG    | fgvc.clustering.spherical_kmeans |   Init 3/5: inertia=3.480398
2026-08-13 15:39:23 | DEBUG    | fgvc.clustering.spherical_kmeans |   Init 4/5: inertia=3.368402
2026-08-13 15:39:23 | DEBUG    | fgvc.clustering.spherical_kmeans |   Init 5/5: inertia=3.383026
2026-08-13 15:39:23 | DEBUG    | fgvc.clustering.spherical_kmeans | K selection: best_k=2 | scores={2: {'silhouette': 0.1905, 'compactness': 0.83, 'score': 0.3443}, 3: {'silhouette': 0.099, 'compactness': 0.8407, 'score': 0.235}, 4: {'silhouette': 0.0956, 'compactness': 0.8548, 'score': 0.1709}, 5: {'silhouette': 0.0951, 'compactness': 0.8653, 'score': 0.1071}}
2026-08-13 15:39:23 | DEBUG    | fgvc.clustering.spherical_kmeans |   Init 1/10: inertia=4.249187
2026-08-13 15:39:23 | DEBUG    | fgvc.clustering.spherical_kmeans |   Init 2/10: inertia=4.318416
2026-08-13 15:39:23 | DEBUG    | fgvc.clustering.spherical_kmeans |   Init 3/10: inertia=4.638756
2026-08-13 15:39:23 | DEBUG    | fgvc.clustering.spherical_kmeans |   Init 4/10: inertia=4.309143
2026-08-13 15:39:23 | DEBUG    | fgvc.clustering.spherical_kmeans |   Init 5/10: inertia=4.630145
2026-08-13 15:39:23 | DEBUG    | fgvc.clustering.spherical_kmeans |   Init 6/10: inertia=4.795881
2026-08-13 15:39:23 | DEBUG    | fgvc.clustering.spherical_kmeans |   Init 7/10: inertia=4.318416
2026-08-13 15:39:23 | DEBUG    | fgvc.clustering.spherical_kmeans |   Init 8/10: inertia=4.310044
2026-08-13 15:39:23 | DEBUG    | fgvc.clustering.spherical_kmeans |   Init 9/10: inertia=4.552679
2026-08-13 15:39:23 | DEBUG    | fgvc.clustering.spherical_kmeans |   Init 10/10: inertia=4.249187
2026-08-13 15:39:23 | INFO     | fgvc.clustering.spherical_kmeans |   [Pacific_Loon] k_selected=2 | k_effective=2 | min_cluster=9 | max_cluster=16
2026-08-13 15:39:23 | INFO     | fgvc.clustering.spherical_kmeans |   [Painted_Bunting] 25 images
2026-08-13 15:39:23 | DEBUG    | fgvc.clustering.spherical_kmeans |   Init 1/5: inertia=3.001593
2026-08-13 15:39:23 | DEBUG    | fgvc.clustering.spherical_kmeans |   Init 2/5: inertia=2.990486
2026-08-13 15:39:23 | DEBUG    | fgvc.clustering.spherical_kmeans |   Init 3/5: inertia=2.726139
2026-08-13 15:39:23 | DEBUG    | fgvc.clustering.spherical_kmeans |   Init 4/5: inertia=2.985488
2026-08-13 15:39:23 | DEBUG    | fgvc.clustering.spherical_kmeans |   Init 5/5: inertia=2.928847
2026-08-13 15:39:23 | DEBUG    | fgvc.clustering.spherical_kmeans |   Init 1/5: inertia=2.795922
2026-08-13 15:39:23 | DEBUG    | fgvc.clustering.spherical_kmeans |   Init 2/5: inertia=2.758218
2026-08-13 15:39:23 | DEBUG    | fgvc.clustering.spherical_kmeans |   Init 3/5: inertia=2.620576
2026-08-13 15:39:23 | DEBUG    | fgvc.clustering.spherical_kmeans |   Init 4/5: inertia=2.776234
2026-08-13 15:39:23 | DEBUG    | fgvc.clustering.spherical_kmeans |   Init 5/5: inertia=2.537679
2026-08-13 15:39:23 | DEBUG    | fgvc.clustering.spherical_kmeans |   Init 1/5: inertia=2.608668
2026-08-13 15:39:23 | DEBUG    | fgvc.clustering.spherical_kmeans |   Init 2/5: inertia=2.638880
2026-08-13 15:39:23 | DEBUG    | fgvc.clustering.spherical_kmeans |   Init 3/5: inertia=2.656331
2026-08-13 15:39:23 | DEBUG    | fgvc.clustering.spherical_kmeans |   Init 4/5: inertia=2.249249
2026-08-13 15:39:23 | DEBUG    | fgvc.clustering.spherical_kmeans |   Init 5/5: inertia=2.380010
2026-08-13 15:39:23 | DEBUG    | fgvc.clustering.spherical_kmeans |   Init 1/5: inertia=2.150983
2026-08-13 15:39:23 | DEBUG    | fgvc.clustering.spherical_kmeans |   Init 2/5: inertia=2.298803
2026-08-13 15:39:23 | DEBUG    | fgvc.clustering.spherical_kmeans |   Init 3/5: inertia=2.099606
2026-08-13 15:39:23 | DEBUG    | fgvc.clustering.spherical_kmeans |   Init 4/5: inertia=2.238042
2026-08-13 15:39:23 | DEBUG    | fgvc.clustering.spherical_kmeans |   Init 5/5: inertia=2.353538
2026-08-13 15:39:23 | DEBUG    | fgvc.clustering.spherical_kmeans | K selection: best_k=2 | scores={2: {'silhouette': 0.4841, 'compactness': 0.891, 'score': 0.5094}, 3: {'silhouette': 0.0993, 'compactness': 0.8985, 'score': 0.2526}, 4: {'silhouette': 0.0995, 'compactness': 0.91, 'score': 0.1894}, 5: {'silhouette': 0.0815, 'compactness': 0.916, 'score': 0.1156}}
2026-08-13 15:39:23 | DEBUG    | fgvc.clustering.spherical_kmeans |   Init 1/10: inertia=3.001593
2026-08-13 15:39:23 | DEBUG    | fgvc.clustering.spherical_kmeans |   Init 2/10: inertia=2.990486
2026-08-13 15:39:23 | DEBUG    | fgvc.clustering.spherical_kmeans |   Init 3/10: inertia=2.726139
2026-08-13 15:39:23 | DEBUG    | fgvc.clustering.spherical_kmeans |   Init 4/10: inertia=2.985488
2026-08-13 15:39:23 | DEBUG    | fgvc.clustering.spherical_kmeans |   Init 5/10: inertia=2.928847
2026-08-13 15:39:23 | DEBUG    | fgvc.clustering.spherical_kmeans |   Init 6/10: inertia=2.990486
2026-08-13 15:39:23 | DEBUG    | fgvc.clustering.spherical_kmeans |   Init 7/10: inertia=2.811708
2026-08-13 15:39:23 | DEBUG    | fgvc.clustering.spherical_kmeans |   Init 8/10: inertia=2.726139
2026-08-13 15:39:23 | DEBUG    | fgvc.clustering.spherical_kmeans |   Init 9/10: inertia=3.007789
2026-08-13 15:39:23 | DEBUG    | fgvc.clustering.spherical_kmeans |   Init 10/10: inertia=2.874255
2026-08-13 15:39:23 | INFO     | fgvc.clustering.spherical_kmeans |   [Painted_Bunting] k_selected=2 | k_effective=1 | min_cluster=25 | max_cluster=25
2026-08-13 15:39:23 | INFO     | fgvc.clustering.spherical_kmeans |   [Palm_Warbler] 25 images
2026-08-13 15:39:23 | DEBUG    | fgvc.clustering.spherical_kmeans |   Init 1/5: inertia=5.844494
2026-08-13 15:39:23 | DEBUG    | fgvc.clustering.spherical_kmeans |   Init 2/5: inertia=6.166450
2026-08-13 15:39:23 | DEBUG    | fgvc.clustering.spherical_kmeans |   Init 3/5: inertia=6.200926
2026-08-13 15:39:23 | DEBUG    | fgvc.clustering.spherical_kmeans |   Init 4/5: inertia=5.847442
2026-08-13 15:39:23 | DEBUG    | fgvc.clustering.spherical_kmeans |   Init 5/5: inertia=5.978160
2026-08-13 15:39:23 | DEBUG    | fgvc.clustering.spherical_kmeans |   Init 1/5: inertia=5.315746
2026-08-13 15:39:23 | DEBUG    | fgvc.clustering.spherical_kmeans |   Init 2/5: inertia=5.452874
2026-08-13 15:39:23 | DEBUG    | fgvc.clustering.spherical_kmeans |   Init 3/5: inertia=5.592089
2026-08-13 15:39:23 | DEBUG    | fgvc.clustering.spherical_kmeans |   Init 4/5: inertia=5.453617
2026-08-13 15:39:23 | DEBUG    | fgvc.clustering.spherical_kmeans |   Init 5/5: inertia=5.604136
2026-08-13 15:39:23 | DEBUG    | fgvc.clustering.spherical_kmeans |   Init 1/5: inertia=5.034497
2026-08-13 15:39:23 | DEBUG    | fgvc.clustering.spherical_kmeans |   Init 2/5: inertia=5.235170
2026-08-13 15:39:23 | DEBUG    | fgvc.clustering.spherical_kmeans |   Init 3/5: inertia=5.078422
2026-08-13 15:39:23 | DEBUG    | fgvc.clustering.spherical_kmeans |   Init 4/5: inertia=5.399706
2026-08-13 15:39:23 | DEBUG    | fgvc.clustering.spherical_kmeans |   Init 5/5: inertia=5.189867
2026-08-13 15:39:23 | DEBUG    | fgvc.clustering.spherical_kmeans |   Init 1/5: inertia=4.755528
2026-08-13 15:39:23 | DEBUG    | fgvc.clustering.spherical_kmeans |   Init 2/5: inertia=4.685890
2026-08-13 15:39:23 | DEBUG    | fgvc.clustering.spherical_kmeans |   Init 3/5: inertia=4.710204
2026-08-13 15:39:23 | DEBUG    | fgvc.clustering.spherical_kmeans |   Init 4/5: inertia=5.015546
2026-08-13 15:39:23 | DEBUG    | fgvc.clustering.spherical_kmeans |   Init 5/5: inertia=4.600359
2026-08-13 15:39:23 | DEBUG    | fgvc.clustering.spherical_kmeans | K selection: best_k=2 | scores={2: {'silhouette': 0.1304, 'compactness': 0.7662, 'score': 0.2951}, 3: {'silhouette': 0.1421, 'compactness': 0.7874, 'score': 0.2406}, 4: {'silhouette': 0.0978, 'compactness': 0.7986, 'score': 0.1551}, 5: {'silhouette': 0.0322, 'compactness': 0.816, 'score': 0.0609}}
2026-08-13 15:39:23 | DEBUG    | fgvc.clustering.spherical_kmeans |   Init 1/10: inertia=5.844494
2026-08-13 15:39:23 | DEBUG    | fgvc.clustering.spherical_kmeans |   Init 2/10: inertia=6.166450
2026-08-13 15:39:23 | DEBUG    | fgvc.clustering.spherical_kmeans |   Init 3/10: inertia=6.200926
2026-08-13 15:39:23 | DEBUG    | fgvc.clustering.spherical_kmeans |   Init 4/10: inertia=5.847442
2026-08-13 15:39:23 | DEBUG    | fgvc.clustering.spherical_kmeans |   Init 5/10: inertia=5.978160
2026-08-13 15:39:23 | DEBUG    | fgvc.clustering.spherical_kmeans |   Init 6/10: inertia=5.919433
2026-08-13 15:39:23 | DEBUG    | fgvc.clustering.spherical_kmeans |   Init 7/10: inertia=6.076946
2026-08-13 15:39:23 | DEBUG    | fgvc.clustering.spherical_kmeans |   Init 8/10: inertia=5.941592
2026-08-13 15:39:23 | DEBUG    | fgvc.clustering.spherical_kmeans |   Init 9/10: inertia=6.086156
2026-08-13 15:39:23 | DEBUG    | fgvc.clustering.spherical_kmeans |   Init 10/10: inertia=5.814577
2026-08-13 15:39:23 | INFO     | fgvc.clustering.spherical_kmeans |   [Palm_Warbler] k_selected=2 | k_effective=2 | min_cluster=12 | max_cluster=13
2026-08-13 15:39:23 | INFO     | fgvc.clustering.spherical_kmeans |   [Parakeet_Auklet] 25 images
2026-08-13 15:39:23 | DEBUG    | fgvc.clustering.spherical_kmeans |   Init 1/5: inertia=3.915775
2026-08-13 15:39:23 | DEBUG    | fgvc.clustering.spherical_kmeans |   Init 2/5: inertia=3.907795
2026-08-13 15:39:23 | DEBUG    | fgvc.clustering.spherical_kmeans |   Init 3/5: inertia=4.037923
2026-08-13 15:39:23 | DEBUG    | fgvc.clustering.spherical_kmeans |   Init 4/5: inertia=4.052232
2026-08-13 15:39:23 | DEBUG    | fgvc.clustering.spherical_kmeans |   Init 5/5: inertia=4.066560
2026-08-13 15:39:23 | DEBUG    | fgvc.clustering.spherical_kmeans |   Init 1/5: inertia=3.642984
2026-08-13 15:39:23 | DEBUG    | fgvc.clustering.spherical_kmeans |   Init 2/5: inertia=3.711879
2026-08-13 15:39:23 | DEBUG    | fgvc.clustering.spherical_kmeans |   Init 3/5: inertia=3.676239
2026-08-13 15:39:23 | DEBUG    | fgvc.clustering.spherical_kmeans |   Init 4/5: inertia=3.606966
2026-08-13 15:39:23 | DEBUG    | fgvc.clustering.spherical_kmeans |   Init 5/5: inertia=3.622216
2026-08-13 15:39:23 | DEBUG    | fgvc.clustering.spherical_kmeans |   Init 1/5: inertia=3.376795
2026-08-13 15:39:23 | DEBUG    | fgvc.clustering.spherical_kmeans |   Init 2/5: inertia=3.509923
2026-08-13 15:39:23 | DEBUG    | fgvc.clustering.spherical_kmeans |   Init 3/5: inertia=3.282604
2026-08-13 15:39:23 | DEBUG    | fgvc.clustering.spherical_kmeans |   Init 4/5: inertia=3.354782
2026-08-13 15:39:23 | DEBUG    | fgvc.clustering.spherical_kmeans |   Init 5/5: inertia=3.319866
2026-08-13 15:39:23 | DEBUG    | fgvc.clustering.spherical_kmeans |   Init 1/5: inertia=3.218616
2026-08-13 15:39:23 | DEBUG    | fgvc.clustering.spherical_kmeans |   Init 2/5: inertia=3.289356
2026-08-13 15:39:23 | DEBUG    | fgvc.clustering.spherical_kmeans |   Init 3/5: inertia=3.209121
2026-08-13 15:39:23 | DEBUG    | fgvc.clustering.spherical_kmeans |   Init 4/5: inertia=3.337808
2026-08-13 15:39:23 | DEBUG    | fgvc.clustering.spherical_kmeans |   Init 5/5: inertia=3.069724
2026-08-13 15:39:23 | DEBUG    | fgvc.clustering.spherical_kmeans | K selection: best_k=2 | scores={2: {'silhouette': 0.0952, 'compactness': 0.8437, 'score': 0.3007}, 3: {'silhouette': 0.0947, 'compactness': 0.8557, 'score': 0.2374}, 4: {'silhouette': 0.0869, 'compactness': 0.8687, 'score': 0.1707}, 5: {'silhouette': 0.0548, 'compactness': 0.8772, 'score': 0.0906}}
2026-08-13 15:39:23 | DEBUG    | fgvc.clustering.spherical_kmeans |   Init 1/10: inertia=3.915775
2026-08-13 15:39:23 | DEBUG    | fgvc.clustering.spherical_kmeans |   Init 2/10: inertia=3.907795
2026-08-13 15:39:23 | DEBUG    | fgvc.clustering.spherical_kmeans |   Init 3/10: inertia=4.037923
2026-08-13 15:39:23 | DEBUG    | fgvc.clustering.spherical_kmeans |   Init 4/10: inertia=4.052232
2026-08-13 15:39:23 | DEBUG    | fgvc.clustering.spherical_kmeans |   Init 5/10: inertia=4.066560
2026-08-13 15:39:23 | DEBUG    | fgvc.clustering.spherical_kmeans |   Init 6/10: inertia=3.962670
2026-08-13 15:39:23 | DEBUG    | fgvc.clustering.spherical_kmeans |   Init 7/10: inertia=4.006246
2026-08-13 15:39:23 | DEBUG    | fgvc.clustering.spherical_kmeans |   Init 8/10: inertia=3.932789
2026-08-13 15:39:23 | DEBUG    | fgvc.clustering.spherical_kmeans |   Init 9/10: inertia=3.978148
2026-08-13 15:39:23 | DEBUG    | fgvc.clustering.spherical_kmeans |   Init 10/10: inertia=3.978497
2026-08-13 15:39:23 | INFO     | fgvc.clustering.spherical_kmeans |   [Parakeet_Auklet] k_selected=2 | k_effective=2 | min_cluster=9 | max_cluster=16
2026-08-13 15:39:23 | INFO     | fgvc.clustering.spherical_kmeans |   [Pelagic_Cormorant] 25 images
2026-08-13 15:39:23 | DEBUG    | fgvc.clustering.spherical_kmeans |   Init 1/5: inertia=6.553008
2026-08-13 15:39:23 | DEBUG    | fgvc.clustering.spherical_kmeans |   Init 2/5: inertia=6.122402
2026-08-13 15:39:23 | DEBUG    | fgvc.clustering.spherical_kmeans |   Init 3/5: inertia=6.309072
2026-08-13 15:39:23 | DEBUG    | fgvc.clustering.spherical_kmeans |   Init 4/5: inertia=6.075133
2026-08-13 15:39:23 | DEBUG    | fgvc.clustering.spherical_kmeans |   Init 5/5: inertia=6.191978
2026-08-13 15:39:24 | DEBUG    | fgvc.clustering.spherical_kmeans |   Init 1/5: inertia=5.958125
2026-08-13 15:39:24 | DEBUG    | fgvc.clustering.spherical_kmeans |   Init 2/5: inertia=5.685303
2026-08-13 15:39:24 | DEBUG    | fgvc.clustering.spherical_kmeans |   Init 3/5: inertia=5.571346
2026-08-13 15:39:24 | DEBUG    | fgvc.clustering.spherical_kmeans |   Init 4/5: inertia=5.828229
2026-08-13 15:39:24 | DEBUG    | fgvc.clustering.spherical_kmeans |   Init 5/5: inertia=6.003910
2026-08-13 15:39:24 | DEBUG    | fgvc.clustering.spherical_kmeans |   Init 1/5: inertia=5.436636
2026-08-13 15:39:24 | DEBUG    | fgvc.clustering.spherical_kmeans |   Init 2/5: inertia=5.224010
2026-08-13 15:39:24 | DEBUG    | fgvc.clustering.spherical_kmeans |   Init 3/5: inertia=5.567060
2026-08-13 15:39:24 | DEBUG    | fgvc.clustering.spherical_kmeans |   Init 4/5: inertia=5.373394
2026-08-13 15:39:24 | DEBUG    | fgvc.clustering.spherical_kmeans |   Init 5/5: inertia=5.352169
2026-08-13 15:39:24 | DEBUG    | fgvc.clustering.spherical_kmeans |   Init 1/5: inertia=5.053522
2026-08-13 15:39:24 | DEBUG    | fgvc.clustering.spherical_kmeans |   Init 2/5: inertia=4.606713
2026-08-13 15:39:24 | DEBUG    | fgvc.clustering.spherical_kmeans |   Init 3/5: inertia=4.602490
2026-08-13 15:39:24 | DEBUG    | fgvc.clustering.spherical_kmeans |   Init 4/5: inertia=4.728323
2026-08-13 15:39:24 | DEBUG    | fgvc.clustering.spherical_kmeans |   Init 5/5: inertia=4.849290
2026-08-13 15:39:24 | DEBUG    | fgvc.clustering.spherical_kmeans | K selection: best_k=2 | scores={2: {'silhouette': 0.1503, 'compactness': 0.757, 'score': 0.3022}, 3: {'silhouette': 0.0796, 'compactness': 0.7771, 'score': 0.2063}, 4: {'silhouette': 0.0692, 'compactness': 0.791, 'score': 0.1386}, 5: {'silhouette': 0.1122, 'compactness': 0.8159, 'score': 0.1009}}
2026-08-13 15:39:24 | DEBUG    | fgvc.clustering.spherical_kmeans |   Init 1/10: inertia=6.553008
2026-08-13 15:39:24 | DEBUG    | fgvc.clustering.spherical_kmeans |   Init 2/10: inertia=6.122402
2026-08-13 15:39:24 | DEBUG    | fgvc.clustering.spherical_kmeans |   Init 3/10: inertia=6.309072
2026-08-13 15:39:24 | DEBUG    | fgvc.clustering.spherical_kmeans |   Init 4/10: inertia=6.075133
2026-08-13 15:39:24 | DEBUG    | fgvc.clustering.spherical_kmeans |   Init 5/10: inertia=6.191978
2026-08-13 15:39:24 | DEBUG    | fgvc.clustering.spherical_kmeans |   Init 6/10: inertia=6.418283
2026-08-13 15:39:24 | DEBUG    | fgvc.clustering.spherical_kmeans |   Init 7/10: inertia=6.114334
2026-08-13 15:39:24 | DEBUG    | fgvc.clustering.spherical_kmeans |   Init 8/10: inertia=6.573528
2026-08-13 15:39:24 | DEBUG    | fgvc.clustering.spherical_kmeans |   Init 9/10: inertia=6.351464
2026-08-13 15:39:24 | DEBUG    | fgvc.clustering.spherical_kmeans |   Init 10/10: inertia=6.245239
2026-08-13 15:39:24 | INFO     | fgvc.clustering.spherical_kmeans |   [Pelagic_Cormorant] k_selected=2 | k_effective=2 | min_cluster=7 | max_cluster=18
2026-08-13 15:39:24 | INFO     | fgvc.clustering.spherical_kmeans |   [Philadelphia_Vireo] 25 images
2026-08-13 15:39:24 | DEBUG    | fgvc.clustering.spherical_kmeans |   Init 1/5: inertia=5.007264
2026-08-13 15:39:24 | DEBUG    | fgvc.clustering.spherical_kmeans |   Init 2/5: inertia=4.953958
2026-08-13 15:39:24 | DEBUG    | fgvc.clustering.spherical_kmeans |   Init 3/5: inertia=4.976473
2026-08-13 15:39:24 | DEBUG    | fgvc.clustering.spherical_kmeans |   Init 4/5: inertia=4.770896
2026-08-13 15:39:24 | DEBUG    | fgvc.clustering.spherical_kmeans |   Init 5/5: inertia=4.708996
2026-08-13 15:39:24 | DEBUG    | fgvc.clustering.spherical_kmeans |   Init 1/5: inertia=4.550474
2026-08-13 15:39:24 | DEBUG    | fgvc.clustering.spherical_kmeans |   Init 2/5: inertia=4.765764
2026-08-13 15:39:24 | DEBUG    | fgvc.clustering.spherical_kmeans |   Init 3/5: inertia=4.336446
2026-08-13 15:39:24 | DEBUG    | fgvc.clustering.spherical_kmeans |   Init 4/5: inertia=4.582248
2026-08-13 15:39:24 | DEBUG    | fgvc.clustering.spherical_kmeans |   Init 5/5: inertia=4.370354
2026-08-13 15:39:24 | DEBUG    | fgvc.clustering.spherical_kmeans |   Init 1/5: inertia=3.956120
2026-08-13 15:39:24 | DEBUG    | fgvc.clustering.spherical_kmeans |   Init 2/5: inertia=4.204441
2026-08-13 15:39:24 | DEBUG    | fgvc.clustering.spherical_kmeans |   Init 3/5: inertia=3.995998
2026-08-13 15:39:24 | DEBUG    | fgvc.clustering.spherical_kmeans |   Init 4/5: inertia=4.125543
2026-08-13 15:39:24 | DEBUG    | fgvc.clustering.spherical_kmeans |   Init 5/5: inertia=4.138093
2026-08-13 15:39:24 | DEBUG    | fgvc.clustering.spherical_kmeans |   Init 1/5: inertia=3.735603
2026-08-13 15:39:24 | DEBUG    | fgvc.clustering.spherical_kmeans |   Init 2/5: inertia=3.901394
2026-08-13 15:39:24 | DEBUG    | fgvc.clustering.spherical_kmeans |   Init 3/5: inertia=3.752449
2026-08-13 15:39:24 | DEBUG    | fgvc.clustering.spherical_kmeans |   Init 4/5: inertia=3.645808
2026-08-13 15:39:24 | DEBUG    | fgvc.clustering.spherical_kmeans |   Init 5/5: inertia=3.748978
2026-08-13 15:39:24 | DEBUG    | fgvc.clustering.spherical_kmeans | K selection: best_k=2 | scores={2: {'silhouette': 0.1604, 'compactness': 0.8116, 'score': 0.3237}, 3: {'silhouette': 0.1335, 'compactness': 0.8265, 'score': 0.2481}, 4: {'silhouette': 0.089, 'compactness': 0.8418, 'score': 0.1637}, 5: {'silhouette': 0.0459, 'compactness': 0.8542, 'score': 0.0792}}
2026-08-13 15:39:24 | DEBUG    | fgvc.clustering.spherical_kmeans |   Init 1/10: inertia=5.007264
2026-08-13 15:39:24 | DEBUG    | fgvc.clustering.spherical_kmeans |   Init 2/10: inertia=4.953958
2026-08-13 15:39:24 | DEBUG    | fgvc.clustering.spherical_kmeans |   Init 3/10: inertia=4.976473
2026-08-13 15:39:24 | DEBUG    | fgvc.clustering.spherical_kmeans |   Init 4/10: inertia=4.770896
2026-08-13 15:39:24 | DEBUG    | fgvc.clustering.spherical_kmeans |   Init 5/10: inertia=4.708996
2026-08-13 15:39:24 | DEBUG    | fgvc.clustering.spherical_kmeans |   Init 6/10: inertia=5.002397
2026-08-13 15:39:24 | DEBUG    | fgvc.clustering.spherical_kmeans |   Init 7/10: inertia=5.076541
2026-08-13 15:39:24 | DEBUG    | fgvc.clustering.spherical_kmeans |   Init 8/10: inertia=4.953958
2026-08-13 15:39:24 | DEBUG    | fgvc.clustering.spherical_kmeans |   Init 9/10: inertia=4.815649
2026-08-13 15:39:24 | DEBUG    | fgvc.clustering.spherical_kmeans |   Init 10/10: inertia=4.922347
2026-08-13 15:39:24 | INFO     | fgvc.clustering.spherical_kmeans |   [Philadelphia_Vireo] k_selected=2 | k_effective=2 | min_cluster=5 | max_cluster=20
2026-08-13 15:39:24 | INFO     | fgvc.clustering.spherical_kmeans |   [Pied_Kingfisher] 25 images
2026-08-13 15:39:24 | DEBUG    | fgvc.clustering.spherical_kmeans |   Init 1/5: inertia=3.882944
2026-08-13 15:39:24 | DEBUG    | fgvc.clustering.spherical_kmeans |   Init 2/5: inertia=3.815592
2026-08-13 15:39:24 | DEBUG    | fgvc.clustering.spherical_kmeans |   Init 3/5: inertia=3.910479
2026-08-13 15:39:24 | DEBUG    | fgvc.clustering.spherical_kmeans |   Init 4/5: inertia=3.911079
2026-08-13 15:39:24 | DEBUG    | fgvc.clustering.spherical_kmeans |   Init 5/5: inertia=3.862396
2026-08-13 15:39:24 | DEBUG    | fgvc.clustering.spherical_kmeans |   Init 1/5: inertia=3.554766
2026-08-13 15:39:24 | DEBUG    | fgvc.clustering.spherical_kmeans |   Init 2/5: inertia=3.665752
2026-08-13 15:39:24 | DEBUG    | fgvc.clustering.spherical_kmeans |   Init 3/5: inertia=3.622850
2026-08-13 15:39:24 | DEBUG    | fgvc.clustering.spherical_kmeans |   Init 4/5: inertia=3.575994
2026-08-13 15:39:24 | DEBUG    | fgvc.clustering.spherical_kmeans |   Init 5/5: inertia=3.646827
2026-08-13 15:39:24 | DEBUG    | fgvc.clustering.spherical_kmeans |   Init 1/5: inertia=3.192402
2026-08-13 15:39:24 | DEBUG    | fgvc.clustering.spherical_kmeans |   Init 2/5: inertia=3.391234
2026-08-13 15:39:24 | DEBUG    | fgvc.clustering.spherical_kmeans |   Init 3/5: inertia=3.260756
2026-08-13 15:39:24 | DEBUG    | fgvc.clustering.spherical_kmeans |   Init 4/5: inertia=3.365389
2026-08-13 15:39:24 | DEBUG    | fgvc.clustering.spherical_kmeans |   Init 5/5: inertia=3.365272
2026-08-13 15:39:24 | DEBUG    | fgvc.clustering.spherical_kmeans |   Init 1/5: inertia=2.980102
2026-08-13 15:39:24 | DEBUG    | fgvc.clustering.spherical_kmeans |   Init 2/5: inertia=3.170208
2026-08-13 15:39:24 | DEBUG    | fgvc.clustering.spherical_kmeans |   Init 3/5: inertia=3.232754
2026-08-13 15:39:24 | DEBUG    | fgvc.clustering.spherical_kmeans |   Init 4/5: inertia=3.244485
2026-08-13 15:39:24 | DEBUG    | fgvc.clustering.spherical_kmeans |   Init 5/5: inertia=2.972188
2026-08-13 15:39:24 | DEBUG    | fgvc.clustering.spherical_kmeans | K selection: best_k=2 | scores={2: {'silhouette': 0.3458, 'compactness': 0.8474, 'score': 0.4271}, 3: {'silhouette': 0.0491, 'compactness': 0.8578, 'score': 0.2152}, 4: {'silhouette': 0.0617, 'compactness': 0.8723, 'score': 0.1592}, 5: {'silhouette': 0.0216, 'compactness': 0.8811, 'score': 0.0751}}
2026-08-13 15:39:24 | DEBUG    | fgvc.clustering.spherical_kmeans |   Init 1/10: inertia=3.882944
2026-08-13 15:39:24 | DEBUG    | fgvc.clustering.spherical_kmeans |   Init 2/10: inertia=3.815592
2026-08-13 15:39:24 | DEBUG    | fgvc.clustering.spherical_kmeans |   Init 3/10: inertia=3.910479
2026-08-13 15:39:24 | DEBUG    | fgvc.clustering.spherical_kmeans |   Init 4/10: inertia=3.911079
2026-08-13 15:39:24 | DEBUG    | fgvc.clustering.spherical_kmeans |   Init 5/10: inertia=3.862396
2026-08-13 15:39:24 | DEBUG    | fgvc.clustering.spherical_kmeans |   Init 6/10: inertia=3.929867
2026-08-13 15:39:24 | DEBUG    | fgvc.clustering.spherical_kmeans |   Init 7/10: inertia=3.833636
2026-08-13 15:39:24 | DEBUG    | fgvc.clustering.spherical_kmeans |   Init 8/10: inertia=3.788360
2026-08-13 15:39:24 | DEBUG    | fgvc.clustering.spherical_kmeans |   Init 9/10: inertia=3.879752
2026-08-13 15:39:24 | DEBUG    | fgvc.clustering.spherical_kmeans |   Init 10/10: inertia=3.862862
2026-08-13 15:39:24 | INFO     | fgvc.clustering.spherical_kmeans |   [Pied_Kingfisher] k_selected=2 | k_effective=2 | min_cluster=10 | max_cluster=15
2026-08-13 15:39:24 | INFO     | fgvc.clustering.spherical_kmeans |   [Pied_billed_Grebe] 25 images
2026-08-13 15:39:24 | DEBUG    | fgvc.clustering.spherical_kmeans |   Init 1/5: inertia=4.727431
2026-08-13 15:39:24 | DEBUG    | fgvc.clustering.spherical_kmeans |   Init 2/5: inertia=4.685716
2026-08-13 15:39:24 | DEBUG    | fgvc.clustering.spherical_kmeans |   Init 3/5: inertia=4.808916
2026-08-13 15:39:24 | DEBUG    | fgvc.clustering.spherical_kmeans |   Init 4/5: inertia=4.787008
2026-08-13 15:39:24 | DEBUG    | fgvc.clustering.spherical_kmeans |   Init 5/5: inertia=4.781026
2026-08-13 15:39:24 | DEBUG    | fgvc.clustering.spherical_kmeans |   Init 1/5: inertia=4.434353
2026-08-13 15:39:24 | DEBUG    | fgvc.clustering.spherical_kmeans |   Init 2/5: inertia=4.381695
2026-08-13 15:39:24 | DEBUG    | fgvc.clustering.spherical_kmeans |   Init 3/5: inertia=4.554743
2026-08-13 15:39:24 | DEBUG    | fgvc.clustering.spherical_kmeans |   Init 4/5: inertia=4.339820
2026-08-13 15:39:24 | DEBUG    | fgvc.clustering.spherical_kmeans |   Init 5/5: inertia=4.445838
2026-08-13 15:39:24 | DEBUG    | fgvc.clustering.spherical_kmeans |   Init 1/5: inertia=4.100187
2026-08-13 15:39:24 | DEBUG    | fgvc.clustering.spherical_kmeans |   Init 2/5: inertia=4.179988
2026-08-13 15:39:24 | DEBUG    | fgvc.clustering.spherical_kmeans |   Init 3/5: inertia=4.126299
2026-08-13 15:39:24 | DEBUG    | fgvc.clustering.spherical_kmeans |   Init 4/5: inertia=4.155685
2026-08-13 15:39:24 | DEBUG    | fgvc.clustering.spherical_kmeans |   Init 5/5: inertia=4.188534
2026-08-13 15:39:24 | DEBUG    | fgvc.clustering.spherical_kmeans |   Init 1/5: inertia=3.768943
2026-08-13 15:39:24 | DEBUG    | fgvc.clustering.spherical_kmeans |   Init 2/5: inertia=3.825021
2026-08-13 15:39:24 | DEBUG    | fgvc.clustering.spherical_kmeans |   Init 3/5: inertia=3.990982
2026-08-13 15:39:24 | DEBUG    | fgvc.clustering.spherical_kmeans |   Init 4/5: inertia=3.781819
2026-08-13 15:39:24 | DEBUG    | fgvc.clustering.spherical_kmeans |   Init 5/5: inertia=3.758444
2026-08-13 15:39:24 | DEBUG    | fgvc.clustering.spherical_kmeans | K selection: best_k=2 | scores={2: {'silhouette': 0.1315, 'compactness': 0.8126, 'score': 0.3095}, 3: {'silhouette': 0.1387, 'compactness': 0.8264, 'score': 0.2506}, 4: {'silhouette': 0.0404, 'compactness': 0.836, 'score': 0.1377}, 5: {'silhouette': 0.0462, 'compactness': 0.8497, 'score': 0.078}}
2026-08-13 15:39:24 | DEBUG    | fgvc.clustering.spherical_kmeans |   Init 1/10: inertia=4.727431
2026-08-13 15:39:24 | DEBUG    | fgvc.clustering.spherical_kmeans |   Init 2/10: inertia=4.685716
2026-08-13 15:39:24 | DEBUG    | fgvc.clustering.spherical_kmeans |   Init 3/10: inertia=4.808916
2026-08-13 15:39:24 | DEBUG    | fgvc.clustering.spherical_kmeans |   Init 4/10: inertia=4.787008
2026-08-13 15:39:24 | DEBUG    | fgvc.clustering.spherical_kmeans |   Init 5/10: inertia=4.781026
2026-08-13 15:39:24 | DEBUG    | fgvc.clustering.spherical_kmeans |   Init 6/10: inertia=4.748535
2026-08-13 15:39:24 | DEBUG    | fgvc.clustering.spherical_kmeans |   Init 7/10: inertia=4.829923
2026-08-13 15:39:24 | DEBUG    | fgvc.clustering.spherical_kmeans |   Init 8/10: inertia=4.723636
2026-08-13 15:39:24 | DEBUG    | fgvc.clustering.spherical_kmeans |   Init 9/10: inertia=4.860404
2026-08-13 15:39:24 | DEBUG    | fgvc.clustering.spherical_kmeans |   Init 10/10: inertia=4.816426
2026-08-13 15:39:24 | INFO     | fgvc.clustering.spherical_kmeans |   [Pied_billed_Grebe] k_selected=2 | k_effective=2 | min_cluster=6 | max_cluster=19
2026-08-13 15:39:24 | INFO     | fgvc.clustering.spherical_kmeans |   [Pigeon_Guillemot] 25 images
2026-08-13 15:39:24 | DEBUG    | fgvc.clustering.spherical_kmeans |   Init 1/5: inertia=4.540875
2026-08-13 15:39:24 | DEBUG    | fgvc.clustering.spherical_kmeans |   Init 2/5: inertia=4.924295
2026-08-13 15:39:24 | DEBUG    | fgvc.clustering.spherical_kmeans |   Init 3/5: inertia=4.534269
2026-08-13 15:39:24 | DEBUG    | fgvc.clustering.spherical_kmeans |   Init 4/5: inertia=4.577150
2026-08-13 15:39:24 | DEBUG    | fgvc.clustering.spherical_kmeans |   Init 5/5: inertia=4.537698
2026-08-13 15:39:24 | DEBUG    | fgvc.clustering.spherical_kmeans |   Init 1/5: inertia=4.123693
2026-08-13 15:39:24 | DEBUG    | fgvc.clustering.spherical_kmeans |   Init 2/5: inertia=4.153396
2026-08-13 15:39:24 | DEBUG    | fgvc.clustering.spherical_kmeans |   Init 3/5: inertia=4.147387
2026-08-13 15:39:24 | DEBUG    | fgvc.clustering.spherical_kmeans |   Init 4/5: inertia=4.262336
2026-08-13 15:39:24 | DEBUG    | fgvc.clustering.spherical_kmeans |   Init 5/5: inertia=3.966436
2026-08-13 15:39:24 | DEBUG    | fgvc.clustering.spherical_kmeans |   Init 1/5: inertia=3.647344
2026-08-13 15:39:24 | DEBUG    | fgvc.clustering.spherical_kmeans |   Init 2/5: inertia=3.957676
2026-08-13 15:39:24 | DEBUG    | fgvc.clustering.spherical_kmeans |   Init 3/5: inertia=3.832841
2026-08-13 15:39:24 | DEBUG    | fgvc.clustering.spherical_kmeans |   Init 4/5: inertia=3.652666
2026-08-13 15:39:24 | DEBUG    | fgvc.clustering.spherical_kmeans |   Init 5/5: inertia=3.721399
2026-08-13 15:39:24 | DEBUG    | fgvc.clustering.spherical_kmeans |   Init 1/5: inertia=3.343351
2026-08-13 15:39:24 | DEBUG    | fgvc.clustering.spherical_kmeans |   Init 2/5: inertia=3.408242
2026-08-13 15:39:24 | DEBUG    | fgvc.clustering.spherical_kmeans |   Init 3/5: inertia=3.495756
2026-08-13 15:39:24 | DEBUG    | fgvc.clustering.spherical_kmeans |   Init 4/5: inertia=3.578315
2026-08-13 15:39:24 | DEBUG    | fgvc.clustering.spherical_kmeans |   Init 5/5: inertia=3.257098
2026-08-13 15:39:24 | DEBUG    | fgvc.clustering.spherical_kmeans | K selection: best_k=2 | scores={2: {'silhouette': 0.3409, 'compactness': 0.8186, 'score': 0.416}, 3: {'silhouette': 0.1623, 'compactness': 0.8413, 'score': 0.2669}, 4: {'silhouette': 0.1352, 'compactness': 0.8541, 'score': 0.1905}, 5: {'silhouette': 0.1537, 'compactness': 0.8697, 'score': 0.1377}}
2026-08-13 15:39:24 | DEBUG    | fgvc.clustering.spherical_kmeans |   Init 1/10: inertia=4.540875
2026-08-13 15:39:24 | DEBUG    | fgvc.clustering.spherical_kmeans |   Init 2/10: inertia=4.924295
2026-08-13 15:39:24 | DEBUG    | fgvc.clustering.spherical_kmeans |   Init 3/10: inertia=4.534269
2026-08-13 15:39:24 | DEBUG    | fgvc.clustering.spherical_kmeans |   Init 4/10: inertia=4.577150
2026-08-13 15:39:24 | DEBUG    | fgvc.clustering.spherical_kmeans |   Init 5/10: inertia=4.537698
2026-08-13 15:39:24 | DEBUG    | fgvc.clustering.spherical_kmeans |   Init 6/10: inertia=4.540875
2026-08-13 15:39:24 | DEBUG    | fgvc.clustering.spherical_kmeans |   Init 7/10: inertia=5.223423
2026-08-13 15:39:24 | DEBUG    | fgvc.clustering.spherical_kmeans |   Init 8/10: inertia=4.939921
2026-08-13 15:39:24 | DEBUG    | fgvc.clustering.spherical_kmeans |   Init 9/10: inertia=5.101068
2026-08-13 15:39:24 | DEBUG    | fgvc.clustering.spherical_kmeans |   Init 10/10: inertia=4.877092
2026-08-13 15:39:24 | INFO     | fgvc.clustering.spherical_kmeans |   [Pigeon_Guillemot] k_selected=2 | k_effective=2 | min_cluster=5 | max_cluster=20
2026-08-13 15:39:24 | INFO     | fgvc.clustering.spherical_kmeans |   [Pileated_Woodpecker] 25 images
2026-08-13 15:39:24 | DEBUG    | fgvc.clustering.spherical_kmeans |   Init 1/5: inertia=2.819850
2026-08-13 15:39:24 | DEBUG    | fgvc.clustering.spherical_kmeans |   Init 2/5: inertia=2.825545
2026-08-13 15:39:24 | DEBUG    | fgvc.clustering.spherical_kmeans |   Init 3/5: inertia=2.861245
2026-08-13 15:39:24 | DEBUG    | fgvc.clustering.spherical_kmeans |   Init 4/5: inertia=2.817475
2026-08-13 15:39:24 | DEBUG    | fgvc.clustering.spherical_kmeans |   Init 5/5: inertia=2.853347
2026-08-13 15:39:24 | DEBUG    | fgvc.clustering.spherical_kmeans |   Init 1/5: inertia=2.615516
2026-08-13 15:39:24 | DEBUG    | fgvc.clustering.spherical_kmeans |   Init 2/5: inertia=2.687066
2026-08-13 15:39:24 | DEBUG    | fgvc.clustering.spherical_kmeans |   Init 3/5: inertia=2.695228
2026-08-13 15:39:24 | DEBUG    | fgvc.clustering.spherical_kmeans |   Init 4/5: inertia=2.648767
2026-08-13 15:39:24 | DEBUG    | fgvc.clustering.spherical_kmeans |   Init 5/5: inertia=2.610491
2026-08-13 15:39:24 | DEBUG    | fgvc.clustering.spherical_kmeans |   Init 1/5: inertia=2.455262
2026-08-13 15:39:24 | DEBUG    | fgvc.clustering.spherical_kmeans |   Init 2/5: inertia=2.394512
2026-08-13 15:39:24 | DEBUG    | fgvc.clustering.spherical_kmeans |   Init 3/5: inertia=2.467018
2026-08-13 15:39:24 | DEBUG    | fgvc.clustering.spherical_kmeans |   Init 4/5: inertia=2.424664
2026-08-13 15:39:24 | DEBUG    | fgvc.clustering.spherical_kmeans |   Init 5/5: inertia=2.469728
2026-08-13 15:39:24 | DEBUG    | fgvc.clustering.spherical_kmeans |   Init 1/5: inertia=2.322321
2026-08-13 15:39:24 | DEBUG    | fgvc.clustering.spherical_kmeans |   Init 2/5: inertia=2.275359
2026-08-13 15:39:24 | DEBUG    | fgvc.clustering.spherical_kmeans |   Init 3/5: inertia=2.372072
2026-08-13 15:39:24 | DEBUG    | fgvc.clustering.spherical_kmeans |   Init 4/5: inertia=2.265556
2026-08-13 15:39:24 | DEBUG    | fgvc.clustering.spherical_kmeans |   Init 5/5: inertia=2.229383
2026-08-13 15:39:24 | DEBUG    | fgvc.clustering.spherical_kmeans | K selection: best_k=2 | scores={2: {'silhouette': 0.1443, 'compactness': 0.8873, 'score': 0.3384}, 3: {'silhouette': 0.0489, 'compactness': 0.8956, 'score': 0.2265}, 4: {'silhouette': 0.1081, 'compactness': 0.9042, 'score': 0.192}, 5: {'silhouette': 0.1006, 'compactness': 0.9108, 'score': 0.1236}}
2026-08-13 15:39:24 | DEBUG    | fgvc.clustering.spherical_kmeans |   Init 1/10: inertia=2.819850
2026-08-13 15:39:24 | DEBUG    | fgvc.clustering.spherical_kmeans |   Init 2/10: inertia=2.825545
2026-08-13 15:39:24 | DEBUG    | fgvc.clustering.spherical_kmeans |   Init 3/10: inertia=2.861245
2026-08-13 15:39:24 | DEBUG    | fgvc.clustering.spherical_kmeans |   Init 4/10: inertia=2.817475
2026-08-13 15:39:24 | DEBUG    | fgvc.clustering.spherical_kmeans |   Init 5/10: inertia=2.853347
2026-08-13 15:39:24 | DEBUG    | fgvc.clustering.spherical_kmeans |   Init 6/10: inertia=2.854167
2026-08-13 15:39:24 | DEBUG    | fgvc.clustering.spherical_kmeans |   Init 7/10: inertia=2.849901
2026-08-13 15:39:24 | DEBUG    | fgvc.clustering.spherical_kmeans |   Init 8/10: inertia=2.876432
2026-08-13 15:39:24 | DEBUG    | fgvc.clustering.spherical_kmeans |   Init 9/10: inertia=2.841472
2026-08-13 15:39:24 | DEBUG    | fgvc.clustering.spherical_kmeans |   Init 10/10: inertia=2.855767
2026-08-13 15:39:24 | INFO     | fgvc.clustering.spherical_kmeans |   [Pileated_Woodpecker] k_selected=2 | k_effective=2 | min_cluster=6 | max_cluster=19
2026-08-13 15:39:24 | INFO     | fgvc.clustering.spherical_kmeans |   [Pine_Grosbeak] 25 images
2026-08-13 15:39:24 | DEBUG    | fgvc.clustering.spherical_kmeans |   Init 1/5: inertia=3.324477
2026-08-13 15:39:24 | DEBUG    | fgvc.clustering.spherical_kmeans |   Init 2/5: inertia=3.324477
2026-08-13 15:39:24 | DEBUG    | fgvc.clustering.spherical_kmeans |   Init 3/5: inertia=3.324477
2026-08-13 15:39:24 | DEBUG    | fgvc.clustering.spherical_kmeans |   Init 4/5: inertia=3.324477
2026-08-13 15:39:24 | DEBUG    | fgvc.clustering.spherical_kmeans |   Init 5/5: inertia=3.324477
2026-08-13 15:39:24 | DEBUG    | fgvc.clustering.spherical_kmeans |   Init 1/5: inertia=3.182396
2026-08-13 15:39:24 | DEBUG    | fgvc.clustering.spherical_kmeans |   Init 2/5: inertia=3.164648
2026-08-13 15:39:24 | DEBUG    | fgvc.clustering.spherical_kmeans |   Init 3/5: inertia=3.130732
2026-08-13 15:39:24 | DEBUG    | fgvc.clustering.spherical_kmeans |   Init 4/5: inertia=3.156763
2026-08-13 15:39:24 | DEBUG    | fgvc.clustering.spherical_kmeans |   Init 5/5: inertia=3.116375
2026-08-13 15:39:24 | DEBUG    | fgvc.clustering.spherical_kmeans |   Init 1/5: inertia=3.016039
2026-08-13 15:39:24 | DEBUG    | fgvc.clustering.spherical_kmeans |   Init 2/5: inertia=2.911528
2026-08-13 15:39:24 | DEBUG    | fgvc.clustering.spherical_kmeans |   Init 3/5: inertia=2.911385
2026-08-13 15:39:24 | DEBUG    | fgvc.clustering.spherical_kmeans |   Init 4/5: inertia=2.865352
2026-08-13 15:39:24 | DEBUG    | fgvc.clustering.spherical_kmeans |   Init 5/5: inertia=2.863744
2026-08-13 15:39:24 | DEBUG    | fgvc.clustering.spherical_kmeans |   Init 1/5: inertia=2.803312
2026-08-13 15:39:24 | DEBUG    | fgvc.clustering.spherical_kmeans |   Init 2/5: inertia=2.696675
2026-08-13 15:39:24 | DEBUG    | fgvc.clustering.spherical_kmeans |   Init 3/5: inertia=2.645448
2026-08-13 15:39:24 | DEBUG    | fgvc.clustering.spherical_kmeans |   Init 4/5: inertia=2.652836
2026-08-13 15:39:24 | DEBUG    | fgvc.clustering.spherical_kmeans |   Init 5/5: inertia=2.779857
2026-08-13 15:39:24 | DEBUG    | fgvc.clustering.spherical_kmeans | K selection: best_k=2 | scores={2: {'silhouette': 0.3396, 'compactness': 0.867, 'score': 0.4299}, 3: {'silhouette': 0.2504, 'compactness': 0.8753, 'score': 0.3212}, 4: {'silhouette': 0.0702, 'compactness': 0.8855, 'score': 0.1674}, 5: {'silhouette': 0.1355, 'compactness': 0.8942, 'score': 0.136}}
2026-08-13 15:39:24 | DEBUG    | fgvc.clustering.spherical_kmeans |   Init 1/10: inertia=3.324477
2026-08-13 15:39:24 | DEBUG    | fgvc.clustering.spherical_kmeans |   Init 2/10: inertia=3.324477
2026-08-13 15:39:24 | DEBUG    | fgvc.clustering.spherical_kmeans |   Init 3/10: inertia=3.324477
2026-08-13 15:39:24 | DEBUG    | fgvc.clustering.spherical_kmeans |   Init 4/10: inertia=3.324477
2026-08-13 15:39:24 | DEBUG    | fgvc.clustering.spherical_kmeans |   Init 5/10: inertia=3.324477
2026-08-13 15:39:24 | DEBUG    | fgvc.clustering.spherical_kmeans |   Init 6/10: inertia=3.324477
2026-08-13 15:39:24 | DEBUG    | fgvc.clustering.spherical_kmeans |   Init 7/10: inertia=3.324477
2026-08-13 15:39:24 | DEBUG    | fgvc.clustering.spherical_kmeans |   Init 8/10: inertia=4.048147
2026-08-13 15:39:24 | DEBUG    | fgvc.clustering.spherical_kmeans |   Init 9/10: inertia=3.324477
2026-08-13 15:39:24 | DEBUG    | fgvc.clustering.spherical_kmeans |   Init 10/10: inertia=3.987483
2026-08-13 15:39:24 | INFO     | fgvc.clustering.spherical_kmeans |   [Pine_Grosbeak] k_selected=2 | k_effective=2 | min_cluster=7 | max_cluster=18
2026-08-13 15:39:24 | INFO     | fgvc.clustering.spherical_kmeans |   [Pine_Warbler] 25 images
2026-08-13 15:39:24 | DEBUG    | fgvc.clustering.spherical_kmeans |   Init 1/5: inertia=4.962719
2026-08-13 15:39:24 | DEBUG    | fgvc.clustering.spherical_kmeans |   Init 2/5: inertia=5.093971
2026-08-13 15:39:24 | DEBUG    | fgvc.clustering.spherical_kmeans |   Init 3/5: inertia=4.937651
2026-08-13 15:39:24 | DEBUG    | fgvc.clustering.spherical_kmeans |   Init 4/5: inertia=4.927298
2026-08-13 15:39:24 | DEBUG    | fgvc.clustering.spherical_kmeans |   Init 5/5: inertia=4.970686
2026-08-13 15:39:24 | DEBUG    | fgvc.clustering.spherical_kmeans |   Init 1/5: inertia=4.445746
2026-08-13 15:39:24 | DEBUG    | fgvc.clustering.spherical_kmeans |   Init 2/5: inertia=4.588564
2026-08-13 15:39:24 | DEBUG    | fgvc.clustering.spherical_kmeans |   Init 3/5: inertia=4.785730
2026-08-13 15:39:24 | DEBUG    | fgvc.clustering.spherical_kmeans |   Init 4/5: inertia=4.567536
2026-08-13 15:39:24 | DEBUG    | fgvc.clustering.spherical_kmeans |   Init 5/5: inertia=4.596021
2026-08-13 15:39:24 | DEBUG    | fgvc.clustering.spherical_kmeans |   Init 1/5: inertia=4.120905
2026-08-13 15:39:24 | DEBUG    | fgvc.clustering.spherical_kmeans |   Init 2/5: inertia=4.364527
2026-08-13 15:39:24 | DEBUG    | fgvc.clustering.spherical_kmeans |   Init 3/5: inertia=4.177395
2026-08-13 15:39:24 | DEBUG    | fgvc.clustering.spherical_kmeans |   Init 4/5: inertia=4.439543
2026-08-13 15:39:24 | DEBUG    | fgvc.clustering.spherical_kmeans |   Init 5/5: inertia=4.123386
2026-08-13 15:39:24 | DEBUG    | fgvc.clustering.spherical_kmeans |   Init 1/5: inertia=3.875911
2026-08-13 15:39:24 | DEBUG    | fgvc.clustering.spherical_kmeans |   Init 2/5: inertia=3.978585
2026-08-13 15:39:24 | DEBUG    | fgvc.clustering.spherical_kmeans |   Init 3/5: inertia=3.859452
2026-08-13 15:39:24 | DEBUG    | fgvc.clustering.spherical_kmeans |   Init 4/5: inertia=3.765838
2026-08-13 15:39:24 | DEBUG    | fgvc.clustering.spherical_kmeans |   Init 5/5: inertia=4.030096
2026-08-13 15:39:24 | DEBUG    | fgvc.clustering.spherical_kmeans | K selection: best_k=2 | scores={2: {'silhouette': 0.1095, 'compactness': 0.8029, 'score': 0.2956}, 3: {'silhouette': 0.0881, 'compactness': 0.8222, 'score': 0.224}, 4: {'silhouette': 0.0573, 'compactness': 0.8352, 'score': 0.1459}, 5: {'silhouette': 0.0199, 'compactness': 0.8494, 'score': 0.0647}}
2026-08-13 15:39:24 | DEBUG    | fgvc.clustering.spherical_kmeans |   Init 1/10: inertia=4.962719
2026-08-13 15:39:24 | DEBUG    | fgvc.clustering.spherical_kmeans |   Init 2/10: inertia=5.093971
2026-08-13 15:39:24 | DEBUG    | fgvc.clustering.spherical_kmeans |   Init 3/10: inertia=4.937651
2026-08-13 15:39:24 | DEBUG    | fgvc.clustering.spherical_kmeans |   Init 4/10: inertia=4.927298
2026-08-13 15:39:24 | DEBUG    | fgvc.clustering.spherical_kmeans |   Init 5/10: inertia=4.970686
2026-08-13 15:39:24 | DEBUG    | fgvc.clustering.spherical_kmeans |   Init 6/10: inertia=4.882886
2026-08-13 15:39:24 | DEBUG    | fgvc.clustering.spherical_kmeans |   Init 7/10: inertia=4.907225
2026-08-13 15:39:24 | DEBUG    | fgvc.clustering.spherical_kmeans |   Init 8/10: inertia=4.912294
2026-08-13 15:39:24 | DEBUG    | fgvc.clustering.spherical_kmeans |   Init 9/10: inertia=4.940219
2026-08-13 15:39:24 | DEBUG    | fgvc.clustering.spherical_kmeans |   Init 10/10: inertia=4.953477
2026-08-13 15:39:24 | INFO     | fgvc.clustering.spherical_kmeans |   [Pine_Warbler] k_selected=2 | k_effective=1 | min_cluster=25 | max_cluster=25
2026-08-13 15:39:24 | INFO     | fgvc.clustering.spherical_kmeans |   [Pomarine_Jaeger] 25 images
2026-08-13 15:39:24 | DEBUG    | fgvc.clustering.spherical_kmeans |   Init 1/5: inertia=5.162399
2026-08-13 15:39:24 | DEBUG    | fgvc.clustering.spherical_kmeans |   Init 2/5: inertia=5.003871
2026-08-13 15:39:24 | DEBUG    | fgvc.clustering.spherical_kmeans |   Init 3/5: inertia=5.028167
2026-08-13 15:39:24 | DEBUG    | fgvc.clustering.spherical_kmeans |   Init 4/5: inertia=5.126005
2026-08-13 15:39:24 | DEBUG    | fgvc.clustering.spherical_kmeans |   Init 5/5: inertia=5.207806
2026-08-13 15:39:24 | DEBUG    | fgvc.clustering.spherical_kmeans |   Init 1/5: inertia=4.657300
2026-08-13 15:39:24 | DEBUG    | fgvc.clustering.spherical_kmeans |   Init 2/5: inertia=4.730186
2026-08-13 15:39:24 | DEBUG    | fgvc.clustering.spherical_kmeans |   Init 3/5: inertia=4.701455
2026-08-13 15:39:24 | DEBUG    | fgvc.clustering.spherical_kmeans |   Init 4/5: inertia=4.619637
2026-08-13 15:39:24 | DEBUG    | fgvc.clustering.spherical_kmeans |   Init 5/5: inertia=4.771817
2026-08-13 15:39:24 | DEBUG    | fgvc.clustering.spherical_kmeans |   Init 1/5: inertia=4.223158
2026-08-13 15:39:24 | DEBUG    | fgvc.clustering.spherical_kmeans |   Init 2/5: inertia=4.391575
2026-08-13 15:39:24 | DEBUG    | fgvc.clustering.spherical_kmeans |   Init 3/5: inertia=4.471279
2026-08-13 15:39:24 | DEBUG    | fgvc.clustering.spherical_kmeans |   Init 4/5: inertia=4.282809
2026-08-13 15:39:24 | DEBUG    | fgvc.clustering.spherical_kmeans |   Init 5/5: inertia=4.300409
2026-08-13 15:39:24 | DEBUG    | fgvc.clustering.spherical_kmeans |   Init 1/5: inertia=3.852641
2026-08-13 15:39:24 | DEBUG    | fgvc.clustering.spherical_kmeans |   Init 2/5: inertia=3.955614
2026-08-13 15:39:24 | DEBUG    | fgvc.clustering.spherical_kmeans |   Init 3/5: inertia=4.005255
2026-08-13 15:39:24 | DEBUG    | fgvc.clustering.spherical_kmeans |   Init 4/5: inertia=4.032532
2026-08-13 15:39:24 | DEBUG    | fgvc.clustering.spherical_kmeans |   Init 5/5: inertia=3.896357
2026-08-13 15:39:24 | DEBUG    | fgvc.clustering.spherical_kmeans | K selection: best_k=2 | scores={2: {'silhouette': 0.1197, 'compactness': 0.7998, 'score': 0.2998}, 3: {'silhouette': 0.144, 'compactness': 0.8152, 'score': 0.2499}, 4: {'silhouette': 0.0668, 'compactness': 0.8311, 'score': 0.1494}, 5: {'silhouette': 0.065, 'compactness': 0.8459, 'score': 0.0863}}
2026-08-13 15:39:24 | DEBUG    | fgvc.clustering.spherical_kmeans |   Init 1/10: inertia=5.162399
2026-08-13 15:39:24 | DEBUG    | fgvc.clustering.spherical_kmeans |   Init 2/10: inertia=5.003871
2026-08-13 15:39:24 | DEBUG    | fgvc.clustering.spherical_kmeans |   Init 3/10: inertia=5.028167
2026-08-13 15:39:24 | DEBUG    | fgvc.clustering.spherical_kmeans |   Init 4/10: inertia=5.126005
2026-08-13 15:39:24 | DEBUG    | fgvc.clustering.spherical_kmeans |   Init 5/10: inertia=5.207806
2026-08-13 15:39:24 | DEBUG    | fgvc.clustering.spherical_kmeans |   Init 6/10: inertia=5.082653
2026-08-13 15:39:24 | DEBUG    | fgvc.clustering.spherical_kmeans |   Init 7/10: inertia=5.319446
2026-08-13 15:39:24 | DEBUG    | fgvc.clustering.spherical_kmeans |   Init 8/10: inertia=5.132532
2026-08-13 15:39:24 | DEBUG    | fgvc.clustering.spherical_kmeans |   Init 9/10: inertia=5.067511
2026-08-13 15:39:24 | DEBUG    | fgvc.clustering.spherical_kmeans |   Init 10/10: inertia=5.315945
2026-08-13 15:39:24 | INFO     | fgvc.clustering.spherical_kmeans |   [Pomarine_Jaeger] k_selected=2 | k_effective=2 | min_cluster=12 | max_cluster=13
2026-08-13 15:39:24 | INFO     | fgvc.clustering.spherical_kmeans |   [Prairie_Warbler] 25 images
2026-08-13 15:39:24 | DEBUG    | fgvc.clustering.spherical_kmeans |   Init 1/5: inertia=3.668427
2026-08-13 15:39:24 | DEBUG    | fgvc.clustering.spherical_kmeans |   Init 2/5: inertia=3.756281
2026-08-13 15:39:24 | DEBUG    | fgvc.clustering.spherical_kmeans |   Init 3/5: inertia=3.765609
2026-08-13 15:39:24 | DEBUG    | fgvc.clustering.spherical_kmeans |   Init 4/5: inertia=3.688430
2026-08-13 15:39:24 | DEBUG    | fgvc.clustering.spherical_kmeans |   Init 5/5: inertia=3.891398
2026-08-13 15:39:24 | DEBUG    | fgvc.clustering.spherical_kmeans |   Init 1/5: inertia=3.443701
2026-08-13 15:39:24 | DEBUG    | fgvc.clustering.spherical_kmeans |   Init 2/5: inertia=3.563179
2026-08-13 15:39:24 | DEBUG    | fgvc.clustering.spherical_kmeans |   Init 3/5: inertia=3.604189
2026-08-13 15:39:24 | DEBUG    | fgvc.clustering.spherical_kmeans |   Init 4/5: inertia=3.487664
2026-08-13 15:39:24 | DEBUG    | fgvc.clustering.spherical_kmeans |   Init 5/5: inertia=3.617325
2026-08-13 15:39:24 | DEBUG    | fgvc.clustering.spherical_kmeans |   Init 1/5: inertia=3.196522
2026-08-13 15:39:24 | DEBUG    | fgvc.clustering.spherical_kmeans |   Init 2/5: inertia=3.247279
2026-08-13 15:39:24 | DEBUG    | fgvc.clustering.spherical_kmeans |   Init 3/5: inertia=3.189284
2026-08-13 15:39:24 | DEBUG    | fgvc.clustering.spherical_kmeans |   Init 4/5: inertia=3.302850
2026-08-13 15:39:24 | DEBUG    | fgvc.clustering.spherical_kmeans |   Init 5/5: inertia=3.170689
2026-08-13 15:39:24 | DEBUG    | fgvc.clustering.spherical_kmeans |   Init 1/5: inertia=2.995996
2026-08-13 15:39:24 | DEBUG    | fgvc.clustering.spherical_kmeans |   Init 2/5: inertia=2.962732
2026-08-13 15:39:24 | DEBUG    | fgvc.clustering.spherical_kmeans |   Init 3/5: inertia=2.951873
2026-08-13 15:39:24 | DEBUG    | fgvc.clustering.spherical_kmeans |   Init 4/5: inertia=2.958129
2026-08-13 15:39:24 | DEBUG    | fgvc.clustering.spherical_kmeans |   Init 5/5: inertia=2.882060
2026-08-13 15:39:24 | DEBUG    | fgvc.clustering.spherical_kmeans | K selection: best_k=2 | scores={2: {'silhouette': 0.247, 'compactness': 0.8533, 'score': 0.3795}, 3: {'silhouette': 0.1768, 'compactness': 0.8623, 'score': 0.2804}, 4: {'silhouette': 0.0468, 'compactness': 0.8732, 'score': 0.152}, 5: {'silhouette': 0.0059, 'compactness': 0.8847, 'score': 0.0684}}
2026-08-13 15:39:24 | DEBUG    | fgvc.clustering.spherical_kmeans |   Init 1/10: inertia=3.668427
2026-08-13 15:39:24 | DEBUG    | fgvc.clustering.spherical_kmeans |   Init 2/10: inertia=3.756281
2026-08-13 15:39:24 | DEBUG    | fgvc.clustering.spherical_kmeans |   Init 3/10: inertia=3.765609
2026-08-13 15:39:24 | DEBUG    | fgvc.clustering.spherical_kmeans |   Init 4/10: inertia=3.688430
2026-08-13 15:39:24 | DEBUG    | fgvc.clustering.spherical_kmeans |   Init 5/10: inertia=3.891398
2026-08-13 15:39:24 | DEBUG    | fgvc.clustering.spherical_kmeans |   Init 6/10: inertia=3.967228
2026-08-13 15:39:24 | DEBUG    | fgvc.clustering.spherical_kmeans |   Init 7/10: inertia=3.773251
2026-08-13 15:39:24 | DEBUG    | fgvc.clustering.spherical_kmeans |   Init 8/10: inertia=3.835427
2026-08-13 15:39:24 | DEBUG    | fgvc.clustering.spherical_kmeans |   Init 9/10: inertia=3.790343
2026-08-13 15:39:24 | DEBUG    | fgvc.clustering.spherical_kmeans |   Init 10/10: inertia=3.784225
2026-08-13 15:39:24 | INFO     | fgvc.clustering.spherical_kmeans |   [Prairie_Warbler] k_selected=2 | k_effective=2 | min_cluster=6 | max_cluster=19
2026-08-13 15:39:24 | INFO     | fgvc.clustering.spherical_kmeans |   [Prothonotary_Warbler] 25 images
2026-08-13 15:39:24 | DEBUG    | fgvc.clustering.spherical_kmeans |   Init 1/5: inertia=2.926064
2026-08-13 15:39:24 | DEBUG    | fgvc.clustering.spherical_kmeans |   Init 2/5: inertia=3.104438
2026-08-13 15:39:24 | DEBUG    | fgvc.clustering.spherical_kmeans |   Init 3/5: inertia=3.048584
2026-08-13 15:39:24 | DEBUG    | fgvc.clustering.spherical_kmeans |   Init 4/5: inertia=3.029188
2026-08-13 15:39:24 | DEBUG    | fgvc.clustering.spherical_kmeans |   Init 5/5: inertia=3.042613
2026-08-13 15:39:24 | DEBUG    | fgvc.clustering.spherical_kmeans |   Init 1/5: inertia=2.713706
2026-08-13 15:39:24 | DEBUG    | fgvc.clustering.spherical_kmeans |   Init 2/5: inertia=2.792226
2026-08-13 15:39:24 | DEBUG    | fgvc.clustering.spherical_kmeans |   Init 3/5: inertia=2.818728
2026-08-13 15:39:24 | DEBUG    | fgvc.clustering.spherical_kmeans |   Init 4/5: inertia=2.912575
2026-08-13 15:39:24 | DEBUG    | fgvc.clustering.spherical_kmeans |   Init 5/5: inertia=2.790475
2026-08-13 15:39:24 | DEBUG    | fgvc.clustering.spherical_kmeans |   Init 1/5: inertia=2.592504
2026-08-13 15:39:24 | DEBUG    | fgvc.clustering.spherical_kmeans |   Init 2/5: inertia=2.526583
2026-08-13 15:39:24 | DEBUG    | fgvc.clustering.spherical_kmeans |   Init 3/5: inertia=2.608737
2026-08-13 15:39:24 | DEBUG    | fgvc.clustering.spherical_kmeans |   Init 4/5: inertia=2.502267
2026-08-13 15:39:24 | DEBUG    | fgvc.clustering.spherical_kmeans |   Init 5/5: inertia=2.658700
2026-08-13 15:39:24 | DEBUG    | fgvc.clustering.spherical_kmeans |   Init 1/5: inertia=2.411393
2026-08-13 15:39:24 | DEBUG    | fgvc.clustering.spherical_kmeans |   Init 2/5: inertia=2.362247
2026-08-13 15:39:24 | DEBUG    | fgvc.clustering.spherical_kmeans |   Init 3/5: inertia=2.299927
2026-08-13 15:39:24 | DEBUG    | fgvc.clustering.spherical_kmeans |   Init 4/5: inertia=2.433756
2026-08-13 15:39:24 | DEBUG    | fgvc.clustering.spherical_kmeans |   Init 5/5: inertia=2.443130
2026-08-13 15:39:24 | DEBUG    | fgvc.clustering.spherical_kmeans | K selection: best_k=2 | scores={2: {'silhouette': 0.1617, 'compactness': 0.883, 'score': 0.3457}, 3: {'silhouette': 0.0825, 'compactness': 0.8915, 'score': 0.242}, 4: {'silhouette': 0.0808, 'compactness': 0.8999, 'score': 0.177}, 5: {'silhouette': 0.0746, 'compactness': 0.908, 'score': 0.1097}}
2026-08-13 15:39:24 | DEBUG    | fgvc.clustering.spherical_kmeans |   Init 1/10: inertia=2.926064
2026-08-13 15:39:24 | DEBUG    | fgvc.clustering.spherical_kmeans |   Init 2/10: inertia=3.104438
2026-08-13 15:39:24 | DEBUG    | fgvc.clustering.spherical_kmeans |   Init 3/10: inertia=3.048584
2026-08-13 15:39:24 | DEBUG    | fgvc.clustering.spherical_kmeans |   Init 4/10: inertia=3.029188
2026-08-13 15:39:24 | DEBUG    | fgvc.clustering.spherical_kmeans |   Init 5/10: inertia=3.042613
2026-08-13 15:39:24 | DEBUG    | fgvc.clustering.spherical_kmeans |   Init 6/10: inertia=2.946332
2026-08-13 15:39:24 | DEBUG    | fgvc.clustering.spherical_kmeans |   Init 7/10: inertia=3.016438
2026-08-13 15:39:24 | DEBUG    | fgvc.clustering.spherical_kmeans |   Init 8/10: inertia=2.920373
2026-08-13 15:39:24 | DEBUG    | fgvc.clustering.spherical_kmeans |   Init 9/10: inertia=3.067332
2026-08-13 15:39:24 | DEBUG    | fgvc.clustering.spherical_kmeans |   Init 10/10: inertia=3.032749
2026-08-13 15:39:24 | INFO     | fgvc.clustering.spherical_kmeans |   [Prothonotary_Warbler] k_selected=2 | k_effective=2 | min_cluster=9 | max_cluster=16
2026-08-13 15:39:24 | INFO     | fgvc.clustering.spherical_kmeans |   [Purple_Finch] 25 images
2026-08-13 15:39:24 | DEBUG    | fgvc.clustering.spherical_kmeans |   Init 1/5: inertia=2.886032
2026-08-13 15:39:24 | DEBUG    | fgvc.clustering.spherical_kmeans |   Init 2/5: inertia=2.925571
2026-08-13 15:39:24 | DEBUG    | fgvc.clustering.spherical_kmeans |   Init 3/5: inertia=2.884255
2026-08-13 15:39:24 | DEBUG    | fgvc.clustering.spherical_kmeans |   Init 4/5: inertia=2.971860
2026-08-13 15:39:24 | DEBUG    | fgvc.clustering.spherical_kmeans |   Init 5/5: inertia=2.824566
2026-08-13 15:39:24 | DEBUG    | fgvc.clustering.spherical_kmeans |   Init 1/5: inertia=2.516744
2026-08-13 15:39:24 | DEBUG    | fgvc.clustering.spherical_kmeans |   Init 2/5: inertia=2.530216
2026-08-13 15:39:24 | DEBUG    | fgvc.clustering.spherical_kmeans |   Init 3/5: inertia=2.491887
2026-08-13 15:39:24 | DEBUG    | fgvc.clustering.spherical_kmeans |   Init 4/5: inertia=2.611888
2026-08-13 15:39:24 | DEBUG    | fgvc.clustering.spherical_kmeans |   Init 5/5: inertia=2.445871
2026-08-13 15:39:24 | DEBUG    | fgvc.clustering.spherical_kmeans |   Init 1/5: inertia=2.332052
2026-08-13 15:39:24 | DEBUG    | fgvc.clustering.spherical_kmeans |   Init 2/5: inertia=2.340884
2026-08-13 15:39:24 | DEBUG    | fgvc.clustering.spherical_kmeans |   Init 3/5: inertia=2.302986
2026-08-13 15:39:24 | DEBUG    | fgvc.clustering.spherical_kmeans |   Init 4/5: inertia=2.390644
2026-08-13 15:39:24 | DEBUG    | fgvc.clustering.spherical_kmeans |   Init 5/5: inertia=2.204660
2026-08-13 15:39:24 | DEBUG    | fgvc.clustering.spherical_kmeans |   Init 1/5: inertia=2.200798
2026-08-13 15:39:24 | DEBUG    | fgvc.clustering.spherical_kmeans |   Init 2/5: inertia=2.151563
2026-08-13 15:39:24 | DEBUG    | fgvc.clustering.spherical_kmeans |   Init 3/5: inertia=2.047513
2026-08-13 15:39:24 | DEBUG    | fgvc.clustering.spherical_kmeans |   Init 4/5: inertia=2.022383
2026-08-13 15:39:24 | DEBUG    | fgvc.clustering.spherical_kmeans |   Init 5/5: inertia=2.208934
2026-08-13 15:39:24 | DEBUG    | fgvc.clustering.spherical_kmeans | K selection: best_k=2 | scores={2: {'silhouette': 0.1454, 'compactness': 0.887, 'score': 0.3388}, 3: {'silhouette': 0.1656, 'compactness': 0.9022, 'score': 0.2868}, 4: {'silhouette': 0.1462, 'compactness': 0.9118, 'score': 0.2133}, 5: {'silhouette': 0.0953, 'compactness': 0.9191, 'score': 0.1234}}
2026-08-13 15:39:24 | DEBUG    | fgvc.clustering.spherical_kmeans |   Init 1/10: inertia=2.886032
2026-08-13 15:39:24 | DEBUG    | fgvc.clustering.spherical_kmeans |   Init 2/10: inertia=2.925571
2026-08-13 15:39:24 | DEBUG    | fgvc.clustering.spherical_kmeans |   Init 3/10: inertia=2.884255
2026-08-13 15:39:24 | DEBUG    | fgvc.clustering.spherical_kmeans |   Init 4/10: inertia=2.971860
2026-08-13 15:39:24 | DEBUG    | fgvc.clustering.spherical_kmeans |   Init 5/10: inertia=2.824566
2026-08-13 15:39:24 | DEBUG    | fgvc.clustering.spherical_kmeans |   Init 6/10: inertia=2.859591
2026-08-13 15:39:24 | DEBUG    | fgvc.clustering.spherical_kmeans |   Init 7/10: inertia=2.932745
2026-08-13 15:39:24 | DEBUG    | fgvc.clustering.spherical_kmeans |   Init 8/10: inertia=2.832725
2026-08-13 15:39:24 | DEBUG    | fgvc.clustering.spherical_kmeans |   Init 9/10: inertia=2.824566
2026-08-13 15:39:24 | DEBUG    | fgvc.clustering.spherical_kmeans |   Init 10/10: inertia=2.883438
2026-08-13 15:39:24 | INFO     | fgvc.clustering.spherical_kmeans |   [Purple_Finch] k_selected=2 | k_effective=2 | min_cluster=12 | max_cluster=13
2026-08-13 15:39:24 | INFO     | fgvc.clustering.spherical_kmeans |   [Red_bellied_Woodpecker] 25 images
2026-08-13 15:39:24 | DEBUG    | fgvc.clustering.spherical_kmeans |   Init 1/5: inertia=3.090638
2026-08-13 15:39:24 | DEBUG    | fgvc.clustering.spherical_kmeans |   Init 2/5: inertia=3.129475
2026-08-13 15:39:24 | DEBUG    | fgvc.clustering.spherical_kmeans |   Init 3/5: inertia=3.178934
2026-08-13 15:39:24 | DEBUG    | fgvc.clustering.spherical_kmeans |   Init 4/5: inertia=3.031698
2026-08-13 15:39:24 | DEBUG    | fgvc.clustering.spherical_kmeans |   Init 5/5: inertia=3.117446
2026-08-13 15:39:24 | DEBUG    | fgvc.clustering.spherical_kmeans |   Init 1/5: inertia=2.761497
2026-08-13 15:39:24 | DEBUG    | fgvc.clustering.spherical_kmeans |   Init 2/5: inertia=2.686559
2026-08-13 15:39:24 | DEBUG    | fgvc.clustering.spherical_kmeans |   Init 3/5: inertia=2.835431
2026-08-13 15:39:24 | DEBUG    | fgvc.clustering.spherical_kmeans |   Init 4/5: inertia=2.891283
2026-08-13 15:39:24 | DEBUG    | fgvc.clustering.spherical_kmeans |   Init 5/5: inertia=2.765586
2026-08-13 15:39:24 | DEBUG    | fgvc.clustering.spherical_kmeans |   Init 1/5: inertia=2.579751
2026-08-13 15:39:24 | DEBUG    | fgvc.clustering.spherical_kmeans |   Init 2/5: inertia=2.700477
2026-08-13 15:39:24 | DEBUG    | fgvc.clustering.spherical_kmeans |   Init 3/5: inertia=2.566830
2026-08-13 15:39:24 | DEBUG    | fgvc.clustering.spherical_kmeans |   Init 4/5: inertia=2.632086
2026-08-13 15:39:24 | DEBUG    | fgvc.clustering.spherical_kmeans |   Init 5/5: inertia=2.632560
2026-08-13 15:39:24 | DEBUG    | fgvc.clustering.spherical_kmeans |   Init 1/5: inertia=2.378604
2026-08-13 15:39:24 | DEBUG    | fgvc.clustering.spherical_kmeans |   Init 2/5: inertia=2.348063
2026-08-13 15:39:24 | DEBUG    | fgvc.clustering.spherical_kmeans |   Init 3/5: inertia=2.280104
2026-08-13 15:39:24 | DEBUG    | fgvc.clustering.spherical_kmeans |   Init 4/5: inertia=2.311801
2026-08-13 15:39:24 | DEBUG    | fgvc.clustering.spherical_kmeans |   Init 5/5: inertia=2.381437
2026-08-13 15:39:24 | DEBUG    | fgvc.clustering.spherical_kmeans | K selection: best_k=2 | scores={2: {'silhouette': 0.3183, 'compactness': 0.8787, 'score': 0.4228}, 3: {'silhouette': 0.1104, 'compactness': 0.8925, 'score': 0.2563}, 4: {'silhouette': 0.0658, 'compactness': 0.8973, 'score': 0.1687}, 5: {'silhouette': 0.0658, 'compactness': 0.9088, 'score': 0.1055}}
2026-08-13 15:39:24 | DEBUG    | fgvc.clustering.spherical_kmeans |   Init 1/10: inertia=3.090638
2026-08-13 15:39:24 | DEBUG    | fgvc.clustering.spherical_kmeans |   Init 2/10: inertia=3.129475
2026-08-13 15:39:24 | DEBUG    | fgvc.clustering.spherical_kmeans |   Init 3/10: inertia=3.178934
2026-08-13 15:39:24 | DEBUG    | fgvc.clustering.spherical_kmeans |   Init 4/10: inertia=3.031698
2026-08-13 15:39:24 | DEBUG    | fgvc.clustering.spherical_kmeans |   Init 5/10: inertia=3.117446
2026-08-13 15:39:24 | DEBUG    | fgvc.clustering.spherical_kmeans |   Init 6/10: inertia=3.090465
2026-08-13 15:39:24 | DEBUG    | fgvc.clustering.spherical_kmeans |   Init 7/10: inertia=3.125665
2026-08-13 15:39:24 | DEBUG    | fgvc.clustering.spherical_kmeans |   Init 8/10: inertia=3.074088
2026-08-13 15:39:24 | DEBUG    | fgvc.clustering.spherical_kmeans |   Init 9/10: inertia=3.120809
2026-08-13 15:39:24 | DEBUG    | fgvc.clustering.spherical_kmeans |   Init 10/10: inertia=2.995769
2026-08-13 15:39:24 | INFO     | fgvc.clustering.spherical_kmeans |   [Red_bellied_Woodpecker] k_selected=2 | k_effective=1 | min_cluster=25 | max_cluster=25
2026-08-13 15:39:24 | INFO     | fgvc.clustering.spherical_kmeans |   [Red_breasted_Merganser] 25 images
2026-08-13 15:39:24 | DEBUG    | fgvc.clustering.spherical_kmeans |   Init 1/5: inertia=3.646597
2026-08-13 15:39:24 | DEBUG    | fgvc.clustering.spherical_kmeans |   Init 2/5: inertia=3.588583
2026-08-13 15:39:24 | DEBUG    | fgvc.clustering.spherical_kmeans |   Init 3/5: inertia=3.645851
2026-08-13 15:39:24 | DEBUG    | fgvc.clustering.spherical_kmeans |   Init 4/5: inertia=3.319368
2026-08-13 15:39:24 | DEBUG    | fgvc.clustering.spherical_kmeans |   Init 5/5: inertia=3.429041
2026-08-13 15:39:24 | DEBUG    | fgvc.clustering.spherical_kmeans |   Init 1/5: inertia=3.074253
2026-08-13 15:39:24 | DEBUG    | fgvc.clustering.spherical_kmeans |   Init 2/5: inertia=3.157993
2026-08-13 15:39:24 | DEBUG    | fgvc.clustering.spherical_kmeans |   Init 3/5: inertia=3.144635
2026-08-13 15:39:24 | DEBUG    | fgvc.clustering.spherical_kmeans |   Init 4/5: inertia=3.256567
2026-08-13 15:39:24 | DEBUG    | fgvc.clustering.spherical_kmeans |   Init 5/5: inertia=3.155491
2026-08-13 15:39:24 | DEBUG    | fgvc.clustering.spherical_kmeans |   Init 1/5: inertia=2.583407
2026-08-13 15:39:24 | DEBUG    | fgvc.clustering.spherical_kmeans |   Init 2/5: inertia=2.579041
2026-08-13 15:39:24 | DEBUG    | fgvc.clustering.spherical_kmeans |   Init 3/5: inertia=2.865733
2026-08-13 15:39:24 | DEBUG    | fgvc.clustering.spherical_kmeans |   Init 4/5: inertia=2.892314
2026-08-13 15:39:24 | DEBUG    | fgvc.clustering.spherical_kmeans |   Init 5/5: inertia=2.961037
2026-08-13 15:39:24 | DEBUG    | fgvc.clustering.spherical_kmeans |   Init 1/5: inertia=2.388821
2026-08-13 15:39:24 | DEBUG    | fgvc.clustering.spherical_kmeans |   Init 2/5: inertia=2.465544
2026-08-13 15:39:24 | DEBUG    | fgvc.clustering.spherical_kmeans |   Init 3/5: inertia=2.716206
2026-08-13 15:39:24 | DEBUG    | fgvc.clustering.spherical_kmeans |   Init 4/5: inertia=2.560684
2026-08-13 15:39:24 | DEBUG    | fgvc.clustering.spherical_kmeans |   Init 5/5: inertia=2.446808
2026-08-13 15:39:24 | DEBUG    | fgvc.clustering.spherical_kmeans | K selection: best_k=2 | scores={2: {'silhouette': 0.2128, 'compactness': 0.8672, 'score': 0.3666}, 3: {'silhouette': 0.3167, 'compactness': 0.877, 'score': 0.3548}, 4: {'silhouette': 0.2364, 'compactness': 0.8968, 'score': 0.2539}, 5: {'silhouette': 0.1818, 'compactness': 0.9044, 'score': 0.1622}}
2026-08-13 15:39:24 | DEBUG    | fgvc.clustering.spherical_kmeans |   Init 1/10: inertia=3.646597
2026-08-13 15:39:24 | DEBUG    | fgvc.clustering.spherical_kmeans |   Init 2/10: inertia=3.588583
2026-08-13 15:39:24 | DEBUG    | fgvc.clustering.spherical_kmeans |   Init 3/10: inertia=3.645851
2026-08-13 15:39:24 | DEBUG    | fgvc.clustering.spherical_kmeans |   Init 4/10: inertia=3.319368
2026-08-13 15:39:24 | DEBUG    | fgvc.clustering.spherical_kmeans |   Init 5/10: inertia=3.429041
2026-08-13 15:39:24 | DEBUG    | fgvc.clustering.spherical_kmeans |   Init 6/10: inertia=3.389550
2026-08-13 15:39:24 | DEBUG    | fgvc.clustering.spherical_kmeans |   Init 7/10: inertia=3.311426
2026-08-13 15:39:24 | DEBUG    | fgvc.clustering.spherical_kmeans |   Init 8/10: inertia=3.349458
2026-08-13 15:39:24 | DEBUG    | fgvc.clustering.spherical_kmeans |   Init 9/10: inertia=3.361036
2026-08-13 15:39:24 | DEBUG    | fgvc.clustering.spherical_kmeans |   Init 10/10: inertia=3.311426
2026-08-13 15:39:24 | INFO     | fgvc.clustering.spherical_kmeans |   [Red_breasted_Merganser] k_selected=2 | k_effective=2 | min_cluster=12 | max_cluster=13
2026-08-13 15:39:24 | INFO     | fgvc.clustering.spherical_kmeans |   [Red_cockaded_Woodpecker] 25 images
2026-08-13 15:39:24 | DEBUG    | fgvc.clustering.spherical_kmeans |   Init 1/5: inertia=3.257551
2026-08-13 15:39:24 | DEBUG    | fgvc.clustering.spherical_kmeans |   Init 2/5: inertia=3.260352
2026-08-13 15:39:24 | DEBUG    | fgvc.clustering.spherical_kmeans |   Init 3/5: inertia=3.269746
2026-08-13 15:39:24 | DEBUG    | fgvc.clustering.spherical_kmeans |   Init 4/5: inertia=3.375171
2026-08-13 15:39:24 | DEBUG    | fgvc.clustering.spherical_kmeans |   Init 5/5: inertia=3.260489
2026-08-13 15:39:24 | DEBUG    | fgvc.clustering.spherical_kmeans |   Init 1/5: inertia=2.999123
2026-08-13 15:39:24 | DEBUG    | fgvc.clustering.spherical_kmeans |   Init 2/5: inertia=3.132427
2026-08-13 15:39:24 | DEBUG    | fgvc.clustering.spherical_kmeans |   Init 3/5: inertia=2.919487
2026-08-13 15:39:24 | DEBUG    | fgvc.clustering.spherical_kmeans |   Init 4/5: inertia=2.888335
2026-08-13 15:39:24 | DEBUG    | fgvc.clustering.spherical_kmeans |   Init 5/5: inertia=3.011613
2026-08-13 15:39:24 | DEBUG    | fgvc.clustering.spherical_kmeans |   Init 1/5: inertia=2.722868
2026-08-13 15:39:24 | DEBUG    | fgvc.clustering.spherical_kmeans |   Init 2/5: inertia=2.816906
2026-08-13 15:39:24 | DEBUG    | fgvc.clustering.spherical_kmeans |   Init 3/5: inertia=2.863089
2026-08-13 15:39:24 | DEBUG    | fgvc.clustering.spherical_kmeans |   Init 4/5: inertia=2.943870
2026-08-13 15:39:24 | DEBUG    | fgvc.clustering.spherical_kmeans |   Init 5/5: inertia=2.815441
2026-08-13 15:39:24 | DEBUG    | fgvc.clustering.spherical_kmeans |   Init 1/5: inertia=2.470524
2026-08-13 15:39:24 | DEBUG    | fgvc.clustering.spherical_kmeans |   Init 2/5: inertia=2.507328
2026-08-13 15:39:24 | DEBUG    | fgvc.clustering.spherical_kmeans |   Init 3/5: inertia=2.589560
2026-08-13 15:39:24 | DEBUG    | fgvc.clustering.spherical_kmeans |   Init 4/5: inertia=2.591026
2026-08-13 15:39:24 | DEBUG    | fgvc.clustering.spherical_kmeans |   Init 5/5: inertia=2.491259
2026-08-13 15:39:24 | DEBUG    | fgvc.clustering.spherical_kmeans | K selection: best_k=2 | scores={2: {'silhouette': 0.1119, 'compactness': 0.8697, 'score': 0.3169}, 3: {'silhouette': 0.1058, 'compactness': 0.8845, 'score': 0.2516}, 4: {'silhouette': 0.1114, 'compactness': 0.8911, 'score': 0.1897}, 5: {'silhouette': 0.1132, 'compactness': 0.9012, 'score': 0.1269}}
2026-08-13 15:39:24 | DEBUG    | fgvc.clustering.spherical_kmeans |   Init 1/10: inertia=3.257551
2026-08-13 15:39:24 | DEBUG    | fgvc.clustering.spherical_kmeans |   Init 2/10: inertia=3.260352
2026-08-13 15:39:24 | DEBUG    | fgvc.clustering.spherical_kmeans |   Init 3/10: inertia=3.269746
2026-08-13 15:39:24 | DEBUG    | fgvc.clustering.spherical_kmeans |   Init 4/10: inertia=3.375171
2026-08-13 15:39:24 | DEBUG    | fgvc.clustering.spherical_kmeans |   Init 5/10: inertia=3.260489
2026-08-13 15:39:24 | DEBUG    | fgvc.clustering.spherical_kmeans |   Init 6/10: inertia=3.284019
2026-08-13 15:39:24 | DEBUG    | fgvc.clustering.spherical_kmeans |   Init 7/10: inertia=3.238126
2026-08-13 15:39:24 | DEBUG    | fgvc.clustering.spherical_kmeans |   Init 8/10: inertia=3.283358
2026-08-13 15:39:24 | DEBUG    | fgvc.clustering.spherical_kmeans |   Init 9/10: inertia=3.327818
2026-08-13 15:39:24 | DEBUG    | fgvc.clustering.spherical_kmeans |   Init 10/10: inertia=3.314159
2026-08-13 15:39:24 | INFO     | fgvc.clustering.spherical_kmeans |   [Red_cockaded_Woodpecker] k_selected=2 | k_effective=2 | min_cluster=10 | max_cluster=15
2026-08-13 15:39:24 | INFO     | fgvc.clustering.spherical_kmeans |   [Red_eyed_Vireo] 25 images
2026-08-13 15:39:24 | DEBUG    | fgvc.clustering.spherical_kmeans |   Init 1/5: inertia=4.903457
2026-08-13 15:39:24 | DEBUG    | fgvc.clustering.spherical_kmeans |   Init 2/5: inertia=4.935493
2026-08-13 15:39:24 | DEBUG    | fgvc.clustering.spherical_kmeans |   Init 3/5: inertia=4.789228
2026-08-13 15:39:24 | DEBUG    | fgvc.clustering.spherical_kmeans |   Init 4/5: inertia=4.674778
2026-08-13 15:39:24 | DEBUG    | fgvc.clustering.spherical_kmeans |   Init 5/5: inertia=4.885308
2026-08-13 15:39:24 | DEBUG    | fgvc.clustering.spherical_kmeans |   Init 1/5: inertia=4.427204
2026-08-13 15:39:24 | DEBUG    | fgvc.clustering.spherical_kmeans |   Init 2/5: inertia=4.502918
2026-08-13 15:39:24 | DEBUG    | fgvc.clustering.spherical_kmeans |   Init 3/5: inertia=4.358388
2026-08-13 15:39:24 | DEBUG    | fgvc.clustering.spherical_kmeans |   Init 4/5: inertia=4.225719
2026-08-13 15:39:24 | DEBUG    | fgvc.clustering.spherical_kmeans |   Init 5/5: inertia=4.478705
2026-08-13 15:39:24 | DEBUG    | fgvc.clustering.spherical_kmeans |   Init 1/5: inertia=4.112647
2026-08-13 15:39:24 | DEBUG    | fgvc.clustering.spherical_kmeans |   Init 2/5: inertia=4.227434
2026-08-13 15:39:24 | DEBUG    | fgvc.clustering.spherical_kmeans |   Init 3/5: inertia=4.247066
2026-08-13 15:39:24 | DEBUG    | fgvc.clustering.spherical_kmeans |   Init 4/5: inertia=4.146433
2026-08-13 15:39:24 | DEBUG    | fgvc.clustering.spherical_kmeans |   Init 5/5: inertia=4.194650
2026-08-13 15:39:24 | DEBUG    | fgvc.clustering.spherical_kmeans |   Init 1/5: inertia=3.811954
2026-08-13 15:39:24 | DEBUG    | fgvc.clustering.spherical_kmeans |   Init 2/5: inertia=4.004713
2026-08-13 15:39:24 | DEBUG    | fgvc.clustering.spherical_kmeans |   Init 3/5: inertia=3.772220
2026-08-13 15:39:24 | DEBUG    | fgvc.clustering.spherical_kmeans |   Init 4/5: inertia=4.058294
2026-08-13 15:39:24 | DEBUG    | fgvc.clustering.spherical_kmeans |   Init 5/5: inertia=3.778771
2026-08-13 15:39:24 | DEBUG    | fgvc.clustering.spherical_kmeans | K selection: best_k=2 | scores={2: {'silhouette': 0.2867, 'compactness': 0.813, 'score': 0.3872}, 3: {'silhouette': 0.073, 'compactness': 0.831, 'score': 0.2191}, 4: {'silhouette': 0.0146, 'compactness': 0.8355, 'score': 0.1246}, 5: {'silhouette': 0.0238, 'compactness': 0.8491, 'score': 0.0666}}
2026-08-13 15:39:24 | DEBUG    | fgvc.clustering.spherical_kmeans |   Init 1/10: inertia=4.903457
2026-08-13 15:39:24 | DEBUG    | fgvc.clustering.spherical_kmeans |   Init 2/10: inertia=4.935493
2026-08-13 15:39:24 | DEBUG    | fgvc.clustering.spherical_kmeans |   Init 3/10: inertia=4.789228
2026-08-13 15:39:24 | DEBUG    | fgvc.clustering.spherical_kmeans |   Init 4/10: inertia=4.674778
2026-08-13 15:39:24 | DEBUG    | fgvc.clustering.spherical_kmeans |   Init 5/10: inertia=4.885308
2026-08-13 15:39:24 | DEBUG    | fgvc.clustering.spherical_kmeans |   Init 6/10: inertia=4.860548
2026-08-13 15:39:24 | DEBUG    | fgvc.clustering.spherical_kmeans |   Init 7/10: inertia=4.605597
2026-08-13 15:39:24 | DEBUG    | fgvc.clustering.spherical_kmeans |   Init 8/10: inertia=4.946159
2026-08-13 15:39:24 | DEBUG    | fgvc.clustering.spherical_kmeans |   Init 9/10: inertia=4.627021
2026-08-13 15:39:24 | DEBUG    | fgvc.clustering.spherical_kmeans |   Init 10/10: inertia=4.779948
2026-08-13 15:39:24 | INFO     | fgvc.clustering.spherical_kmeans |   [Red_eyed_Vireo] k_selected=2 | k_effective=1 | min_cluster=25 | max_cluster=25
2026-08-13 15:39:24 | INFO     | fgvc.clustering.spherical_kmeans |   [Red_faced_Cormorant] 25 images
2026-08-13 15:39:24 | DEBUG    | fgvc.clustering.spherical_kmeans |   Init 1/5: inertia=4.463894
2026-08-13 15:39:24 | DEBUG    | fgvc.clustering.spherical_kmeans |   Init 2/5: inertia=4.741322
2026-08-13 15:39:24 | DEBUG    | fgvc.clustering.spherical_kmeans |   Init 3/5: inertia=4.463894
2026-08-13 15:39:24 | DEBUG    | fgvc.clustering.spherical_kmeans |   Init 4/5: inertia=4.933842
2026-08-13 15:39:24 | DEBUG    | fgvc.clustering.spherical_kmeans |   Init 5/5: inertia=4.964154
2026-08-13 15:39:24 | DEBUG    | fgvc.clustering.spherical_kmeans |   Init 1/5: inertia=4.176202
2026-08-13 15:39:24 | DEBUG    | fgvc.clustering.spherical_kmeans |   Init 2/5: inertia=4.060884
2026-08-13 15:39:24 | DEBUG    | fgvc.clustering.spherical_kmeans |   Init 3/5: inertia=4.437593
2026-08-13 15:39:24 | DEBUG    | fgvc.clustering.spherical_kmeans |   Init 4/5: inertia=4.192309
2026-08-13 15:39:24 | DEBUG    | fgvc.clustering.spherical_kmeans |   Init 5/5: inertia=4.112236
2026-08-13 15:39:24 | DEBUG    | fgvc.clustering.spherical_kmeans |   Init 1/5: inertia=3.926902
2026-08-13 15:39:24 | DEBUG    | fgvc.clustering.spherical_kmeans |   Init 2/5: inertia=3.736522
2026-08-13 15:39:24 | DEBUG    | fgvc.clustering.spherical_kmeans |   Init 3/5: inertia=3.909924
2026-08-13 15:39:24 | DEBUG    | fgvc.clustering.spherical_kmeans |   Init 4/5: inertia=3.955120
2026-08-13 15:39:24 | DEBUG    | fgvc.clustering.spherical_kmeans |   Init 5/5: inertia=3.679533
2026-08-13 15:39:24 | DEBUG    | fgvc.clustering.spherical_kmeans |   Init 1/5: inertia=3.574654
2026-08-13 15:39:24 | DEBUG    | fgvc.clustering.spherical_kmeans |   Init 2/5: inertia=3.853306
2026-08-13 15:39:24 | DEBUG    | fgvc.clustering.spherical_kmeans |   Init 3/5: inertia=3.815544
2026-08-13 15:39:24 | DEBUG    | fgvc.clustering.spherical_kmeans |   Init 4/5: inertia=3.543453
2026-08-13 15:39:24 | DEBUG    | fgvc.clustering.spherical_kmeans |   Init 5/5: inertia=3.662080
2026-08-13 15:39:24 | DEBUG    | fgvc.clustering.spherical_kmeans | K selection: best_k=2 | scores={2: {'silhouette': 0.3588, 'compactness': 0.8214, 'score': 0.4258}, 3: {'silhouette': 0.3296, 'compactness': 0.8376, 'score': 0.3494}, 4: {'silhouette': 0.1239, 'compactness': 0.8528, 'score': 0.1845}, 5: {'silhouette': 0.1466, 'compactness': 0.8583, 'score': 0.1308}}
2026-08-13 15:39:24 | DEBUG    | fgvc.clustering.spherical_kmeans |   Init 1/10: inertia=4.463894
2026-08-13 15:39:24 | DEBUG    | fgvc.clustering.spherical_kmeans |   Init 2/10: inertia=4.741322
2026-08-13 15:39:24 | DEBUG    | fgvc.clustering.spherical_kmeans |   Init 3/10: inertia=4.463894
2026-08-13 15:39:24 | DEBUG    | fgvc.clustering.spherical_kmeans |   Init 4/10: inertia=4.933842
2026-08-13 15:39:24 | DEBUG    | fgvc.clustering.spherical_kmeans |   Init 5/10: inertia=4.964154
2026-08-13 15:39:24 | DEBUG    | fgvc.clustering.spherical_kmeans |   Init 6/10: inertia=4.782399
2026-08-13 15:39:24 | DEBUG    | fgvc.clustering.spherical_kmeans |   Init 7/10: inertia=4.999803
2026-08-13 15:39:24 | DEBUG    | fgvc.clustering.spherical_kmeans |   Init 8/10: inertia=4.728510
2026-08-13 15:39:24 | DEBUG    | fgvc.clustering.spherical_kmeans |   Init 9/10: inertia=4.695975
2026-08-13 15:39:24 | DEBUG    | fgvc.clustering.spherical_kmeans |   Init 10/10: inertia=4.463894
2026-08-13 15:39:24 | INFO     | fgvc.clustering.spherical_kmeans |   [Red_faced_Cormorant] k_selected=2 | k_effective=1 | min_cluster=25 | max_cluster=25
2026-08-13 15:39:24 | INFO     | fgvc.clustering.spherical_kmeans |   [Red_headed_Woodpecker] 25 images
2026-08-13 15:39:24 | DEBUG    | fgvc.clustering.spherical_kmeans |   Init 1/5: inertia=4.441835
2026-08-13 15:39:24 | DEBUG    | fgvc.clustering.spherical_kmeans |   Init 2/5: inertia=4.438938
2026-08-13 15:39:24 | DEBUG    | fgvc.clustering.spherical_kmeans |   Init 3/5: inertia=4.392389
2026-08-13 15:39:24 | DEBUG    | fgvc.clustering.spherical_kmeans |   Init 4/5: inertia=4.377213
2026-08-13 15:39:24 | DEBUG    | fgvc.clustering.spherical_kmeans |   Init 5/5: inertia=4.360074
2026-08-13 15:39:24 | DEBUG    | fgvc.clustering.spherical_kmeans |   Init 1/5: inertia=4.035555
2026-08-13 15:39:24 | DEBUG    | fgvc.clustering.spherical_kmeans |   Init 2/5: inertia=3.991745
2026-08-13 15:39:24 | DEBUG    | fgvc.clustering.spherical_kmeans |   Init 3/5: inertia=4.037149
2026-08-13 15:39:24 | DEBUG    | fgvc.clustering.spherical_kmeans |   Init 4/5: inertia=4.152143
2026-08-13 15:39:24 | DEBUG    | fgvc.clustering.spherical_kmeans |   Init 5/5: inertia=4.050187
2026-08-13 15:39:24 | DEBUG    | fgvc.clustering.spherical_kmeans |   Init 1/5: inertia=3.760197
2026-08-13 15:39:24 | DEBUG    | fgvc.clustering.spherical_kmeans |   Init 2/5: inertia=3.741737
2026-08-13 15:39:24 | DEBUG    | fgvc.clustering.spherical_kmeans |   Init 3/5: inertia=3.725525
2026-08-13 15:39:24 | DEBUG    | fgvc.clustering.spherical_kmeans |   Init 4/5: inertia=3.767525
2026-08-13 15:39:24 | DEBUG    | fgvc.clustering.spherical_kmeans |   Init 5/5: inertia=3.704257
2026-08-13 15:39:24 | DEBUG    | fgvc.clustering.spherical_kmeans |   Init 1/5: inertia=3.489512
2026-08-13 15:39:24 | DEBUG    | fgvc.clustering.spherical_kmeans |   Init 2/5: inertia=3.417260
2026-08-13 15:39:24 | DEBUG    | fgvc.clustering.spherical_kmeans |   Init 3/5: inertia=3.340393
2026-08-13 15:39:24 | DEBUG    | fgvc.clustering.spherical_kmeans |   Init 4/5: inertia=3.608323
2026-08-13 15:39:24 | DEBUG    | fgvc.clustering.spherical_kmeans |   Init 5/5: inertia=3.407939
2026-08-13 15:39:24 | DEBUG    | fgvc.clustering.spherical_kmeans | K selection: best_k=2 | scores={2: {'silhouette': 0.2988, 'compactness': 0.8256, 'score': 0.3971}, 3: {'silhouette': 0.0609, 'compactness': 0.8403, 'score': 0.2159}, 4: {'silhouette': 0.0514, 'compactness': 0.8518, 'score': 0.1479}, 5: {'silhouette': 0.0296, 'compactness': 0.8664, 'score': 0.0747}}
2026-08-13 15:39:24 | DEBUG    | fgvc.clustering.spherical_kmeans |   Init 1/10: inertia=4.441835
2026-08-13 15:39:24 | DEBUG    | fgvc.clustering.spherical_kmeans |   Init 2/10: inertia=4.438938
2026-08-13 15:39:24 | DEBUG    | fgvc.clustering.spherical_kmeans |   Init 3/10: inertia=4.392389
2026-08-13 15:39:24 | DEBUG    | fgvc.clustering.spherical_kmeans |   Init 4/10: inertia=4.377213
2026-08-13 15:39:24 | DEBUG    | fgvc.clustering.spherical_kmeans |   Init 5/10: inertia=4.360074
2026-08-13 15:39:24 | DEBUG    | fgvc.clustering.spherical_kmeans |   Init 6/10: inertia=4.311916
2026-08-13 15:39:24 | DEBUG    | fgvc.clustering.spherical_kmeans |   Init 7/10: inertia=4.256613
2026-08-13 15:39:24 | DEBUG    | fgvc.clustering.spherical_kmeans |   Init 8/10: inertia=4.369076
2026-08-13 15:39:24 | DEBUG    | fgvc.clustering.spherical_kmeans |   Init 9/10: inertia=4.331211
2026-08-13 15:39:24 | DEBUG    | fgvc.clustering.spherical_kmeans |   Init 10/10: inertia=4.349939
2026-08-13 15:39:24 | INFO     | fgvc.clustering.spherical_kmeans |   [Red_headed_Woodpecker] k_selected=2 | k_effective=1 | min_cluster=25 | max_cluster=25
2026-08-13 15:39:24 | INFO     | fgvc.clustering.spherical_kmeans |   [Red_legged_Kittiwake] 25 images
2026-08-13 15:39:24 | DEBUG    | fgvc.clustering.spherical_kmeans |   Init 1/5: inertia=5.525198
2026-08-13 15:39:24 | DEBUG    | fgvc.clustering.spherical_kmeans |   Init 2/5: inertia=5.382937
2026-08-13 15:39:24 | DEBUG    | fgvc.clustering.spherical_kmeans |   Init 3/5: inertia=5.382937
2026-08-13 15:39:24 | DEBUG    | fgvc.clustering.spherical_kmeans |   Init 4/5: inertia=6.095958
2026-08-13 15:39:24 | DEBUG    | fgvc.clustering.spherical_kmeans |   Init 5/5: inertia=5.904189
2026-08-13 15:39:24 | DEBUG    | fgvc.clustering.spherical_kmeans |   Init 1/5: inertia=4.938587
2026-08-13 15:39:24 | DEBUG    | fgvc.clustering.spherical_kmeans |   Init 2/5: inertia=5.135298
2026-08-13 15:39:24 | DEBUG    | fgvc.clustering.spherical_kmeans |   Init 3/5: inertia=4.935972
2026-08-13 15:39:24 | DEBUG    | fgvc.clustering.spherical_kmeans |   Init 4/5: inertia=5.010612
2026-08-13 15:39:24 | DEBUG    | fgvc.clustering.spherical_kmeans |   Init 5/5: inertia=4.983701
2026-08-13 15:39:24 | DEBUG    | fgvc.clustering.spherical_kmeans |   Init 1/5: inertia=4.731750
2026-08-13 15:39:24 | DEBUG    | fgvc.clustering.spherical_kmeans |   Init 2/5: inertia=4.909855
2026-08-13 15:39:24 | DEBUG    | fgvc.clustering.spherical_kmeans |   Init 3/5: inertia=4.599624
2026-08-13 15:39:24 | DEBUG    | fgvc.clustering.spherical_kmeans |   Init 4/5: inertia=4.492535
2026-08-13 15:39:24 | DEBUG    | fgvc.clustering.spherical_kmeans |   Init 5/5: inertia=4.624839
2026-08-13 15:39:24 | DEBUG    | fgvc.clustering.spherical_kmeans |   Init 1/5: inertia=4.242681
2026-08-13 15:39:24 | DEBUG    | fgvc.clustering.spherical_kmeans |   Init 2/5: inertia=4.274891
2026-08-13 15:39:24 | DEBUG    | fgvc.clustering.spherical_kmeans |   Init 3/5: inertia=4.106737
2026-08-13 15:39:24 | DEBUG    | fgvc.clustering.spherical_kmeans |   Init 4/5: inertia=4.034534
2026-08-13 15:39:24 | DEBUG    | fgvc.clustering.spherical_kmeans |   Init 5/5: inertia=4.176896
2026-08-13 15:39:24 | DEBUG    | fgvc.clustering.spherical_kmeans | K selection: best_k=2 | scores={2: {'silhouette': 0.2362, 'compactness': 0.7847, 'score': 0.3535}, 3: {'silhouette': 0.2267, 'compactness': 0.8026, 'score': 0.2875}, 4: {'silhouette': 0.2296, 'compactness': 0.8203, 'score': 0.2276}, 5: {'silhouette': 0.133, 'compactness': 0.8386, 'score': 0.1181}}
2026-08-13 15:39:24 | DEBUG    | fgvc.clustering.spherical_kmeans |   Init 1/10: inertia=5.525198
2026-08-13 15:39:24 | DEBUG    | fgvc.clustering.spherical_kmeans |   Init 2/10: inertia=5.382937
2026-08-13 15:39:24 | DEBUG    | fgvc.clustering.spherical_kmeans |   Init 3/10: inertia=5.382937
2026-08-13 15:39:24 | DEBUG    | fgvc.clustering.spherical_kmeans |   Init 4/10: inertia=6.095958
2026-08-13 15:39:24 | DEBUG    | fgvc.clustering.spherical_kmeans |   Init 5/10: inertia=5.904189
2026-08-13 15:39:24 | DEBUG    | fgvc.clustering.spherical_kmeans |   Init 6/10: inertia=5.525198
2026-08-13 15:39:24 | DEBUG    | fgvc.clustering.spherical_kmeans |   Init 7/10: inertia=5.382937
2026-08-13 15:39:24 | DEBUG    | fgvc.clustering.spherical_kmeans |   Init 8/10: inertia=6.117445
2026-08-13 15:39:24 | DEBUG    | fgvc.clustering.spherical_kmeans |   Init 9/10: inertia=5.408501
2026-08-13 15:39:24 | DEBUG    | fgvc.clustering.spherical_kmeans |   Init 10/10: inertia=5.481857
2026-08-13 15:39:24 | INFO     | fgvc.clustering.spherical_kmeans |   [Red_legged_Kittiwake] k_selected=2 | k_effective=2 | min_cluster=7 | max_cluster=18
2026-08-13 15:39:24 | INFO     | fgvc.clustering.spherical_kmeans |   [Red_winged_Blackbird] 25 images
2026-08-13 15:39:24 | DEBUG    | fgvc.clustering.spherical_kmeans |   Init 1/5: inertia=2.348976
2026-08-13 15:39:24 | DEBUG    | fgvc.clustering.spherical_kmeans |   Init 2/5: inertia=2.328542
2026-08-13 15:39:24 | DEBUG    | fgvc.clustering.spherical_kmeans |   Init 3/5: inertia=2.283697
2026-08-13 15:39:24 | DEBUG    | fgvc.clustering.spherical_kmeans |   Init 4/5: inertia=2.283643
2026-08-13 15:39:24 | DEBUG    | fgvc.clustering.spherical_kmeans |   Init 5/5: inertia=2.263492
2026-08-13 15:39:24 | DEBUG    | fgvc.clustering.spherical_kmeans |   Init 1/5: inertia=2.179929
2026-08-13 15:39:24 | DEBUG    | fgvc.clustering.spherical_kmeans |   Init 2/5: inertia=2.153101
2026-08-13 15:39:24 | DEBUG    | fgvc.clustering.spherical_kmeans |   Init 3/5: inertia=2.147255
2026-08-13 15:39:24 | DEBUG    | fgvc.clustering.spherical_kmeans |   Init 4/5: inertia=2.125526
2026-08-13 15:39:24 | DEBUG    | fgvc.clustering.spherical_kmeans |   Init 5/5: inertia=2.213348
2026-08-13 15:39:24 | DEBUG    | fgvc.clustering.spherical_kmeans |   Init 1/5: inertia=2.068764
2026-08-13 15:39:24 | DEBUG    | fgvc.clustering.spherical_kmeans |   Init 2/5: inertia=1.942129
2026-08-13 15:39:24 | DEBUG    | fgvc.clustering.spherical_kmeans |   Init 3/5: inertia=2.009410
2026-08-13 15:39:24 | DEBUG    | fgvc.clustering.spherical_kmeans |   Init 4/5: inertia=2.022899
2026-08-13 15:39:24 | DEBUG    | fgvc.clustering.spherical_kmeans |   Init 5/5: inertia=1.993440
2026-08-13 15:39:24 | DEBUG    | fgvc.clustering.spherical_kmeans |   Init 1/5: inertia=1.862422
2026-08-13 15:39:24 | DEBUG    | fgvc.clustering.spherical_kmeans |   Init 2/5: inertia=1.756130
2026-08-13 15:39:24 | DEBUG    | fgvc.clustering.spherical_kmeans |   Init 3/5: inertia=1.959414
2026-08-13 15:39:24 | DEBUG    | fgvc.clustering.spherical_kmeans |   Init 4/5: inertia=1.897168
2026-08-13 15:39:24 | DEBUG    | fgvc.clustering.spherical_kmeans |   Init 5/5: inertia=1.826339
2026-08-13 15:39:24 | DEBUG    | fgvc.clustering.spherical_kmeans | K selection: best_k=2 | scores={2: {'silhouette': 0.097, 'compactness': 0.9095, 'score': 0.3214}, 3: {'silhouette': 0.0353, 'compactness': 0.915, 'score': 0.2255}, 4: {'silhouette': 0.0813, 'compactness': 0.9223, 'score': 0.184}, 5: {'silhouette': 0.0721, 'compactness': 0.9298, 'score': 0.115}}
2026-08-13 15:39:24 | DEBUG    | fgvc.clustering.spherical_kmeans |   Init 1/10: inertia=2.348976
2026-08-13 15:39:24 | DEBUG    | fgvc.clustering.spherical_kmeans |   Init 2/10: inertia=2.328542
2026-08-13 15:39:24 | DEBUG    | fgvc.clustering.spherical_kmeans |   Init 3/10: inertia=2.283697
2026-08-13 15:39:24 | DEBUG    | fgvc.clustering.spherical_kmeans |   Init 4/10: inertia=2.283643
2026-08-13 15:39:24 | DEBUG    | fgvc.clustering.spherical_kmeans |   Init 5/10: inertia=2.263492
2026-08-13 15:39:24 | DEBUG    | fgvc.clustering.spherical_kmeans |   Init 6/10: inertia=2.283697
2026-08-13 15:39:24 | DEBUG    | fgvc.clustering.spherical_kmeans |   Init 7/10: inertia=2.323215
2026-08-13 15:39:24 | DEBUG    | fgvc.clustering.spherical_kmeans |   Init 8/10: inertia=2.310522
2026-08-13 15:39:24 | DEBUG    | fgvc.clustering.spherical_kmeans |   Init 9/10: inertia=2.305757
2026-08-13 15:39:24 | DEBUG    | fgvc.clustering.spherical_kmeans |   Init 10/10: inertia=2.290267
2026-08-13 15:39:24 | INFO     | fgvc.clustering.spherical_kmeans |   [Red_winged_Blackbird] k_selected=2 | k_effective=2 | min_cluster=9 | max_cluster=16
2026-08-13 15:39:24 | INFO     | fgvc.clustering.spherical_kmeans |   [Rhinoceros_Auklet] 25 images
2026-08-13 15:39:24 | DEBUG    | fgvc.clustering.spherical_kmeans |   Init 1/5: inertia=3.592197
2026-08-13 15:39:24 | DEBUG    | fgvc.clustering.spherical_kmeans |   Init 2/5: inertia=3.849833
2026-08-13 15:39:24 | DEBUG    | fgvc.clustering.spherical_kmeans |   Init 3/5: inertia=3.599723
2026-08-13 15:39:24 | DEBUG    | fgvc.clustering.spherical_kmeans |   Init 4/5: inertia=3.598992
2026-08-13 15:39:24 | DEBUG    | fgvc.clustering.spherical_kmeans |   Init 5/5: inertia=3.692375
2026-08-13 15:39:24 | DEBUG    | fgvc.clustering.spherical_kmeans |   Init 1/5: inertia=3.221847
2026-08-13 15:39:24 | DEBUG    | fgvc.clustering.spherical_kmeans |   Init 2/5: inertia=3.402586
2026-08-13 15:39:24 | DEBUG    | fgvc.clustering.spherical_kmeans |   Init 3/5: inertia=3.504539
2026-08-13 15:39:24 | DEBUG    | fgvc.clustering.spherical_kmeans |   Init 4/5: inertia=3.454494
2026-08-13 15:39:24 | DEBUG    | fgvc.clustering.spherical_kmeans |   Init 5/5: inertia=3.333820
2026-08-13 15:39:24 | DEBUG    | fgvc.clustering.spherical_kmeans |   Init 1/5: inertia=2.801417
2026-08-13 15:39:24 | DEBUG    | fgvc.clustering.spherical_kmeans |   Init 2/5: inertia=3.225657
2026-08-13 15:39:24 | DEBUG    | fgvc.clustering.spherical_kmeans |   Init 3/5: inertia=3.029317
2026-08-13 15:39:24 | DEBUG    | fgvc.clustering.spherical_kmeans |   Init 4/5: inertia=3.038242
2026-08-13 15:39:24 | DEBUG    | fgvc.clustering.spherical_kmeans |   Init 5/5: inertia=2.975065
2026-08-13 15:39:24 | DEBUG    | fgvc.clustering.spherical_kmeans |   Init 1/5: inertia=2.566606
2026-08-13 15:39:24 | DEBUG    | fgvc.clustering.spherical_kmeans |   Init 2/5: inertia=3.015468
2026-08-13 15:39:24 | DEBUG    | fgvc.clustering.spherical_kmeans |   Init 3/5: inertia=2.609269
2026-08-13 15:39:24 | DEBUG    | fgvc.clustering.spherical_kmeans |   Init 4/5: inertia=2.630368
2026-08-13 15:39:24 | DEBUG    | fgvc.clustering.spherical_kmeans |   Init 5/5: inertia=2.850963
2026-08-13 15:39:24 | DEBUG    | fgvc.clustering.spherical_kmeans | K selection: best_k=2 | scores={2: {'silhouette': 0.1814, 'compactness': 0.8563, 'score': 0.3476}, 3: {'silhouette': 0.1867, 'compactness': 0.8711, 'score': 0.288}, 4: {'silhouette': 0.1956, 'compactness': 0.8879, 'score': 0.2308}, 5: {'silhouette': 0.195, 'compactness': 0.8973, 'score': 0.1667}}
2026-08-13 15:39:24 | DEBUG    | fgvc.clustering.spherical_kmeans |   Init 1/10: inertia=3.592197
2026-08-13 15:39:24 | DEBUG    | fgvc.clustering.spherical_kmeans |   Init 2/10: inertia=3.849833
2026-08-13 15:39:24 | DEBUG    | fgvc.clustering.spherical_kmeans |   Init 3/10: inertia=3.599723
2026-08-13 15:39:24 | DEBUG    | fgvc.clustering.spherical_kmeans |   Init 4/10: inertia=3.598992
2026-08-13 15:39:24 | DEBUG    | fgvc.clustering.spherical_kmeans |   Init 5/10: inertia=3.692375
2026-08-13 15:39:24 | DEBUG    | fgvc.clustering.spherical_kmeans |   Init 6/10: inertia=3.949491
2026-08-13 15:39:24 | DEBUG    | fgvc.clustering.spherical_kmeans |   Init 7/10: inertia=3.604732
2026-08-13 15:39:24 | DEBUG    | fgvc.clustering.spherical_kmeans |   Init 8/10: inertia=3.683370
2026-08-13 15:39:24 | DEBUG    | fgvc.clustering.spherical_kmeans |   Init 9/10: inertia=3.849833
2026-08-13 15:39:24 | DEBUG    | fgvc.clustering.spherical_kmeans |   Init 10/10: inertia=3.577153
2026-08-13 15:39:24 | INFO     | fgvc.clustering.spherical_kmeans |   [Rhinoceros_Auklet] k_selected=2 | k_effective=2 | min_cluster=10 | max_cluster=15
2026-08-13 15:39:24 | INFO     | fgvc.clustering.spherical_kmeans |   [Ring_billed_Gull] 25 images
2026-08-13 15:39:24 | DEBUG    | fgvc.clustering.spherical_kmeans |   Init 1/5: inertia=5.351467
2026-08-13 15:39:24 | DEBUG    | fgvc.clustering.spherical_kmeans |   Init 2/5: inertia=5.382444
2026-08-13 15:39:24 | DEBUG    | fgvc.clustering.spherical_kmeans |   Init 3/5: inertia=5.296000
2026-08-13 15:39:24 | DEBUG    | fgvc.clustering.spherical_kmeans |   Init 4/5: inertia=5.344378
2026-08-13 15:39:24 | DEBUG    | fgvc.clustering.spherical_kmeans |   Init 5/5: inertia=5.338018
2026-08-13 15:39:24 | DEBUG    | fgvc.clustering.spherical_kmeans |   Init 1/5: inertia=4.917894
2026-08-13 15:39:24 | DEBUG    | fgvc.clustering.spherical_kmeans |   Init 2/5: inertia=4.990104
2026-08-13 15:39:24 | DEBUG    | fgvc.clustering.spherical_kmeans |   Init 3/5: inertia=5.130540
2026-08-13 15:39:24 | DEBUG    | fgvc.clustering.spherical_kmeans |   Init 4/5: inertia=4.613153
2026-08-13 15:39:24 | DEBUG    | fgvc.clustering.spherical_kmeans |   Init 5/5: inertia=4.831104
2026-08-13 15:39:24 | DEBUG    | fgvc.clustering.spherical_kmeans |   Init 1/5: inertia=4.472710
2026-08-13 15:39:24 | DEBUG    | fgvc.clustering.spherical_kmeans |   Init 2/5: inertia=4.318303
2026-08-13 15:39:24 | DEBUG    | fgvc.clustering.spherical_kmeans |   Init 3/5: inertia=4.301681
2026-08-13 15:39:24 | DEBUG    | fgvc.clustering.spherical_kmeans |   Init 4/5: inertia=4.568391
2026-08-13 15:39:24 | DEBUG    | fgvc.clustering.spherical_kmeans |   Init 5/5: inertia=4.403211
2026-08-13 15:39:24 | DEBUG    | fgvc.clustering.spherical_kmeans |   Init 1/5: inertia=4.000066
2026-08-13 15:39:24 | DEBUG    | fgvc.clustering.spherical_kmeans |   Init 2/5: inertia=3.987947
2026-08-13 15:39:24 | DEBUG    | fgvc.clustering.spherical_kmeans |   Init 3/5: inertia=4.367100
2026-08-13 15:39:24 | DEBUG    | fgvc.clustering.spherical_kmeans |   Init 4/5: inertia=3.982693
2026-08-13 15:39:24 | DEBUG    | fgvc.clustering.spherical_kmeans |   Init 5/5: inertia=4.366476
2026-08-13 15:39:24 | DEBUG    | fgvc.clustering.spherical_kmeans | K selection: best_k=2 | scores={2: {'silhouette': 0.1157, 'compactness': 0.7882, 'score': 0.2943}, 3: {'silhouette': 0.1401, 'compactness': 0.8155, 'score': 0.248}, 4: {'silhouette': 0.0947, 'compactness': 0.8279, 'score': 0.1624}, 5: {'silhouette': 0.0987, 'compactness': 0.8407, 'score': 0.1016}}
2026-08-13 15:39:24 | DEBUG    | fgvc.clustering.spherical_kmeans |   Init 1/10: inertia=5.351467
2026-08-13 15:39:24 | DEBUG    | fgvc.clustering.spherical_kmeans |   Init 2/10: inertia=5.382444
2026-08-13 15:39:24 | DEBUG    | fgvc.clustering.spherical_kmeans |   Init 3/10: inertia=5.296000
2026-08-13 15:39:24 | DEBUG    | fgvc.clustering.spherical_kmeans |   Init 4/10: inertia=5.344378
2026-08-13 15:39:24 | DEBUG    | fgvc.clustering.spherical_kmeans |   Init 5/10: inertia=5.338018
2026-08-13 15:39:24 | DEBUG    | fgvc.clustering.spherical_kmeans |   Init 6/10: inertia=5.430542
2026-08-13 15:39:24 | DEBUG    | fgvc.clustering.spherical_kmeans |   Init 7/10: inertia=5.414335
2026-08-13 15:39:24 | DEBUG    | fgvc.clustering.spherical_kmeans |   Init 8/10: inertia=5.499106
2026-08-13 15:39:24 | DEBUG    | fgvc.clustering.spherical_kmeans |   Init 9/10: inertia=5.315038
2026-08-13 15:39:24 | DEBUG    | fgvc.clustering.spherical_kmeans |   Init 10/10: inertia=5.431453
2026-08-13 15:39:24 | INFO     | fgvc.clustering.spherical_kmeans |   [Ring_billed_Gull] k_selected=2 | k_effective=2 | min_cluster=5 | max_cluster=20
2026-08-13 15:39:24 | INFO     | fgvc.clustering.spherical_kmeans |   [Ringed_Kingfisher] 25 images
2026-08-13 15:39:24 | DEBUG    | fgvc.clustering.spherical_kmeans |   Init 1/5: inertia=4.195590
2026-08-13 15:39:24 | DEBUG    | fgvc.clustering.spherical_kmeans |   Init 2/5: inertia=4.003945
2026-08-13 15:39:24 | DEBUG    | fgvc.clustering.spherical_kmeans |   Init 3/5: inertia=4.046407
2026-08-13 15:39:24 | DEBUG    | fgvc.clustering.spherical_kmeans |   Init 4/5: inertia=4.054152
2026-08-13 15:39:24 | DEBUG    | fgvc.clustering.spherical_kmeans |   Init 5/5: inertia=3.948721
2026-08-13 15:39:24 | DEBUG    | fgvc.clustering.spherical_kmeans |   Init 1/5: inertia=3.700338
2026-08-13 15:39:24 | DEBUG    | fgvc.clustering.spherical_kmeans |   Init 2/5: inertia=3.695802
2026-08-13 15:39:24 | DEBUG    | fgvc.clustering.spherical_kmeans |   Init 3/5: inertia=3.767311
2026-08-13 15:39:24 | DEBUG    | fgvc.clustering.spherical_kmeans |   Init 4/5: inertia=3.745755
2026-08-13 15:39:24 | DEBUG    | fgvc.clustering.spherical_kmeans |   Init 5/5: inertia=3.939292
2026-08-13 15:39:24 | DEBUG    | fgvc.clustering.spherical_kmeans |   Init 1/5: inertia=3.515095
2026-08-13 15:39:24 | DEBUG    | fgvc.clustering.spherical_kmeans |   Init 2/5: inertia=3.458130
2026-08-13 15:39:24 | DEBUG    | fgvc.clustering.spherical_kmeans |   Init 3/5: inertia=3.673878
2026-08-13 15:39:24 | DEBUG    | fgvc.clustering.spherical_kmeans |   Init 4/5: inertia=3.477638
2026-08-13 15:39:24 | DEBUG    | fgvc.clustering.spherical_kmeans |   Init 5/5: inertia=3.628442
2026-08-13 15:39:24 | DEBUG    | fgvc.clustering.spherical_kmeans |   Init 1/5: inertia=3.283134
2026-08-13 15:39:24 | DEBUG    | fgvc.clustering.spherical_kmeans |   Init 2/5: inertia=3.109866
2026-08-13 15:39:24 | DEBUG    | fgvc.clustering.spherical_kmeans |   Init 3/5: inertia=3.222021
2026-08-13 15:39:24 | DEBUG    | fgvc.clustering.spherical_kmeans |   Init 4/5: inertia=3.493078
2026-08-13 15:39:24 | DEBUG    | fgvc.clustering.spherical_kmeans |   Init 5/5: inertia=3.060259
2026-08-13 15:39:24 | DEBUG    | fgvc.clustering.spherical_kmeans | K selection: best_k=2 | scores={2: {'silhouette': 0.2931, 'compactness': 0.8421, 'score': 0.3992}, 3: {'silhouette': 0.1046, 'compactness': 0.8522, 'score': 0.2413}, 4: {'silhouette': 0.0094, 'compactness': 0.8617, 'score': 0.1299}, 5: {'silhouette': 0.0552, 'compactness': 0.8776, 'score': 0.0909}}
2026-08-13 15:39:24 | DEBUG    | fgvc.clustering.spherical_kmeans |   Init 1/10: inertia=4.195590
2026-08-13 15:39:24 | DEBUG    | fgvc.clustering.spherical_kmeans |   Init 2/10: inertia=4.003945
2026-08-13 15:39:24 | DEBUG    | fgvc.clustering.spherical_kmeans |   Init 3/10: inertia=4.046407
2026-08-13 15:39:24 | DEBUG    | fgvc.clustering.spherical_kmeans |   Init 4/10: inertia=4.054152
2026-08-13 15:39:24 | DEBUG    | fgvc.clustering.spherical_kmeans |   Init 5/10: inertia=3.948721
2026-08-13 15:39:24 | DEBUG    | fgvc.clustering.spherical_kmeans |   Init 6/10: inertia=3.968223
2026-08-13 15:39:24 | DEBUG    | fgvc.clustering.spherical_kmeans |   Init 7/10: inertia=3.928199
2026-08-13 15:39:24 | DEBUG    | fgvc.clustering.spherical_kmeans |   Init 8/10: inertia=4.248154
2026-08-13 15:39:24 | DEBUG    | fgvc.clustering.spherical_kmeans |   Init 9/10: inertia=4.003945
2026-08-13 15:39:24 | DEBUG    | fgvc.clustering.spherical_kmeans |   Init 10/10: inertia=4.136666
2026-08-13 15:39:24 | INFO     | fgvc.clustering.spherical_kmeans |   [Ringed_Kingfisher] k_selected=2 | k_effective=2 | min_cluster=5 | max_cluster=20
2026-08-13 15:39:24 | INFO     | fgvc.clustering.spherical_kmeans |   [Rock_Wren] 25 images
2026-08-13 15:39:24 | DEBUG    | fgvc.clustering.spherical_kmeans |   Init 1/5: inertia=4.630942
2026-08-13 15:39:24 | DEBUG    | fgvc.clustering.spherical_kmeans |   Init 2/5: inertia=4.539474
2026-08-13 15:39:24 | DEBUG    | fgvc.clustering.spherical_kmeans |   Init 3/5: inertia=4.666973
2026-08-13 15:39:24 | DEBUG    | fgvc.clustering.spherical_kmeans |   Init 4/5: inertia=4.556202
2026-08-13 15:39:24 | DEBUG    | fgvc.clustering.spherical_kmeans |   Init 5/5: inertia=4.512056
2026-08-13 15:39:24 | DEBUG    | fgvc.clustering.spherical_kmeans |   Init 1/5: inertia=4.276617
2026-08-13 15:39:24 | DEBUG    | fgvc.clustering.spherical_kmeans |   Init 2/5: inertia=4.403465
2026-08-13 15:39:24 | DEBUG    | fgvc.clustering.spherical_kmeans |   Init 3/5: inertia=4.181043
2026-08-13 15:39:24 | DEBUG    | fgvc.clustering.spherical_kmeans |   Init 4/5: inertia=4.266568
2026-08-13 15:39:24 | DEBUG    | fgvc.clustering.spherical_kmeans |   Init 5/5: inertia=4.357473
2026-08-13 15:39:24 | DEBUG    | fgvc.clustering.spherical_kmeans |   Init 1/5: inertia=3.976701
2026-08-13 15:39:24 | DEBUG    | fgvc.clustering.spherical_kmeans |   Init 2/5: inertia=3.968742
2026-08-13 15:39:24 | DEBUG    | fgvc.clustering.spherical_kmeans |   Init 3/5: inertia=3.884332
2026-08-13 15:39:24 | DEBUG    | fgvc.clustering.spherical_kmeans |   Init 4/5: inertia=3.927857
2026-08-13 15:39:24 | DEBUG    | fgvc.clustering.spherical_kmeans |   Init 5/5: inertia=3.917492
2026-08-13 15:39:24 | DEBUG    | fgvc.clustering.spherical_kmeans |   Init 1/5: inertia=3.616337
2026-08-13 15:39:24 | DEBUG    | fgvc.clustering.spherical_kmeans |   Init 2/5: inertia=3.729611
2026-08-13 15:39:24 | DEBUG    | fgvc.clustering.spherical_kmeans |   Init 3/5: inertia=3.693455
2026-08-13 15:39:24 | DEBUG    | fgvc.clustering.spherical_kmeans |   Init 4/5: inertia=3.597538
2026-08-13 15:39:24 | DEBUG    | fgvc.clustering.spherical_kmeans |   Init 5/5: inertia=3.557501
2026-08-13 15:39:24 | DEBUG    | fgvc.clustering.spherical_kmeans | K selection: best_k=2 | scores={2: {'silhouette': 0.1374, 'compactness': 0.8195, 'score': 0.3146}, 3: {'silhouette': 0.0881, 'compactness': 0.8328, 'score': 0.2272}, 4: {'silhouette': 0.0844, 'compactness': 0.8446, 'score': 0.1622}, 5: {'silhouette': 0.0242, 'compactness': 0.8577, 'score': 0.0694}}
2026-08-13 15:39:24 | DEBUG    | fgvc.clustering.spherical_kmeans |   Init 1/10: inertia=4.630942
2026-08-13 15:39:24 | DEBUG    | fgvc.clustering.spherical_kmeans |   Init 2/10: inertia=4.539474
2026-08-13 15:39:24 | DEBUG    | fgvc.clustering.spherical_kmeans |   Init 3/10: inertia=4.666973
2026-08-13 15:39:24 | DEBUG    | fgvc.clustering.spherical_kmeans |   Init 4/10: inertia=4.556202
2026-08-13 15:39:24 | DEBUG    | fgvc.clustering.spherical_kmeans |   Init 5/10: inertia=4.512056
2026-08-13 15:39:24 | DEBUG    | fgvc.clustering.spherical_kmeans |   Init 6/10: inertia=4.731476
2026-08-13 15:39:24 | DEBUG    | fgvc.clustering.spherical_kmeans |   Init 7/10: inertia=4.536621
2026-08-13 15:39:24 | DEBUG    | fgvc.clustering.spherical_kmeans |   Init 8/10: inertia=4.680796
2026-08-13 15:39:24 | DEBUG    | fgvc.clustering.spherical_kmeans |   Init 9/10: inertia=4.463056
2026-08-13 15:39:24 | DEBUG    | fgvc.clustering.spherical_kmeans |   Init 10/10: inertia=4.544408
2026-08-13 15:39:24 | INFO     | fgvc.clustering.spherical_kmeans |   [Rock_Wren] k_selected=2 | k_effective=2 | min_cluster=12 | max_cluster=13
2026-08-13 15:39:24 | INFO     | fgvc.clustering.spherical_kmeans |   [Rose_breasted_Grosbeak] 25 images
2026-08-13 15:39:24 | DEBUG    | fgvc.clustering.spherical_kmeans |   Init 1/5: inertia=2.710053
2026-08-13 15:39:24 | DEBUG    | fgvc.clustering.spherical_kmeans |   Init 2/5: inertia=2.714939
2026-08-13 15:39:24 | DEBUG    | fgvc.clustering.spherical_kmeans |   Init 3/5: inertia=2.690579
2026-08-13 15:39:24 | DEBUG    | fgvc.clustering.spherical_kmeans |   Init 4/5: inertia=2.619813
2026-08-13 15:39:24 | DEBUG    | fgvc.clustering.spherical_kmeans |   Init 5/5: inertia=2.650144
2026-08-13 15:39:24 | DEBUG    | fgvc.clustering.spherical_kmeans |   Init 1/5: inertia=2.466918
2026-08-13 15:39:24 | DEBUG    | fgvc.clustering.spherical_kmeans |   Init 2/5: inertia=2.416098
2026-08-13 15:39:24 | DEBUG    | fgvc.clustering.spherical_kmeans |   Init 3/5: inertia=2.544619
2026-08-13 15:39:24 | DEBUG    | fgvc.clustering.spherical_kmeans |   Init 4/5: inertia=2.420142
2026-08-13 15:39:24 | DEBUG    | fgvc.clustering.spherical_kmeans |   Init 5/5: inertia=2.483252
2026-08-13 15:39:24 | DEBUG    | fgvc.clustering.spherical_kmeans |   Init 1/5: inertia=2.166728
2026-08-13 15:39:24 | DEBUG    | fgvc.clustering.spherical_kmeans |   Init 2/5: inertia=2.209361
2026-08-13 15:39:24 | DEBUG    | fgvc.clustering.spherical_kmeans |   Init 3/5: inertia=2.224187
2026-08-13 15:39:24 | DEBUG    | fgvc.clustering.spherical_kmeans |   Init 4/5: inertia=2.221523
2026-08-13 15:39:24 | DEBUG    | fgvc.clustering.spherical_kmeans |   Init 5/5: inertia=2.394889
2026-08-13 15:39:24 | DEBUG    | fgvc.clustering.spherical_kmeans |   Init 1/5: inertia=1.988894
2026-08-13 15:39:24 | DEBUG    | fgvc.clustering.spherical_kmeans |   Init 2/5: inertia=2.001302
2026-08-13 15:39:24 | DEBUG    | fgvc.clustering.spherical_kmeans |   Init 3/5: inertia=2.059645
2026-08-13 15:39:24 | DEBUG    | fgvc.clustering.spherical_kmeans |   Init 4/5: inertia=2.063071
2026-08-13 15:39:24 | DEBUG    | fgvc.clustering.spherical_kmeans |   Init 5/5: inertia=2.068898
2026-08-13 15:39:24 | DEBUG    | fgvc.clustering.spherical_kmeans | K selection: best_k=2 | scores={2: {'silhouette': 0.3354, 'compactness': 0.8952, 'score': 0.4363}, 3: {'silhouette': 0.0562, 'compactness': 0.9034, 'score': 0.2324}, 4: {'silhouette': 0.0704, 'compactness': 0.9133, 'score': 0.1759}, 5: {'silhouette': 0.0752, 'compactness': 0.9204, 'score': 0.1137}}
2026-08-13 15:39:24 | DEBUG    | fgvc.clustering.spherical_kmeans |   Init 1/10: inertia=2.710053
2026-08-13 15:39:24 | DEBUG    | fgvc.clustering.spherical_kmeans |   Init 2/10: inertia=2.714939
2026-08-13 15:39:24 | DEBUG    | fgvc.clustering.spherical_kmeans |   Init 3/10: inertia=2.690579
2026-08-13 15:39:24 | DEBUG    | fgvc.clustering.spherical_kmeans |   Init 4/10: inertia=2.619813
2026-08-13 15:39:24 | DEBUG    | fgvc.clustering.spherical_kmeans |   Init 5/10: inertia=2.650144
2026-08-13 15:39:24 | DEBUG    | fgvc.clustering.spherical_kmeans |   Init 6/10: inertia=2.715742
2026-08-13 15:39:24 | DEBUG    | fgvc.clustering.spherical_kmeans |   Init 7/10: inertia=2.705896
2026-08-13 15:39:24 | DEBUG    | fgvc.clustering.spherical_kmeans |   Init 8/10: inertia=2.657556
2026-08-13 15:39:24 | DEBUG    | fgvc.clustering.spherical_kmeans |   Init 9/10: inertia=2.675056
2026-08-13 15:39:24 | DEBUG    | fgvc.clustering.spherical_kmeans |   Init 10/10: inertia=2.677727
2026-08-13 15:39:24 | INFO     | fgvc.clustering.spherical_kmeans |   [Rose_breasted_Grosbeak] k_selected=2 | k_effective=1 | min_cluster=25 | max_cluster=25
2026-08-13 15:39:24 | INFO     | fgvc.clustering.spherical_kmeans |   [Ruby_throated_Hummingbird] 25 images
2026-08-13 15:39:24 | DEBUG    | fgvc.clustering.spherical_kmeans |   Init 1/5: inertia=4.775628
2026-08-13 15:39:24 | DEBUG    | fgvc.clustering.spherical_kmeans |   Init 2/5: inertia=4.738972
2026-08-13 15:39:24 | DEBUG    | fgvc.clustering.spherical_kmeans |   Init 3/5: inertia=4.955851
2026-08-13 15:39:24 | DEBUG    | fgvc.clustering.spherical_kmeans |   Init 4/5: inertia=4.771313
2026-08-13 15:39:24 | DEBUG    | fgvc.clustering.spherical_kmeans |   Init 5/5: inertia=4.965973
2026-08-13 15:39:24 | DEBUG    | fgvc.clustering.spherical_kmeans |   Init 1/5: inertia=4.494714
2026-08-13 15:39:24 | DEBUG    | fgvc.clustering.spherical_kmeans |   Init 2/5: inertia=4.456690
2026-08-13 15:39:24 | DEBUG    | fgvc.clustering.spherical_kmeans |   Init 3/5: inertia=4.523142
2026-08-13 15:39:24 | DEBUG    | fgvc.clustering.spherical_kmeans |   Init 4/5: inertia=4.495151
2026-08-13 15:39:24 | DEBUG    | fgvc.clustering.spherical_kmeans |   Init 5/5: inertia=4.356565
2026-08-13 15:39:24 | DEBUG    | fgvc.clustering.spherical_kmeans |   Init 1/5: inertia=4.134925
2026-08-13 15:39:24 | DEBUG    | fgvc.clustering.spherical_kmeans |   Init 2/5: inertia=4.059378
2026-08-13 15:39:24 | DEBUG    | fgvc.clustering.spherical_kmeans |   Init 3/5: inertia=3.957123
2026-08-13 15:39:24 | DEBUG    | fgvc.clustering.spherical_kmeans |   Init 4/5: inertia=4.106215
2026-08-13 15:39:24 | DEBUG    | fgvc.clustering.spherical_kmeans |   Init 5/5: inertia=4.268477
2026-08-13 15:39:24 | DEBUG    | fgvc.clustering.spherical_kmeans |   Init 1/5: inertia=3.798876
2026-08-13 15:39:24 | DEBUG    | fgvc.clustering.spherical_kmeans |   Init 2/5: inertia=3.787615
2026-08-13 15:39:24 | DEBUG    | fgvc.clustering.spherical_kmeans |   Init 3/5: inertia=3.548852
2026-08-13 15:39:24 | DEBUG    | fgvc.clustering.spherical_kmeans |   Init 4/5: inertia=3.652877
2026-08-13 15:39:24 | DEBUG    | fgvc.clustering.spherical_kmeans |   Init 5/5: inertia=3.635561
2026-08-13 15:39:24 | DEBUG    | fgvc.clustering.spherical_kmeans | K selection: best_k=2 | scores={2: {'silhouette': 0.1891, 'compactness': 0.8104, 'score': 0.3377}, 3: {'silhouette': 0.0858, 'compactness': 0.8257, 'score': 0.2239}, 4: {'silhouette': 0.0853, 'compactness': 0.8417, 'score': 0.1619}, 5: {'silhouette': 0.0887, 'compactness': 0.858, 'score': 0.1017}}
2026-08-13 15:39:24 | DEBUG    | fgvc.clustering.spherical_kmeans |   Init 1/10: inertia=4.775628
2026-08-13 15:39:24 | DEBUG    | fgvc.clustering.spherical_kmeans |   Init 2/10: inertia=4.738972
2026-08-13 15:39:24 | DEBUG    | fgvc.clustering.spherical_kmeans |   Init 3/10: inertia=4.955851
2026-08-13 15:39:24 | DEBUG    | fgvc.clustering.spherical_kmeans |   Init 4/10: inertia=4.771313
2026-08-13 15:39:24 | DEBUG    | fgvc.clustering.spherical_kmeans |   Init 5/10: inertia=4.965973
2026-08-13 15:39:24 | DEBUG    | fgvc.clustering.spherical_kmeans |   Init 6/10: inertia=4.698673
2026-08-13 15:39:24 | DEBUG    | fgvc.clustering.spherical_kmeans |   Init 7/10: inertia=4.781237
2026-08-13 15:39:24 | DEBUG    | fgvc.clustering.spherical_kmeans |   Init 8/10: inertia=4.808724
2026-08-13 15:39:24 | DEBUG    | fgvc.clustering.spherical_kmeans |   Init 9/10: inertia=4.910062
2026-08-13 15:39:24 | DEBUG    | fgvc.clustering.spherical_kmeans |   Init 10/10: inertia=4.858751
2026-08-13 15:39:24 | INFO     | fgvc.clustering.spherical_kmeans |   [Ruby_throated_Hummingbird] k_selected=2 | k_effective=2 | min_cluster=9 | max_cluster=16
2026-08-13 15:39:24 | INFO     | fgvc.clustering.spherical_kmeans |   [Rufous_Hummingbird] 25 images
2026-08-13 15:39:24 | DEBUG    | fgvc.clustering.spherical_kmeans |   Init 1/5: inertia=5.538378
2026-08-13 15:39:24 | DEBUG    | fgvc.clustering.spherical_kmeans |   Init 2/5: inertia=5.604057
2026-08-13 15:39:24 | DEBUG    | fgvc.clustering.spherical_kmeans |   Init 3/5: inertia=5.263424
2026-08-13 15:39:24 | DEBUG    | fgvc.clustering.spherical_kmeans |   Init 4/5: inertia=5.471184
2026-08-13 15:39:24 | DEBUG    | fgvc.clustering.spherical_kmeans |   Init 5/5: inertia=5.477982
2026-08-13 15:39:24 | DEBUG    | fgvc.clustering.spherical_kmeans |   Init 1/5: inertia=5.078853
2026-08-13 15:39:24 | DEBUG    | fgvc.clustering.spherical_kmeans |   Init 2/5: inertia=5.155476
2026-08-13 15:39:24 | DEBUG    | fgvc.clustering.spherical_kmeans |   Init 3/5: inertia=4.843184
2026-08-13 15:39:24 | DEBUG    | fgvc.clustering.spherical_kmeans |   Init 4/5: inertia=5.030176
2026-08-13 15:39:24 | DEBUG    | fgvc.clustering.spherical_kmeans |   Init 5/5: inertia=5.286613
2026-08-13 15:39:24 | DEBUG    | fgvc.clustering.spherical_kmeans |   Init 1/5: inertia=4.421075
2026-08-13 15:39:24 | DEBUG    | fgvc.clustering.spherical_kmeans |   Init 2/5: inertia=4.620108
2026-08-13 15:39:24 | DEBUG    | fgvc.clustering.spherical_kmeans |   Init 3/5: inertia=4.502924
2026-08-13 15:39:24 | DEBUG    | fgvc.clustering.spherical_kmeans |   Init 4/5: inertia=4.607089
2026-08-13 15:39:24 | DEBUG    | fgvc.clustering.spherical_kmeans |   Init 5/5: inertia=4.826215
2026-08-13 15:39:24 | DEBUG    | fgvc.clustering.spherical_kmeans |   Init 1/5: inertia=3.975919
2026-08-13 15:39:24 | DEBUG    | fgvc.clustering.spherical_kmeans |   Init 2/5: inertia=4.216524
2026-08-13 15:39:24 | DEBUG    | fgvc.clustering.spherical_kmeans |   Init 3/5: inertia=4.177387
2026-08-13 15:39:24 | DEBUG    | fgvc.clustering.spherical_kmeans |   Init 4/5: inertia=4.238187
2026-08-13 15:39:24 | DEBUG    | fgvc.clustering.spherical_kmeans |   Init 5/5: inertia=4.378593
2026-08-13 15:39:24 | DEBUG    | fgvc.clustering.spherical_kmeans | K selection: best_k=2 | scores={2: {'silhouette': 0.237, 'compactness': 0.7895, 'score': 0.3554}, 3: {'silhouette': 0.1313, 'compactness': 0.8063, 'score': 0.2409}, 4: {'silhouette': 0.1278, 'compactness': 0.8232, 'score': 0.1775}, 5: {'silhouette': 0.1578, 'compactness': 0.841, 'score': 0.1312}}
2026-08-13 15:39:24 | DEBUG    | fgvc.clustering.spherical_kmeans |   Init 1/10: inertia=5.538378
2026-08-13 15:39:24 | DEBUG    | fgvc.clustering.spherical_kmeans |   Init 2/10: inertia=5.604057
2026-08-13 15:39:24 | DEBUG    | fgvc.clustering.spherical_kmeans |   Init 3/10: inertia=5.263424
2026-08-13 15:39:24 | DEBUG    | fgvc.clustering.spherical_kmeans |   Init 4/10: inertia=5.471184
2026-08-13 15:39:24 | DEBUG    | fgvc.clustering.spherical_kmeans |   Init 5/10: inertia=5.477982
2026-08-13 15:39:24 | DEBUG    | fgvc.clustering.spherical_kmeans |   Init 6/10: inertia=5.464261
2026-08-13 15:39:24 | DEBUG    | fgvc.clustering.spherical_kmeans |   Init 7/10: inertia=5.649851
2026-08-13 15:39:24 | DEBUG    | fgvc.clustering.spherical_kmeans |   Init 8/10: inertia=5.677105
2026-08-13 15:39:24 | DEBUG    | fgvc.clustering.spherical_kmeans |   Init 9/10: inertia=5.441525
2026-08-13 15:39:24 | DEBUG    | fgvc.clustering.spherical_kmeans |   Init 10/10: inertia=5.545555
2026-08-13 15:39:24 | INFO     | fgvc.clustering.spherical_kmeans |   [Rufous_Hummingbird] k_selected=2 | k_effective=2 | min_cluster=6 | max_cluster=19
2026-08-13 15:39:24 | INFO     | fgvc.clustering.spherical_kmeans |   [Rusty_Blackbird] 25 images
2026-08-13 15:39:24 | DEBUG    | fgvc.clustering.spherical_kmeans |   Init 1/5: inertia=5.272411
2026-08-13 15:39:24 | DEBUG    | fgvc.clustering.spherical_kmeans |   Init 2/5: inertia=5.240583
2026-08-13 15:39:24 | DEBUG    | fgvc.clustering.spherical_kmeans |   Init 3/5: inertia=5.288446
2026-08-13 15:39:24 | DEBUG    | fgvc.clustering.spherical_kmeans |   Init 4/5: inertia=5.420595
2026-08-13 15:39:24 | DEBUG    | fgvc.clustering.spherical_kmeans |   Init 5/5: inertia=5.354266
2026-08-13 15:39:24 | DEBUG    | fgvc.clustering.spherical_kmeans |   Init 1/5: inertia=4.758231
2026-08-13 15:39:24 | DEBUG    | fgvc.clustering.spherical_kmeans |   Init 2/5: inertia=4.705717
2026-08-13 15:39:24 | DEBUG    | fgvc.clustering.spherical_kmeans |   Init 3/5: inertia=4.679602
2026-08-13 15:39:24 | DEBUG    | fgvc.clustering.spherical_kmeans |   Init 4/5: inertia=4.660641
2026-08-13 15:39:24 | DEBUG    | fgvc.clustering.spherical_kmeans |   Init 5/5: inertia=4.963532
2026-08-13 15:39:24 | DEBUG    | fgvc.clustering.spherical_kmeans |   Init 1/5: inertia=4.285013
2026-08-13 15:39:24 | DEBUG    | fgvc.clustering.spherical_kmeans |   Init 2/5: inertia=4.364258
2026-08-13 15:39:24 | DEBUG    | fgvc.clustering.spherical_kmeans |   Init 3/5: inertia=4.260797
2026-08-13 15:39:24 | DEBUG    | fgvc.clustering.spherical_kmeans |   Init 4/5: inertia=4.247107
2026-08-13 15:39:24 | DEBUG    | fgvc.clustering.spherical_kmeans |   Init 5/5: inertia=4.308544
2026-08-13 15:39:24 | DEBUG    | fgvc.clustering.spherical_kmeans |   Init 1/5: inertia=3.993684
2026-08-13 15:39:24 | DEBUG    | fgvc.clustering.spherical_kmeans |   Init 2/5: inertia=4.035863
2026-08-13 15:39:24 | DEBUG    | fgvc.clustering.spherical_kmeans |   Init 3/5: inertia=3.896845
2026-08-13 15:39:24 | DEBUG    | fgvc.clustering.spherical_kmeans |   Init 4/5: inertia=4.265702
2026-08-13 15:39:24 | DEBUG    | fgvc.clustering.spherical_kmeans |   Init 5/5: inertia=4.391734
2026-08-13 15:39:24 | DEBUG    | fgvc.clustering.spherical_kmeans | K selection: best_k=2 | scores={2: {'silhouette': 0.0887, 'compactness': 0.7904, 'score': 0.2815}, 3: {'silhouette': 0.1177, 'compactness': 0.8136, 'score': 0.2362}, 4: {'silhouette': 0.1292, 'compactness': 0.8301, 'score': 0.1803}, 5: {'silhouette': 0.1297, 'compactness': 0.8441, 'score': 0.1181}}
2026-08-13 15:39:24 | DEBUG    | fgvc.clustering.spherical_kmeans |   Init 1/10: inertia=5.272411
2026-08-13 15:39:24 | DEBUG    | fgvc.clustering.spherical_kmeans |   Init 2/10: inertia=5.240583
2026-08-13 15:39:24 | DEBUG    | fgvc.clustering.spherical_kmeans |   Init 3/10: inertia=5.288446
2026-08-13 15:39:24 | DEBUG    | fgvc.clustering.spherical_kmeans |   Init 4/10: inertia=5.420595
2026-08-13 15:39:24 | DEBUG    | fgvc.clustering.spherical_kmeans |   Init 5/10: inertia=5.354266
2026-08-13 15:39:24 | DEBUG    | fgvc.clustering.spherical_kmeans |   Init 6/10: inertia=5.155297
2026-08-13 15:39:24 | DEBUG    | fgvc.clustering.spherical_kmeans |   Init 7/10: inertia=5.357914
2026-08-13 15:39:24 | DEBUG    | fgvc.clustering.spherical_kmeans |   Init 8/10: inertia=5.276437
2026-08-13 15:39:24 | DEBUG    | fgvc.clustering.spherical_kmeans |   Init 9/10: inertia=5.193953
2026-08-13 15:39:24 | DEBUG    | fgvc.clustering.spherical_kmeans |   Init 10/10: inertia=5.386090
2026-08-13 15:39:24 | INFO     | fgvc.clustering.spherical_kmeans |   [Rusty_Blackbird] k_selected=2 | k_effective=2 | min_cluster=11 | max_cluster=14
2026-08-13 15:39:24 | INFO     | fgvc.clustering.spherical_kmeans |   [Sage_Thrasher] 25 images
2026-08-13 15:39:24 | DEBUG    | fgvc.clustering.spherical_kmeans |   Init 1/5: inertia=4.712218
2026-08-13 15:39:24 | DEBUG    | fgvc.clustering.spherical_kmeans |   Init 2/5: inertia=4.600256
2026-08-13 15:39:24 | DEBUG    | fgvc.clustering.spherical_kmeans |   Init 3/5: inertia=4.439453
2026-08-13 15:39:24 | DEBUG    | fgvc.clustering.spherical_kmeans |   Init 4/5: inertia=4.531494
2026-08-13 15:39:24 | DEBUG    | fgvc.clustering.spherical_kmeans |   Init 5/5: inertia=4.460232
2026-08-13 15:39:24 | DEBUG    | fgvc.clustering.spherical_kmeans |   Init 1/5: inertia=4.219627
2026-08-13 15:39:24 | DEBUG    | fgvc.clustering.spherical_kmeans |   Init 2/5: inertia=4.074201
2026-08-13 15:39:24 | DEBUG    | fgvc.clustering.spherical_kmeans |   Init 3/5: inertia=4.049377
2026-08-13 15:39:24 | DEBUG    | fgvc.clustering.spherical_kmeans |   Init 4/5: inertia=4.200459
2026-08-13 15:39:24 | DEBUG    | fgvc.clustering.spherical_kmeans |   Init 5/5: inertia=4.292900
2026-08-13 15:39:24 | DEBUG    | fgvc.clustering.spherical_kmeans |   Init 1/5: inertia=3.923925
2026-08-13 15:39:24 | DEBUG    | fgvc.clustering.spherical_kmeans |   Init 2/5: inertia=3.904797
2026-08-13 15:39:24 | DEBUG    | fgvc.clustering.spherical_kmeans |   Init 3/5: inertia=3.869469
2026-08-13 15:39:24 | DEBUG    | fgvc.clustering.spherical_kmeans |   Init 4/5: inertia=3.940906
2026-08-13 15:39:24 | DEBUG    | fgvc.clustering.spherical_kmeans |   Init 5/5: inertia=3.772517
2026-08-13 15:39:24 | DEBUG    | fgvc.clustering.spherical_kmeans |   Init 1/5: inertia=3.573389
2026-08-13 15:39:24 | DEBUG    | fgvc.clustering.spherical_kmeans |   Init 2/5: inertia=3.490757
2026-08-13 15:39:24 | DEBUG    | fgvc.clustering.spherical_kmeans |   Init 3/5: inertia=3.628137
2026-08-13 15:39:24 | DEBUG    | fgvc.clustering.spherical_kmeans |   Init 4/5: inertia=3.630943
2026-08-13 15:39:24 | DEBUG    | fgvc.clustering.spherical_kmeans |   Init 5/5: inertia=3.761935
2026-08-13 15:39:24 | DEBUG    | fgvc.clustering.spherical_kmeans | K selection: best_k=2 | scores={2: {'silhouette': 0.2869, 'compactness': 0.8224, 'score': 0.3902}, 3: {'silhouette': 0.156, 'compactness': 0.838, 'score': 0.2628}, 4: {'silhouette': 0.0407, 'compactness': 0.8491, 'score': 0.1418}, 5: {'silhouette': 0.0341, 'compactness': 0.8604, 'score': 0.0752}}
2026-08-13 15:39:24 | DEBUG    | fgvc.clustering.spherical_kmeans |   Init 1/10: inertia=4.712218
2026-08-13 15:39:24 | DEBUG    | fgvc.clustering.spherical_kmeans |   Init 2/10: inertia=4.600256
2026-08-13 15:39:24 | DEBUG    | fgvc.clustering.spherical_kmeans |   Init 3/10: inertia=4.439453
2026-08-13 15:39:24 | DEBUG    | fgvc.clustering.spherical_kmeans |   Init 4/10: inertia=4.531494
2026-08-13 15:39:24 | DEBUG    | fgvc.clustering.spherical_kmeans |   Init 5/10: inertia=4.460232
2026-08-13 15:39:24 | DEBUG    | fgvc.clustering.spherical_kmeans |   Init 6/10: inertia=4.444252
2026-08-13 15:39:24 | DEBUG    | fgvc.clustering.spherical_kmeans |   Init 7/10: inertia=4.412052
2026-08-13 15:39:24 | DEBUG    | fgvc.clustering.spherical_kmeans |   Init 8/10: inertia=4.558922
2026-08-13 15:39:24 | DEBUG    | fgvc.clustering.spherical_kmeans |   Init 9/10: inertia=4.460232
2026-08-13 15:39:24 | DEBUG    | fgvc.clustering.spherical_kmeans |   Init 10/10: inertia=4.550428
2026-08-13 15:39:24 | INFO     | fgvc.clustering.spherical_kmeans |   [Sage_Thrasher] k_selected=2 | k_effective=1 | min_cluster=25 | max_cluster=25
2026-08-13 15:39:24 | INFO     | fgvc.clustering.spherical_kmeans |   [Savannah_Sparrow] 25 images
2026-08-13 15:39:24 | DEBUG    | fgvc.clustering.spherical_kmeans |   Init 1/5: inertia=4.750863
2026-08-13 15:39:24 | DEBUG    | fgvc.clustering.spherical_kmeans |   Init 2/5: inertia=4.696187
2026-08-13 15:39:24 | DEBUG    | fgvc.clustering.spherical_kmeans |   Init 3/5: inertia=4.689905
2026-08-13 15:39:24 | DEBUG    | fgvc.clustering.spherical_kmeans |   Init 4/5: inertia=4.652742
2026-08-13 15:39:24 | DEBUG    | fgvc.clustering.spherical_kmeans |   Init 5/5: inertia=4.712420
2026-08-13 15:39:24 | DEBUG    | fgvc.clustering.spherical_kmeans |   Init 1/5: inertia=4.325402
2026-08-13 15:39:24 | DEBUG    | fgvc.clustering.spherical_kmeans |   Init 2/5: inertia=4.543725
2026-08-13 15:39:24 | DEBUG    | fgvc.clustering.spherical_kmeans |   Init 3/5: inertia=4.274475
2026-08-13 15:39:24 | DEBUG    | fgvc.clustering.spherical_kmeans |   Init 4/5: inertia=4.442852
2026-08-13 15:39:24 | DEBUG    | fgvc.clustering.spherical_kmeans |   Init 5/5: inertia=4.296390
2026-08-13 15:39:24 | DEBUG    | fgvc.clustering.spherical_kmeans |   Init 1/5: inertia=4.011093
2026-08-13 15:39:24 | DEBUG    | fgvc.clustering.spherical_kmeans |   Init 2/5: inertia=4.108498
2026-08-13 15:39:24 | DEBUG    | fgvc.clustering.spherical_kmeans |   Init 3/5: inertia=4.180597
2026-08-13 15:39:24 | DEBUG    | fgvc.clustering.spherical_kmeans |   Init 4/5: inertia=3.990768
2026-08-13 15:39:24 | DEBUG    | fgvc.clustering.spherical_kmeans |   Init 5/5: inertia=3.873933
2026-08-13 15:39:24 | DEBUG    | fgvc.clustering.spherical_kmeans |   Init 1/5: inertia=3.794899
2026-08-13 15:39:24 | DEBUG    | fgvc.clustering.spherical_kmeans |   Init 2/5: inertia=3.951638
2026-08-13 15:39:24 | DEBUG    | fgvc.clustering.spherical_kmeans |   Init 3/5: inertia=3.642003
2026-08-13 15:39:24 | DEBUG    | fgvc.clustering.spherical_kmeans |   Init 4/5: inertia=3.801464
2026-08-13 15:39:24 | DEBUG    | fgvc.clustering.spherical_kmeans |   Init 5/5: inertia=3.631532
2026-08-13 15:39:24 | DEBUG    | fgvc.clustering.spherical_kmeans | K selection: best_k=2 | scores={2: {'silhouette': 0.1645, 'compactness': 0.8139, 'score': 0.3264}, 3: {'silhouette': 0.0573, 'compactness': 0.829, 'score': 0.2107}, 4: {'silhouette': 0.0452, 'compactness': 0.845, 'score': 0.1428}, 5: {'silhouette': 0.0333, 'compactness': 0.8547, 'score': 0.0731}}
2026-08-13 15:39:24 | DEBUG    | fgvc.clustering.spherical_kmeans |   Init 1/10: inertia=4.750863
2026-08-13 15:39:24 | DEBUG    | fgvc.clustering.spherical_kmeans |   Init 2/10: inertia=4.696187
2026-08-13 15:39:24 | DEBUG    | fgvc.clustering.spherical_kmeans |   Init 3/10: inertia=4.689905
2026-08-13 15:39:24 | DEBUG    | fgvc.clustering.spherical_kmeans |   Init 4/10: inertia=4.652742
2026-08-13 15:39:24 | DEBUG    | fgvc.clustering.spherical_kmeans |   Init 5/10: inertia=4.712420
2026-08-13 15:39:24 | DEBUG    | fgvc.clustering.spherical_kmeans |   Init 6/10: inertia=4.598857
2026-08-13 15:39:24 | DEBUG    | fgvc.clustering.spherical_kmeans |   Init 7/10: inertia=4.586936
2026-08-13 15:39:24 | DEBUG    | fgvc.clustering.spherical_kmeans |   Init 8/10: inertia=4.786506
2026-08-13 15:39:24 | DEBUG    | fgvc.clustering.spherical_kmeans |   Init 9/10: inertia=4.696187
2026-08-13 15:39:24 | DEBUG    | fgvc.clustering.spherical_kmeans |   Init 10/10: inertia=4.766663
2026-08-13 15:39:24 | INFO     | fgvc.clustering.spherical_kmeans |   [Savannah_Sparrow] k_selected=2 | k_effective=2 | min_cluster=5 | max_cluster=20
2026-08-13 15:39:24 | INFO     | fgvc.clustering.spherical_kmeans |   [Sayornis] 25 images
2026-08-13 15:39:24 | DEBUG    | fgvc.clustering.spherical_kmeans |   Init 1/5: inertia=5.081116
2026-08-13 15:39:24 | DEBUG    | fgvc.clustering.spherical_kmeans |   Init 2/5: inertia=5.081116
2026-08-13 15:39:24 | DEBUG    | fgvc.clustering.spherical_kmeans |   Init 3/5: inertia=5.777198
2026-08-13 15:39:24 | DEBUG    | fgvc.clustering.spherical_kmeans |   Init 4/5: inertia=5.081116
2026-08-13 15:39:24 | DEBUG    | fgvc.clustering.spherical_kmeans |   Init 5/5: inertia=5.081116
2026-08-13 15:39:24 | DEBUG    | fgvc.clustering.spherical_kmeans |   Init 1/5: inertia=4.407196
2026-08-13 15:39:24 | DEBUG    | fgvc.clustering.spherical_kmeans |   Init 2/5: inertia=4.655990
2026-08-13 15:39:24 | DEBUG    | fgvc.clustering.spherical_kmeans |   Init 3/5: inertia=4.655990
2026-08-13 15:39:24 | DEBUG    | fgvc.clustering.spherical_kmeans |   Init 4/5: inertia=4.696417
2026-08-13 15:39:24 | DEBUG    | fgvc.clustering.spherical_kmeans |   Init 5/5: inertia=4.407196
2026-08-13 15:39:24 | DEBUG    | fgvc.clustering.spherical_kmeans |   Init 1/5: inertia=4.167673
2026-08-13 15:39:24 | DEBUG    | fgvc.clustering.spherical_kmeans |   Init 2/5: inertia=4.278569
2026-08-13 15:39:24 | DEBUG    | fgvc.clustering.spherical_kmeans |   Init 3/5: inertia=4.630619
2026-08-13 15:39:24 | DEBUG    | fgvc.clustering.spherical_kmeans |   Init 4/5: inertia=4.035360
2026-08-13 15:39:24 | DEBUG    | fgvc.clustering.spherical_kmeans |   Init 5/5: inertia=4.240969
2026-08-13 15:39:24 | DEBUG    | fgvc.clustering.spherical_kmeans |   Init 1/5: inertia=3.873922
2026-08-13 15:39:24 | DEBUG    | fgvc.clustering.spherical_kmeans |   Init 2/5: inertia=4.033029
2026-08-13 15:39:24 | DEBUG    | fgvc.clustering.spherical_kmeans |   Init 3/5: inertia=3.665032
2026-08-13 15:39:24 | DEBUG    | fgvc.clustering.spherical_kmeans |   Init 4/5: inertia=3.994693
2026-08-13 15:39:24 | DEBUG    | fgvc.clustering.spherical_kmeans |   Init 5/5: inertia=4.005464
2026-08-13 15:39:24 | DEBUG    | fgvc.clustering.spherical_kmeans | K selection: best_k=2 | scores={2: {'silhouette': 0.3164, 'compactness': 0.7968, 'score': 0.3972}, 3: {'silhouette': 0.2747, 'compactness': 0.8237, 'score': 0.3178}, 4: {'silhouette': 0.2644, 'compactness': 0.8386, 'score': 0.2505}, 5: {'silhouette': 0.2464, 'compactness': 0.8534, 'score': 0.1792}}
2026-08-13 15:39:24 | DEBUG    | fgvc.clustering.spherical_kmeans |   Init 1/10: inertia=5.081116
2026-08-13 15:39:24 | DEBUG    | fgvc.clustering.spherical_kmeans |   Init 2/10: inertia=5.081116
2026-08-13 15:39:24 | DEBUG    | fgvc.clustering.spherical_kmeans |   Init 3/10: inertia=5.777198
2026-08-13 15:39:24 | DEBUG    | fgvc.clustering.spherical_kmeans |   Init 4/10: inertia=5.081116
2026-08-13 15:39:24 | DEBUG    | fgvc.clustering.spherical_kmeans |   Init 5/10: inertia=5.081116
2026-08-13 15:39:24 | DEBUG    | fgvc.clustering.spherical_kmeans |   Init 6/10: inertia=5.081116
2026-08-13 15:39:24 | DEBUG    | fgvc.clustering.spherical_kmeans |   Init 7/10: inertia=5.081116
2026-08-13 15:39:24 | DEBUG    | fgvc.clustering.spherical_kmeans |   Init 8/10: inertia=5.081116
2026-08-13 15:39:24 | DEBUG    | fgvc.clustering.spherical_kmeans |   Init 9/10: inertia=6.292472
2026-08-13 15:39:24 | DEBUG    | fgvc.clustering.spherical_kmeans |   Init 10/10: inertia=5.081116
2026-08-13 15:39:24 | INFO     | fgvc.clustering.spherical_kmeans |   [Sayornis] k_selected=2 | k_effective=2 | min_cluster=10 | max_cluster=15
2026-08-13 15:39:24 | INFO     | fgvc.clustering.spherical_kmeans |   [Scarlet_Tanager] 25 images
2026-08-13 15:39:24 | DEBUG    | fgvc.clustering.spherical_kmeans |   Init 1/5: inertia=2.635277
2026-08-13 15:39:24 | DEBUG    | fgvc.clustering.spherical_kmeans |   Init 2/5: inertia=2.595005
2026-08-13 15:39:24 | DEBUG    | fgvc.clustering.spherical_kmeans |   Init 3/5: inertia=2.660935
2026-08-13 15:39:24 | DEBUG    | fgvc.clustering.spherical_kmeans |   Init 4/5: inertia=2.588923
2026-08-13 15:39:24 | DEBUG    | fgvc.clustering.spherical_kmeans |   Init 5/5: inertia=2.573797
2026-08-13 15:39:24 | DEBUG    | fgvc.clustering.spherical_kmeans |   Init 1/5: inertia=2.480264
2026-08-13 15:39:24 | DEBUG    | fgvc.clustering.spherical_kmeans |   Init 2/5: inertia=2.352835
2026-08-13 15:39:24 | DEBUG    | fgvc.clustering.spherical_kmeans |   Init 3/5: inertia=2.451695
2026-08-13 15:39:24 | DEBUG    | fgvc.clustering.spherical_kmeans |   Init 4/5: inertia=2.482846
2026-08-13 15:39:24 | DEBUG    | fgvc.clustering.spherical_kmeans |   Init 5/5: inertia=2.425241
2026-08-13 15:39:24 | DEBUG    | fgvc.clustering.spherical_kmeans |   Init 1/5: inertia=2.312556
2026-08-13 15:39:24 | DEBUG    | fgvc.clustering.spherical_kmeans |   Init 2/5: inertia=2.246925
2026-08-13 15:39:24 | DEBUG    | fgvc.clustering.spherical_kmeans |   Init 3/5: inertia=2.237367
2026-08-13 15:39:24 | DEBUG    | fgvc.clustering.spherical_kmeans |   Init 4/5: inertia=2.313194
2026-08-13 15:39:24 | DEBUG    | fgvc.clustering.spherical_kmeans |   Init 5/5: inertia=2.127910
2026-08-13 15:39:24 | DEBUG    | fgvc.clustering.spherical_kmeans |   Init 1/5: inertia=2.128076
2026-08-13 15:39:24 | DEBUG    | fgvc.clustering.spherical_kmeans |   Init 2/5: inertia=2.031241
2026-08-13 15:39:24 | DEBUG    | fgvc.clustering.spherical_kmeans |   Init 3/5: inertia=1.991180
2026-08-13 15:39:24 | DEBUG    | fgvc.clustering.spherical_kmeans |   Init 4/5: inertia=2.094211
2026-08-13 15:39:24 | DEBUG    | fgvc.clustering.spherical_kmeans |   Init 5/5: inertia=2.147630
2026-08-13 15:39:24 | DEBUG    | fgvc.clustering.spherical_kmeans | K selection: best_k=2 | scores={2: {'silhouette': 0.1229, 'compactness': 0.897, 'score': 0.3306}, 3: {'silhouette': 0.1754, 'compactness': 0.9059, 'score': 0.2928}, 4: {'silhouette': 0.143, 'compactness': 0.9149, 'score': 0.2126}, 5: {'silhouette': 0.0357, 'compactness': 0.9204, 'score': 0.094}}
2026-08-13 15:39:24 | DEBUG    | fgvc.clustering.spherical_kmeans |   Init 1/10: inertia=2.635277
2026-08-13 15:39:24 | DEBUG    | fgvc.clustering.spherical_kmeans |   Init 2/10: inertia=2.595005
2026-08-13 15:39:24 | DEBUG    | fgvc.clustering.spherical_kmeans |   Init 3/10: inertia=2.660935
2026-08-13 15:39:24 | DEBUG    | fgvc.clustering.spherical_kmeans |   Init 4/10: inertia=2.588923
2026-08-13 15:39:24 | DEBUG    | fgvc.clustering.spherical_kmeans |   Init 5/10: inertia=2.573797
2026-08-13 15:39:24 | DEBUG    | fgvc.clustering.spherical_kmeans |   Init 6/10: inertia=2.549373
2026-08-13 15:39:24 | DEBUG    | fgvc.clustering.spherical_kmeans |   Init 7/10: inertia=2.581025
2026-08-13 15:39:24 | DEBUG    | fgvc.clustering.spherical_kmeans |   Init 8/10: inertia=2.610343
2026-08-13 15:39:24 | DEBUG    | fgvc.clustering.spherical_kmeans |   Init 9/10: inertia=2.594924
2026-08-13 15:39:24 | DEBUG    | fgvc.clustering.spherical_kmeans |   Init 10/10: inertia=2.611559
2026-08-13 15:39:24 | INFO     | fgvc.clustering.spherical_kmeans |   [Scarlet_Tanager] k_selected=2 | k_effective=2 | min_cluster=8 | max_cluster=17
2026-08-13 15:39:24 | INFO     | fgvc.clustering.spherical_kmeans |   [Scissor_tailed_Flycatcher] 25 images
2026-08-13 15:39:24 | DEBUG    | fgvc.clustering.spherical_kmeans |   Init 1/5: inertia=4.140936
2026-08-13 15:39:24 | DEBUG    | fgvc.clustering.spherical_kmeans |   Init 2/5: inertia=4.001556
2026-08-13 15:39:24 | DEBUG    | fgvc.clustering.spherical_kmeans |   Init 3/5: inertia=4.033911
2026-08-13 15:39:24 | DEBUG    | fgvc.clustering.spherical_kmeans |   Init 4/5: inertia=4.143017
2026-08-13 15:39:24 | DEBUG    | fgvc.clustering.spherical_kmeans |   Init 5/5: inertia=4.021153
2026-08-13 15:39:24 | DEBUG    | fgvc.clustering.spherical_kmeans |   Init 1/5: inertia=3.768013
2026-08-13 15:39:24 | DEBUG    | fgvc.clustering.spherical_kmeans |   Init 2/5: inertia=3.865383
2026-08-13 15:39:24 | DEBUG    | fgvc.clustering.spherical_kmeans |   Init 3/5: inertia=3.702752
2026-08-13 15:39:24 | DEBUG    | fgvc.clustering.spherical_kmeans |   Init 4/5: inertia=3.828071
2026-08-13 15:39:24 | DEBUG    | fgvc.clustering.spherical_kmeans |   Init 5/5: inertia=3.760715
2026-08-13 15:39:24 | DEBUG    | fgvc.clustering.spherical_kmeans |   Init 1/5: inertia=3.408721
2026-08-13 15:39:24 | DEBUG    | fgvc.clustering.spherical_kmeans |   Init 2/5: inertia=3.585924
2026-08-13 15:39:24 | DEBUG    | fgvc.clustering.spherical_kmeans |   Init 3/5: inertia=3.699740
2026-08-13 15:39:24 | DEBUG    | fgvc.clustering.spherical_kmeans |   Init 4/5: inertia=3.416465
2026-08-13 15:39:24 | DEBUG    | fgvc.clustering.spherical_kmeans |   Init 5/5: inertia=3.381369
2026-08-13 15:39:24 | DEBUG    | fgvc.clustering.spherical_kmeans |   Init 1/5: inertia=3.289463
2026-08-13 15:39:24 | DEBUG    | fgvc.clustering.spherical_kmeans |   Init 2/5: inertia=3.195326
2026-08-13 15:39:24 | DEBUG    | fgvc.clustering.spherical_kmeans |   Init 3/5: inertia=3.209004
2026-08-13 15:39:24 | DEBUG    | fgvc.clustering.spherical_kmeans |   Init 4/5: inertia=3.294924
2026-08-13 15:39:24 | DEBUG    | fgvc.clustering.spherical_kmeans |   Init 5/5: inertia=3.266998
2026-08-13 15:39:24 | DEBUG    | fgvc.clustering.spherical_kmeans | K selection: best_k=2 | scores={2: {'silhouette': 0.2442, 'compactness': 0.8399, 'score': 0.3741}, 3: {'silhouette': 0.0715, 'compactness': 0.8519, 'score': 0.2246}, 4: {'silhouette': 0.047, 'compactness': 0.8647, 'score': 0.1496}, 5: {'silhouette': 0.033, 'compactness': 0.8722, 'score': 0.0782}}
2026-08-13 15:39:24 | DEBUG    | fgvc.clustering.spherical_kmeans |   Init 1/10: inertia=4.140936
2026-08-13 15:39:24 | DEBUG    | fgvc.clustering.spherical_kmeans |   Init 2/10: inertia=4.001556
2026-08-13 15:39:24 | DEBUG    | fgvc.clustering.spherical_kmeans |   Init 3/10: inertia=4.033911
2026-08-13 15:39:24 | DEBUG    | fgvc.clustering.spherical_kmeans |   Init 4/10: inertia=4.143017
2026-08-13 15:39:24 | DEBUG    | fgvc.clustering.spherical_kmeans |   Init 5/10: inertia=4.021153
2026-08-13 15:39:24 | DEBUG    | fgvc.clustering.spherical_kmeans |   Init 6/10: inertia=4.194901
2026-08-13 15:39:24 | DEBUG    | fgvc.clustering.spherical_kmeans |   Init 7/10: inertia=4.021153
2026-08-13 15:39:24 | DEBUG    | fgvc.clustering.spherical_kmeans |   Init 8/10: inertia=4.067036
2026-08-13 15:39:24 | DEBUG    | fgvc.clustering.spherical_kmeans |   Init 9/10: inertia=4.021153
2026-08-13 15:39:24 | DEBUG    | fgvc.clustering.spherical_kmeans |   Init 10/10: inertia=4.133586
2026-08-13 15:39:24 | INFO     | fgvc.clustering.spherical_kmeans |   [Scissor_tailed_Flycatcher] k_selected=2 | k_effective=1 | min_cluster=25 | max_cluster=25
2026-08-13 15:39:24 | INFO     | fgvc.clustering.spherical_kmeans |   [Scott_Oriole] 25 images
2026-08-13 15:39:24 | DEBUG    | fgvc.clustering.spherical_kmeans |   Init 1/5: inertia=3.640404
2026-08-13 15:39:24 | DEBUG    | fgvc.clustering.spherical_kmeans |   Init 2/5: inertia=3.729492
2026-08-13 15:39:24 | DEBUG    | fgvc.clustering.spherical_kmeans |   Init 3/5: inertia=3.652562
2026-08-13 15:39:24 | DEBUG    | fgvc.clustering.spherical_kmeans |   Init 4/5: inertia=3.652562
2026-08-13 15:39:24 | DEBUG    | fgvc.clustering.spherical_kmeans |   Init 5/5: inertia=4.135413
2026-08-13 15:39:24 | DEBUG    | fgvc.clustering.spherical_kmeans |   Init 1/5: inertia=3.359088
2026-08-13 15:39:24 | DEBUG    | fgvc.clustering.spherical_kmeans |   Init 2/5: inertia=3.362251
2026-08-13 15:39:24 | DEBUG    | fgvc.clustering.spherical_kmeans |   Init 3/5: inertia=3.448523
2026-08-13 15:39:24 | DEBUG    | fgvc.clustering.spherical_kmeans |   Init 4/5: inertia=3.614680
2026-08-13 15:39:24 | DEBUG    | fgvc.clustering.spherical_kmeans |   Init 5/5: inertia=3.341663
2026-08-13 15:39:24 | DEBUG    | fgvc.clustering.spherical_kmeans |   Init 1/5: inertia=3.109736
2026-08-13 15:39:24 | DEBUG    | fgvc.clustering.spherical_kmeans |   Init 2/5: inertia=3.224501
2026-08-13 15:39:24 | DEBUG    | fgvc.clustering.spherical_kmeans |   Init 3/5: inertia=3.144843
2026-08-13 15:39:24 | DEBUG    | fgvc.clustering.spherical_kmeans |   Init 4/5: inertia=3.233027
2026-08-13 15:39:24 | DEBUG    | fgvc.clustering.spherical_kmeans |   Init 5/5: inertia=3.197126
2026-08-13 15:39:24 | DEBUG    | fgvc.clustering.spherical_kmeans |   Init 1/5: inertia=2.903298
2026-08-13 15:39:24 | DEBUG    | fgvc.clustering.spherical_kmeans |   Init 2/5: inertia=3.052739
2026-08-13 15:39:24 | DEBUG    | fgvc.clustering.spherical_kmeans |   Init 3/5: inertia=2.889972
2026-08-13 15:39:24 | DEBUG    | fgvc.clustering.spherical_kmeans |   Init 4/5: inertia=2.947037
2026-08-13 15:39:24 | DEBUG    | fgvc.clustering.spherical_kmeans |   Init 5/5: inertia=2.919874
2026-08-13 15:39:24 | DEBUG    | fgvc.clustering.spherical_kmeans | K selection: best_k=2 | scores={2: {'silhouette': 0.2663, 'compactness': 0.8544, 'score': 0.3895}, 3: {'silhouette': 0.2066, 'compactness': 0.8663, 'score': 0.2965}, 4: {'silhouette': 0.1393, 'compactness': 0.8756, 'score': 0.199}, 5: {'silhouette': 0.0958, 'compactness': 0.8844, 'score': 0.1132}}
2026-08-13 15:39:24 | DEBUG    | fgvc.clustering.spherical_kmeans |   Init 1/10: inertia=3.640404
2026-08-13 15:39:24 | DEBUG    | fgvc.clustering.spherical_kmeans |   Init 2/10: inertia=3.729492
2026-08-13 15:39:24 | DEBUG    | fgvc.clustering.spherical_kmeans |   Init 3/10: inertia=3.652562
2026-08-13 15:39:24 | DEBUG    | fgvc.clustering.spherical_kmeans |   Init 4/10: inertia=3.652562
2026-08-13 15:39:24 | DEBUG    | fgvc.clustering.spherical_kmeans |   Init 5/10: inertia=4.135413
2026-08-13 15:39:24 | DEBUG    | fgvc.clustering.spherical_kmeans |   Init 6/10: inertia=4.016024
2026-08-13 15:39:24 | DEBUG    | fgvc.clustering.spherical_kmeans |   Init 7/10: inertia=3.652562
2026-08-13 15:39:24 | DEBUG    | fgvc.clustering.spherical_kmeans |   Init 8/10: inertia=3.641039
2026-08-13 15:39:24 | DEBUG    | fgvc.clustering.spherical_kmeans |   Init 9/10: inertia=4.208620
2026-08-13 15:39:24 | DEBUG    | fgvc.clustering.spherical_kmeans |   Init 10/10: inertia=3.909114
2026-08-13 15:39:24 | INFO     | fgvc.clustering.spherical_kmeans |   [Scott_Oriole] k_selected=2 | k_effective=2 | min_cluster=8 | max_cluster=17
2026-08-13 15:39:24 | INFO     | fgvc.clustering.spherical_kmeans |   [Seaside_Sparrow] 25 images
2026-08-13 15:39:24 | DEBUG    | fgvc.clustering.spherical_kmeans |   Init 1/5: inertia=6.569571
2026-08-13 15:39:24 | DEBUG    | fgvc.clustering.spherical_kmeans |   Init 2/5: inertia=6.424440
2026-08-13 15:39:24 | DEBUG    | fgvc.clustering.spherical_kmeans |   Init 3/5: inertia=6.641259
2026-08-13 15:39:24 | DEBUG    | fgvc.clustering.spherical_kmeans |   Init 4/5: inertia=6.865198
2026-08-13 15:39:24 | DEBUG    | fgvc.clustering.spherical_kmeans |   Init 5/5: inertia=6.626549
2026-08-13 15:39:24 | DEBUG    | fgvc.clustering.spherical_kmeans |   Init 1/5: inertia=6.018416
2026-08-13 15:39:24 | DEBUG    | fgvc.clustering.spherical_kmeans |   Init 2/5: inertia=5.677888
2026-08-13 15:39:24 | DEBUG    | fgvc.clustering.spherical_kmeans |   Init 3/5: inertia=6.221876
2026-08-13 15:39:24 | DEBUG    | fgvc.clustering.spherical_kmeans |   Init 4/5: inertia=5.821191
2026-08-13 15:39:24 | DEBUG    | fgvc.clustering.spherical_kmeans |   Init 5/5: inertia=6.301744
2026-08-13 15:39:24 | DEBUG    | fgvc.clustering.spherical_kmeans |   Init 1/5: inertia=5.408843
2026-08-13 15:39:24 | DEBUG    | fgvc.clustering.spherical_kmeans |   Init 2/5: inertia=5.571252
2026-08-13 15:39:24 | DEBUG    | fgvc.clustering.spherical_kmeans |   Init 3/5: inertia=5.417179
2026-08-13 15:39:24 | DEBUG    | fgvc.clustering.spherical_kmeans |   Init 4/5: inertia=5.366670
2026-08-13 15:39:24 | DEBUG    | fgvc.clustering.spherical_kmeans |   Init 5/5: inertia=5.252058
2026-08-13 15:39:24 | DEBUG    | fgvc.clustering.spherical_kmeans |   Init 1/5: inertia=4.867068
2026-08-13 15:39:24 | DEBUG    | fgvc.clustering.spherical_kmeans |   Init 2/5: inertia=5.030531
2026-08-13 15:39:24 | DEBUG    | fgvc.clustering.spherical_kmeans |   Init 3/5: inertia=5.527291
2026-08-13 15:39:24 | DEBUG    | fgvc.clustering.spherical_kmeans |   Init 4/5: inertia=4.953302
2026-08-13 15:39:24 | DEBUG    | fgvc.clustering.spherical_kmeans |   Init 5/5: inertia=5.640601
2026-08-13 15:39:24 | DEBUG    | fgvc.clustering.spherical_kmeans | K selection: best_k=2 | scores={2: {'silhouette': 0.1702, 'compactness': 0.743, 'score': 0.308}, 3: {'silhouette': 0.1298, 'compactness': 0.7729, 'score': 0.2301}, 4: {'silhouette': 0.0788, 'compactness': 0.7899, 'score': 0.1431}, 5: {'silhouette': 0.0725, 'compactness': 0.8053, 'score': 0.0779}}
2026-08-13 15:39:24 | DEBUG    | fgvc.clustering.spherical_kmeans |   Init 1/10: inertia=6.569571
2026-08-13 15:39:24 | DEBUG    | fgvc.clustering.spherical_kmeans |   Init 2/10: inertia=6.424440
2026-08-13 15:39:24 | DEBUG    | fgvc.clustering.spherical_kmeans |   Init 3/10: inertia=6.641259
2026-08-13 15:39:24 | DEBUG    | fgvc.clustering.spherical_kmeans |   Init 4/10: inertia=6.865198
2026-08-13 15:39:24 | DEBUG    | fgvc.clustering.spherical_kmeans |   Init 5/10: inertia=6.626549
2026-08-13 15:39:24 | DEBUG    | fgvc.clustering.spherical_kmeans |   Init 6/10: inertia=6.639668
2026-08-13 15:39:24 | DEBUG    | fgvc.clustering.spherical_kmeans |   Init 7/10: inertia=6.571109
2026-08-13 15:39:24 | DEBUG    | fgvc.clustering.spherical_kmeans |   Init 8/10: inertia=6.458337
2026-08-13 15:39:24 | DEBUG    | fgvc.clustering.spherical_kmeans |   Init 9/10: inertia=6.626287
2026-08-13 15:39:24 | DEBUG    | fgvc.clustering.spherical_kmeans |   Init 10/10: inertia=6.431918
2026-08-13 15:39:24 | INFO     | fgvc.clustering.spherical_kmeans |   [Seaside_Sparrow] k_selected=2 | k_effective=2 | min_cluster=11 | max_cluster=14
2026-08-13 15:39:24 | INFO     | fgvc.clustering.spherical_kmeans |   [Shiny_Cowbird] 25 images
2026-08-13 15:39:24 | DEBUG    | fgvc.clustering.spherical_kmeans |   Init 1/5: inertia=5.758208
2026-08-13 15:39:24 | DEBUG    | fgvc.clustering.spherical_kmeans |   Init 2/5: inertia=5.700031
2026-08-13 15:39:24 | DEBUG    | fgvc.clustering.spherical_kmeans |   Init 3/5: inertia=5.754828
2026-08-13 15:39:24 | DEBUG    | fgvc.clustering.spherical_kmeans |   Init 4/5: inertia=5.655283
2026-08-13 15:39:24 | DEBUG    | fgvc.clustering.spherical_kmeans |   Init 5/5: inertia=5.765456
2026-08-13 15:39:24 | DEBUG    | fgvc.clustering.spherical_kmeans |   Init 1/5: inertia=5.200269
2026-08-13 15:39:24 | DEBUG    | fgvc.clustering.spherical_kmeans |   Init 2/5: inertia=5.334936
2026-08-13 15:39:24 | DEBUG    | fgvc.clustering.spherical_kmeans |   Init 3/5: inertia=5.315001
2026-08-13 15:39:24 | DEBUG    | fgvc.clustering.spherical_kmeans |   Init 4/5: inertia=5.356954
2026-08-13 15:39:24 | DEBUG    | fgvc.clustering.spherical_kmeans |   Init 5/5: inertia=5.232833
2026-08-13 15:39:24 | DEBUG    | fgvc.clustering.spherical_kmeans |   Init 1/5: inertia=4.831751
2026-08-13 15:39:24 | DEBUG    | fgvc.clustering.spherical_kmeans |   Init 2/5: inertia=4.870880
2026-08-13 15:39:24 | DEBUG    | fgvc.clustering.spherical_kmeans |   Init 3/5: inertia=4.903769
2026-08-13 15:39:24 | DEBUG    | fgvc.clustering.spherical_kmeans |   Init 4/5: inertia=4.977076
2026-08-13 15:39:24 | DEBUG    | fgvc.clustering.spherical_kmeans |   Init 5/5: inertia=4.807753
2026-08-13 15:39:24 | DEBUG    | fgvc.clustering.spherical_kmeans |   Init 1/5: inertia=4.543461
2026-08-13 15:39:24 | DEBUG    | fgvc.clustering.spherical_kmeans |   Init 2/5: inertia=4.568376
2026-08-13 15:39:24 | DEBUG    | fgvc.clustering.spherical_kmeans |   Init 3/5: inertia=4.562574
2026-08-13 15:39:24 | DEBUG    | fgvc.clustering.spherical_kmeans |   Init 4/5: inertia=4.525965
2026-08-13 15:39:24 | DEBUG    | fgvc.clustering.spherical_kmeans |   Init 5/5: inertia=4.518645
2026-08-13 15:39:24 | DEBUG    | fgvc.clustering.spherical_kmeans | K selection: best_k=2 | scores={2: {'silhouette': 0.083, 'compactness': 0.7738, 'score': 0.2736}, 3: {'silhouette': 0.0641, 'compactness': 0.792, 'score': 0.203}, 4: {'silhouette': 0.0393, 'compactness': 0.8077, 'score': 0.1286}, 5: {'silhouette': 0.0276, 'compactness': 0.8193, 'score': 0.0596}}
2026-08-13 15:39:24 | DEBUG    | fgvc.clustering.spherical_kmeans |   Init 1/10: inertia=5.758208
2026-08-13 15:39:24 | DEBUG    | fgvc.clustering.spherical_kmeans |   Init 2/10: inertia=5.700031
2026-08-13 15:39:24 | DEBUG    | fgvc.clustering.spherical_kmeans |   Init 3/10: inertia=5.754828
2026-08-13 15:39:24 | DEBUG    | fgvc.clustering.spherical_kmeans |   Init 4/10: inertia=5.655283
2026-08-13 15:39:24 | DEBUG    | fgvc.clustering.spherical_kmeans |   Init 5/10: inertia=5.765456
2026-08-13 15:39:24 | DEBUG    | fgvc.clustering.spherical_kmeans |   Init 6/10: inertia=5.743700
2026-08-13 15:39:24 | DEBUG    | fgvc.clustering.spherical_kmeans |   Init 7/10: inertia=5.673831
2026-08-13 15:39:24 | DEBUG    | fgvc.clustering.spherical_kmeans |   Init 8/10: inertia=5.596537
2026-08-13 15:39:24 | DEBUG    | fgvc.clustering.spherical_kmeans |   Init 9/10: inertia=5.650926
2026-08-13 15:39:24 | DEBUG    | fgvc.clustering.spherical_kmeans |   Init 10/10: inertia=5.683113
2026-08-13 15:39:24 | INFO     | fgvc.clustering.spherical_kmeans |   [Shiny_Cowbird] k_selected=2 | k_effective=2 | min_cluster=8 | max_cluster=17
2026-08-13 15:39:24 | INFO     | fgvc.clustering.spherical_kmeans |   [Slaty_backed_Gull] 25 images
2026-08-13 15:39:24 | DEBUG    | fgvc.clustering.spherical_kmeans |   Init 1/5: inertia=6.107076
2026-08-13 15:39:24 | DEBUG    | fgvc.clustering.spherical_kmeans |   Init 2/5: inertia=6.111866
2026-08-13 15:39:24 | DEBUG    | fgvc.clustering.spherical_kmeans |   Init 3/5: inertia=7.178334
2026-08-13 15:39:24 | DEBUG    | fgvc.clustering.spherical_kmeans |   Init 4/5: inertia=6.147559
2026-08-13 15:39:24 | DEBUG    | fgvc.clustering.spherical_kmeans |   Init 5/5: inertia=6.137811
2026-08-13 15:39:24 | DEBUG    | fgvc.clustering.spherical_kmeans |   Init 1/5: inertia=5.690257
2026-08-13 15:39:24 | DEBUG    | fgvc.clustering.spherical_kmeans |   Init 2/5: inertia=5.779555
2026-08-13 15:39:24 | DEBUG    | fgvc.clustering.spherical_kmeans |   Init 3/5: inertia=5.570927
2026-08-13 15:39:24 | DEBUG    | fgvc.clustering.spherical_kmeans |   Init 4/5: inertia=5.625413
2026-08-13 15:39:24 | DEBUG    | fgvc.clustering.spherical_kmeans |   Init 5/5: inertia=5.732718
2026-08-13 15:39:24 | DEBUG    | fgvc.clustering.spherical_kmeans |   Init 1/5: inertia=5.270193
2026-08-13 15:39:24 | DEBUG    | fgvc.clustering.spherical_kmeans |   Init 2/5: inertia=5.326913
2026-08-13 15:39:24 | DEBUG    | fgvc.clustering.spherical_kmeans |   Init 3/5: inertia=5.332059
2026-08-13 15:39:24 | DEBUG    | fgvc.clustering.spherical_kmeans |   Init 4/5: inertia=6.322029
2026-08-13 15:39:24 | DEBUG    | fgvc.clustering.spherical_kmeans |   Init 5/5: inertia=5.098246
2026-08-13 15:39:24 | DEBUG    | fgvc.clustering.spherical_kmeans |   Init 1/5: inertia=4.977293
2026-08-13 15:39:24 | DEBUG    | fgvc.clustering.spherical_kmeans |   Init 2/5: inertia=4.950913
2026-08-13 15:39:24 | DEBUG    | fgvc.clustering.spherical_kmeans |   Init 3/5: inertia=4.891938
2026-08-13 15:39:24 | DEBUG    | fgvc.clustering.spherical_kmeans |   Init 4/5: inertia=4.801491
2026-08-13 15:39:24 | DEBUG    | fgvc.clustering.spherical_kmeans |   Init 5/5: inertia=4.777144
2026-08-13 15:39:24 | DEBUG    | fgvc.clustering.spherical_kmeans | K selection: best_k=2 | scores={2: {'silhouette': 0.2405, 'compactness': 0.7557, 'score': 0.347}, 3: {'silhouette': 0.2193, 'compactness': 0.7772, 'score': 0.2762}, 4: {'silhouette': 0.1546, 'compactness': 0.7961, 'score': 0.1828}, 5: {'silhouette': 0.1379, 'compactness': 0.8089, 'score': 0.1116}}
2026-08-13 15:39:24 | DEBUG    | fgvc.clustering.spherical_kmeans |   Init 1/10: inertia=6.107076
2026-08-13 15:39:24 | DEBUG    | fgvc.clustering.spherical_kmeans |   Init 2/10: inertia=6.111866
2026-08-13 15:39:24 | DEBUG    | fgvc.clustering.spherical_kmeans |   Init 3/10: inertia=7.178334
2026-08-13 15:39:24 | DEBUG    | fgvc.clustering.spherical_kmeans |   Init 4/10: inertia=6.147559
2026-08-13 15:39:24 | DEBUG    | fgvc.clustering.spherical_kmeans |   Init 5/10: inertia=6.137811
2026-08-13 15:39:24 | DEBUG    | fgvc.clustering.spherical_kmeans |   Init 6/10: inertia=6.111866
2026-08-13 15:39:24 | DEBUG    | fgvc.clustering.spherical_kmeans |   Init 7/10: inertia=7.163954
2026-08-13 15:39:24 | DEBUG    | fgvc.clustering.spherical_kmeans |   Init 8/10: inertia=6.111866
2026-08-13 15:39:24 | DEBUG    | fgvc.clustering.spherical_kmeans |   Init 9/10: inertia=7.163954
2026-08-13 15:39:24 | DEBUG    | fgvc.clustering.spherical_kmeans |   Init 10/10: inertia=6.107076
2026-08-13 15:39:24 | INFO     | fgvc.clustering.spherical_kmeans |   [Slaty_backed_Gull] k_selected=2 | k_effective=2 | min_cluster=12 | max_cluster=13
2026-08-13 15:39:24 | INFO     | fgvc.clustering.spherical_kmeans |   [Song_Sparrow] 25 images
2026-08-13 15:39:24 | DEBUG    | fgvc.clustering.spherical_kmeans |   Init 1/5: inertia=4.217218
2026-08-13 15:39:24 | DEBUG    | fgvc.clustering.spherical_kmeans |   Init 2/5: inertia=4.120092
2026-08-13 15:39:24 | DEBUG    | fgvc.clustering.spherical_kmeans |   Init 3/5: inertia=4.186721
2026-08-13 15:39:24 | DEBUG    | fgvc.clustering.spherical_kmeans |   Init 4/5: inertia=4.168781
2026-08-13 15:39:24 | DEBUG    | fgvc.clustering.spherical_kmeans |   Init 5/5: inertia=3.966538
2026-08-13 15:39:24 | DEBUG    | fgvc.clustering.spherical_kmeans |   Init 1/5: inertia=3.846901
2026-08-13 15:39:24 | DEBUG    | fgvc.clustering.spherical_kmeans |   Init 2/5: inertia=3.804608
2026-08-13 15:39:24 | DEBUG    | fgvc.clustering.spherical_kmeans |   Init 3/5: inertia=3.861555
2026-08-13 15:39:24 | DEBUG    | fgvc.clustering.spherical_kmeans |   Init 4/5: inertia=3.712534
2026-08-13 15:39:24 | DEBUG    | fgvc.clustering.spherical_kmeans |   Init 5/5: inertia=3.731366
2026-08-13 15:39:24 | DEBUG    | fgvc.clustering.spherical_kmeans |   Init 1/5: inertia=3.469928
2026-08-13 15:39:24 | DEBUG    | fgvc.clustering.spherical_kmeans |   Init 2/5: inertia=3.498642
2026-08-13 15:39:24 | DEBUG    | fgvc.clustering.spherical_kmeans |   Init 3/5: inertia=3.545808
2026-08-13 15:39:24 | DEBUG    | fgvc.clustering.spherical_kmeans |   Init 4/5: inertia=3.550813
2026-08-13 15:39:24 | DEBUG    | fgvc.clustering.spherical_kmeans |   Init 5/5: inertia=3.393506
2026-08-13 15:39:24 | DEBUG    | fgvc.clustering.spherical_kmeans |   Init 1/5: inertia=3.214128
2026-08-13 15:39:24 | DEBUG    | fgvc.clustering.spherical_kmeans |   Init 2/5: inertia=3.099144
2026-08-13 15:39:24 | DEBUG    | fgvc.clustering.spherical_kmeans |   Init 3/5: inertia=3.236426
2026-08-13 15:39:24 | DEBUG    | fgvc.clustering.spherical_kmeans |   Init 4/5: inertia=3.128371
2026-08-13 15:39:24 | DEBUG    | fgvc.clustering.spherical_kmeans |   Init 5/5: inertia=3.244127
2026-08-13 15:39:24 | DEBUG    | fgvc.clustering.spherical_kmeans | K selection: best_k=2 | scores={2: {'silhouette': 0.1502, 'compactness': 0.8413, 'score': 0.3275}, 3: {'silhouette': 0.0646, 'compactness': 0.8515, 'score': 0.2211}, 4: {'silhouette': 0.063, 'compactness': 0.8643, 'score': 0.1574}, 5: {'silhouette': 0.077, 'compactness': 0.876, 'score': 0.1013}}
2026-08-13 15:39:24 | DEBUG    | fgvc.clustering.spherical_kmeans |   Init 1/10: inertia=4.217218
2026-08-13 15:39:24 | DEBUG    | fgvc.clustering.spherical_kmeans |   Init 2/10: inertia=4.120092
2026-08-13 15:39:24 | DEBUG    | fgvc.clustering.spherical_kmeans |   Init 3/10: inertia=4.186721
2026-08-13 15:39:24 | DEBUG    | fgvc.clustering.spherical_kmeans |   Init 4/10: inertia=4.168781
2026-08-13 15:39:24 | DEBUG    | fgvc.clustering.spherical_kmeans |   Init 5/10: inertia=3.966538
2026-08-13 15:39:24 | DEBUG    | fgvc.clustering.spherical_kmeans |   Init 6/10: inertia=4.054200
2026-08-13 15:39:24 | DEBUG    | fgvc.clustering.spherical_kmeans |   Init 7/10: inertia=4.086249
2026-08-13 15:39:24 | DEBUG    | fgvc.clustering.spherical_kmeans |   Init 8/10: inertia=4.136430
2026-08-13 15:39:24 | DEBUG    | fgvc.clustering.spherical_kmeans |   Init 9/10: inertia=4.120092
2026-08-13 15:39:24 | DEBUG    | fgvc.clustering.spherical_kmeans |   Init 10/10: inertia=3.991252
2026-08-13 15:39:24 | INFO     | fgvc.clustering.spherical_kmeans |   [Song_Sparrow] k_selected=2 | k_effective=2 | min_cluster=5 | max_cluster=20
2026-08-13 15:39:24 | INFO     | fgvc.clustering.spherical_kmeans |   [Sooty_Albatross] 25 images
2026-08-13 15:39:24 | DEBUG    | fgvc.clustering.spherical_kmeans |   Init 1/5: inertia=4.630113
2026-08-13 15:39:24 | DEBUG    | fgvc.clustering.spherical_kmeans |   Init 2/5: inertia=4.630113
2026-08-13 15:39:24 | DEBUG    | fgvc.clustering.spherical_kmeans |   Init 3/5: inertia=5.210939
2026-08-13 15:39:24 | DEBUG    | fgvc.clustering.spherical_kmeans |   Init 4/5: inertia=5.205505
2026-08-13 15:39:24 | DEBUG    | fgvc.clustering.spherical_kmeans |   Init 5/5: inertia=4.630113
2026-08-13 15:39:24 | DEBUG    | fgvc.clustering.spherical_kmeans |   Init 1/5: inertia=4.995893
2026-08-13 15:39:24 | DEBUG    | fgvc.clustering.spherical_kmeans |   Init 2/5: inertia=4.694159
2026-08-13 15:39:24 | DEBUG    | fgvc.clustering.spherical_kmeans |   Init 3/5: inertia=4.300534
2026-08-13 15:39:24 | DEBUG    | fgvc.clustering.spherical_kmeans |   Init 4/5: inertia=4.347745
2026-08-13 15:39:24 | DEBUG    | fgvc.clustering.spherical_kmeans |   Init 5/5: inertia=4.263402
2026-08-13 15:39:24 | DEBUG    | fgvc.clustering.spherical_kmeans |   Init 1/5: inertia=4.678583
2026-08-13 15:39:24 | DEBUG    | fgvc.clustering.spherical_kmeans |   Init 2/5: inertia=4.561187
2026-08-13 15:39:24 | DEBUG    | fgvc.clustering.spherical_kmeans |   Init 3/5: inertia=3.973099
2026-08-13 15:39:24 | DEBUG    | fgvc.clustering.spherical_kmeans |   Init 4/5: inertia=3.969032
2026-08-13 15:39:24 | DEBUG    | fgvc.clustering.spherical_kmeans |   Init 5/5: inertia=3.955580
2026-08-13 15:39:24 | DEBUG    | fgvc.clustering.spherical_kmeans |   Init 1/5: inertia=4.434374
2026-08-13 15:39:24 | DEBUG    | fgvc.clustering.spherical_kmeans |   Init 2/5: inertia=3.607008
2026-08-13 15:39:24 | DEBUG    | fgvc.clustering.spherical_kmeans |   Init 3/5: inertia=3.575283
2026-08-13 15:39:24 | DEBUG    | fgvc.clustering.spherical_kmeans |   Init 4/5: inertia=3.634185
2026-08-13 15:39:24 | DEBUG    | fgvc.clustering.spherical_kmeans |   Init 5/5: inertia=3.428357
2026-08-13 15:39:24 | DEBUG    | fgvc.clustering.spherical_kmeans | K selection: best_k=2 | scores={2: {'silhouette': 0.2976, 'compactness': 0.8148, 'score': 0.3932}, 3: {'silhouette': 0.1637, 'compactness': 0.8295, 'score': 0.264}, 4: {'silhouette': 0.0982, 'compactness': 0.8418, 'score': 0.1683}, 5: {'silhouette': 0.1979, 'compactness': 0.8629, 'score': 0.1578}}
2026-08-13 15:39:24 | DEBUG    | fgvc.clustering.spherical_kmeans |   Init 1/10: inertia=4.630113
2026-08-13 15:39:24 | DEBUG    | fgvc.clustering.spherical_kmeans |   Init 2/10: inertia=4.630113
2026-08-13 15:39:24 | DEBUG    | fgvc.clustering.spherical_kmeans |   Init 3/10: inertia=5.210939
2026-08-13 15:39:24 | DEBUG    | fgvc.clustering.spherical_kmeans |   Init 4/10: inertia=5.205505
2026-08-13 15:39:24 | DEBUG    | fgvc.clustering.spherical_kmeans |   Init 5/10: inertia=4.630113
2026-08-13 15:39:24 | DEBUG    | fgvc.clustering.spherical_kmeans |   Init 6/10: inertia=4.630113
2026-08-13 15:39:24 | DEBUG    | fgvc.clustering.spherical_kmeans |   Init 7/10: inertia=4.630113
2026-08-13 15:39:24 | DEBUG    | fgvc.clustering.spherical_kmeans |   Init 8/10: inertia=4.630113
2026-08-13 15:39:24 | DEBUG    | fgvc.clustering.spherical_kmeans |   Init 9/10: inertia=5.348036
2026-08-13 15:39:24 | DEBUG    | fgvc.clustering.spherical_kmeans |   Init 10/10: inertia=5.008810
2026-08-13 15:39:24 | INFO     | fgvc.clustering.spherical_kmeans |   [Sooty_Albatross] k_selected=2 | k_effective=2 | min_cluster=7 | max_cluster=18
2026-08-13 15:39:24 | INFO     | fgvc.clustering.spherical_kmeans |   [Spotted_Catbird] 25 images
2026-08-13 15:39:24 | DEBUG    | fgvc.clustering.spherical_kmeans |   Init 1/5: inertia=4.286510
2026-08-13 15:39:24 | DEBUG    | fgvc.clustering.spherical_kmeans |   Init 2/5: inertia=4.240690
2026-08-13 15:39:24 | DEBUG    | fgvc.clustering.spherical_kmeans |   Init 3/5: inertia=4.161849
2026-08-13 15:39:24 | DEBUG    | fgvc.clustering.spherical_kmeans |   Init 4/5: inertia=4.144709
2026-08-13 15:39:24 | DEBUG    | fgvc.clustering.spherical_kmeans |   Init 5/5: inertia=4.240690
2026-08-13 15:39:24 | DEBUG    | fgvc.clustering.spherical_kmeans |   Init 1/5: inertia=3.924191
2026-08-13 15:39:24 | DEBUG    | fgvc.clustering.spherical_kmeans |   Init 2/5: inertia=3.882360
2026-08-13 15:39:24 | DEBUG    | fgvc.clustering.spherical_kmeans |   Init 3/5: inertia=3.903436
2026-08-13 15:39:24 | DEBUG    | fgvc.clustering.spherical_kmeans |   Init 4/5: inertia=3.914901
2026-08-13 15:39:24 | DEBUG    | fgvc.clustering.spherical_kmeans |   Init 5/5: inertia=3.840663
2026-08-13 15:39:24 | DEBUG    | fgvc.clustering.spherical_kmeans |   Init 1/5: inertia=3.601713
2026-08-13 15:39:24 | DEBUG    | fgvc.clustering.spherical_kmeans |   Init 2/5: inertia=3.615974
2026-08-13 15:39:24 | DEBUG    | fgvc.clustering.spherical_kmeans |   Init 3/5: inertia=3.511049
2026-08-13 15:39:24 | DEBUG    | fgvc.clustering.spherical_kmeans |   Init 4/5: inertia=3.540418
2026-08-13 15:39:24 | DEBUG    | fgvc.clustering.spherical_kmeans |   Init 5/5: inertia=3.665091
2026-08-13 15:39:24 | DEBUG    | fgvc.clustering.spherical_kmeans |   Init 1/5: inertia=3.294661
2026-08-13 15:39:24 | DEBUG    | fgvc.clustering.spherical_kmeans |   Init 2/5: inertia=3.292885
2026-08-13 15:39:24 | DEBUG    | fgvc.clustering.spherical_kmeans |   Init 3/5: inertia=3.356470
2026-08-13 15:39:24 | DEBUG    | fgvc.clustering.spherical_kmeans |   Init 4/5: inertia=3.422288
2026-08-13 15:39:24 | DEBUG    | fgvc.clustering.spherical_kmeans |   Init 5/5: inertia=3.535222
2026-08-13 15:39:24 | DEBUG    | fgvc.clustering.spherical_kmeans | K selection: best_k=2 | scores={2: {'silhouette': 0.1292, 'compactness': 0.8342, 'score': 0.3149}, 3: {'silhouette': 0.0663, 'compactness': 0.8464, 'score': 0.2204}, 4: {'silhouette': 0.035, 'compactness': 0.8596, 'score': 0.142}, 5: {'silhouette': 0.0653, 'compactness': 0.8683, 'score': 0.0931}}
2026-08-13 15:39:24 | DEBUG    | fgvc.clustering.spherical_kmeans |   Init 1/10: inertia=4.286510
2026-08-13 15:39:24 | DEBUG    | fgvc.clustering.spherical_kmeans |   Init 2/10: inertia=4.240690
2026-08-13 15:39:24 | DEBUG    | fgvc.clustering.spherical_kmeans |   Init 3/10: inertia=4.161849
2026-08-13 15:39:24 | DEBUG    | fgvc.clustering.spherical_kmeans |   Init 4/10: inertia=4.144709
2026-08-13 15:39:24 | DEBUG    | fgvc.clustering.spherical_kmeans |   Init 5/10: inertia=4.240690
2026-08-13 15:39:24 | DEBUG    | fgvc.clustering.spherical_kmeans |   Init 6/10: inertia=4.230407
2026-08-13 15:39:24 | DEBUG    | fgvc.clustering.spherical_kmeans |   Init 7/10: inertia=4.142706
2026-08-13 15:39:24 | DEBUG    | fgvc.clustering.spherical_kmeans |   Init 8/10: inertia=4.200891
2026-08-13 15:39:24 | DEBUG    | fgvc.clustering.spherical_kmeans |   Init 9/10: inertia=4.248227
2026-08-13 15:39:24 | DEBUG    | fgvc.clustering.spherical_kmeans |   Init 10/10: inertia=4.237389
2026-08-13 15:39:24 | INFO     | fgvc.clustering.spherical_kmeans |   [Spotted_Catbird] k_selected=2 | k_effective=2 | min_cluster=8 | max_cluster=17
2026-08-13 15:39:24 | INFO     | fgvc.clustering.spherical_kmeans |   [Summer_Tanager] 25 images
2026-08-13 15:39:24 | DEBUG    | fgvc.clustering.spherical_kmeans |   Init 1/5: inertia=2.668209
2026-08-13 15:39:24 | DEBUG    | fgvc.clustering.spherical_kmeans |   Init 2/5: inertia=2.658611
2026-08-13 15:39:24 | DEBUG    | fgvc.clustering.spherical_kmeans |   Init 3/5: inertia=2.666297
2026-08-13 15:39:24 | DEBUG    | fgvc.clustering.spherical_kmeans |   Init 4/5: inertia=2.666242
2026-08-13 15:39:24 | DEBUG    | fgvc.clustering.spherical_kmeans |   Init 5/5: inertia=2.766867
2026-08-13 15:39:24 | DEBUG    | fgvc.clustering.spherical_kmeans |   Init 1/5: inertia=2.499079
2026-08-13 15:39:24 | DEBUG    | fgvc.clustering.spherical_kmeans |   Init 2/5: inertia=2.539822
2026-08-13 15:39:24 | DEBUG    | fgvc.clustering.spherical_kmeans |   Init 3/5: inertia=2.499661
2026-08-13 15:39:24 | DEBUG    | fgvc.clustering.spherical_kmeans |   Init 4/5: inertia=2.435818
2026-08-13 15:39:24 | DEBUG    | fgvc.clustering.spherical_kmeans |   Init 5/5: inertia=2.576516
2026-08-13 15:39:24 | DEBUG    | fgvc.clustering.spherical_kmeans |   Init 1/5: inertia=2.305867
2026-08-13 15:39:24 | DEBUG    | fgvc.clustering.spherical_kmeans |   Init 2/5: inertia=2.302057
2026-08-13 15:39:24 | DEBUG    | fgvc.clustering.spherical_kmeans |   Init 3/5: inertia=2.258720
2026-08-13 15:39:24 | DEBUG    | fgvc.clustering.spherical_kmeans |   Init 4/5: inertia=2.407860
2026-08-13 15:39:24 | DEBUG    | fgvc.clustering.spherical_kmeans |   Init 5/5: inertia=2.426704
2026-08-13 15:39:24 | DEBUG    | fgvc.clustering.spherical_kmeans |   Init 1/5: inertia=2.181084
2026-08-13 15:39:24 | DEBUG    | fgvc.clustering.spherical_kmeans |   Init 2/5: inertia=2.082223
2026-08-13 15:39:24 | DEBUG    | fgvc.clustering.spherical_kmeans |   Init 3/5: inertia=2.150095
2026-08-13 15:39:24 | DEBUG    | fgvc.clustering.spherical_kmeans |   Init 4/5: inertia=2.209876
2026-08-13 15:39:24 | DEBUG    | fgvc.clustering.spherical_kmeans |   Init 5/5: inertia=2.050709
2026-08-13 15:39:24 | DEBUG    | fgvc.clustering.spherical_kmeans | K selection: best_k=2 | scores={2: {'silhouette': 0.1817, 'compactness': 0.8937, 'score': 0.359}, 3: {'silhouette': 0.1866, 'compactness': 0.9026, 'score': 0.2974}, 4: {'silhouette': 0.0221, 'compactness': 0.9097, 'score': 0.1506}, 5: {'silhouette': 0.0619, 'compactness': 0.918, 'score': 0.1063}}
2026-08-13 15:39:24 | DEBUG    | fgvc.clustering.spherical_kmeans |   Init 1/10: inertia=2.668209
2026-08-13 15:39:24 | DEBUG    | fgvc.clustering.spherical_kmeans |   Init 2/10: inertia=2.658611
2026-08-13 15:39:24 | DEBUG    | fgvc.clustering.spherical_kmeans |   Init 3/10: inertia=2.666297
2026-08-13 15:39:24 | DEBUG    | fgvc.clustering.spherical_kmeans |   Init 4/10: inertia=2.666242
2026-08-13 15:39:24 | DEBUG    | fgvc.clustering.spherical_kmeans |   Init 5/10: inertia=2.766867
2026-08-13 15:39:24 | DEBUG    | fgvc.clustering.spherical_kmeans |   Init 6/10: inertia=2.724787
2026-08-13 15:39:24 | DEBUG    | fgvc.clustering.spherical_kmeans |   Init 7/10: inertia=2.653894
2026-08-13 15:39:24 | DEBUG    | fgvc.clustering.spherical_kmeans |   Init 8/10: inertia=2.715835
2026-08-13 15:39:24 | DEBUG    | fgvc.clustering.spherical_kmeans |   Init 9/10: inertia=2.724180
2026-08-13 15:39:24 | DEBUG    | fgvc.clustering.spherical_kmeans |   Init 10/10: inertia=2.669322
2026-08-13 15:39:24 | INFO     | fgvc.clustering.spherical_kmeans |   [Summer_Tanager] k_selected=2 | k_effective=2 | min_cluster=5 | max_cluster=20
2026-08-13 15:39:24 | INFO     | fgvc.clustering.spherical_kmeans |   [Swainson_Warbler] 25 images
2026-08-13 15:39:24 | DEBUG    | fgvc.clustering.spherical_kmeans |   Init 1/5: inertia=5.952055
2026-08-13 15:39:24 | DEBUG    | fgvc.clustering.spherical_kmeans |   Init 2/5: inertia=5.531549
2026-08-13 15:39:24 | DEBUG    | fgvc.clustering.spherical_kmeans |   Init 3/5: inertia=5.806568
2026-08-13 15:39:24 | DEBUG    | fgvc.clustering.spherical_kmeans |   Init 4/5: inertia=5.528942
2026-08-13 15:39:24 | DEBUG    | fgvc.clustering.spherical_kmeans |   Init 5/5: inertia=5.528942
2026-08-13 15:39:24 | DEBUG    | fgvc.clustering.spherical_kmeans |   Init 1/5: inertia=5.268439
2026-08-13 15:39:24 | DEBUG    | fgvc.clustering.spherical_kmeans |   Init 2/5: inertia=5.278244
2026-08-13 15:39:24 | DEBUG    | fgvc.clustering.spherical_kmeans |   Init 3/5: inertia=5.131358
2026-08-13 15:39:24 | DEBUG    | fgvc.clustering.spherical_kmeans |   Init 4/5: inertia=5.126483
2026-08-13 15:39:24 | DEBUG    | fgvc.clustering.spherical_kmeans |   Init 5/5: inertia=5.056412
2026-08-13 15:39:24 | DEBUG    | fgvc.clustering.spherical_kmeans |   Init 1/5: inertia=4.812546
2026-08-13 15:39:24 | DEBUG    | fgvc.clustering.spherical_kmeans |   Init 2/5: inertia=4.694515
2026-08-13 15:39:24 | DEBUG    | fgvc.clustering.spherical_kmeans |   Init 3/5: inertia=5.010399
2026-08-13 15:39:24 | DEBUG    | fgvc.clustering.spherical_kmeans |   Init 4/5: inertia=4.606637
2026-08-13 15:39:24 | DEBUG    | fgvc.clustering.spherical_kmeans |   Init 5/5: inertia=4.902766
2026-08-13 15:39:24 | DEBUG    | fgvc.clustering.spherical_kmeans |   Init 1/5: inertia=4.351820
2026-08-13 15:39:24 | DEBUG    | fgvc.clustering.spherical_kmeans |   Init 2/5: inertia=4.447732
2026-08-13 15:39:24 | DEBUG    | fgvc.clustering.spherical_kmeans |   Init 3/5: inertia=4.419916
2026-08-13 15:39:24 | DEBUG    | fgvc.clustering.spherical_kmeans |   Init 4/5: inertia=4.622343
2026-08-13 15:39:24 | DEBUG    | fgvc.clustering.spherical_kmeans |   Init 5/5: inertia=4.368927
2026-08-13 15:39:24 | DEBUG    | fgvc.clustering.spherical_kmeans | K selection: best_k=2 | scores={2: {'silhouette': 0.1601, 'compactness': 0.7788, 'score': 0.3137}, 3: {'silhouette': 0.125, 'compactness': 0.7977, 'score': 0.2351}, 4: {'silhouette': 0.1136, 'compactness': 0.8157, 'score': 0.1682}, 5: {'silhouette': 0.0794, 'compactness': 0.8259, 'score': 0.0875}}
2026-08-13 15:39:24 | DEBUG    | fgvc.clustering.spherical_kmeans |   Init 1/10: inertia=5.952055
2026-08-13 15:39:24 | DEBUG    | fgvc.clustering.spherical_kmeans |   Init 2/10: inertia=5.531549
2026-08-13 15:39:24 | DEBUG    | fgvc.clustering.spherical_kmeans |   Init 3/10: inertia=5.806568
2026-08-13 15:39:24 | DEBUG    | fgvc.clustering.spherical_kmeans |   Init 4/10: inertia=5.528942
2026-08-13 15:39:24 | DEBUG    | fgvc.clustering.spherical_kmeans |   Init 5/10: inertia=5.528942
2026-08-13 15:39:24 | DEBUG    | fgvc.clustering.spherical_kmeans |   Init 6/10: inertia=5.821444
2026-08-13 15:39:24 | DEBUG    | fgvc.clustering.spherical_kmeans |   Init 7/10: inertia=5.827213
2026-08-13 15:39:24 | DEBUG    | fgvc.clustering.spherical_kmeans |   Init 8/10: inertia=5.719315
2026-08-13 15:39:24 | DEBUG    | fgvc.clustering.spherical_kmeans |   Init 9/10: inertia=5.719071
2026-08-13 15:39:24 | DEBUG    | fgvc.clustering.spherical_kmeans |   Init 10/10: inertia=5.528180
2026-08-13 15:39:24 | INFO     | fgvc.clustering.spherical_kmeans |   [Swainson_Warbler] k_selected=2 | k_effective=2 | min_cluster=10 | max_cluster=15
2026-08-13 15:39:24 | INFO     | fgvc.clustering.spherical_kmeans |   [Tennessee_Warbler] 25 images
2026-08-13 15:39:24 | DEBUG    | fgvc.clustering.spherical_kmeans |   Init 1/5: inertia=6.389688
2026-08-13 15:39:24 | DEBUG    | fgvc.clustering.spherical_kmeans |   Init 2/5: inertia=5.964896
2026-08-13 15:39:24 | DEBUG    | fgvc.clustering.spherical_kmeans |   Init 3/5: inertia=5.946020
2026-08-13 15:39:24 | DEBUG    | fgvc.clustering.spherical_kmeans |   Init 4/5: inertia=6.370607
2026-08-13 15:39:24 | DEBUG    | fgvc.clustering.spherical_kmeans |   Init 5/5: inertia=5.964896
2026-08-13 15:39:24 | DEBUG    | fgvc.clustering.spherical_kmeans |   Init 1/5: inertia=5.857063
2026-08-13 15:39:24 | DEBUG    | fgvc.clustering.spherical_kmeans |   Init 2/5: inertia=5.634638
2026-08-13 15:39:24 | DEBUG    | fgvc.clustering.spherical_kmeans |   Init 3/5: inertia=5.542363
2026-08-13 15:39:24 | DEBUG    | fgvc.clustering.spherical_kmeans |   Init 4/5: inertia=5.439713
2026-08-13 15:39:24 | DEBUG    | fgvc.clustering.spherical_kmeans |   Init 5/5: inertia=5.408069
2026-08-13 15:39:24 | DEBUG    | fgvc.clustering.spherical_kmeans |   Init 1/5: inertia=5.185894
2026-08-13 15:39:24 | DEBUG    | fgvc.clustering.spherical_kmeans |   Init 2/5: inertia=5.086467
2026-08-13 15:39:24 | DEBUG    | fgvc.clustering.spherical_kmeans |   Init 3/5: inertia=5.021626
2026-08-13 15:39:24 | DEBUG    | fgvc.clustering.spherical_kmeans |   Init 4/5: inertia=5.231489
2026-08-13 15:39:24 | DEBUG    | fgvc.clustering.spherical_kmeans |   Init 5/5: inertia=4.902699
2026-08-13 15:39:24 | DEBUG    | fgvc.clustering.spherical_kmeans |   Init 1/5: inertia=4.757518
2026-08-13 15:39:24 | DEBUG    | fgvc.clustering.spherical_kmeans |   Init 2/5: inertia=4.752835
2026-08-13 15:39:24 | DEBUG    | fgvc.clustering.spherical_kmeans |   Init 3/5: inertia=4.561916
2026-08-13 15:39:24 | DEBUG    | fgvc.clustering.spherical_kmeans |   Init 4/5: inertia=4.595691
2026-08-13 15:39:24 | DEBUG    | fgvc.clustering.spherical_kmeans |   Init 5/5: inertia=4.726383
2026-08-13 15:39:24 | DEBUG    | fgvc.clustering.spherical_kmeans | K selection: best_k=2 | scores={2: {'silhouette': 0.1362, 'compactness': 0.7622, 'score': 0.2967}, 3: {'silhouette': 0.1145, 'compactness': 0.7837, 'score': 0.2257}, 4: {'silhouette': 0.1567, 'compactness': 0.8039, 'score': 0.1862}, 5: {'silhouette': 0.0321, 'compactness': 0.8175, 'score': 0.0613}}
2026-08-13 15:39:24 | DEBUG    | fgvc.clustering.spherical_kmeans |   Init 1/10: inertia=6.389688
2026-08-13 15:39:24 | DEBUG    | fgvc.clustering.spherical_kmeans |   Init 2/10: inertia=5.964896
2026-08-13 15:39:24 | DEBUG    | fgvc.clustering.spherical_kmeans |   Init 3/10: inertia=5.946020
2026-08-13 15:39:24 | DEBUG    | fgvc.clustering.spherical_kmeans |   Init 4/10: inertia=6.370607
2026-08-13 15:39:24 | DEBUG    | fgvc.clustering.spherical_kmeans |   Init 5/10: inertia=5.964896
2026-08-13 15:39:24 | DEBUG    | fgvc.clustering.spherical_kmeans |   Init 6/10: inertia=5.873593
2026-08-13 15:39:24 | DEBUG    | fgvc.clustering.spherical_kmeans |   Init 7/10: inertia=5.952745
2026-08-13 15:39:24 | DEBUG    | fgvc.clustering.spherical_kmeans |   Init 8/10: inertia=6.232830
2026-08-13 15:39:24 | DEBUG    | fgvc.clustering.spherical_kmeans |   Init 9/10: inertia=5.975292
2026-08-13 15:39:24 | DEBUG    | fgvc.clustering.spherical_kmeans |   Init 10/10: inertia=6.200562
2026-08-13 15:39:24 | INFO     | fgvc.clustering.spherical_kmeans |   [Tennessee_Warbler] k_selected=2 | k_effective=2 | min_cluster=12 | max_cluster=13
2026-08-13 15:39:24 | INFO     | fgvc.clustering.spherical_kmeans |   [Tree_Sparrow] 25 images
2026-08-13 15:39:24 | DEBUG    | fgvc.clustering.spherical_kmeans |   Init 1/5: inertia=3.552979
2026-08-13 15:39:24 | DEBUG    | fgvc.clustering.spherical_kmeans |   Init 2/5: inertia=3.552979
2026-08-13 15:39:24 | DEBUG    | fgvc.clustering.spherical_kmeans |   Init 3/5: inertia=3.576891
2026-08-13 15:39:24 | DEBUG    | fgvc.clustering.spherical_kmeans |   Init 4/5: inertia=3.576891
2026-08-13 15:39:24 | DEBUG    | fgvc.clustering.spherical_kmeans |   Init 5/5: inertia=3.576891
2026-08-13 15:39:24 | DEBUG    | fgvc.clustering.spherical_kmeans |   Init 1/5: inertia=3.327671
2026-08-13 15:39:24 | DEBUG    | fgvc.clustering.spherical_kmeans |   Init 2/5: inertia=3.244128
2026-08-13 15:39:24 | DEBUG    | fgvc.clustering.spherical_kmeans |   Init 3/5: inertia=3.204644
2026-08-13 15:39:24 | DEBUG    | fgvc.clustering.spherical_kmeans |   Init 4/5: inertia=3.407280
2026-08-13 15:39:24 | DEBUG    | fgvc.clustering.spherical_kmeans |   Init 5/5: inertia=3.278426
2026-08-13 15:39:24 | DEBUG    | fgvc.clustering.spherical_kmeans |   Init 1/5: inertia=3.161917
2026-08-13 15:39:24 | DEBUG    | fgvc.clustering.spherical_kmeans |   Init 2/5: inertia=3.020579
2026-08-13 15:39:24 | DEBUG    | fgvc.clustering.spherical_kmeans |   Init 3/5: inertia=3.134744
2026-08-13 15:39:24 | DEBUG    | fgvc.clustering.spherical_kmeans |   Init 4/5: inertia=3.091024
2026-08-13 15:39:24 | DEBUG    | fgvc.clustering.spherical_kmeans |   Init 5/5: inertia=2.969305
2026-08-13 15:39:24 | DEBUG    | fgvc.clustering.spherical_kmeans |   Init 1/5: inertia=2.969470
2026-08-13 15:39:24 | DEBUG    | fgvc.clustering.spherical_kmeans |   Init 2/5: inertia=2.861081
2026-08-13 15:39:24 | DEBUG    | fgvc.clustering.spherical_kmeans |   Init 3/5: inertia=2.911081
2026-08-13 15:39:24 | DEBUG    | fgvc.clustering.spherical_kmeans |   Init 4/5: inertia=2.767579
2026-08-13 15:39:24 | DEBUG    | fgvc.clustering.spherical_kmeans |   Init 5/5: inertia=2.924905
2026-08-13 15:39:24 | DEBUG    | fgvc.clustering.spherical_kmeans | K selection: best_k=2 | scores={2: {'silhouette': 0.3315, 'compactness': 0.8579, 'score': 0.4231}, 3: {'silhouette': 0.2187, 'compactness': 0.8718, 'score': 0.3042}, 4: {'silhouette': 0.1494, 'compactness': 0.8812, 'score': 0.2058}, 5: {'silhouette': 0.204, 'compactness': 0.8893, 'score': 0.1688}}
2026-08-13 15:39:24 | DEBUG    | fgvc.clustering.spherical_kmeans |   Init 1/10: inertia=3.552979
2026-08-13 15:39:24 | DEBUG    | fgvc.clustering.spherical_kmeans |   Init 2/10: inertia=3.552979
2026-08-13 15:39:24 | DEBUG    | fgvc.clustering.spherical_kmeans |   Init 3/10: inertia=3.576891
2026-08-13 15:39:24 | DEBUG    | fgvc.clustering.spherical_kmeans |   Init 4/10: inertia=3.576891
2026-08-13 15:39:24 | DEBUG    | fgvc.clustering.spherical_kmeans |   Init 5/10: inertia=3.576891
2026-08-13 15:39:24 | DEBUG    | fgvc.clustering.spherical_kmeans |   Init 6/10: inertia=3.552979
2026-08-13 15:39:24 | DEBUG    | fgvc.clustering.spherical_kmeans |   Init 7/10: inertia=3.576891
2026-08-13 15:39:24 | DEBUG    | fgvc.clustering.spherical_kmeans |   Init 8/10: inertia=3.552979
2026-08-13 15:39:24 | DEBUG    | fgvc.clustering.spherical_kmeans |   Init 9/10: inertia=4.415545
2026-08-13 15:39:24 | DEBUG    | fgvc.clustering.spherical_kmeans |   Init 10/10: inertia=4.234576
2026-08-13 15:39:24 | INFO     | fgvc.clustering.spherical_kmeans |   [Tree_Sparrow] k_selected=2 | k_effective=2 | min_cluster=8 | max_cluster=17
2026-08-13 15:39:24 | INFO     | fgvc.clustering.spherical_kmeans |   [Tree_Swallow] 25 images
2026-08-13 15:39:24 | DEBUG    | fgvc.clustering.spherical_kmeans |   Init 1/5: inertia=4.128031
2026-08-13 15:39:24 | DEBUG    | fgvc.clustering.spherical_kmeans |   Init 2/5: inertia=4.167385
2026-08-13 15:39:24 | DEBUG    | fgvc.clustering.spherical_kmeans |   Init 3/5: inertia=4.142148
2026-08-13 15:39:24 | DEBUG    | fgvc.clustering.spherical_kmeans |   Init 4/5: inertia=4.117236
2026-08-13 15:39:24 | DEBUG    | fgvc.clustering.spherical_kmeans |   Init 5/5: inertia=4.110993
2026-08-13 15:39:24 | DEBUG    | fgvc.clustering.spherical_kmeans |   Init 1/5: inertia=3.875690
2026-08-13 15:39:24 | DEBUG    | fgvc.clustering.spherical_kmeans |   Init 2/5: inertia=3.773704
2026-08-13 15:39:24 | DEBUG    | fgvc.clustering.spherical_kmeans |   Init 3/5: inertia=3.836222
2026-08-13 15:39:24 | DEBUG    | fgvc.clustering.spherical_kmeans |   Init 4/5: inertia=3.825060
2026-08-13 15:39:24 | DEBUG    | fgvc.clustering.spherical_kmeans |   Init 5/5: inertia=3.826898
2026-08-13 15:39:24 | DEBUG    | fgvc.clustering.spherical_kmeans |   Init 1/5: inertia=3.600384
2026-08-13 15:39:24 | DEBUG    | fgvc.clustering.spherical_kmeans |   Init 2/5: inertia=3.600089
2026-08-13 15:39:24 | DEBUG    | fgvc.clustering.spherical_kmeans |   Init 3/5: inertia=3.582663
2026-08-13 15:39:24 | DEBUG    | fgvc.clustering.spherical_kmeans |   Init 4/5: inertia=3.563491
2026-08-13 15:39:24 | DEBUG    | fgvc.clustering.spherical_kmeans |   Init 5/5: inertia=3.643978
2026-08-13 15:39:24 | DEBUG    | fgvc.clustering.spherical_kmeans |   Init 1/5: inertia=3.270727
2026-08-13 15:39:24 | DEBUG    | fgvc.clustering.spherical_kmeans |   Init 2/5: inertia=3.349732
2026-08-13 15:39:24 | DEBUG    | fgvc.clustering.spherical_kmeans |   Init 3/5: inertia=3.327626
2026-08-13 15:39:24 | DEBUG    | fgvc.clustering.spherical_kmeans |   Init 4/5: inertia=3.337156
2026-08-13 15:39:24 | DEBUG    | fgvc.clustering.spherical_kmeans |   Init 5/5: inertia=3.398318
2026-08-13 15:39:24 | DEBUG    | fgvc.clustering.spherical_kmeans | K selection: best_k=2 | scores={2: {'silhouette': 0.0865, 'compactness': 0.8356, 'score': 0.2939}, 3: {'silhouette': 0.0511, 'compactness': 0.8491, 'score': 0.2136}, 4: {'silhouette': 0.043, 'compactness': 0.8575, 'score': 0.1454}, 5: {'silhouette': 0.0623, 'compactness': 0.8692, 'score': 0.0919}}
2026-08-13 15:39:24 | DEBUG    | fgvc.clustering.spherical_kmeans |   Init 1/10: inertia=4.128031
2026-08-13 15:39:24 | DEBUG    | fgvc.clustering.spherical_kmeans |   Init 2/10: inertia=4.167385
2026-08-13 15:39:24 | DEBUG    | fgvc.clustering.spherical_kmeans |   Init 3/10: inertia=4.142148
2026-08-13 15:39:24 | DEBUG    | fgvc.clustering.spherical_kmeans |   Init 4/10: inertia=4.117236
2026-08-13 15:39:24 | DEBUG    | fgvc.clustering.spherical_kmeans |   Init 5/10: inertia=4.110993
2026-08-13 15:39:24 | DEBUG    | fgvc.clustering.spherical_kmeans |   Init 6/10: inertia=4.055138
2026-08-13 15:39:24 | DEBUG    | fgvc.clustering.spherical_kmeans |   Init 7/10: inertia=4.096462
2026-08-13 15:39:24 | DEBUG    | fgvc.clustering.spherical_kmeans |   Init 8/10: inertia=4.162433
2026-08-13 15:39:24 | DEBUG    | fgvc.clustering.spherical_kmeans |   Init 9/10: inertia=4.224762
2026-08-13 15:39:24 | DEBUG    | fgvc.clustering.spherical_kmeans |   Init 10/10: inertia=4.093292
2026-08-13 15:39:24 | INFO     | fgvc.clustering.spherical_kmeans |   [Tree_Swallow] k_selected=2 | k_effective=2 | min_cluster=11 | max_cluster=14
2026-08-13 15:39:24 | INFO     | fgvc.clustering.spherical_kmeans |   [Tropical_Kingbird] 25 images
2026-08-13 15:39:24 | DEBUG    | fgvc.clustering.spherical_kmeans |   Init 1/5: inertia=3.575154
2026-08-13 15:39:24 | DEBUG    | fgvc.clustering.spherical_kmeans |   Init 2/5: inertia=3.427901
2026-08-13 15:39:24 | DEBUG    | fgvc.clustering.spherical_kmeans |   Init 3/5: inertia=3.410096
2026-08-13 15:39:24 | DEBUG    | fgvc.clustering.spherical_kmeans |   Init 4/5: inertia=3.513822
2026-08-13 15:39:24 | DEBUG    | fgvc.clustering.spherical_kmeans |   Init 5/5: inertia=3.427901
2026-08-13 15:39:24 | DEBUG    | fgvc.clustering.spherical_kmeans |   Init 1/5: inertia=3.366230
2026-08-13 15:39:24 | DEBUG    | fgvc.clustering.spherical_kmeans |   Init 2/5: inertia=3.244317
2026-08-13 15:39:24 | DEBUG    | fgvc.clustering.spherical_kmeans |   Init 3/5: inertia=3.075736
2026-08-13 15:39:24 | DEBUG    | fgvc.clustering.spherical_kmeans |   Init 4/5: inertia=3.195811
2026-08-13 15:39:24 | DEBUG    | fgvc.clustering.spherical_kmeans |   Init 5/5: inertia=3.278197
2026-08-13 15:39:24 | DEBUG    | fgvc.clustering.spherical_kmeans |   Init 1/5: inertia=3.068407
2026-08-13 15:39:24 | DEBUG    | fgvc.clustering.spherical_kmeans |   Init 2/5: inertia=2.874752
2026-08-13 15:39:24 | DEBUG    | fgvc.clustering.spherical_kmeans |   Init 3/5: inertia=3.020164
2026-08-13 15:39:24 | DEBUG    | fgvc.clustering.spherical_kmeans |   Init 4/5: inertia=2.734090
2026-08-13 15:39:24 | DEBUG    | fgvc.clustering.spherical_kmeans |   Init 5/5: inertia=2.864159
2026-08-13 15:39:24 | DEBUG    | fgvc.clustering.spherical_kmeans |   Init 1/5: inertia=2.748984
2026-08-13 15:39:24 | DEBUG    | fgvc.clustering.spherical_kmeans |   Init 2/5: inertia=2.787740
2026-08-13 15:39:24 | DEBUG    | fgvc.clustering.spherical_kmeans |   Init 3/5: inertia=2.669361
2026-08-13 15:39:24 | DEBUG    | fgvc.clustering.spherical_kmeans |   Init 4/5: inertia=2.811769
2026-08-13 15:39:24 | DEBUG    | fgvc.clustering.spherical_kmeans |   Init 5/5: inertia=2.740351
2026-08-13 15:39:24 | DEBUG    | fgvc.clustering.spherical_kmeans | K selection: best_k=2 | scores={2: {'silhouette': 0.1077, 'compactness': 0.8636, 'score': 0.3129}, 3: {'silhouette': 0.0914, 'compactness': 0.877, 'score': 0.2421}, 4: {'silhouette': 0.1136, 'compactness': 0.8906, 'score': 0.1906}, 5: {'silhouette': 0.0399, 'compactness': 0.8932, 'score': 0.0879}}
2026-08-13 15:39:24 | DEBUG    | fgvc.clustering.spherical_kmeans |   Init 1/10: inertia=3.575154
2026-08-13 15:39:24 | DEBUG    | fgvc.clustering.spherical_kmeans |   Init 2/10: inertia=3.427901
2026-08-13 15:39:24 | DEBUG    | fgvc.clustering.spherical_kmeans |   Init 3/10: inertia=3.410096
2026-08-13 15:39:24 | DEBUG    | fgvc.clustering.spherical_kmeans |   Init 4/10: inertia=3.513822
2026-08-13 15:39:24 | DEBUG    | fgvc.clustering.spherical_kmeans |   Init 5/10: inertia=3.427901
2026-08-13 15:39:24 | DEBUG    | fgvc.clustering.spherical_kmeans |   Init 6/10: inertia=3.427901
2026-08-13 15:39:24 | DEBUG    | fgvc.clustering.spherical_kmeans |   Init 7/10: inertia=3.478422
2026-08-13 15:39:24 | DEBUG    | fgvc.clustering.spherical_kmeans |   Init 8/10: inertia=3.527753
2026-08-13 15:39:24 | DEBUG    | fgvc.clustering.spherical_kmeans |   Init 9/10: inertia=3.427901
2026-08-13 15:39:24 | DEBUG    | fgvc.clustering.spherical_kmeans |   Init 10/10: inertia=3.534871
2026-08-13 15:39:24 | INFO     | fgvc.clustering.spherical_kmeans |   [Tropical_Kingbird] k_selected=2 | k_effective=2 | min_cluster=11 | max_cluster=14
2026-08-13 15:39:24 | INFO     | fgvc.clustering.spherical_kmeans |   [Vermilion_Flycatcher] 25 images
2026-08-13 15:39:24 | DEBUG    | fgvc.clustering.spherical_kmeans |   Init 1/5: inertia=2.188992
2026-08-13 15:39:24 | DEBUG    | fgvc.clustering.spherical_kmeans |   Init 2/5: inertia=2.172961
2026-08-13 15:39:24 | DEBUG    | fgvc.clustering.spherical_kmeans |   Init 3/5: inertia=2.188992
2026-08-13 15:39:24 | DEBUG    | fgvc.clustering.spherical_kmeans |   Init 4/5: inertia=2.215957
2026-08-13 15:39:24 | DEBUG    | fgvc.clustering.spherical_kmeans |   Init 5/5: inertia=2.206053
2026-08-13 15:39:24 | DEBUG    | fgvc.clustering.spherical_kmeans |   Init 1/5: inertia=1.945861
2026-08-13 15:39:24 | DEBUG    | fgvc.clustering.spherical_kmeans |   Init 2/5: inertia=1.961898
2026-08-13 15:39:24 | DEBUG    | fgvc.clustering.spherical_kmeans |   Init 3/5: inertia=2.040900
2026-08-13 15:39:24 | DEBUG    | fgvc.clustering.spherical_kmeans |   Init 4/5: inertia=1.973935
2026-08-13 15:39:24 | DEBUG    | fgvc.clustering.spherical_kmeans |   Init 5/5: inertia=2.063437
2026-08-13 15:39:24 | DEBUG    | fgvc.clustering.spherical_kmeans |   Init 1/5: inertia=1.829952
2026-08-13 15:39:24 | DEBUG    | fgvc.clustering.spherical_kmeans |   Init 2/5: inertia=1.880267
2026-08-13 15:39:24 | DEBUG    | fgvc.clustering.spherical_kmeans |   Init 3/5: inertia=1.828982
2026-08-13 15:39:24 | DEBUG    | fgvc.clustering.spherical_kmeans |   Init 4/5: inertia=1.793682
2026-08-13 15:39:24 | DEBUG    | fgvc.clustering.spherical_kmeans |   Init 5/5: inertia=1.694455
2026-08-13 15:39:24 | DEBUG    | fgvc.clustering.spherical_kmeans |   Init 1/5: inertia=1.721164
2026-08-13 15:39:24 | DEBUG    | fgvc.clustering.spherical_kmeans |   Init 2/5: inertia=1.715656
2026-08-13 15:39:24 | DEBUG    | fgvc.clustering.spherical_kmeans |   Init 3/5: inertia=1.686887
2026-08-13 15:39:24 | DEBUG    | fgvc.clustering.spherical_kmeans |   Init 4/5: inertia=1.526904
2026-08-13 15:39:24 | DEBUG    | fgvc.clustering.spherical_kmeans |   Init 5/5: inertia=1.684931
2026-08-13 15:39:24 | DEBUG    | fgvc.clustering.spherical_kmeans | K selection: best_k=2 | scores={2: {'silhouette': 0.0846, 'compactness': 0.9131, 'score': 0.3162}, 3: {'silhouette': 0.1329, 'compactness': 0.9222, 'score': 0.2764}, 4: {'silhouette': 0.1092, 'compactness': 0.9322, 'score': 0.201}, 5: {'silhouette': 0.1036, 'compactness': 0.9389, 'score': 0.1335}}
2026-08-13 15:39:24 | DEBUG    | fgvc.clustering.spherical_kmeans |   Init 1/10: inertia=2.188992
2026-08-13 15:39:24 | DEBUG    | fgvc.clustering.spherical_kmeans |   Init 2/10: inertia=2.172961
2026-08-13 15:39:24 | DEBUG    | fgvc.clustering.spherical_kmeans |   Init 3/10: inertia=2.188992
2026-08-13 15:39:24 | DEBUG    | fgvc.clustering.spherical_kmeans |   Init 4/10: inertia=2.215957
2026-08-13 15:39:24 | DEBUG    | fgvc.clustering.spherical_kmeans |   Init 5/10: inertia=2.206053
2026-08-13 15:39:24 | DEBUG    | fgvc.clustering.spherical_kmeans |   Init 6/10: inertia=2.188992
2026-08-13 15:39:24 | DEBUG    | fgvc.clustering.spherical_kmeans |   Init 7/10: inertia=2.211559
2026-08-13 15:39:24 | DEBUG    | fgvc.clustering.spherical_kmeans |   Init 8/10: inertia=2.215657
2026-08-13 15:39:24 | DEBUG    | fgvc.clustering.spherical_kmeans |   Init 9/10: inertia=2.233523
2026-08-13 15:39:24 | DEBUG    | fgvc.clustering.spherical_kmeans |   Init 10/10: inertia=2.192723
2026-08-13 15:39:24 | INFO     | fgvc.clustering.spherical_kmeans |   [Vermilion_Flycatcher] k_selected=2 | k_effective=2 | min_cluster=9 | max_cluster=16
2026-08-13 15:39:24 | INFO     | fgvc.clustering.spherical_kmeans |   [Vesper_Sparrow] 25 images
2026-08-13 15:39:24 | DEBUG    | fgvc.clustering.spherical_kmeans |   Init 1/5: inertia=5.711804
2026-08-13 15:39:24 | DEBUG    | fgvc.clustering.spherical_kmeans |   Init 2/5: inertia=5.969042
2026-08-13 15:39:24 | DEBUG    | fgvc.clustering.spherical_kmeans |   Init 3/5: inertia=5.879270
2026-08-13 15:39:24 | DEBUG    | fgvc.clustering.spherical_kmeans |   Init 4/5: inertia=5.968777
2026-08-13 15:39:24 | DEBUG    | fgvc.clustering.spherical_kmeans |   Init 5/5: inertia=5.977387
2026-08-13 15:39:24 | DEBUG    | fgvc.clustering.spherical_kmeans |   Init 1/5: inertia=5.316131
2026-08-13 15:39:24 | DEBUG    | fgvc.clustering.spherical_kmeans |   Init 2/5: inertia=5.579946
2026-08-13 15:39:24 | DEBUG    | fgvc.clustering.spherical_kmeans |   Init 3/5: inertia=5.549820
2026-08-13 15:39:24 | DEBUG    | fgvc.clustering.spherical_kmeans |   Init 4/5: inertia=5.548398
2026-08-13 15:39:24 | DEBUG    | fgvc.clustering.spherical_kmeans |   Init 5/5: inertia=5.540995
2026-08-13 15:39:24 | DEBUG    | fgvc.clustering.spherical_kmeans |   Init 1/5: inertia=4.987266
2026-08-13 15:39:24 | DEBUG    | fgvc.clustering.spherical_kmeans |   Init 2/5: inertia=5.165400
2026-08-13 15:39:24 | DEBUG    | fgvc.clustering.spherical_kmeans |   Init 3/5: inertia=5.048045
2026-08-13 15:39:24 | DEBUG    | fgvc.clustering.spherical_kmeans |   Init 4/5: inertia=5.217346
2026-08-13 15:39:24 | DEBUG    | fgvc.clustering.spherical_kmeans |   Init 5/5: inertia=5.230595
2026-08-13 15:39:24 | DEBUG    | fgvc.clustering.spherical_kmeans |   Init 1/5: inertia=4.581835
2026-08-13 15:39:24 | DEBUG    | fgvc.clustering.spherical_kmeans |   Init 2/5: inertia=4.765625
2026-08-13 15:39:24 | DEBUG    | fgvc.clustering.spherical_kmeans |   Init 3/5: inertia=4.829829
2026-08-13 15:39:24 | DEBUG    | fgvc.clustering.spherical_kmeans |   Init 4/5: inertia=4.609781
2026-08-13 15:39:24 | DEBUG    | fgvc.clustering.spherical_kmeans |   Init 5/5: inertia=4.784431
2026-08-13 15:39:24 | DEBUG    | fgvc.clustering.spherical_kmeans | K selection: best_k=2 | scores={2: {'silhouette': 0.4089, 'compactness': 0.7715, 'score': 0.4359}, 3: {'silhouette': 0.04, 'compactness': 0.7874, 'score': 0.1895}, 4: {'silhouette': 0.0185, 'compactness': 0.8005, 'score': 0.1161}, 5: {'silhouette': 0.0249, 'compactness': 0.8167, 'score': 0.0575}}
2026-08-13 15:39:24 | DEBUG    | fgvc.clustering.spherical_kmeans |   Init 1/10: inertia=5.711804
2026-08-13 15:39:24 | DEBUG    | fgvc.clustering.spherical_kmeans |   Init 2/10: inertia=5.969042
2026-08-13 15:39:24 | DEBUG    | fgvc.clustering.spherical_kmeans |   Init 3/10: inertia=5.879270
2026-08-13 15:39:24 | DEBUG    | fgvc.clustering.spherical_kmeans |   Init 4/10: inertia=5.968777
2026-08-13 15:39:24 | DEBUG    | fgvc.clustering.spherical_kmeans |   Init 5/10: inertia=5.977387
2026-08-13 15:39:24 | DEBUG    | fgvc.clustering.spherical_kmeans |   Init 6/10: inertia=5.953066
2026-08-13 15:39:24 | DEBUG    | fgvc.clustering.spherical_kmeans |   Init 7/10: inertia=5.940288
2026-08-13 15:39:24 | DEBUG    | fgvc.clustering.spherical_kmeans |   Init 8/10: inertia=5.893100
2026-08-13 15:39:24 | DEBUG    | fgvc.clustering.spherical_kmeans |   Init 9/10: inertia=5.904808
2026-08-13 15:39:24 | DEBUG    | fgvc.clustering.spherical_kmeans |   Init 10/10: inertia=5.711804
2026-08-13 15:39:24 | INFO     | fgvc.clustering.spherical_kmeans |   [Vesper_Sparrow] k_selected=2 | k_effective=1 | min_cluster=25 | max_cluster=25
2026-08-13 15:39:24 | INFO     | fgvc.clustering.spherical_kmeans |   [Warbling_Vireo] 25 images
2026-08-13 15:39:24 | DEBUG    | fgvc.clustering.spherical_kmeans |   Init 1/5: inertia=5.703221
2026-08-13 15:39:24 | DEBUG    | fgvc.clustering.spherical_kmeans |   Init 2/5: inertia=5.754589
2026-08-13 15:39:24 | DEBUG    | fgvc.clustering.spherical_kmeans |   Init 3/5: inertia=5.776690
2026-08-13 15:39:24 | DEBUG    | fgvc.clustering.spherical_kmeans |   Init 4/5: inertia=5.673711
2026-08-13 15:39:24 | DEBUG    | fgvc.clustering.spherical_kmeans |   Init 5/5: inertia=5.599490
2026-08-13 15:39:24 | DEBUG    | fgvc.clustering.spherical_kmeans |   Init 1/5: inertia=5.419317
2026-08-13 15:39:24 | DEBUG    | fgvc.clustering.spherical_kmeans |   Init 2/5: inertia=5.319271
2026-08-13 15:39:24 | DEBUG    | fgvc.clustering.spherical_kmeans |   Init 3/5: inertia=5.171167
2026-08-13 15:39:24 | DEBUG    | fgvc.clustering.spherical_kmeans |   Init 4/5: inertia=5.461020
2026-08-13 15:39:24 | DEBUG    | fgvc.clustering.spherical_kmeans |   Init 5/5: inertia=5.185005
2026-08-13 15:39:24 | DEBUG    | fgvc.clustering.spherical_kmeans |   Init 1/5: inertia=4.968566
2026-08-13 15:39:24 | DEBUG    | fgvc.clustering.spherical_kmeans |   Init 2/5: inertia=4.908563
2026-08-13 15:39:24 | DEBUG    | fgvc.clustering.spherical_kmeans |   Init 3/5: inertia=4.907258
2026-08-13 15:39:24 | DEBUG    | fgvc.clustering.spherical_kmeans |   Init 4/5: inertia=4.910579
2026-08-13 15:39:24 | DEBUG    | fgvc.clustering.spherical_kmeans |   Init 5/5: inertia=4.891812
2026-08-13 15:39:24 | DEBUG    | fgvc.clustering.spherical_kmeans |   Init 1/5: inertia=4.734916
2026-08-13 15:39:24 | DEBUG    | fgvc.clustering.spherical_kmeans |   Init 2/5: inertia=4.624835
2026-08-13 15:39:24 | DEBUG    | fgvc.clustering.spherical_kmeans |   Init 3/5: inertia=4.522671
2026-08-13 15:39:24 | DEBUG    | fgvc.clustering.spherical_kmeans |   Init 4/5: inertia=4.638737
2026-08-13 15:39:24 | DEBUG    | fgvc.clustering.spherical_kmeans |   Init 5/5: inertia=4.602727
2026-08-13 15:39:24 | DEBUG    | fgvc.clustering.spherical_kmeans | K selection: best_k=2 | scores={2: {'silhouette': 0.0732, 'compactness': 0.776, 'score': 0.2694}, 3: {'silhouette': 0.0586, 'compactness': 0.7932, 'score': 0.2006}, 4: {'silhouette': 0.0476, 'compactness': 0.8043, 'score': 0.1318}, 5: {'silhouette': 0.0429, 'compactness': 0.8191, 'score': 0.0672}}
2026-08-13 15:39:24 | DEBUG    | fgvc.clustering.spherical_kmeans |   Init 1/10: inertia=5.703221
2026-08-13 15:39:24 | DEBUG    | fgvc.clustering.spherical_kmeans |   Init 2/10: inertia=5.754589
2026-08-13 15:39:24 | DEBUG    | fgvc.clustering.spherical_kmeans |   Init 3/10: inertia=5.776690
2026-08-13 15:39:24 | DEBUG    | fgvc.clustering.spherical_kmeans |   Init 4/10: inertia=5.673711
2026-08-13 15:39:24 | DEBUG    | fgvc.clustering.spherical_kmeans |   Init 5/10: inertia=5.599490
2026-08-13 15:39:24 | DEBUG    | fgvc.clustering.spherical_kmeans |   Init 6/10: inertia=5.614585
2026-08-13 15:39:24 | DEBUG    | fgvc.clustering.spherical_kmeans |   Init 7/10: inertia=5.691734
2026-08-13 15:39:24 | DEBUG    | fgvc.clustering.spherical_kmeans |   Init 8/10: inertia=5.692186
2026-08-13 15:39:24 | DEBUG    | fgvc.clustering.spherical_kmeans |   Init 9/10: inertia=5.632591
2026-08-13 15:39:24 | DEBUG    | fgvc.clustering.spherical_kmeans |   Init 10/10: inertia=5.637355
2026-08-13 15:39:24 | INFO     | fgvc.clustering.spherical_kmeans |   [Warbling_Vireo] k_selected=2 | k_effective=2 | min_cluster=6 | max_cluster=19
2026-08-13 15:39:24 | INFO     | fgvc.clustering.spherical_kmeans |   [Western_Grebe] 25 images
2026-08-13 15:39:24 | DEBUG    | fgvc.clustering.spherical_kmeans |   Init 1/5: inertia=4.177921
2026-08-13 15:39:24 | DEBUG    | fgvc.clustering.spherical_kmeans |   Init 2/5: inertia=4.142162
2026-08-13 15:39:24 | DEBUG    | fgvc.clustering.spherical_kmeans |   Init 3/5: inertia=4.223158
2026-08-13 15:39:24 | DEBUG    | fgvc.clustering.spherical_kmeans |   Init 4/5: inertia=4.141977
2026-08-13 15:39:24 | DEBUG    | fgvc.clustering.spherical_kmeans |   Init 5/5: inertia=4.193579
2026-08-13 15:39:24 | DEBUG    | fgvc.clustering.spherical_kmeans |   Init 1/5: inertia=3.875387
2026-08-13 15:39:24 | DEBUG    | fgvc.clustering.spherical_kmeans |   Init 2/5: inertia=3.844870
2026-08-13 15:39:24 | DEBUG    | fgvc.clustering.spherical_kmeans |   Init 3/5: inertia=3.846632
2026-08-13 15:39:24 | DEBUG    | fgvc.clustering.spherical_kmeans |   Init 4/5: inertia=3.908061
2026-08-13 15:39:24 | DEBUG    | fgvc.clustering.spherical_kmeans |   Init 5/5: inertia=3.998714
2026-08-13 15:39:24 | DEBUG    | fgvc.clustering.spherical_kmeans |   Init 1/5: inertia=3.663068
2026-08-13 15:39:24 | DEBUG    | fgvc.clustering.spherical_kmeans |   Init 2/5: inertia=3.638196
2026-08-13 15:39:24 | DEBUG    | fgvc.clustering.spherical_kmeans |   Init 3/5: inertia=3.559413
2026-08-13 15:39:24 | DEBUG    | fgvc.clustering.spherical_kmeans |   Init 4/5: inertia=3.555629
2026-08-13 15:39:24 | DEBUG    | fgvc.clustering.spherical_kmeans |   Init 5/5: inertia=3.749812
2026-08-13 15:39:24 | DEBUG    | fgvc.clustering.spherical_kmeans |   Init 1/5: inertia=3.446158
2026-08-13 15:39:24 | DEBUG    | fgvc.clustering.spherical_kmeans |   Init 2/5: inertia=3.385673
2026-08-13 15:39:24 | DEBUG    | fgvc.clustering.spherical_kmeans |   Init 3/5: inertia=3.253907
2026-08-13 15:39:24 | DEBUG    | fgvc.clustering.spherical_kmeans |   Init 4/5: inertia=3.451799
2026-08-13 15:39:24 | DEBUG    | fgvc.clustering.spherical_kmeans |   Init 5/5: inertia=3.375808
2026-08-13 15:39:24 | DEBUG    | fgvc.clustering.spherical_kmeans | K selection: best_k=2 | scores={2: {'silhouette': 0.2285, 'compactness': 0.8343, 'score': 0.3646}, 3: {'silhouette': 0.013, 'compactness': 0.8462, 'score': 0.1937}, 4: {'silhouette': 0.0567, 'compactness': 0.8578, 'score': 0.1524}, 5: {'silhouette': 0.0459, 'compactness': 0.8698, 'score': 0.0839}}
2026-08-13 15:39:24 | DEBUG    | fgvc.clustering.spherical_kmeans |   Init 1/10: inertia=4.177921
2026-08-13 15:39:24 | DEBUG    | fgvc.clustering.spherical_kmeans |   Init 2/10: inertia=4.142162
2026-08-13 15:39:24 | DEBUG    | fgvc.clustering.spherical_kmeans |   Init 3/10: inertia=4.223158
2026-08-13 15:39:24 | DEBUG    | fgvc.clustering.spherical_kmeans |   Init 4/10: inertia=4.141977
2026-08-13 15:39:24 | DEBUG    | fgvc.clustering.spherical_kmeans |   Init 5/10: inertia=4.193579
2026-08-13 15:39:24 | DEBUG    | fgvc.clustering.spherical_kmeans |   Init 6/10: inertia=4.312044
2026-08-13 15:39:24 | DEBUG    | fgvc.clustering.spherical_kmeans |   Init 7/10: inertia=4.167831
2026-08-13 15:39:24 | DEBUG    | fgvc.clustering.spherical_kmeans |   Init 8/10: inertia=4.102174
2026-08-13 15:39:24 | DEBUG    | fgvc.clustering.spherical_kmeans |   Init 9/10: inertia=4.284110
2026-08-13 15:39:24 | DEBUG    | fgvc.clustering.spherical_kmeans |   Init 10/10: inertia=4.145548
2026-08-13 15:39:24 | INFO     | fgvc.clustering.spherical_kmeans |   [Western_Grebe] k_selected=2 | k_effective=2 | min_cluster=12 | max_cluster=13
2026-08-13 15:39:24 | INFO     | fgvc.clustering.spherical_kmeans |   [Western_Gull] 25 images
2026-08-13 15:39:24 | DEBUG    | fgvc.clustering.spherical_kmeans |   Init 1/5: inertia=5.021366
2026-08-13 15:39:24 | DEBUG    | fgvc.clustering.spherical_kmeans |   Init 2/5: inertia=5.144128
2026-08-13 15:39:24 | DEBUG    | fgvc.clustering.spherical_kmeans |   Init 3/5: inertia=5.263208
2026-08-13 15:39:24 | DEBUG    | fgvc.clustering.spherical_kmeans |   Init 4/5: inertia=4.827229
2026-08-13 15:39:24 | DEBUG    | fgvc.clustering.spherical_kmeans |   Init 5/5: inertia=5.021366
2026-08-13 15:39:24 | DEBUG    | fgvc.clustering.spherical_kmeans |   Init 1/5: inertia=4.571510
2026-08-13 15:39:24 | DEBUG    | fgvc.clustering.spherical_kmeans |   Init 2/5: inertia=5.026101
2026-08-13 15:39:24 | DEBUG    | fgvc.clustering.spherical_kmeans |   Init 3/5: inertia=4.570590
2026-08-13 15:39:24 | DEBUG    | fgvc.clustering.spherical_kmeans |   Init 4/5: inertia=4.597929
2026-08-13 15:39:24 | DEBUG    | fgvc.clustering.spherical_kmeans |   Init 5/5: inertia=4.536981
2026-08-13 15:39:24 | DEBUG    | fgvc.clustering.spherical_kmeans |   Init 1/5: inertia=4.340578
2026-08-13 15:39:24 | DEBUG    | fgvc.clustering.spherical_kmeans |   Init 2/5: inertia=4.289695
2026-08-13 15:39:24 | DEBUG    | fgvc.clustering.spherical_kmeans |   Init 3/5: inertia=4.603527
2026-08-13 15:39:24 | DEBUG    | fgvc.clustering.spherical_kmeans |   Init 4/5: inertia=4.360584
2026-08-13 15:39:24 | DEBUG    | fgvc.clustering.spherical_kmeans |   Init 5/5: inertia=4.564970
2026-08-13 15:39:24 | DEBUG    | fgvc.clustering.spherical_kmeans |   Init 1/5: inertia=4.089178
2026-08-13 15:39:24 | DEBUG    | fgvc.clustering.spherical_kmeans |   Init 2/5: inertia=3.991743
2026-08-13 15:39:24 | DEBUG    | fgvc.clustering.spherical_kmeans |   Init 3/5: inertia=3.729709
2026-08-13 15:39:24 | DEBUG    | fgvc.clustering.spherical_kmeans |   Init 4/5: inertia=4.106741
2026-08-13 15:39:24 | DEBUG    | fgvc.clustering.spherical_kmeans |   Init 5/5: inertia=4.026411
2026-08-13 15:39:24 | DEBUG    | fgvc.clustering.spherical_kmeans | K selection: best_k=2 | scores={2: {'silhouette': 0.2006, 'compactness': 0.8069, 'score': 0.3423}, 3: {'silhouette': 0.0573, 'compactness': 0.8185, 'score': 0.2075}, 4: {'silhouette': 0.0493, 'compactness': 0.8284, 'score': 0.1398}, 5: {'silhouette': 0.1683, 'compactness': 0.8508, 'score': 0.1394}}
2026-08-13 15:39:24 | DEBUG    | fgvc.clustering.spherical_kmeans |   Init 1/10: inertia=5.021366
2026-08-13 15:39:24 | DEBUG    | fgvc.clustering.spherical_kmeans |   Init 2/10: inertia=5.144128
2026-08-13 15:39:24 | DEBUG    | fgvc.clustering.spherical_kmeans |   Init 3/10: inertia=5.263208
2026-08-13 15:39:24 | DEBUG    | fgvc.clustering.spherical_kmeans |   Init 4/10: inertia=4.827229
2026-08-13 15:39:24 | DEBUG    | fgvc.clustering.spherical_kmeans |   Init 5/10: inertia=5.021366
2026-08-13 15:39:24 | DEBUG    | fgvc.clustering.spherical_kmeans |   Init 6/10: inertia=5.085060
2026-08-13 15:39:24 | DEBUG    | fgvc.clustering.spherical_kmeans |   Init 7/10: inertia=4.864087
2026-08-13 15:39:24 | DEBUG    | fgvc.clustering.spherical_kmeans |   Init 8/10: inertia=5.117555
2026-08-13 15:39:24 | DEBUG    | fgvc.clustering.spherical_kmeans |   Init 9/10: inertia=4.947010
2026-08-13 15:39:24 | DEBUG    | fgvc.clustering.spherical_kmeans |   Init 10/10: inertia=5.218996
2026-08-13 15:39:24 | INFO     | fgvc.clustering.spherical_kmeans |   [Western_Gull] k_selected=2 | k_effective=2 | min_cluster=7 | max_cluster=18
2026-08-13 15:39:24 | INFO     | fgvc.clustering.spherical_kmeans |   [Western_Meadowlark] 25 images
2026-08-13 15:39:24 | DEBUG    | fgvc.clustering.spherical_kmeans |   Init 1/5: inertia=2.171606
2026-08-13 15:39:24 | DEBUG    | fgvc.clustering.spherical_kmeans |   Init 2/5: inertia=2.171606
2026-08-13 15:39:24 | DEBUG    | fgvc.clustering.spherical_kmeans |   Init 3/5: inertia=2.171606
2026-08-13 15:39:24 | DEBUG    | fgvc.clustering.spherical_kmeans |   Init 4/5: inertia=2.262358
2026-08-13 15:39:24 | DEBUG    | fgvc.clustering.spherical_kmeans |   Init 5/5: inertia=2.221910
2026-08-13 15:39:24 | DEBUG    | fgvc.clustering.spherical_kmeans |   Init 1/5: inertia=2.059958
2026-08-13 15:39:24 | DEBUG    | fgvc.clustering.spherical_kmeans |   Init 2/5: inertia=2.058424
2026-08-13 15:39:24 | DEBUG    | fgvc.clustering.spherical_kmeans |   Init 3/5: inertia=2.105306
2026-08-13 15:39:24 | DEBUG    | fgvc.clustering.spherical_kmeans |   Init 4/5: inertia=2.191686
2026-08-13 15:39:24 | DEBUG    | fgvc.clustering.spherical_kmeans |   Init 5/5: inertia=2.132629
2026-08-13 15:39:24 | DEBUG    | fgvc.clustering.spherical_kmeans |   Init 1/5: inertia=1.883768
2026-08-13 15:39:24 | DEBUG    | fgvc.clustering.spherical_kmeans |   Init 2/5: inertia=1.855065
2026-08-13 15:39:24 | DEBUG    | fgvc.clustering.spherical_kmeans |   Init 3/5: inertia=1.945566
2026-08-13 15:39:24 | DEBUG    | fgvc.clustering.spherical_kmeans |   Init 4/5: inertia=1.738114
2026-08-13 15:39:24 | DEBUG    | fgvc.clustering.spherical_kmeans |   Init 5/5: inertia=1.734861
2026-08-13 15:39:24 | DEBUG    | fgvc.clustering.spherical_kmeans |   Init 1/5: inertia=1.783125
2026-08-13 15:39:24 | DEBUG    | fgvc.clustering.spherical_kmeans |   Init 2/5: inertia=1.705597
2026-08-13 15:39:24 | DEBUG    | fgvc.clustering.spherical_kmeans |   Init 3/5: inertia=1.610694
2026-08-13 15:39:24 | DEBUG    | fgvc.clustering.spherical_kmeans |   Init 4/5: inertia=1.648735
2026-08-13 15:39:24 | DEBUG    | fgvc.clustering.spherical_kmeans |   Init 5/5: inertia=1.801085
2026-08-13 15:39:24 | DEBUG    | fgvc.clustering.spherical_kmeans | K selection: best_k=2 | scores={2: {'silhouette': 0.1779, 'compactness': 0.9131, 'score': 0.3629}, 3: {'silhouette': 0.0442, 'compactness': 0.9177, 'score': 0.2307}, 4: {'silhouette': 0.1127, 'compactness': 0.9306, 'score': 0.2022}, 5: {'silhouette': 0.0602, 'compactness': 0.9356, 'score': 0.1108}}
2026-08-13 15:39:24 | DEBUG    | fgvc.clustering.spherical_kmeans |   Init 1/10: inertia=2.171606
2026-08-13 15:39:24 | DEBUG    | fgvc.clustering.spherical_kmeans |   Init 2/10: inertia=2.171606
2026-08-13 15:39:24 | DEBUG    | fgvc.clustering.spherical_kmeans |   Init 3/10: inertia=2.171606
2026-08-13 15:39:24 | DEBUG    | fgvc.clustering.spherical_kmeans |   Init 4/10: inertia=2.262358
2026-08-13 15:39:24 | DEBUG    | fgvc.clustering.spherical_kmeans |   Init 5/10: inertia=2.221910
2026-08-13 15:39:24 | DEBUG    | fgvc.clustering.spherical_kmeans |   Init 6/10: inertia=2.181867
2026-08-13 15:39:24 | DEBUG    | fgvc.clustering.spherical_kmeans |   Init 7/10: inertia=2.183942
2026-08-13 15:39:24 | DEBUG    | fgvc.clustering.spherical_kmeans |   Init 8/10: inertia=2.298578
2026-08-13 15:39:24 | DEBUG    | fgvc.clustering.spherical_kmeans |   Init 9/10: inertia=2.249131
2026-08-13 15:39:24 | DEBUG    | fgvc.clustering.spherical_kmeans |   Init 10/10: inertia=2.219942
2026-08-13 15:39:24 | INFO     | fgvc.clustering.spherical_kmeans |   [Western_Meadowlark] k_selected=2 | k_effective=2 | min_cluster=9 | max_cluster=16
2026-08-13 15:39:24 | INFO     | fgvc.clustering.spherical_kmeans |   [Western_Wood_Pewee] 25 images
2026-08-13 15:39:24 | DEBUG    | fgvc.clustering.spherical_kmeans |   Init 1/5: inertia=4.481672
2026-08-13 15:39:24 | DEBUG    | fgvc.clustering.spherical_kmeans |   Init 2/5: inertia=4.590674
2026-08-13 15:39:24 | DEBUG    | fgvc.clustering.spherical_kmeans |   Init 3/5: inertia=4.617002
2026-08-13 15:39:24 | DEBUG    | fgvc.clustering.spherical_kmeans |   Init 4/5: inertia=4.785105
2026-08-13 15:39:24 | DEBUG    | fgvc.clustering.spherical_kmeans |   Init 5/5: inertia=4.380404
2026-08-13 15:39:24 | DEBUG    | fgvc.clustering.spherical_kmeans |   Init 1/5: inertia=4.149097
2026-08-13 15:39:24 | DEBUG    | fgvc.clustering.spherical_kmeans |   Init 2/5: inertia=4.126280
2026-08-13 15:39:24 | DEBUG    | fgvc.clustering.spherical_kmeans |   Init 3/5: inertia=3.964693
2026-08-13 15:39:24 | DEBUG    | fgvc.clustering.spherical_kmeans |   Init 4/5: inertia=4.260012
2026-08-13 15:39:24 | DEBUG    | fgvc.clustering.spherical_kmeans |   Init 5/5: inertia=4.037951
2026-08-13 15:39:24 | DEBUG    | fgvc.clustering.spherical_kmeans |   Init 1/5: inertia=3.826272
2026-08-13 15:39:24 | DEBUG    | fgvc.clustering.spherical_kmeans |   Init 2/5: inertia=3.786243
2026-08-13 15:39:24 | DEBUG    | fgvc.clustering.spherical_kmeans |   Init 3/5: inertia=3.757431
2026-08-13 15:39:24 | DEBUG    | fgvc.clustering.spherical_kmeans |   Init 4/5: inertia=3.880729
2026-08-13 15:39:24 | DEBUG    | fgvc.clustering.spherical_kmeans |   Init 5/5: inertia=3.734249
2026-08-13 15:39:24 | DEBUG    | fgvc.clustering.spherical_kmeans |   Init 1/5: inertia=3.428643
2026-08-13 15:39:24 | DEBUG    | fgvc.clustering.spherical_kmeans |   Init 2/5: inertia=3.367836
2026-08-13 15:39:24 | DEBUG    | fgvc.clustering.spherical_kmeans |   Init 3/5: inertia=3.395098
2026-08-13 15:39:24 | DEBUG    | fgvc.clustering.spherical_kmeans |   Init 4/5: inertia=3.365485
2026-08-13 15:39:24 | DEBUG    | fgvc.clustering.spherical_kmeans |   Init 5/5: inertia=3.477457
2026-08-13 15:39:24 | DEBUG    | fgvc.clustering.spherical_kmeans | K selection: best_k=2 | scores={2: {'silhouette': 0.142, 'compactness': 0.8248, 'score': 0.3184}, 3: {'silhouette': 0.1166, 'compactness': 0.8414, 'score': 0.244}, 4: {'silhouette': 0.1093, 'compactness': 0.8506, 'score': 0.1765}, 5: {'silhouette': 0.1021, 'compactness': 0.8654, 'score': 0.1107}}
2026-08-13 15:39:24 | DEBUG    | fgvc.clustering.spherical_kmeans |   Init 1/10: inertia=4.481672
2026-08-13 15:39:24 | DEBUG    | fgvc.clustering.spherical_kmeans |   Init 2/10: inertia=4.590674
2026-08-13 15:39:24 | DEBUG    | fgvc.clustering.spherical_kmeans |   Init 3/10: inertia=4.617002
2026-08-13 15:39:24 | DEBUG    | fgvc.clustering.spherical_kmeans |   Init 4/10: inertia=4.785105
2026-08-13 15:39:24 | DEBUG    | fgvc.clustering.spherical_kmeans |   Init 5/10: inertia=4.380404
2026-08-13 15:39:24 | DEBUG    | fgvc.clustering.spherical_kmeans |   Init 6/10: inertia=4.362617
2026-08-13 15:39:24 | DEBUG    | fgvc.clustering.spherical_kmeans |   Init 7/10: inertia=4.386536
2026-08-13 15:39:24 | DEBUG    | fgvc.clustering.spherical_kmeans |   Init 8/10: inertia=4.565434
2026-08-13 15:39:24 | DEBUG    | fgvc.clustering.spherical_kmeans |   Init 9/10: inertia=4.590674
2026-08-13 15:39:24 | DEBUG    | fgvc.clustering.spherical_kmeans |   Init 10/10: inertia=4.382028
2026-08-13 15:39:24 | INFO     | fgvc.clustering.spherical_kmeans |   [Western_Wood_Pewee] k_selected=2 | k_effective=2 | min_cluster=10 | max_cluster=15
2026-08-13 15:39:24 | INFO     | fgvc.clustering.spherical_kmeans |   [Whip_poor_Will] 25 images
2026-08-13 15:39:24 | DEBUG    | fgvc.clustering.spherical_kmeans |   Init 1/5: inertia=4.471550
2026-08-13 15:39:24 | DEBUG    | fgvc.clustering.spherical_kmeans |   Init 2/5: inertia=4.489053
2026-08-13 15:39:24 | DEBUG    | fgvc.clustering.spherical_kmeans |   Init 3/5: inertia=4.642823
2026-08-13 15:39:24 | DEBUG    | fgvc.clustering.spherical_kmeans |   Init 4/5: inertia=4.412220
2026-08-13 15:39:24 | DEBUG    | fgvc.clustering.spherical_kmeans |   Init 5/5: inertia=4.541086
2026-08-13 15:39:24 | DEBUG    | fgvc.clustering.spherical_kmeans |   Init 1/5: inertia=4.087903
2026-08-13 15:39:24 | DEBUG    | fgvc.clustering.spherical_kmeans |   Init 2/5: inertia=4.208082
2026-08-13 15:39:24 | DEBUG    | fgvc.clustering.spherical_kmeans |   Init 3/5: inertia=4.123699
2026-08-13 15:39:24 | DEBUG    | fgvc.clustering.spherical_kmeans |   Init 4/5: inertia=4.143428
2026-08-13 15:39:24 | DEBUG    | fgvc.clustering.spherical_kmeans |   Init 5/5: inertia=4.144220
2026-08-13 15:39:24 | DEBUG    | fgvc.clustering.spherical_kmeans |   Init 1/5: inertia=3.767115
2026-08-13 15:39:24 | DEBUG    | fgvc.clustering.spherical_kmeans |   Init 2/5: inertia=3.832099
2026-08-13 15:39:24 | DEBUG    | fgvc.clustering.spherical_kmeans |   Init 3/5: inertia=3.791610
2026-08-13 15:39:24 | DEBUG    | fgvc.clustering.spherical_kmeans |   Init 4/5: inertia=3.825088
2026-08-13 15:39:24 | DEBUG    | fgvc.clustering.spherical_kmeans |   Init 5/5: inertia=3.757971
2026-08-13 15:39:24 | DEBUG    | fgvc.clustering.spherical_kmeans |   Init 1/5: inertia=3.444380
2026-08-13 15:39:24 | DEBUG    | fgvc.clustering.spherical_kmeans |   Init 2/5: inertia=3.476796
2026-08-13 15:39:24 | DEBUG    | fgvc.clustering.spherical_kmeans |   Init 3/5: inertia=3.556337
2026-08-13 15:39:24 | DEBUG    | fgvc.clustering.spherical_kmeans |   Init 4/5: inertia=3.504748
2026-08-13 15:39:24 | DEBUG    | fgvc.clustering.spherical_kmeans |   Init 5/5: inertia=3.566911
2026-08-13 15:39:24 | DEBUG    | fgvc.clustering.spherical_kmeans | K selection: best_k=2 | scores={2: {'silhouette': 0.1802, 'compactness': 0.8235, 'score': 0.3371}, 3: {'silhouette': 0.0862, 'compactness': 0.8365, 'score': 0.2274}, 4: {'silhouette': 0.0411, 'compactness': 0.8497, 'score': 0.1421}, 5: {'silhouette': 0.046, 'compactness': 0.8622, 'score': 0.0817}}
2026-08-13 15:39:24 | DEBUG    | fgvc.clustering.spherical_kmeans |   Init 1/10: inertia=4.471550
2026-08-13 15:39:24 | DEBUG    | fgvc.clustering.spherical_kmeans |   Init 2/10: inertia=4.489053
2026-08-13 15:39:24 | DEBUG    | fgvc.clustering.spherical_kmeans |   Init 3/10: inertia=4.642823
2026-08-13 15:39:24 | DEBUG    | fgvc.clustering.spherical_kmeans |   Init 4/10: inertia=4.412220
2026-08-13 15:39:24 | DEBUG    | fgvc.clustering.spherical_kmeans |   Init 5/10: inertia=4.541086
2026-08-13 15:39:24 | DEBUG    | fgvc.clustering.spherical_kmeans |   Init 6/10: inertia=4.588447
2026-08-13 15:39:24 | DEBUG    | fgvc.clustering.spherical_kmeans |   Init 7/10: inertia=4.581405
2026-08-13 15:39:24 | DEBUG    | fgvc.clustering.spherical_kmeans |   Init 8/10: inertia=4.471550
2026-08-13 15:39:24 | DEBUG    | fgvc.clustering.spherical_kmeans |   Init 9/10: inertia=4.498017
2026-08-13 15:39:24 | DEBUG    | fgvc.clustering.spherical_kmeans |   Init 10/10: inertia=4.471550
2026-08-13 15:39:24 | INFO     | fgvc.clustering.spherical_kmeans |   [Whip_poor_Will] k_selected=2 | k_effective=2 | min_cluster=6 | max_cluster=19
2026-08-13 15:39:24 | INFO     | fgvc.clustering.spherical_kmeans |   [White_Pelican] 25 images
2026-08-13 15:39:24 | DEBUG    | fgvc.clustering.spherical_kmeans |   Init 1/5: inertia=3.737100
2026-08-13 15:39:24 | DEBUG    | fgvc.clustering.spherical_kmeans |   Init 2/5: inertia=3.219872
2026-08-13 15:39:24 | DEBUG    | fgvc.clustering.spherical_kmeans |   Init 3/5: inertia=3.718907
2026-08-13 15:39:24 | DEBUG    | fgvc.clustering.spherical_kmeans |   Init 4/5: inertia=3.797140
2026-08-13 15:39:24 | DEBUG    | fgvc.clustering.spherical_kmeans |   Init 5/5: inertia=3.257229
2026-08-13 15:39:24 | DEBUG    | fgvc.clustering.spherical_kmeans |   Init 1/5: inertia=3.424438
2026-08-13 15:39:24 | DEBUG    | fgvc.clustering.spherical_kmeans |   Init 2/5: inertia=3.412722
2026-08-13 15:39:24 | DEBUG    | fgvc.clustering.spherical_kmeans |   Init 3/5: inertia=2.981654
2026-08-13 15:39:24 | DEBUG    | fgvc.clustering.spherical_kmeans |   Init 4/5: inertia=3.291177
2026-08-13 15:39:24 | DEBUG    | fgvc.clustering.spherical_kmeans |   Init 5/5: inertia=3.470490
2026-08-13 15:39:24 | DEBUG    | fgvc.clustering.spherical_kmeans |   Init 1/5: inertia=3.121548
2026-08-13 15:39:24 | DEBUG    | fgvc.clustering.spherical_kmeans |   Init 2/5: inertia=2.869534
2026-08-13 15:39:24 | DEBUG    | fgvc.clustering.spherical_kmeans |   Init 3/5: inertia=2.929956
2026-08-13 15:39:24 | DEBUG    | fgvc.clustering.spherical_kmeans |   Init 4/5: inertia=2.763368
2026-08-13 15:39:24 | DEBUG    | fgvc.clustering.spherical_kmeans |   Init 5/5: inertia=2.815289
2026-08-13 15:39:24 | DEBUG    | fgvc.clustering.spherical_kmeans |   Init 1/5: inertia=2.971692
2026-08-13 15:39:24 | DEBUG    | fgvc.clustering.spherical_kmeans |   Init 2/5: inertia=2.567196
2026-08-13 15:39:24 | DEBUG    | fgvc.clustering.spherical_kmeans |   Init 3/5: inertia=2.619210
2026-08-13 15:39:24 | DEBUG    | fgvc.clustering.spherical_kmeans |   Init 4/5: inertia=2.500431
2026-08-13 15:39:24 | DEBUG    | fgvc.clustering.spherical_kmeans |   Init 5/5: inertia=2.650208
2026-08-13 15:39:24 | DEBUG    | fgvc.clustering.spherical_kmeans | K selection: best_k=2 | scores={2: {'silhouette': 0.3074, 'compactness': 0.8712, 'score': 0.4151}, 3: {'silhouette': 0.1378, 'compactness': 0.8807, 'score': 0.2664}, 4: {'silhouette': 0.1093, 'compactness': 0.8895, 'score': 0.1882}, 5: {'silhouette': 0.0849, 'compactness': 0.9, 'score': 0.1125}}
2026-08-13 15:39:24 | DEBUG    | fgvc.clustering.spherical_kmeans |   Init 1/10: inertia=3.737100
2026-08-13 15:39:24 | DEBUG    | fgvc.clustering.spherical_kmeans |   Init 2/10: inertia=3.219872
2026-08-13 15:39:24 | DEBUG    | fgvc.clustering.spherical_kmeans |   Init 3/10: inertia=3.718907
2026-08-13 15:39:24 | DEBUG    | fgvc.clustering.spherical_kmeans |   Init 4/10: inertia=3.797140
2026-08-13 15:39:24 | DEBUG    | fgvc.clustering.spherical_kmeans |   Init 5/10: inertia=3.257229
2026-08-13 15:39:24 | DEBUG    | fgvc.clustering.spherical_kmeans |   Init 6/10: inertia=3.292078
2026-08-13 15:39:24 | DEBUG    | fgvc.clustering.spherical_kmeans |   Init 7/10: inertia=3.233051
2026-08-13 15:39:24 | DEBUG    | fgvc.clustering.spherical_kmeans |   Init 8/10: inertia=3.238297
2026-08-13 15:39:24 | DEBUG    | fgvc.clustering.spherical_kmeans |   Init 9/10: inertia=3.639239
2026-08-13 15:39:24 | DEBUG    | fgvc.clustering.spherical_kmeans |   Init 10/10: inertia=3.234083
2026-08-13 15:39:24 | INFO     | fgvc.clustering.spherical_kmeans |   [White_Pelican] k_selected=2 | k_effective=2 | min_cluster=7 | max_cluster=18
2026-08-13 15:39:24 | INFO     | fgvc.clustering.spherical_kmeans |   [White_breasted_Kingfisher] 25 images
2026-08-13 15:39:24 | DEBUG    | fgvc.clustering.spherical_kmeans |   Init 1/5: inertia=2.825230
2026-08-13 15:39:24 | DEBUG    | fgvc.clustering.spherical_kmeans |   Init 2/5: inertia=2.844336
2026-08-13 15:39:24 | DEBUG    | fgvc.clustering.spherical_kmeans |   Init 3/5: inertia=2.781184
2026-08-13 15:39:24 | DEBUG    | fgvc.clustering.spherical_kmeans |   Init 4/5: inertia=2.844315
2026-08-13 15:39:24 | DEBUG    | fgvc.clustering.spherical_kmeans |   Init 5/5: inertia=2.904680
2026-08-13 15:39:24 | DEBUG    | fgvc.clustering.spherical_kmeans |   Init 1/5: inertia=2.601832
2026-08-13 15:39:24 | DEBUG    | fgvc.clustering.spherical_kmeans |   Init 2/5: inertia=2.685131
2026-08-13 15:39:24 | DEBUG    | fgvc.clustering.spherical_kmeans |   Init 3/5: inertia=2.643461
2026-08-13 15:39:24 | DEBUG    | fgvc.clustering.spherical_kmeans |   Init 4/5: inertia=2.634913
2026-08-13 15:39:24 | DEBUG    | fgvc.clustering.spherical_kmeans |   Init 5/5: inertia=2.524539
2026-08-13 15:39:24 | DEBUG    | fgvc.clustering.spherical_kmeans |   Init 1/5: inertia=2.294602
2026-08-13 15:39:24 | DEBUG    | fgvc.clustering.spherical_kmeans |   Init 2/5: inertia=2.421301
2026-08-13 15:39:24 | DEBUG    | fgvc.clustering.spherical_kmeans |   Init 3/5: inertia=2.264269
2026-08-13 15:39:24 | DEBUG    | fgvc.clustering.spherical_kmeans |   Init 4/5: inertia=2.413415
2026-08-13 15:39:24 | DEBUG    | fgvc.clustering.spherical_kmeans |   Init 5/5: inertia=2.446333
2026-08-13 15:39:24 | DEBUG    | fgvc.clustering.spherical_kmeans |   Init 1/5: inertia=2.093091
2026-08-13 15:39:24 | DEBUG    | fgvc.clustering.spherical_kmeans |   Init 2/5: inertia=2.176659
2026-08-13 15:39:24 | DEBUG    | fgvc.clustering.spherical_kmeans |   Init 3/5: inertia=2.269515
2026-08-13 15:39:24 | DEBUG    | fgvc.clustering.spherical_kmeans |   Init 4/5: inertia=1.998724
2026-08-13 15:39:24 | DEBUG    | fgvc.clustering.spherical_kmeans |   Init 5/5: inertia=2.038667
2026-08-13 15:39:24 | DEBUG    | fgvc.clustering.spherical_kmeans | K selection: best_k=2 | scores={2: {'silhouette': 0.2, 'compactness': 0.8888, 'score': 0.3666}, 3: {'silhouette': 0.1057, 'compactness': 0.899, 'score': 0.2559}, 4: {'silhouette': 0.1063, 'compactness': 0.9094, 'score': 0.1927}, 5: {'silhouette': 0.2085, 'compactness': 0.9201, 'score': 0.1803}}
2026-08-13 15:39:24 | DEBUG    | fgvc.clustering.spherical_kmeans |   Init 1/10: inertia=2.825230
2026-08-13 15:39:24 | DEBUG    | fgvc.clustering.spherical_kmeans |   Init 2/10: inertia=2.844336
2026-08-13 15:39:24 | DEBUG    | fgvc.clustering.spherical_kmeans |   Init 3/10: inertia=2.781184
2026-08-13 15:39:24 | DEBUG    | fgvc.clustering.spherical_kmeans |   Init 4/10: inertia=2.844315
2026-08-13 15:39:24 | DEBUG    | fgvc.clustering.spherical_kmeans |   Init 5/10: inertia=2.904680
2026-08-13 15:39:24 | DEBUG    | fgvc.clustering.spherical_kmeans |   Init 6/10: inertia=2.858362
2026-08-13 15:39:24 | DEBUG    | fgvc.clustering.spherical_kmeans |   Init 7/10: inertia=2.819743
2026-08-13 15:39:24 | DEBUG    | fgvc.clustering.spherical_kmeans |   Init 8/10: inertia=2.817481
2026-08-13 15:39:24 | DEBUG    | fgvc.clustering.spherical_kmeans |   Init 9/10: inertia=2.904680
2026-08-13 15:39:24 | DEBUG    | fgvc.clustering.spherical_kmeans |   Init 10/10: inertia=2.839857
2026-08-13 15:39:24 | INFO     | fgvc.clustering.spherical_kmeans |   [White_breasted_Kingfisher] k_selected=2 | k_effective=2 | min_cluster=5 | max_cluster=20
2026-08-13 15:39:24 | INFO     | fgvc.clustering.spherical_kmeans |   [White_breasted_Nuthatch] 25 images
2026-08-13 15:39:24 | DEBUG    | fgvc.clustering.spherical_kmeans |   Init 1/5: inertia=2.843650
2026-08-13 15:39:24 | DEBUG    | fgvc.clustering.spherical_kmeans |   Init 2/5: inertia=2.853987
2026-08-13 15:39:24 | DEBUG    | fgvc.clustering.spherical_kmeans |   Init 3/5: inertia=2.903077
2026-08-13 15:39:24 | DEBUG    | fgvc.clustering.spherical_kmeans |   Init 4/5: inertia=2.856025
2026-08-13 15:39:24 | DEBUG    | fgvc.clustering.spherical_kmeans |   Init 5/5: inertia=2.856009
2026-08-13 15:39:24 | DEBUG    | fgvc.clustering.spherical_kmeans |   Init 1/5: inertia=2.639876
2026-08-13 15:39:24 | DEBUG    | fgvc.clustering.spherical_kmeans |   Init 2/5: inertia=2.687814
2026-08-13 15:39:24 | DEBUG    | fgvc.clustering.spherical_kmeans |   Init 3/5: inertia=2.681590
2026-08-13 15:39:24 | DEBUG    | fgvc.clustering.spherical_kmeans |   Init 4/5: inertia=2.681762
2026-08-13 15:39:24 | DEBUG    | fgvc.clustering.spherical_kmeans |   Init 5/5: inertia=2.663676
2026-08-13 15:39:24 | DEBUG    | fgvc.clustering.spherical_kmeans |   Init 1/5: inertia=2.492866
2026-08-13 15:39:24 | DEBUG    | fgvc.clustering.spherical_kmeans |   Init 2/5: inertia=2.512690
2026-08-13 15:39:24 | DEBUG    | fgvc.clustering.spherical_kmeans |   Init 3/5: inertia=2.495699
2026-08-13 15:39:24 | DEBUG    | fgvc.clustering.spherical_kmeans |   Init 4/5: inertia=2.489556
2026-08-13 15:39:24 | DEBUG    | fgvc.clustering.spherical_kmeans |   Init 5/5: inertia=2.519782
2026-08-13 15:39:24 | DEBUG    | fgvc.clustering.spherical_kmeans |   Init 1/5: inertia=2.234966
2026-08-13 15:39:24 | DEBUG    | fgvc.clustering.spherical_kmeans |   Init 2/5: inertia=2.291728
2026-08-13 15:39:24 | DEBUG    | fgvc.clustering.spherical_kmeans |   Init 3/5: inertia=2.368834
2026-08-13 15:39:24 | DEBUG    | fgvc.clustering.spherical_kmeans |   Init 4/5: inertia=2.381311
2026-08-13 15:39:24 | DEBUG    | fgvc.clustering.spherical_kmeans |   Init 5/5: inertia=2.305596
2026-08-13 15:39:24 | DEBUG    | fgvc.clustering.spherical_kmeans | K selection: best_k=2 | scores={2: {'silhouette': 0.1422, 'compactness': 0.8863, 'score': 0.337}, 3: {'silhouette': 0.1069, 'compactness': 0.8944, 'score': 0.2551}, 4: {'silhouette': 0.0816, 'compactness': 0.9004, 'score': 0.1776}, 5: {'silhouette': 0.0996, 'compactness': 0.9106, 'score': 0.123}}
2026-08-13 15:39:24 | DEBUG    | fgvc.clustering.spherical_kmeans |   Init 1/10: inertia=2.843650
2026-08-13 15:39:24 | DEBUG    | fgvc.clustering.spherical_kmeans |   Init 2/10: inertia=2.853987
2026-08-13 15:39:24 | DEBUG    | fgvc.clustering.spherical_kmeans |   Init 3/10: inertia=2.903077
2026-08-13 15:39:24 | DEBUG    | fgvc.clustering.spherical_kmeans |   Init 4/10: inertia=2.856025
2026-08-13 15:39:24 | DEBUG    | fgvc.clustering.spherical_kmeans |   Init 5/10: inertia=2.856009
2026-08-13 15:39:24 | DEBUG    | fgvc.clustering.spherical_kmeans |   Init 6/10: inertia=2.841801
2026-08-13 15:39:24 | DEBUG    | fgvc.clustering.spherical_kmeans |   Init 7/10: inertia=3.025935
2026-08-13 15:39:24 | DEBUG    | fgvc.clustering.spherical_kmeans |   Init 8/10: inertia=2.917160
2026-08-13 15:39:24 | DEBUG    | fgvc.clustering.spherical_kmeans |   Init 9/10: inertia=2.914050
2026-08-13 15:39:24 | DEBUG    | fgvc.clustering.spherical_kmeans |   Init 10/10: inertia=2.990554
2026-08-13 15:39:24 | INFO     | fgvc.clustering.spherical_kmeans |   [White_breasted_Nuthatch] k_selected=2 | k_effective=2 | min_cluster=7 | max_cluster=18
2026-08-13 15:39:24 | INFO     | fgvc.clustering.spherical_kmeans |   [White_crowned_Sparrow] 25 images
2026-08-13 15:39:24 | DEBUG    | fgvc.clustering.spherical_kmeans |   Init 1/5: inertia=4.608657
2026-08-13 15:39:24 | DEBUG    | fgvc.clustering.spherical_kmeans |   Init 2/5: inertia=4.472559
2026-08-13 15:39:24 | DEBUG    | fgvc.clustering.spherical_kmeans |   Init 3/5: inertia=4.445818
2026-08-13 15:39:24 | DEBUG    | fgvc.clustering.spherical_kmeans |   Init 4/5: inertia=4.624468
2026-08-13 15:39:24 | DEBUG    | fgvc.clustering.spherical_kmeans |   Init 5/5: inertia=4.583844
2026-08-13 15:39:24 | DEBUG    | fgvc.clustering.spherical_kmeans |   Init 1/5: inertia=4.115565
2026-08-13 15:39:24 | DEBUG    | fgvc.clustering.spherical_kmeans |   Init 2/5: inertia=4.189731
2026-08-13 15:39:24 | DEBUG    | fgvc.clustering.spherical_kmeans |   Init 3/5: inertia=4.052348
2026-08-13 15:39:24 | DEBUG    | fgvc.clustering.spherical_kmeans |   Init 4/5: inertia=4.093327
2026-08-13 15:39:24 | DEBUG    | fgvc.clustering.spherical_kmeans |   Init 5/5: inertia=4.089134
2026-08-13 15:39:24 | DEBUG    | fgvc.clustering.spherical_kmeans |   Init 1/5: inertia=3.816850
2026-08-13 15:39:24 | DEBUG    | fgvc.clustering.spherical_kmeans |   Init 2/5: inertia=3.717225
2026-08-13 15:39:24 | DEBUG    | fgvc.clustering.spherical_kmeans |   Init 3/5: inertia=3.799734
2026-08-13 15:39:24 | DEBUG    | fgvc.clustering.spherical_kmeans |   Init 4/5: inertia=3.760906
2026-08-13 15:39:24 | DEBUG    | fgvc.clustering.spherical_kmeans |   Init 5/5: inertia=3.849813
2026-08-13 15:39:24 | DEBUG    | fgvc.clustering.spherical_kmeans |   Init 1/5: inertia=3.561792
2026-08-13 15:39:24 | DEBUG    | fgvc.clustering.spherical_kmeans |   Init 2/5: inertia=3.457299
2026-08-13 15:39:24 | DEBUG    | fgvc.clustering.spherical_kmeans |   Init 3/5: inertia=3.469822
2026-08-13 15:39:24 | DEBUG    | fgvc.clustering.spherical_kmeans |   Init 4/5: inertia=3.620967
2026-08-13 15:39:24 | DEBUG    | fgvc.clustering.spherical_kmeans |   Init 5/5: inertia=3.533118
2026-08-13 15:39:24 | DEBUG    | fgvc.clustering.spherical_kmeans | K selection: best_k=2 | scores={2: {'silhouette': 0.096, 'compactness': 0.8222, 'score': 0.2946}, 3: {'silhouette': 0.1599, 'compactness': 0.8379, 'score': 0.2646}, 4: {'silhouette': 0.0861, 'compactness': 0.8513, 'score': 0.1651}, 5: {'silhouette': 0.0689, 'compactness': 0.8617, 'score': 0.093}}
2026-08-13 15:39:24 | DEBUG    | fgvc.clustering.spherical_kmeans |   Init 1/10: inertia=4.608657
2026-08-13 15:39:24 | DEBUG    | fgvc.clustering.spherical_kmeans |   Init 2/10: inertia=4.472559
2026-08-13 15:39:24 | DEBUG    | fgvc.clustering.spherical_kmeans |   Init 3/10: inertia=4.445818
2026-08-13 15:39:24 | DEBUG    | fgvc.clustering.spherical_kmeans |   Init 4/10: inertia=4.624468
2026-08-13 15:39:24 | DEBUG    | fgvc.clustering.spherical_kmeans |   Init 5/10: inertia=4.583844
2026-08-13 15:39:24 | DEBUG    | fgvc.clustering.spherical_kmeans |   Init 6/10: inertia=4.500131
2026-08-13 15:39:24 | DEBUG    | fgvc.clustering.spherical_kmeans |   Init 7/10: inertia=4.613376
2026-08-13 15:39:24 | DEBUG    | fgvc.clustering.spherical_kmeans |   Init 8/10: inertia=4.587583
2026-08-13 15:39:24 | DEBUG    | fgvc.clustering.spherical_kmeans |   Init 9/10: inertia=4.438297
2026-08-13 15:39:24 | DEBUG    | fgvc.clustering.spherical_kmeans |   Init 10/10: inertia=4.349119
2026-08-13 15:39:24 | INFO     | fgvc.clustering.spherical_kmeans |   [White_crowned_Sparrow] k_selected=2 | k_effective=2 | min_cluster=7 | max_cluster=18
2026-08-13 15:39:24 | INFO     | fgvc.clustering.spherical_kmeans |   [White_eyed_Vireo] 25 images
2026-08-13 15:39:24 | DEBUG    | fgvc.clustering.spherical_kmeans |   Init 1/5: inertia=5.207674
2026-08-13 15:39:24 | DEBUG    | fgvc.clustering.spherical_kmeans |   Init 2/5: inertia=5.360224
2026-08-13 15:39:25 | DEBUG    | fgvc.clustering.spherical_kmeans |   Init 3/5: inertia=5.264161
2026-08-13 15:39:25 | DEBUG    | fgvc.clustering.spherical_kmeans |   Init 4/5: inertia=5.192400
2026-08-13 15:39:25 | DEBUG    | fgvc.clustering.spherical_kmeans |   Init 5/5: inertia=5.158834
2026-08-13 15:39:25 | DEBUG    | fgvc.clustering.spherical_kmeans |   Init 1/5: inertia=4.843503
2026-08-13 15:39:25 | DEBUG    | fgvc.clustering.spherical_kmeans |   Init 2/5: inertia=4.800420
2026-08-13 15:39:25 | DEBUG    | fgvc.clustering.spherical_kmeans |   Init 3/5: inertia=4.917698
2026-08-13 15:39:25 | DEBUG    | fgvc.clustering.spherical_kmeans |   Init 4/5: inertia=4.875648
2026-08-13 15:39:25 | DEBUG    | fgvc.clustering.spherical_kmeans |   Init 5/5: inertia=4.884413
2026-08-13 15:39:25 | DEBUG    | fgvc.clustering.spherical_kmeans |   Init 1/5: inertia=4.527183
2026-08-13 15:39:25 | DEBUG    | fgvc.clustering.spherical_kmeans |   Init 2/5: inertia=4.483423
2026-08-13 15:39:25 | DEBUG    | fgvc.clustering.spherical_kmeans |   Init 3/5: inertia=4.321342
2026-08-13 15:39:25 | DEBUG    | fgvc.clustering.spherical_kmeans |   Init 4/5: inertia=4.626776
2026-08-13 15:39:25 | DEBUG    | fgvc.clustering.spherical_kmeans |   Init 5/5: inertia=4.431360
2026-08-13 15:39:25 | DEBUG    | fgvc.clustering.spherical_kmeans |   Init 1/5: inertia=4.079517
2026-08-13 15:39:25 | DEBUG    | fgvc.clustering.spherical_kmeans |   Init 2/5: inertia=4.053535
2026-08-13 15:39:25 | DEBUG    | fgvc.clustering.spherical_kmeans |   Init 3/5: inertia=4.146960
2026-08-13 15:39:25 | DEBUG    | fgvc.clustering.spherical_kmeans |   Init 4/5: inertia=4.128582
2026-08-13 15:39:25 | DEBUG    | fgvc.clustering.spherical_kmeans |   Init 5/5: inertia=4.138569
2026-08-13 15:39:25 | DEBUG    | fgvc.clustering.spherical_kmeans | K selection: best_k=2 | scores={2: {'silhouette': 0.0742, 'compactness': 0.7936, 'score': 0.2752}, 3: {'silhouette': 0.0678, 'compactness': 0.808, 'score': 0.2096}, 4: {'silhouette': 0.0852, 'compactness': 0.8271, 'score': 0.1574}, 5: {'silhouette': 0.038, 'compactness': 0.8379, 'score': 0.0704}}
2026-08-13 15:39:25 | DEBUG    | fgvc.clustering.spherical_kmeans |   Init 1/10: inertia=5.207674
2026-08-13 15:39:25 | DEBUG    | fgvc.clustering.spherical_kmeans |   Init 2/10: inertia=5.360224
2026-08-13 15:39:25 | DEBUG    | fgvc.clustering.spherical_kmeans |   Init 3/10: inertia=5.264161
2026-08-13 15:39:25 | DEBUG    | fgvc.clustering.spherical_kmeans |   Init 4/10: inertia=5.192400
2026-08-13 15:39:25 | DEBUG    | fgvc.clustering.spherical_kmeans |   Init 5/10: inertia=5.158834
2026-08-13 15:39:25 | DEBUG    | fgvc.clustering.spherical_kmeans |   Init 6/10: inertia=5.206544
2026-08-13 15:39:25 | DEBUG    | fgvc.clustering.spherical_kmeans |   Init 7/10: inertia=5.212862
2026-08-13 15:39:25 | DEBUG    | fgvc.clustering.spherical_kmeans |   Init 8/10: inertia=5.189654
2026-08-13 15:39:25 | DEBUG    | fgvc.clustering.spherical_kmeans |   Init 9/10: inertia=5.290335
2026-08-13 15:39:25 | DEBUG    | fgvc.clustering.spherical_kmeans |   Init 10/10: inertia=5.337807
2026-08-13 15:39:25 | INFO     | fgvc.clustering.spherical_kmeans |   [White_eyed_Vireo] k_selected=2 | k_effective=2 | min_cluster=10 | max_cluster=15
2026-08-13 15:39:25 | INFO     | fgvc.clustering.spherical_kmeans |   [White_necked_Raven] 25 images
2026-08-13 15:39:25 | DEBUG    | fgvc.clustering.spherical_kmeans |   Init 1/5: inertia=4.985231
2026-08-13 15:39:25 | DEBUG    | fgvc.clustering.spherical_kmeans |   Init 2/5: inertia=5.065833
2026-08-13 15:39:25 | DEBUG    | fgvc.clustering.spherical_kmeans |   Init 3/5: inertia=5.083354
2026-08-13 15:39:25 | DEBUG    | fgvc.clustering.spherical_kmeans |   Init 4/5: inertia=5.164308
2026-08-13 15:39:25 | DEBUG    | fgvc.clustering.spherical_kmeans |   Init 5/5: inertia=5.010333
2026-08-13 15:39:25 | DEBUG    | fgvc.clustering.spherical_kmeans |   Init 1/5: inertia=4.667601
2026-08-13 15:39:25 | DEBUG    | fgvc.clustering.spherical_kmeans |   Init 2/5: inertia=4.487204
2026-08-13 15:39:25 | DEBUG    | fgvc.clustering.spherical_kmeans |   Init 3/5: inertia=4.648313
2026-08-13 15:39:25 | DEBUG    | fgvc.clustering.spherical_kmeans |   Init 4/5: inertia=4.596671
2026-08-13 15:39:25 | DEBUG    | fgvc.clustering.spherical_kmeans |   Init 5/5: inertia=4.829116
2026-08-13 15:39:25 | DEBUG    | fgvc.clustering.spherical_kmeans |   Init 1/5: inertia=4.392860
2026-08-13 15:39:25 | DEBUG    | fgvc.clustering.spherical_kmeans |   Init 2/5: inertia=4.328120
2026-08-13 15:39:25 | DEBUG    | fgvc.clustering.spherical_kmeans |   Init 3/5: inertia=4.287481
2026-08-13 15:39:25 | DEBUG    | fgvc.clustering.spherical_kmeans |   Init 4/5: inertia=4.360687
2026-08-13 15:39:25 | DEBUG    | fgvc.clustering.spherical_kmeans |   Init 5/5: inertia=4.364580
2026-08-13 15:39:25 | DEBUG    | fgvc.clustering.spherical_kmeans |   Init 1/5: inertia=4.013686
2026-08-13 15:39:25 | DEBUG    | fgvc.clustering.spherical_kmeans |   Init 2/5: inertia=4.042677
2026-08-13 15:39:25 | DEBUG    | fgvc.clustering.spherical_kmeans |   Init 3/5: inertia=4.015842
2026-08-13 15:39:25 | DEBUG    | fgvc.clustering.spherical_kmeans |   Init 4/5: inertia=4.250167
2026-08-13 15:39:25 | DEBUG    | fgvc.clustering.spherical_kmeans |   Init 5/5: inertia=3.993454
2026-08-13 15:39:25 | DEBUG    | fgvc.clustering.spherical_kmeans | K selection: best_k=2 | scores={2: {'silhouette': 0.1744, 'compactness': 0.8006, 'score': 0.3274}, 3: {'silhouette': 0.2188, 'compactness': 0.8205, 'score': 0.2889}, 4: {'silhouette': 0.1052, 'compactness': 0.8285, 'score': 0.1678}, 5: {'silhouette': 0.0073, 'compactness': 0.8403, 'score': 0.0558}}
2026-08-13 15:39:25 | DEBUG    | fgvc.clustering.spherical_kmeans |   Init 1/10: inertia=4.985231
2026-08-13 15:39:25 | DEBUG    | fgvc.clustering.spherical_kmeans |   Init 2/10: inertia=5.065833
2026-08-13 15:39:25 | DEBUG    | fgvc.clustering.spherical_kmeans |   Init 3/10: inertia=5.083354
2026-08-13 15:39:25 | DEBUG    | fgvc.clustering.spherical_kmeans |   Init 4/10: inertia=5.164308
2026-08-13 15:39:25 | DEBUG    | fgvc.clustering.spherical_kmeans |   Init 5/10: inertia=5.010333
2026-08-13 15:39:25 | DEBUG    | fgvc.clustering.spherical_kmeans |   Init 6/10: inertia=5.116295
2026-08-13 15:39:25 | DEBUG    | fgvc.clustering.spherical_kmeans |   Init 7/10: inertia=5.103521
2026-08-13 15:39:25 | DEBUG    | fgvc.clustering.spherical_kmeans |   Init 8/10: inertia=5.053382
2026-08-13 15:39:25 | DEBUG    | fgvc.clustering.spherical_kmeans |   Init 9/10: inertia=4.924512
2026-08-13 15:39:25 | DEBUG    | fgvc.clustering.spherical_kmeans |   Init 10/10: inertia=5.218861
2026-08-13 15:39:25 | INFO     | fgvc.clustering.spherical_kmeans |   [White_necked_Raven] k_selected=2 | k_effective=2 | min_cluster=5 | max_cluster=20
2026-08-13 15:39:25 | INFO     | fgvc.clustering.spherical_kmeans |   [White_throated_Sparrow] 25 images
2026-08-13 15:39:25 | DEBUG    | fgvc.clustering.spherical_kmeans |   Init 1/5: inertia=3.988431
2026-08-13 15:39:25 | DEBUG    | fgvc.clustering.spherical_kmeans |   Init 2/5: inertia=4.014919
2026-08-13 15:39:25 | DEBUG    | fgvc.clustering.spherical_kmeans |   Init 3/5: inertia=4.031273
2026-08-13 15:39:25 | DEBUG    | fgvc.clustering.spherical_kmeans |   Init 4/5: inertia=3.999141
2026-08-13 15:39:25 | DEBUG    | fgvc.clustering.spherical_kmeans |   Init 5/5: inertia=4.074434
2026-08-13 15:39:25 | DEBUG    | fgvc.clustering.spherical_kmeans |   Init 1/5: inertia=3.763118
2026-08-13 15:39:25 | DEBUG    | fgvc.clustering.spherical_kmeans |   Init 2/5: inertia=3.706745
2026-08-13 15:39:25 | DEBUG    | fgvc.clustering.spherical_kmeans |   Init 3/5: inertia=3.723913
2026-08-13 15:39:25 | DEBUG    | fgvc.clustering.spherical_kmeans |   Init 4/5: inertia=4.009275
2026-08-13 15:39:25 | DEBUG    | fgvc.clustering.spherical_kmeans |   Init 5/5: inertia=3.864358
2026-08-13 15:39:25 | DEBUG    | fgvc.clustering.spherical_kmeans |   Init 1/5: inertia=3.507435
2026-08-13 15:39:25 | DEBUG    | fgvc.clustering.spherical_kmeans |   Init 2/5: inertia=3.524924
2026-08-13 15:39:25 | DEBUG    | fgvc.clustering.spherical_kmeans |   Init 3/5: inertia=3.353037
2026-08-13 15:39:25 | DEBUG    | fgvc.clustering.spherical_kmeans |   Init 4/5: inertia=3.440083
2026-08-13 15:39:25 | DEBUG    | fgvc.clustering.spherical_kmeans |   Init 5/5: inertia=3.613008
2026-08-13 15:39:25 | DEBUG    | fgvc.clustering.spherical_kmeans |   Init 1/5: inertia=3.262665
2026-08-13 15:39:25 | DEBUG    | fgvc.clustering.spherical_kmeans |   Init 2/5: inertia=3.059699
2026-08-13 15:39:25 | DEBUG    | fgvc.clustering.spherical_kmeans |   Init 3/5: inertia=3.143165
2026-08-13 15:39:25 | DEBUG    | fgvc.clustering.spherical_kmeans |   Init 4/5: inertia=3.209262
2026-08-13 15:39:25 | DEBUG    | fgvc.clustering.spherical_kmeans |   Init 5/5: inertia=3.166048
2026-08-13 15:39:25 | DEBUG    | fgvc.clustering.spherical_kmeans | K selection: best_k=2 | scores={2: {'silhouette': 0.2023, 'compactness': 0.8405, 'score': 0.3533}, 3: {'silhouette': 0.129, 'compactness': 0.8517, 'score': 0.2534}, 4: {'silhouette': 0.1223, 'compactness': 0.8659, 'score': 0.1876}, 5: {'silhouette': 0.1145, 'compactness': 0.8776, 'score': 0.1205}}
2026-08-13 15:39:25 | DEBUG    | fgvc.clustering.spherical_kmeans |   Init 1/10: inertia=3.988431
2026-08-13 15:39:25 | DEBUG    | fgvc.clustering.spherical_kmeans |   Init 2/10: inertia=4.014919
2026-08-13 15:39:25 | DEBUG    | fgvc.clustering.spherical_kmeans |   Init 3/10: inertia=4.031273
2026-08-13 15:39:25 | DEBUG    | fgvc.clustering.spherical_kmeans |   Init 4/10: inertia=3.999141
2026-08-13 15:39:25 | DEBUG    | fgvc.clustering.spherical_kmeans |   Init 5/10: inertia=4.074434
2026-08-13 15:39:25 | DEBUG    | fgvc.clustering.spherical_kmeans |   Init 6/10: inertia=4.330893
2026-08-13 15:39:25 | DEBUG    | fgvc.clustering.spherical_kmeans |   Init 7/10: inertia=4.010604
2026-08-13 15:39:25 | DEBUG    | fgvc.clustering.spherical_kmeans |   Init 8/10: inertia=4.089024
2026-08-13 15:39:25 | DEBUG    | fgvc.clustering.spherical_kmeans |   Init 9/10: inertia=4.007475
2026-08-13 15:39:25 | DEBUG    | fgvc.clustering.spherical_kmeans |   Init 10/10: inertia=4.334486
2026-08-13 15:39:25 | INFO     | fgvc.clustering.spherical_kmeans |   [White_throated_Sparrow] k_selected=2 | k_effective=2 | min_cluster=9 | max_cluster=16
2026-08-13 15:39:25 | INFO     | fgvc.clustering.spherical_kmeans |   [Wilson_Warbler] 25 images
2026-08-13 15:39:25 | DEBUG    | fgvc.clustering.spherical_kmeans |   Init 1/5: inertia=2.977172
2026-08-13 15:39:25 | DEBUG    | fgvc.clustering.spherical_kmeans |   Init 2/5: inertia=2.927208
2026-08-13 15:39:25 | DEBUG    | fgvc.clustering.spherical_kmeans |   Init 3/5: inertia=2.991885
2026-08-13 15:39:25 | DEBUG    | fgvc.clustering.spherical_kmeans |   Init 4/5: inertia=3.100528
2026-08-13 15:39:25 | DEBUG    | fgvc.clustering.spherical_kmeans |   Init 5/5: inertia=2.902994
2026-08-13 15:39:25 | DEBUG    | fgvc.clustering.spherical_kmeans |   Init 1/5: inertia=2.769254
2026-08-13 15:39:25 | DEBUG    | fgvc.clustering.spherical_kmeans |   Init 2/5: inertia=2.813540
2026-08-13 15:39:25 | DEBUG    | fgvc.clustering.spherical_kmeans |   Init 3/5: inertia=2.728210
2026-08-13 15:39:25 | DEBUG    | fgvc.clustering.spherical_kmeans |   Init 4/5: inertia=2.775257
2026-08-13 15:39:25 | DEBUG    | fgvc.clustering.spherical_kmeans |   Init 5/5: inertia=2.853973
2026-08-13 15:39:25 | DEBUG    | fgvc.clustering.spherical_kmeans |   Init 1/5: inertia=2.608763
2026-08-13 15:39:25 | DEBUG    | fgvc.clustering.spherical_kmeans |   Init 2/5: inertia=2.497538
2026-08-13 15:39:25 | DEBUG    | fgvc.clustering.spherical_kmeans |   Init 3/5: inertia=2.540120
2026-08-13 15:39:25 | DEBUG    | fgvc.clustering.spherical_kmeans |   Init 4/5: inertia=2.654044
2026-08-13 15:39:25 | DEBUG    | fgvc.clustering.spherical_kmeans |   Init 5/5: inertia=2.476823
2026-08-13 15:39:25 | DEBUG    | fgvc.clustering.spherical_kmeans |   Init 1/5: inertia=2.455680
2026-08-13 15:39:25 | DEBUG    | fgvc.clustering.spherical_kmeans |   Init 2/5: inertia=2.312231
2026-08-13 15:39:25 | DEBUG    | fgvc.clustering.spherical_kmeans |   Init 3/5: inertia=2.416089
2026-08-13 15:39:25 | DEBUG    | fgvc.clustering.spherical_kmeans |   Init 4/5: inertia=2.382675
2026-08-13 15:39:25 | DEBUG    | fgvc.clustering.spherical_kmeans |   Init 5/5: inertia=2.403030
2026-08-13 15:39:25 | DEBUG    | fgvc.clustering.spherical_kmeans | K selection: best_k=2 | scores={2: {'silhouette': 0.1345, 'compactness': 0.8839, 'score': 0.3324}, 3: {'silhouette': 0.0657, 'compactness': 0.8909, 'score': 0.2335}, 4: {'silhouette': 0.1004, 'compactness': 0.9009, 'score': 0.1872}, 5: {'silhouette': 0.1148, 'compactness': 0.9075, 'score': 0.1297}}
2026-08-13 15:39:25 | DEBUG    | fgvc.clustering.spherical_kmeans |   Init 1/10: inertia=2.977172
2026-08-13 15:39:25 | DEBUG    | fgvc.clustering.spherical_kmeans |   Init 2/10: inertia=2.927208
2026-08-13 15:39:25 | DEBUG    | fgvc.clustering.spherical_kmeans |   Init 3/10: inertia=2.991885
2026-08-13 15:39:25 | DEBUG    | fgvc.clustering.spherical_kmeans |   Init 4/10: inertia=3.100528
2026-08-13 15:39:25 | DEBUG    | fgvc.clustering.spherical_kmeans |   Init 5/10: inertia=2.902994
2026-08-13 15:39:25 | DEBUG    | fgvc.clustering.spherical_kmeans |   Init 6/10: inertia=3.006460
2026-08-13 15:39:25 | DEBUG    | fgvc.clustering.spherical_kmeans |   Init 7/10: inertia=2.956827
2026-08-13 15:39:25 | DEBUG    | fgvc.clustering.spherical_kmeans |   Init 8/10: inertia=3.010921
2026-08-13 15:39:25 | DEBUG    | fgvc.clustering.spherical_kmeans |   Init 9/10: inertia=3.044628
2026-08-13 15:39:25 | DEBUG    | fgvc.clustering.spherical_kmeans |   Init 10/10: inertia=2.949156
2026-08-13 15:39:25 | INFO     | fgvc.clustering.spherical_kmeans |   [Wilson_Warbler] k_selected=2 | k_effective=2 | min_cluster=11 | max_cluster=14
2026-08-13 15:39:25 | INFO     | fgvc.clustering.spherical_kmeans |   [Winter_Wren] 25 images
2026-08-13 15:39:25 | DEBUG    | fgvc.clustering.spherical_kmeans |   Init 1/5: inertia=4.159997
2026-08-13 15:39:25 | DEBUG    | fgvc.clustering.spherical_kmeans |   Init 2/5: inertia=4.071246
2026-08-13 15:39:25 | DEBUG    | fgvc.clustering.spherical_kmeans |   Init 3/5: inertia=4.062839
2026-08-13 15:39:25 | DEBUG    | fgvc.clustering.spherical_kmeans |   Init 4/5: inertia=4.355990
2026-08-13 15:39:25 | DEBUG    | fgvc.clustering.spherical_kmeans |   Init 5/5: inertia=4.071246
2026-08-13 15:39:25 | DEBUG    | fgvc.clustering.spherical_kmeans |   Init 1/5: inertia=3.785732
2026-08-13 15:39:25 | DEBUG    | fgvc.clustering.spherical_kmeans |   Init 2/5: inertia=3.722425
2026-08-13 15:39:25 | DEBUG    | fgvc.clustering.spherical_kmeans |   Init 3/5: inertia=3.655529
2026-08-13 15:39:25 | DEBUG    | fgvc.clustering.spherical_kmeans |   Init 4/5: inertia=3.846456
2026-08-13 15:39:25 | DEBUG    | fgvc.clustering.spherical_kmeans |   Init 5/5: inertia=3.777097
2026-08-13 15:39:25 | DEBUG    | fgvc.clustering.spherical_kmeans |   Init 1/5: inertia=3.525887
2026-08-13 15:39:25 | DEBUG    | fgvc.clustering.spherical_kmeans |   Init 2/5: inertia=3.403611
2026-08-13 15:39:25 | DEBUG    | fgvc.clustering.spherical_kmeans |   Init 3/5: inertia=3.690155
2026-08-13 15:39:25 | DEBUG    | fgvc.clustering.spherical_kmeans |   Init 4/5: inertia=3.477156
2026-08-13 15:39:25 | DEBUG    | fgvc.clustering.spherical_kmeans |   Init 5/5: inertia=3.721601
2026-08-13 15:39:25 | DEBUG    | fgvc.clustering.spherical_kmeans |   Init 1/5: inertia=3.520723
2026-08-13 15:39:25 | DEBUG    | fgvc.clustering.spherical_kmeans |   Init 2/5: inertia=3.182508
2026-08-13 15:39:25 | DEBUG    | fgvc.clustering.spherical_kmeans |   Init 3/5: inertia=3.256144
2026-08-13 15:39:25 | DEBUG    | fgvc.clustering.spherical_kmeans |   Init 4/5: inertia=3.323213
2026-08-13 15:39:25 | DEBUG    | fgvc.clustering.spherical_kmeans |   Init 5/5: inertia=3.566018
2026-08-13 15:39:25 | DEBUG    | fgvc.clustering.spherical_kmeans | K selection: best_k=2 | scores={2: {'silhouette': 0.1592, 'compactness': 0.8375, 'score': 0.3308}, 3: {'silhouette': 0.1782, 'compactness': 0.8538, 'score': 0.2785}, 4: {'silhouette': 0.0969, 'compactness': 0.8639, 'score': 0.1743}, 5: {'silhouette': 0.0593, 'compactness': 0.8727, 'score': 0.0915}}
2026-08-13 15:39:25 | DEBUG    | fgvc.clustering.spherical_kmeans |   Init 1/10: inertia=4.159997
2026-08-13 15:39:25 | DEBUG    | fgvc.clustering.spherical_kmeans |   Init 2/10: inertia=4.071246
2026-08-13 15:39:25 | DEBUG    | fgvc.clustering.spherical_kmeans |   Init 3/10: inertia=4.062839
2026-08-13 15:39:25 | DEBUG    | fgvc.clustering.spherical_kmeans |   Init 4/10: inertia=4.355990
2026-08-13 15:39:25 | DEBUG    | fgvc.clustering.spherical_kmeans |   Init 5/10: inertia=4.071246
2026-08-13 15:39:25 | DEBUG    | fgvc.clustering.spherical_kmeans |   Init 6/10: inertia=4.071246
2026-08-13 15:39:25 | DEBUG    | fgvc.clustering.spherical_kmeans |   Init 7/10: inertia=4.195872
2026-08-13 15:39:25 | DEBUG    | fgvc.clustering.spherical_kmeans |   Init 8/10: inertia=4.290409
2026-08-13 15:39:25 | DEBUG    | fgvc.clustering.spherical_kmeans |   Init 9/10: inertia=4.071246
2026-08-13 15:39:25 | DEBUG    | fgvc.clustering.spherical_kmeans |   Init 10/10: inertia=4.145531
2026-08-13 15:39:25 | INFO     | fgvc.clustering.spherical_kmeans |   [Winter_Wren] k_selected=2 | k_effective=2 | min_cluster=10 | max_cluster=15
2026-08-13 15:39:25 | INFO     | fgvc.clustering.spherical_kmeans |   [Worm_eating_Warbler] 25 images
2026-08-13 15:39:25 | DEBUG    | fgvc.clustering.spherical_kmeans |   Init 1/5: inertia=3.934552
2026-08-13 15:39:25 | DEBUG    | fgvc.clustering.spherical_kmeans |   Init 2/5: inertia=3.898018
2026-08-13 15:39:25 | DEBUG    | fgvc.clustering.spherical_kmeans |   Init 3/5: inertia=3.898769
2026-08-13 15:39:25 | DEBUG    | fgvc.clustering.spherical_kmeans |   Init 4/5: inertia=3.826447
2026-08-13 15:39:25 | DEBUG    | fgvc.clustering.spherical_kmeans |   Init 5/5: inertia=3.971678
2026-08-13 15:39:25 | DEBUG    | fgvc.clustering.spherical_kmeans |   Init 1/5: inertia=3.733214
2026-08-13 15:39:25 | DEBUG    | fgvc.clustering.spherical_kmeans |   Init 2/5: inertia=3.569426
2026-08-13 15:39:25 | DEBUG    | fgvc.clustering.spherical_kmeans |   Init 3/5: inertia=3.639179
2026-08-13 15:39:25 | DEBUG    | fgvc.clustering.spherical_kmeans |   Init 4/5: inertia=3.692206
2026-08-13 15:39:25 | DEBUG    | fgvc.clustering.spherical_kmeans |   Init 5/5: inertia=3.646797
2026-08-13 15:39:25 | DEBUG    | fgvc.clustering.spherical_kmeans |   Init 1/5: inertia=3.413663
2026-08-13 15:39:25 | DEBUG    | fgvc.clustering.spherical_kmeans |   Init 2/5: inertia=3.296029
2026-08-13 15:39:25 | DEBUG    | fgvc.clustering.spherical_kmeans |   Init 3/5: inertia=3.319218
2026-08-13 15:39:25 | DEBUG    | fgvc.clustering.spherical_kmeans |   Init 4/5: inertia=3.290357
2026-08-13 15:39:25 | DEBUG    | fgvc.clustering.spherical_kmeans |   Init 5/5: inertia=3.304696
2026-08-13 15:39:25 | DEBUG    | fgvc.clustering.spherical_kmeans |   Init 1/5: inertia=3.228642
2026-08-13 15:39:25 | DEBUG    | fgvc.clustering.spherical_kmeans |   Init 2/5: inertia=3.051962
2026-08-13 15:39:25 | DEBUG    | fgvc.clustering.spherical_kmeans |   Init 3/5: inertia=3.102968
2026-08-13 15:39:25 | DEBUG    | fgvc.clustering.spherical_kmeans |   Init 4/5: inertia=3.225506
2026-08-13 15:39:25 | DEBUG    | fgvc.clustering.spherical_kmeans |   Init 5/5: inertia=2.996484
2026-08-13 15:39:25 | DEBUG    | fgvc.clustering.spherical_kmeans | K selection: best_k=2 | scores={2: {'silhouette': 0.2348, 'compactness': 0.8469, 'score': 0.3715}, 3: {'silhouette': 0.0578, 'compactness': 0.8572, 'score': 0.2194}, 4: {'silhouette': 0.0344, 'compactness': 0.8684, 'score': 0.1444}, 5: {'silhouette': 0.0429, 'compactness': 0.8801, 'score': 0.0855}}
2026-08-13 15:39:25 | DEBUG    | fgvc.clustering.spherical_kmeans |   Init 1/10: inertia=3.934552
2026-08-13 15:39:25 | DEBUG    | fgvc.clustering.spherical_kmeans |   Init 2/10: inertia=3.898018
2026-08-13 15:39:25 | DEBUG    | fgvc.clustering.spherical_kmeans |   Init 3/10: inertia=3.898769
2026-08-13 15:39:25 | DEBUG    | fgvc.clustering.spherical_kmeans |   Init 4/10: inertia=3.826447
2026-08-13 15:39:25 | DEBUG    | fgvc.clustering.spherical_kmeans |   Init 5/10: inertia=3.971678
2026-08-13 15:39:25 | DEBUG    | fgvc.clustering.spherical_kmeans |   Init 6/10: inertia=3.930524
2026-08-13 15:39:25 | DEBUG    | fgvc.clustering.spherical_kmeans |   Init 7/10: inertia=3.902842
2026-08-13 15:39:25 | DEBUG    | fgvc.clustering.spherical_kmeans |   Init 8/10: inertia=3.932980
2026-08-13 15:39:25 | DEBUG    | fgvc.clustering.spherical_kmeans |   Init 9/10: inertia=3.898126
2026-08-13 15:39:25 | DEBUG    | fgvc.clustering.spherical_kmeans |   Init 10/10: inertia=3.898916
2026-08-13 15:39:25 | INFO     | fgvc.clustering.spherical_kmeans |   [Worm_eating_Warbler] k_selected=2 | k_effective=1 | min_cluster=25 | max_cluster=25
2026-08-13 15:39:25 | INFO     | fgvc.clustering.spherical_kmeans |   [Yellow_Warbler] 25 images
2026-08-13 15:39:25 | DEBUG    | fgvc.clustering.spherical_kmeans |   Init 1/5: inertia=3.932748
2026-08-13 15:39:25 | DEBUG    | fgvc.clustering.spherical_kmeans |   Init 2/5: inertia=4.200109
2026-08-13 15:39:25 | DEBUG    | fgvc.clustering.spherical_kmeans |   Init 3/5: inertia=4.025474
2026-08-13 15:39:25 | DEBUG    | fgvc.clustering.spherical_kmeans |   Init 4/5: inertia=3.975560
2026-08-13 15:39:25 | DEBUG    | fgvc.clustering.spherical_kmeans |   Init 5/5: inertia=4.179658
2026-08-13 15:39:25 | DEBUG    | fgvc.clustering.spherical_kmeans |   Init 1/5: inertia=3.641117
2026-08-13 15:39:25 | DEBUG    | fgvc.clustering.spherical_kmeans |   Init 2/5: inertia=3.604483
2026-08-13 15:39:25 | DEBUG    | fgvc.clustering.spherical_kmeans |   Init 3/5: inertia=3.980691
2026-08-13 15:39:25 | DEBUG    | fgvc.clustering.spherical_kmeans |   Init 4/5: inertia=3.652735
2026-08-13 15:39:25 | DEBUG    | fgvc.clustering.spherical_kmeans |   Init 5/5: inertia=3.605578
2026-08-13 15:39:25 | DEBUG    | fgvc.clustering.spherical_kmeans |   Init 1/5: inertia=3.360142
2026-08-13 15:39:25 | DEBUG    | fgvc.clustering.spherical_kmeans |   Init 2/5: inertia=3.538841
2026-08-13 15:39:25 | DEBUG    | fgvc.clustering.spherical_kmeans |   Init 3/5: inertia=3.320770
2026-08-13 15:39:25 | DEBUG    | fgvc.clustering.spherical_kmeans |   Init 4/5: inertia=3.514768
2026-08-13 15:39:25 | DEBUG    | fgvc.clustering.spherical_kmeans |   Init 5/5: inertia=3.464027
2026-08-13 15:39:25 | DEBUG    | fgvc.clustering.spherical_kmeans |   Init 1/5: inertia=3.122831
2026-08-13 15:39:25 | DEBUG    | fgvc.clustering.spherical_kmeans |   Init 2/5: inertia=3.299575
2026-08-13 15:39:25 | DEBUG    | fgvc.clustering.spherical_kmeans |   Init 3/5: inertia=3.212642
2026-08-13 15:39:25 | DEBUG    | fgvc.clustering.spherical_kmeans |   Init 4/5: inertia=2.978114
2026-08-13 15:39:25 | DEBUG    | fgvc.clustering.spherical_kmeans |   Init 5/5: inertia=3.224756
2026-08-13 15:39:25 | DEBUG    | fgvc.clustering.spherical_kmeans | K selection: best_k=2 | scores={2: {'silhouette': 0.2753, 'compactness': 0.8427, 'score': 0.3905}, 3: {'silhouette': 0.0771, 'compactness': 0.8558, 'score': 0.2286}, 4: {'silhouette': 0.0374, 'compactness': 0.8672, 'score': 0.1455}, 5: {'silhouette': 0.0862, 'compactness': 0.8809, 'score': 0.1074}}
2026-08-13 15:39:25 | DEBUG    | fgvc.clustering.spherical_kmeans |   Init 1/10: inertia=3.932748
2026-08-13 15:39:25 | DEBUG    | fgvc.clustering.spherical_kmeans |   Init 2/10: inertia=4.200109
2026-08-13 15:39:25 | DEBUG    | fgvc.clustering.spherical_kmeans |   Init 3/10: inertia=4.025474
2026-08-13 15:39:25 | DEBUG    | fgvc.clustering.spherical_kmeans |   Init 4/10: inertia=3.975560
2026-08-13 15:39:25 | DEBUG    | fgvc.clustering.spherical_kmeans |   Init 5/10: inertia=4.179658
2026-08-13 15:39:25 | DEBUG    | fgvc.clustering.spherical_kmeans |   Init 6/10: inertia=3.995937
2026-08-13 15:39:25 | DEBUG    | fgvc.clustering.spherical_kmeans |   Init 7/10: inertia=4.230711
2026-08-13 15:39:25 | DEBUG    | fgvc.clustering.spherical_kmeans |   Init 8/10: inertia=4.050530
2026-08-13 15:39:25 | DEBUG    | fgvc.clustering.spherical_kmeans |   Init 9/10: inertia=4.208990
2026-08-13 15:39:25 | DEBUG    | fgvc.clustering.spherical_kmeans |   Init 10/10: inertia=4.050093
2026-08-13 15:39:25 | INFO     | fgvc.clustering.spherical_kmeans |   [Yellow_Warbler] k_selected=2 | k_effective=1 | min_cluster=25 | max_cluster=25
2026-08-13 15:39:25 | INFO     | fgvc.clustering.spherical_kmeans |   [Yellow_bellied_Flycatcher] 25 images
2026-08-13 15:39:25 | DEBUG    | fgvc.clustering.spherical_kmeans |   Init 1/5: inertia=5.899571
2026-08-13 15:39:25 | DEBUG    | fgvc.clustering.spherical_kmeans |   Init 2/5: inertia=6.430479
2026-08-13 15:39:25 | DEBUG    | fgvc.clustering.spherical_kmeans |   Init 3/5: inertia=5.895591
2026-08-13 15:39:25 | DEBUG    | fgvc.clustering.spherical_kmeans |   Init 4/5: inertia=6.389766
2026-08-13 15:39:25 | DEBUG    | fgvc.clustering.spherical_kmeans |   Init 5/5: inertia=5.957133
2026-08-13 15:39:25 | DEBUG    | fgvc.clustering.spherical_kmeans |   Init 1/5: inertia=5.499565
2026-08-13 15:39:25 | DEBUG    | fgvc.clustering.spherical_kmeans |   Init 2/5: inertia=5.569674
2026-08-13 15:39:25 | DEBUG    | fgvc.clustering.spherical_kmeans |   Init 3/5: inertia=5.507572
2026-08-13 15:39:25 | DEBUG    | fgvc.clustering.spherical_kmeans |   Init 4/5: inertia=5.913398
2026-08-13 15:39:25 | DEBUG    | fgvc.clustering.spherical_kmeans |   Init 5/5: inertia=5.509648
2026-08-13 15:39:25 | DEBUG    | fgvc.clustering.spherical_kmeans |   Init 1/5: inertia=5.230140
2026-08-13 15:39:25 | DEBUG    | fgvc.clustering.spherical_kmeans |   Init 2/5: inertia=5.092212
2026-08-13 15:39:25 | DEBUG    | fgvc.clustering.spherical_kmeans |   Init 3/5: inertia=5.467267
2026-08-13 15:39:25 | DEBUG    | fgvc.clustering.spherical_kmeans |   Init 4/5: inertia=5.454282
2026-08-13 15:39:25 | DEBUG    | fgvc.clustering.spherical_kmeans |   Init 5/5: inertia=5.054421
2026-08-13 15:39:25 | DEBUG    | fgvc.clustering.spherical_kmeans |   Init 1/5: inertia=5.051495
2026-08-13 15:39:25 | DEBUG    | fgvc.clustering.spherical_kmeans |   Init 2/5: inertia=4.738401
2026-08-13 15:39:25 | DEBUG    | fgvc.clustering.spherical_kmeans |   Init 3/5: inertia=5.157902
2026-08-13 15:39:25 | DEBUG    | fgvc.clustering.spherical_kmeans |   Init 4/5: inertia=4.725636
2026-08-13 15:39:25 | DEBUG    | fgvc.clustering.spherical_kmeans |   Init 5/5: inertia=4.821669
2026-08-13 15:39:25 | DEBUG    | fgvc.clustering.spherical_kmeans | K selection: best_k=2 | scores={2: {'silhouette': 0.1549, 'compactness': 0.7642, 'score': 0.3067}, 3: {'silhouette': 0.1488, 'compactness': 0.78, 'score': 0.2418}, 4: {'silhouette': 0.1304, 'compactness': 0.7978, 'score': 0.1712}, 5: {'silhouette': 0.0478, 'compactness': 0.811, 'score': 0.0672}}
2026-08-13 15:39:25 | DEBUG    | fgvc.clustering.spherical_kmeans |   Init 1/10: inertia=5.899571
2026-08-13 15:39:25 | DEBUG    | fgvc.clustering.spherical_kmeans |   Init 2/10: inertia=6.430479
2026-08-13 15:39:25 | DEBUG    | fgvc.clustering.spherical_kmeans |   Init 3/10: inertia=5.895591
2026-08-13 15:39:25 | DEBUG    | fgvc.clustering.spherical_kmeans |   Init 4/10: inertia=6.389766
2026-08-13 15:39:25 | DEBUG    | fgvc.clustering.spherical_kmeans |   Init 5/10: inertia=5.957133
2026-08-13 15:39:25 | DEBUG    | fgvc.clustering.spherical_kmeans |   Init 6/10: inertia=6.279154
2026-08-13 15:39:25 | DEBUG    | fgvc.clustering.spherical_kmeans |   Init 7/10: inertia=6.096820
2026-08-13 15:39:25 | DEBUG    | fgvc.clustering.spherical_kmeans |   Init 8/10: inertia=5.921795
2026-08-13 15:39:25 | DEBUG    | fgvc.clustering.spherical_kmeans |   Init 9/10: inertia=6.430479
2026-08-13 15:39:25 | DEBUG    | fgvc.clustering.spherical_kmeans |   Init 10/10: inertia=6.051362
2026-08-13 15:39:25 | INFO     | fgvc.clustering.spherical_kmeans |   [Yellow_bellied_Flycatcher] k_selected=2 | k_effective=2 | min_cluster=12 | max_cluster=13
2026-08-13 15:39:25 | INFO     | fgvc.clustering.spherical_kmeans |   [Yellow_billed_Cuckoo] 25 images
2026-08-13 15:39:25 | DEBUG    | fgvc.clustering.spherical_kmeans |   Init 1/5: inertia=5.072402
2026-08-13 15:39:25 | DEBUG    | fgvc.clustering.spherical_kmeans |   Init 2/5: inertia=5.043653
2026-08-13 15:39:25 | DEBUG    | fgvc.clustering.spherical_kmeans |   Init 3/5: inertia=5.109494
2026-08-13 15:39:25 | DEBUG    | fgvc.clustering.spherical_kmeans |   Init 4/5: inertia=5.133681
2026-08-13 15:39:25 | DEBUG    | fgvc.clustering.spherical_kmeans |   Init 5/5: inertia=5.045931
2026-08-13 15:39:25 | DEBUG    | fgvc.clustering.spherical_kmeans |   Init 1/5: inertia=4.705250
2026-08-13 15:39:25 | DEBUG    | fgvc.clustering.spherical_kmeans |   Init 2/5: inertia=4.853308
2026-08-13 15:39:25 | DEBUG    | fgvc.clustering.spherical_kmeans |   Init 3/5: inertia=4.688769
2026-08-13 15:39:25 | DEBUG    | fgvc.clustering.spherical_kmeans |   Init 4/5: inertia=4.728605
2026-08-13 15:39:25 | DEBUG    | fgvc.clustering.spherical_kmeans |   Init 5/5: inertia=4.616582
2026-08-13 15:39:25 | DEBUG    | fgvc.clustering.spherical_kmeans |   Init 1/5: inertia=4.311491
2026-08-13 15:39:25 | DEBUG    | fgvc.clustering.spherical_kmeans |   Init 2/5: inertia=4.427691
2026-08-13 15:39:25 | DEBUG    | fgvc.clustering.spherical_kmeans |   Init 3/5: inertia=4.415485
2026-08-13 15:39:25 | DEBUG    | fgvc.clustering.spherical_kmeans |   Init 4/5: inertia=4.332805
2026-08-13 15:39:25 | DEBUG    | fgvc.clustering.spherical_kmeans |   Init 5/5: inertia=4.269312
2026-08-13 15:39:25 | DEBUG    | fgvc.clustering.spherical_kmeans |   Init 1/5: inertia=4.074385
2026-08-13 15:39:25 | DEBUG    | fgvc.clustering.spherical_kmeans |   Init 2/5: inertia=4.162780
2026-08-13 15:39:25 | DEBUG    | fgvc.clustering.spherical_kmeans |   Init 3/5: inertia=3.996065
2026-08-13 15:39:25 | DEBUG    | fgvc.clustering.spherical_kmeans |   Init 4/5: inertia=4.085196
2026-08-13 15:39:25 | DEBUG    | fgvc.clustering.spherical_kmeans |   Init 5/5: inertia=4.203549
2026-08-13 15:39:25 | DEBUG    | fgvc.clustering.spherical_kmeans | K selection: best_k=3 | scores={2: {'silhouette': 0.0644, 'compactness': 0.7983, 'score': 0.2717}, 3: {'silhouette': 0.1963, 'compactness': 0.8153, 'score': 0.2761}, 4: {'silhouette': 0.036, 'compactness': 0.8292, 'score': 0.1334}, 5: {'silhouette': 0.017, 'compactness': 0.8402, 'score': 0.0606}}
2026-08-13 15:39:25 | DEBUG    | fgvc.clustering.spherical_kmeans |   Init 1/10: inertia=4.705250
2026-08-13 15:39:25 | DEBUG    | fgvc.clustering.spherical_kmeans |   Init 2/10: inertia=4.853308
2026-08-13 15:39:25 | DEBUG    | fgvc.clustering.spherical_kmeans |   Init 3/10: inertia=4.688769
2026-08-13 15:39:25 | DEBUG    | fgvc.clustering.spherical_kmeans |   Init 4/10: inertia=4.728605
2026-08-13 15:39:25 | DEBUG    | fgvc.clustering.spherical_kmeans |   Init 5/10: inertia=4.616582
2026-08-13 15:39:25 | DEBUG    | fgvc.clustering.spherical_kmeans |   Init 6/10: inertia=4.742459
2026-08-13 15:39:25 | DEBUG    | fgvc.clustering.spherical_kmeans |   Init 7/10: inertia=4.555708
2026-08-13 15:39:25 | DEBUG    | fgvc.clustering.spherical_kmeans |   Init 8/10: inertia=4.546142
2026-08-13 15:39:25 | DEBUG    | fgvc.clustering.spherical_kmeans |   Init 9/10: inertia=4.677683
2026-08-13 15:39:25 | DEBUG    | fgvc.clustering.spherical_kmeans |   Init 10/10: inertia=4.781396
2026-08-13 15:39:25 | INFO     | fgvc.clustering.spherical_kmeans |   [Yellow_billed_Cuckoo] k_selected=3 | k_effective=2 | min_cluster=5 | max_cluster=20
2026-08-13 15:39:25 | INFO     | fgvc.clustering.spherical_kmeans |   [Yellow_breasted_Chat] 25 images
2026-08-13 15:39:25 | DEBUG    | fgvc.clustering.spherical_kmeans |   Init 1/5: inertia=4.078983
2026-08-13 15:39:25 | DEBUG    | fgvc.clustering.spherical_kmeans |   Init 2/5: inertia=4.103187
2026-08-13 15:39:25 | DEBUG    | fgvc.clustering.spherical_kmeans |   Init 3/5: inertia=4.076300
2026-08-13 15:39:25 | DEBUG    | fgvc.clustering.spherical_kmeans |   Init 4/5: inertia=4.102254
2026-08-13 15:39:25 | DEBUG    | fgvc.clustering.spherical_kmeans |   Init 5/5: inertia=4.120272
2026-08-13 15:39:25 | DEBUG    | fgvc.clustering.spherical_kmeans |   Init 1/5: inertia=3.825397
2026-08-13 15:39:25 | DEBUG    | fgvc.clustering.spherical_kmeans |   Init 2/5: inertia=3.782934
2026-08-13 15:39:25 | DEBUG    | fgvc.clustering.spherical_kmeans |   Init 3/5: inertia=3.870658
2026-08-13 15:39:25 | DEBUG    | fgvc.clustering.spherical_kmeans |   Init 4/5: inertia=3.682868
2026-08-13 15:39:25 | DEBUG    | fgvc.clustering.spherical_kmeans |   Init 5/5: inertia=3.703408
2026-08-13 15:39:25 | DEBUG    | fgvc.clustering.spherical_kmeans |   Init 1/5: inertia=3.569086
2026-08-13 15:39:25 | DEBUG    | fgvc.clustering.spherical_kmeans |   Init 2/5: inertia=3.389326
2026-08-13 15:39:25 | DEBUG    | fgvc.clustering.spherical_kmeans |   Init 3/5: inertia=3.299504
2026-08-13 15:39:25 | DEBUG    | fgvc.clustering.spherical_kmeans |   Init 4/5: inertia=3.446578
2026-08-13 15:39:25 | DEBUG    | fgvc.clustering.spherical_kmeans |   Init 5/5: inertia=3.573839
2026-08-13 15:39:25 | DEBUG    | fgvc.clustering.spherical_kmeans |   Init 1/5: inertia=3.363101
2026-08-13 15:39:25 | DEBUG    | fgvc.clustering.spherical_kmeans |   Init 2/5: inertia=3.223068
2026-08-13 15:39:25 | DEBUG    | fgvc.clustering.spherical_kmeans |   Init 3/5: inertia=3.089458
2026-08-13 15:39:25 | DEBUG    | fgvc.clustering.spherical_kmeans |   Init 4/5: inertia=3.263319
2026-08-13 15:39:25 | DEBUG    | fgvc.clustering.spherical_kmeans |   Init 5/5: inertia=3.327746
2026-08-13 15:39:25 | DEBUG    | fgvc.clustering.spherical_kmeans | K selection: best_k=2 | scores={2: {'silhouette': 0.1706, 'compactness': 0.8369, 'score': 0.3364}, 3: {'silhouette': 0.0995, 'compactness': 0.8527, 'score': 0.2389}, 4: {'silhouette': 0.1138, 'compactness': 0.868, 'score': 0.184}, 5: {'silhouette': 0.1048, 'compactness': 0.8764, 'score': 0.1153}}
2026-08-13 15:39:25 | DEBUG    | fgvc.clustering.spherical_kmeans |   Init 1/10: inertia=4.078983
2026-08-13 15:39:25 | DEBUG    | fgvc.clustering.spherical_kmeans |   Init 2/10: inertia=4.103187
2026-08-13 15:39:25 | DEBUG    | fgvc.clustering.spherical_kmeans |   Init 3/10: inertia=4.076300
2026-08-13 15:39:25 | DEBUG    | fgvc.clustering.spherical_kmeans |   Init 4/10: inertia=4.102254
2026-08-13 15:39:25 | DEBUG    | fgvc.clustering.spherical_kmeans |   Init 5/10: inertia=4.120272
2026-08-13 15:39:25 | DEBUG    | fgvc.clustering.spherical_kmeans |   Init 6/10: inertia=4.115450
2026-08-13 15:39:25 | DEBUG    | fgvc.clustering.spherical_kmeans |   Init 7/10: inertia=4.190685
2026-08-13 15:39:25 | DEBUG    | fgvc.clustering.spherical_kmeans |   Init 8/10: inertia=4.078983
2026-08-13 15:39:25 | DEBUG    | fgvc.clustering.spherical_kmeans |   Init 9/10: inertia=4.170319
2026-08-13 15:39:25 | DEBUG    | fgvc.clustering.spherical_kmeans |   Init 10/10: inertia=4.058008
2026-08-13 15:39:25 | INFO     | fgvc.clustering.spherical_kmeans |   [Yellow_breasted_Chat] k_selected=2 | k_effective=2 | min_cluster=9 | max_cluster=16
2026-08-13 15:39:25 | INFO     | fgvc.clustering.spherical_kmeans |   [Yellow_headed_Blackbird] 25 images
2026-08-13 15:39:25 | DEBUG    | fgvc.clustering.spherical_kmeans |   Init 1/5: inertia=4.386709
2026-08-13 15:39:25 | DEBUG    | fgvc.clustering.spherical_kmeans |   Init 2/5: inertia=4.295918
2026-08-13 15:39:25 | DEBUG    | fgvc.clustering.spherical_kmeans |   Init 3/5: inertia=4.155388
2026-08-13 15:39:25 | DEBUG    | fgvc.clustering.spherical_kmeans |   Init 4/5: inertia=4.262682
2026-08-13 15:39:25 | DEBUG    | fgvc.clustering.spherical_kmeans |   Init 5/5: inertia=4.209499
2026-08-13 15:39:25 | DEBUG    | fgvc.clustering.spherical_kmeans |   Init 1/5: inertia=4.071359
2026-08-13 15:39:25 | DEBUG    | fgvc.clustering.spherical_kmeans |   Init 2/5: inertia=3.915092
2026-08-13 15:39:25 | DEBUG    | fgvc.clustering.spherical_kmeans |   Init 3/5: inertia=3.986312
2026-08-13 15:39:25 | DEBUG    | fgvc.clustering.spherical_kmeans |   Init 4/5: inertia=3.869475
2026-08-13 15:39:25 | DEBUG    | fgvc.clustering.spherical_kmeans |   Init 5/5: inertia=3.883363
2026-08-13 15:39:25 | DEBUG    | fgvc.clustering.spherical_kmeans |   Init 1/5: inertia=3.758909
2026-08-13 15:39:25 | DEBUG    | fgvc.clustering.spherical_kmeans |   Init 2/5: inertia=3.656586
2026-08-13 15:39:25 | DEBUG    | fgvc.clustering.spherical_kmeans |   Init 3/5: inertia=3.534141
2026-08-13 15:39:25 | DEBUG    | fgvc.clustering.spherical_kmeans |   Init 4/5: inertia=3.629725
2026-08-13 15:39:25 | DEBUG    | fgvc.clustering.spherical_kmeans |   Init 5/5: inertia=3.591742
2026-08-13 15:39:25 | DEBUG    | fgvc.clustering.spherical_kmeans |   Init 1/5: inertia=3.580466
2026-08-13 15:39:25 | DEBUG    | fgvc.clustering.spherical_kmeans |   Init 2/5: inertia=3.333406
2026-08-13 15:39:25 | DEBUG    | fgvc.clustering.spherical_kmeans |   Init 3/5: inertia=3.418139
2026-08-13 15:39:25 | DEBUG    | fgvc.clustering.spherical_kmeans |   Init 4/5: inertia=3.382551
2026-08-13 15:39:25 | DEBUG    | fgvc.clustering.spherical_kmeans |   Init 5/5: inertia=3.416905
2026-08-13 15:39:25 | DEBUG    | fgvc.clustering.spherical_kmeans | K selection: best_k=2 | scores={2: {'silhouette': 0.125, 'compactness': 0.8338, 'score': 0.3126}, 3: {'silhouette': 0.0505, 'compactness': 0.8452, 'score': 0.2121}, 4: {'silhouette': 0.0459, 'compactness': 0.8586, 'score': 0.1472}, 5: {'silhouette': 0.0397, 'compactness': 0.8667, 'score': 0.0799}}
2026-08-13 15:39:25 | DEBUG    | fgvc.clustering.spherical_kmeans |   Init 1/10: inertia=4.386709
2026-08-13 15:39:25 | DEBUG    | fgvc.clustering.spherical_kmeans |   Init 2/10: inertia=4.295918
2026-08-13 15:39:25 | DEBUG    | fgvc.clustering.spherical_kmeans |   Init 3/10: inertia=4.155388
2026-08-13 15:39:25 | DEBUG    | fgvc.clustering.spherical_kmeans |   Init 4/10: inertia=4.262682
2026-08-13 15:39:25 | DEBUG    | fgvc.clustering.spherical_kmeans |   Init 5/10: inertia=4.209499
2026-08-13 15:39:25 | DEBUG    | fgvc.clustering.spherical_kmeans |   Init 6/10: inertia=4.220634
2026-08-13 15:39:25 | DEBUG    | fgvc.clustering.spherical_kmeans |   Init 7/10: inertia=4.147699
2026-08-13 15:39:25 | DEBUG    | fgvc.clustering.spherical_kmeans |   Init 8/10: inertia=4.217717
2026-08-13 15:39:25 | DEBUG    | fgvc.clustering.spherical_kmeans |   Init 9/10: inertia=4.316924
2026-08-13 15:39:25 | DEBUG    | fgvc.clustering.spherical_kmeans |   Init 10/10: inertia=4.194801
2026-08-13 15:39:25 | INFO     | fgvc.clustering.spherical_kmeans |   [Yellow_headed_Blackbird] k_selected=2 | k_effective=1 | min_cluster=25 | max_cluster=25
2026-08-13 15:39:25 | INFO     | fgvc.clustering.spherical_kmeans |   [Yellow_throated_Vireo] 25 images
2026-08-13 15:39:25 | DEBUG    | fgvc.clustering.spherical_kmeans |   Init 1/5: inertia=4.555953
2026-08-13 15:39:25 | DEBUG    | fgvc.clustering.spherical_kmeans |   Init 2/5: inertia=4.413170
2026-08-13 15:39:25 | DEBUG    | fgvc.clustering.spherical_kmeans |   Init 3/5: inertia=4.434400
2026-08-13 15:39:25 | DEBUG    | fgvc.clustering.spherical_kmeans |   Init 4/5: inertia=4.500726
2026-08-13 15:39:25 | DEBUG    | fgvc.clustering.spherical_kmeans |   Init 5/5: inertia=4.393106
2026-08-13 15:39:25 | DEBUG    | fgvc.clustering.spherical_kmeans |   Init 1/5: inertia=4.184306
2026-08-13 15:39:25 | DEBUG    | fgvc.clustering.spherical_kmeans |   Init 2/5: inertia=4.103531
2026-08-13 15:39:25 | DEBUG    | fgvc.clustering.spherical_kmeans |   Init 3/5: inertia=4.084703
2026-08-13 15:39:25 | DEBUG    | fgvc.clustering.spherical_kmeans |   Init 4/5: inertia=4.171022
2026-08-13 15:39:25 | DEBUG    | fgvc.clustering.spherical_kmeans |   Init 5/5: inertia=4.062702
2026-08-13 15:39:25 | DEBUG    | fgvc.clustering.spherical_kmeans |   Init 1/5: inertia=3.877187
2026-08-13 15:39:25 | DEBUG    | fgvc.clustering.spherical_kmeans |   Init 2/5: inertia=3.802282
2026-08-13 15:39:25 | DEBUG    | fgvc.clustering.spherical_kmeans |   Init 3/5: inertia=4.036223
2026-08-13 15:39:25 | DEBUG    | fgvc.clustering.spherical_kmeans |   Init 4/5: inertia=3.675704
2026-08-13 15:39:25 | DEBUG    | fgvc.clustering.spherical_kmeans |   Init 5/5: inertia=3.990283
2026-08-13 15:39:25 | DEBUG    | fgvc.clustering.spherical_kmeans |   Init 1/5: inertia=3.636043
2026-08-13 15:39:25 | DEBUG    | fgvc.clustering.spherical_kmeans |   Init 2/5: inertia=3.430732
2026-08-13 15:39:25 | DEBUG    | fgvc.clustering.spherical_kmeans |   Init 3/5: inertia=3.438073
2026-08-13 15:39:25 | DEBUG    | fgvc.clustering.spherical_kmeans |   Init 4/5: inertia=3.722219
2026-08-13 15:39:25 | DEBUG    | fgvc.clustering.spherical_kmeans |   Init 5/5: inertia=3.451438
2026-08-13 15:39:25 | DEBUG    | fgvc.clustering.spherical_kmeans | K selection: best_k=2 | scores={2: {'silhouette': 0.1126, 'compactness': 0.8243, 'score': 0.3036}, 3: {'silhouette': 0.0596, 'compactness': 0.8375, 'score': 0.2144}, 4: {'silhouette': 0.0572, 'compactness': 0.853, 'score': 0.1512}, 5: {'silhouette': 0.0208, 'compactness': 0.8628, 'score': 0.0692}}
2026-08-13 15:39:25 | DEBUG    | fgvc.clustering.spherical_kmeans |   Init 1/10: inertia=4.555953
2026-08-13 15:39:25 | DEBUG    | fgvc.clustering.spherical_kmeans |   Init 2/10: inertia=4.413170
2026-08-13 15:39:25 | DEBUG    | fgvc.clustering.spherical_kmeans |   Init 3/10: inertia=4.434400
2026-08-13 15:39:25 | DEBUG    | fgvc.clustering.spherical_kmeans |   Init 4/10: inertia=4.500726
2026-08-13 15:39:25 | DEBUG    | fgvc.clustering.spherical_kmeans |   Init 5/10: inertia=4.393106
2026-08-13 15:39:25 | DEBUG    | fgvc.clustering.spherical_kmeans |   Init 6/10: inertia=4.452322
2026-08-13 15:39:25 | DEBUG    | fgvc.clustering.spherical_kmeans |   Init 7/10: inertia=4.497485
2026-08-13 15:39:25 | DEBUG    | fgvc.clustering.spherical_kmeans |   Init 8/10: inertia=4.397680
2026-08-13 15:39:25 | DEBUG    | fgvc.clustering.spherical_kmeans |   Init 9/10: inertia=4.413170
2026-08-13 15:39:25 | DEBUG    | fgvc.clustering.spherical_kmeans |   Init 10/10: inertia=4.578958
2026-08-13 15:39:25 | INFO     | fgvc.clustering.spherical_kmeans |   [Yellow_throated_Vireo] k_selected=2 | k_effective=2 | min_cluster=9 | max_cluster=16
2026-08-13 15:39:25 | INFO     | fgvc.clustering.spherical_kmeans | Prototype memory saved -> /mnt/data/research/projects/fgvc/experiments/cub200/default/prototype_memory | total prototypes: 353
2026-08-13 15:39:36 | INFO     | fgvc.embeddings.generate | Loading backbone from checkpoint: experiments/cub200/default/checkpoints/backbone/best.pt
2026-08-13 15:39:54 | INFO     | fgvc.embeddings.generate | Saved 994 embeddings (768D) -> /mnt/data/research/projects/fgvc/experiments/cub200/default/embeddings/val
2026-08-13 15:40:01 | INFO     | fgvc.embeddings.generate | Loading backbone from checkpoint: experiments/cub200/default/checkpoints/backbone/best.pt
2026-08-13 15:41:34 | INFO     | fgvc.embeddings.generate | Saved 5794 embeddings (768D) -> /mnt/data/research/projects/fgvc/experiments/cub200/default/embeddings/test
2026-08-13 15:41:44 | INFO     | fgvc.scripts.run_evaluation | Calibrating per-group thresholds on the val split...
2026-08-13 15:41:44 | INFO     | fgvc.clustering.spherical_kmeans | Loaded prototypes for 200 label_id(s) from /mnt/data/research/projects/fgvc/experiments/cub200/default/prototype_memory
2026-08-13 15:41:44 | INFO     | fgvc.retrieval.engine | RetrievalEngine ready: 200 label_id(s) | 353 total prototypes
2026-08-13 15:41:44 | INFO     | fgvc.retrieval.calibrator |   group='': sim_thresh=0.5823 | margin_thresh=0.0419 | n_correct=876
2026-08-13 15:41:44 | INFO     | fgvc.retrieval.calibrator | Thresholds saved -> /mnt/data/research/projects/fgvc/experiments/cub200/default/outputs/calibration/per_group_thresholds.json
2026-08-13 15:41:44 | INFO     | fgvc.clustering.spherical_kmeans | Loaded prototypes for 200 label_id(s) from /mnt/data/research/projects/fgvc/experiments/cub200/default/prototype_memory
2026-08-13 15:41:44 | INFO     | fgvc.retrieval.engine | RetrievalEngine ready: 200 label_id(s) | 353 total prototypes
2026-08-13 15:41:44 | INFO     | fgvc.evaluation.evaluator | Running retrieval over 994 val queries...
2026-08-13 15:41:44 | INFO     | fgvc.evaluation.evaluator | Retrieval metrics: {'top1_label_accuracy': 0.8813, 'top1_group_accuracy': 1.0, 'top3_label_accuracy': 0.9678, 'top3_group_accuracy': 1.0, 'top5_label_accuracy': 0.9849, 'top5_group_accuracy': 1.0, 'mrr': 0.9254, 'n_queries': 994, 'recall_at_1': 0.8813, 'recall_at_3': 0.9678, 'recall_at_5': 0.9849}
2026-08-13 15:41:44 | INFO     | fgvc.evaluation.evaluator | Evaluation report saved -> /mnt/data/research/projects/fgvc/experiments/cub200/default/outputs/evaluation/val_metrics.json
2026-08-13 15:41:44 | INFO     | fgvc.evaluation.evaluator | 
============================================================
  FGVC Evaluation Summary — VAL
============================================================
  Top-1 Label Accuracy : 0.8813
  Top-3 Label Accuracy : 0.9678
  Top-5 Label Accuracy : 0.9849
  MRR                  : 0.9254
  Ambiguity Rate       : 0.1087
============================================================
2026-08-13 15:41:56 | INFO     | fgvc.clustering.spherical_kmeans | Loaded prototypes for 200 label_id(s) from /mnt/data/research/projects/fgvc/experiments/cub200/default/prototype_memory
2026-08-13 15:41:56 | INFO     | fgvc.retrieval.engine | RetrievalEngine ready: 200 label_id(s) | 353 total prototypes
2026-08-13 15:41:56 | INFO     | fgvc.evaluation.evaluator | Running retrieval over 5794 test queries...
2026-08-13 15:41:56 | INFO     | fgvc.evaluation.evaluator | Retrieval metrics: {'top1_label_accuracy': 0.8868, 'top1_group_accuracy': 1.0, 'top3_label_accuracy': 0.9665, 'top3_group_accuracy': 1.0, 'top5_label_accuracy': 0.9824, 'top5_group_accuracy': 1.0, 'mrr': 0.9269, 'n_queries': 5794, 'recall_at_1': 0.8868, 'recall_at_3': 0.9665, 'recall_at_5': 0.9824}
2026-08-13 15:41:57 | INFO     | fgvc.evaluation.evaluator | Evaluation report saved -> /mnt/data/research/projects/fgvc/experiments/cub200/default/outputs/evaluation/test_metrics.json
2026-08-13 15:41:57 | INFO     | fgvc.evaluation.evaluator | 
============================================================
  FGVC Evaluation Summary — TEST
============================================================
  Top-1 Label Accuracy : 0.8868
  Top-3 Label Accuracy : 0.9665
  Top-5 Label Accuracy : 0.9824
  MRR                  : 0.9269
  Ambiguity Rate       : 0.1072
============================================================
2026-08-14 12:14:31 | INFO     | fgvc.visualization.visualize | Running UMAP on 994 points...
2026-08-14 12:14:42 | INFO     | fgvc.visualization.visualize | Saved umap_label_id_val.png
2026-08-14 12:14:42 | INFO     | fgvc.visualization.visualize | Running t-SNE on 994 points...
2026-08-14 12:14:44 | INFO     | fgvc.visualization.visualize | Saved tsne_label_id_val.png
2026-08-14 12:14:44 | INFO     | fgvc.clustering.spherical_kmeans | Loaded prototypes for 200 label_id(s) from /mnt/data/research/projects/fgvc/experiments/cub200/default/prototype_memory
2026-08-14 12:14:44 | INFO     | fgvc.retrieval.engine | RetrievalEngine ready: 200 label_id(s) | 353 total prototypes
2026-08-14 12:14:47 | INFO     | fgvc.visualization.visualize | Saved retrieval_grid_val.png
2026-08-14 12:14:48 | INFO     | fgvc.scripts.run_visualization | Retrieval metrics for val: {'top1_label_accuracy': 0.8813, 'top1_group_accuracy': 1.0, 'top3_label_accuracy': 0.9678, 'top3_group_accuracy': 1.0, 'top5_label_accuracy': 0.9849, 'top5_group_accuracy': 1.0, 'mrr': 0.9254, 'n_queries': 994, 'recall_at_1': 0.8813, 'recall_at_3': 0.9678, 'recall_at_5': 0.9849}
2026-08-14 12:15:24 | INFO     | fgvc.visualization.visualize | Running UMAP on 5000 points...
2026-08-14 12:15:48 | INFO     | fgvc.visualization.visualize | Saved umap_label_id_test.png
2026-08-14 12:15:48 | INFO     | fgvc.visualization.visualize | Running t-SNE on 3000 points...
2026-08-14 12:15:52 | INFO     | fgvc.visualization.visualize | Saved tsne_label_id_test.png
2026-08-14 12:15:54 | INFO     | fgvc.clustering.spherical_kmeans | Loaded prototypes for 200 label_id(s) from /mnt/data/research/projects/fgvc/experiments/cub200/default/prototype_memory
2026-08-14 12:15:54 | INFO     | fgvc.retrieval.engine | RetrievalEngine ready: 200 label_id(s) | 353 total prototypes
2026-08-14 12:15:58 | INFO     | fgvc.visualization.visualize | Saved retrieval_grid_test.png
2026-08-14 12:15:58 | INFO     | fgvc.scripts.run_visualization | Retrieval metrics for test: {'top1_label_accuracy': 0.8868, 'top1_group_accuracy': 1.0, 'top3_label_accuracy': 0.9665, 'top3_group_accuracy': 1.0, 'top5_label_accuracy': 0.9824, 'top5_group_accuracy': 1.0, 'mrr': 0.9269, 'n_queries': 5794, 'recall_at_1': 0.8868, 'recall_at_3': 0.9665, 'recall_at_5': 0.9824}
2026-08-14 12:24:28 | INFO     | fgvc.clustering.spherical_kmeans | Loaded prototypes for 200 label_id(s) from /mnt/data/research/projects/fgvc/experiments/cub200/default/prototype_memory
2026-08-14 12:24:28 | INFO     | fgvc.retrieval.engine | RetrievalEngine ready: 200 label_id(s) | 353 total prototypes
2026-08-14 12:24:28 | INFO     | fgvc.evaluation.evaluator | Running retrieval over 5794 test queries...
2026-08-14 12:24:29 | INFO     | fgvc.evaluation.evaluator | Retrieval metrics: {'top1_label_accuracy': 0.8868, 'top1_group_accuracy': 1.0, 'top3_label_accuracy': 0.9665, 'top3_group_accuracy': 1.0, 'top5_label_accuracy': 0.9824, 'top5_group_accuracy': 1.0, 'mrr': 0.9269, 'n_queries': 5794, 'recall_at_1': 0.8868, 'recall_at_3': 0.9665, 'recall_at_5': 0.9824}
2026-08-14 12:24:29 | INFO     | fgvc.evaluation.evaluator | Evaluation report saved -> /mnt/data/research/projects/fgvc/experiments/cub200/default/outputs/evaluation/test_metrics.json
2026-08-14 12:24:29 | INFO     | fgvc.evaluation.evaluator | 
============================================================
  FGVC Evaluation Summary — TEST
============================================================
  Top-1 Label Accuracy : 0.8868
  Top-3 Label Accuracy : 0.9665
  Top-5 Label Accuracy : 0.9824
  MRR                  : 0.9269
  Ambiguity Rate       : 0.1072
============================================================
2026-08-14 12:28:59 | INFO     | fgvc.clustering.spherical_kmeans | Loaded prototypes for 200 label_id(s) from /mnt/data/research/projects/fgvc/experiments/cub200/default/prototype_memory
2026-08-14 12:28:59 | INFO     | fgvc.retrieval.engine | RetrievalEngine ready: 200 label_id(s) | 353 total prototypes
2026-08-14 12:28:59 | INFO     | fgvc.evaluation.evaluator | Running retrieval over 5794 test queries...
2026-08-14 12:29:00 | INFO     | fgvc.evaluation.evaluator | Retrieval metrics: {'top1_label_accuracy': 0.8868, 'top1_group_accuracy': 1.0, 'top3_label_accuracy': 0.9665, 'top3_group_accuracy': 1.0, 'top5_label_accuracy': 0.9824, 'top5_group_accuracy': 1.0, 'mrr': 0.9269, 'n_queries': 5794, 'recall_at_1': 0.8868, 'recall_at_3': 0.9665, 'recall_at_5': 0.9824}
2026-08-14 12:29:01 | INFO     | fgvc.evaluation.evaluator | Evaluation report saved -> /mnt/data/research/projects/fgvc/experiments/cub200/default/outputs/evaluation/test_metrics.json
2026-08-14 12:29:01 | INFO     | fgvc.evaluation.evaluator | 
============================================================
  FGVC Evaluation Summary — TEST
============================================================
  Top-1 Label Accuracy : 0.8868
  Top-3 Label Accuracy : 0.9665
  Top-5 Label Accuracy : 0.9824
  MRR                  : 0.9269
  Ambiguity Rate       : 0.1072
============================================================
2026-08-14 12:36:14 | INFO     | fgvc.visualization.visualize | Running UMAP on 994 points...
2026-08-14 12:36:25 | INFO     | fgvc.visualization.visualize | Saved umap_label_id_val.png
2026-08-14 12:36:25 | INFO     | fgvc.visualization.visualize | Running t-SNE on 994 points...
2026-08-14 12:36:27 | INFO     | fgvc.visualization.visualize | Saved tsne_label_id_val.png
2026-08-14 12:36:27 | INFO     | fgvc.clustering.spherical_kmeans | Loaded prototypes for 200 label_id(s) from /mnt/data/research/projects/fgvc/experiments/cub200/default/prototype_memory
2026-08-14 12:36:27 | INFO     | fgvc.retrieval.engine | RetrievalEngine ready: 200 label_id(s) | 353 total prototypes
2026-08-14 12:36:29 | INFO     | fgvc.visualization.visualize | Saved retrieval_grid_val.png
2026-08-14 12:36:29 | INFO     | fgvc.scripts.run_visualization | Retrieval metrics for val: {'top1_label_accuracy': 0.8813, 'top1_group_accuracy': 1.0, 'top3_label_accuracy': 0.9678, 'top3_group_accuracy': 1.0, 'top5_label_accuracy': 0.9849, 'top5_group_accuracy': 1.0, 'mrr': 0.9254, 'n_queries': 994, 'recall_at_1': 0.8813, 'recall_at_3': 0.9678, 'recall_at_5': 0.9849}
2026-08-14 12:36:38 | INFO     | fgvc.visualization.visualize | Running UMAP on 5000 points...
2026-08-14 12:37:01 | INFO     | fgvc.visualization.visualize | Saved umap_label_id_test.png
2026-08-14 12:37:01 | INFO     | fgvc.visualization.visualize | Running t-SNE on 3000 points...
2026-08-14 12:37:05 | INFO     | fgvc.visualization.visualize | Saved tsne_label_id_test.png
2026-08-14 12:37:08 | INFO     | fgvc.clustering.spherical_kmeans | Loaded prototypes for 200 label_id(s) from /mnt/data/research/projects/fgvc/experiments/cub200/default/prototype_memory
2026-08-14 12:37:08 | INFO     | fgvc.retrieval.engine | RetrievalEngine ready: 200 label_id(s) | 353 total prototypes
2026-08-14 12:37:11 | INFO     | fgvc.visualization.visualize | Saved retrieval_grid_test.png
2026-08-14 12:37:11 | INFO     | fgvc.scripts.run_visualization | Retrieval metrics for test: {'top1_label_accuracy': 0.8868, 'top1_group_accuracy': 1.0, 'top3_label_accuracy': 0.9665, 'top3_group_accuracy': 1.0, 'top5_label_accuracy': 0.9824, 'top5_group_accuracy': 1.0, 'mrr': 0.9269, 'n_queries': 5794, 'recall_at_1': 0.8868, 'recall_at_3': 0.9665, 'recall_at_5': 0.9824}
2026-08-14 12:37:12 | INFO     | fgvc.visualization.visualize | Saved confusion_matrix_test.png
2026-08-14 12:37:15 | INFO     | fgvc.visualization.visualize | Saved failure_cases_test.png
2026-08-14 12:45:36 | INFO     | fgvc.visualization.visualize | Running UMAP on 994 points...
2026-08-14 12:45:47 | INFO     | fgvc.visualization.visualize | Saved umap_label_id_val.png
2026-08-14 12:45:47 | INFO     | fgvc.visualization.visualize | Running t-SNE on 994 points...
2026-08-14 12:45:49 | INFO     | fgvc.visualization.visualize | Saved tsne_label_id_val.png
2026-08-14 12:45:49 | INFO     | fgvc.clustering.spherical_kmeans | Loaded prototypes for 200 label_id(s) from /mnt/data/research/projects/fgvc/experiments/cub200/default/prototype_memory
2026-08-14 12:45:49 | INFO     | fgvc.retrieval.engine | RetrievalEngine ready: 200 label_id(s) | 353 total prototypes
2026-08-14 12:45:52 | INFO     | fgvc.visualization.visualize | Saved retrieval_grid_val.png
2026-08-14 12:45:52 | INFO     | fgvc.scripts.run_visualization | Retrieval metrics for val: {'top1_label_accuracy': 0.8813, 'top1_group_accuracy': 1.0, 'top3_label_accuracy': 0.9678, 'top3_group_accuracy': 1.0, 'top5_label_accuracy': 0.9849, 'top5_group_accuracy': 1.0, 'mrr': 0.9254, 'n_queries': 994, 'recall_at_1': 0.8813, 'recall_at_3': 0.9678, 'recall_at_5': 0.9849}
2026-08-14 12:46:00 | INFO     | fgvc.visualization.visualize | Running UMAP on 5000 points...
2026-08-14 12:46:24 | INFO     | fgvc.visualization.visualize | Saved umap_label_id_test.png
2026-08-14 12:46:24 | INFO     | fgvc.visualization.visualize | Running t-SNE on 3000 points...
2026-08-14 12:46:28 | INFO     | fgvc.visualization.visualize | Saved tsne_label_id_test.png
2026-08-14 12:46:30 | INFO     | fgvc.clustering.spherical_kmeans | Loaded prototypes for 200 label_id(s) from /mnt/data/research/projects/fgvc/experiments/cub200/default/prototype_memory
2026-08-14 12:46:30 | INFO     | fgvc.retrieval.engine | RetrievalEngine ready: 200 label_id(s) | 353 total prototypes
2026-08-14 12:46:33 | INFO     | fgvc.visualization.visualize | Saved retrieval_grid_test.png
2026-08-14 12:46:33 | INFO     | fgvc.scripts.run_visualization | Retrieval metrics for test: {'top1_label_accuracy': 0.8868, 'top1_group_accuracy': 1.0, 'top3_label_accuracy': 0.9665, 'top3_group_accuracy': 1.0, 'top5_label_accuracy': 0.9824, 'top5_group_accuracy': 1.0, 'mrr': 0.9269, 'n_queries': 5794, 'recall_at_1': 0.8868, 'recall_at_3': 0.9665, 'recall_at_5': 0.9824}
2026-08-14 12:46:35 | INFO     | fgvc.visualization.visualize | Saved confusion_matrix_test.html
2026-08-14 12:46:37 | INFO     | fgvc.visualization.visualize | Saved failure_cases_test.png
2026-08-14 12:51:28 | INFO     | fgvc.visualization.visualize | Running UMAP on 994 points...
2026-08-14 12:51:39 | INFO     | fgvc.visualization.visualize | Saved umap_label_id_val.png
2026-08-14 12:51:39 | INFO     | fgvc.visualization.visualize | Running t-SNE on 994 points...
2026-08-14 12:51:41 | INFO     | fgvc.visualization.visualize | Saved tsne_label_id_val.png
2026-08-14 12:51:41 | INFO     | fgvc.clustering.spherical_kmeans | Loaded prototypes for 200 label_id(s) from /mnt/data/research/projects/fgvc/experiments/cub200/default/prototype_memory
2026-08-14 12:51:41 | INFO     | fgvc.retrieval.engine | RetrievalEngine ready: 200 label_id(s) | 353 total prototypes
2026-08-14 12:51:44 | INFO     | fgvc.visualization.visualize | Saved retrieval_grid_val.png
2026-08-14 12:51:44 | INFO     | fgvc.scripts.run_visualization | Retrieval metrics for val: {'top1_label_accuracy': 0.8813, 'top1_group_accuracy': 1.0, 'top3_label_accuracy': 0.9678, 'top3_group_accuracy': 1.0, 'top5_label_accuracy': 0.9849, 'top5_group_accuracy': 1.0, 'mrr': 0.9254, 'n_queries': 994, 'recall_at_1': 0.8813, 'recall_at_3': 0.9678, 'recall_at_5': 0.9849}
2026-08-14 12:51:52 | INFO     | fgvc.visualization.visualize | Running UMAP on 5000 points...
2026-08-14 12:52:16 | INFO     | fgvc.visualization.visualize | Saved umap_label_id_test.png
2026-08-14 12:52:16 | INFO     | fgvc.visualization.visualize | Running t-SNE on 3000 points...
2026-08-14 12:52:20 | INFO     | fgvc.visualization.visualize | Saved tsne_label_id_test.png
2026-08-14 12:52:22 | INFO     | fgvc.clustering.spherical_kmeans | Loaded prototypes for 200 label_id(s) from /mnt/data/research/projects/fgvc/experiments/cub200/default/prototype_memory
2026-08-14 12:52:22 | INFO     | fgvc.retrieval.engine | RetrievalEngine ready: 200 label_id(s) | 353 total prototypes
2026-08-14 12:52:25 | INFO     | fgvc.visualization.visualize | Saved retrieval_grid_test.png
2026-08-14 12:52:25 | INFO     | fgvc.scripts.run_visualization | Retrieval metrics for test: {'top1_label_accuracy': 0.8868, 'top1_group_accuracy': 1.0, 'top3_label_accuracy': 0.9665, 'top3_group_accuracy': 1.0, 'top5_label_accuracy': 0.9824, 'top5_group_accuracy': 1.0, 'mrr': 0.9269, 'n_queries': 5794, 'recall_at_1': 0.8868, 'recall_at_3': 0.9665, 'recall_at_5': 0.9824}
2026-08-14 12:52:26 | INFO     | fgvc.visualization.visualize | Saved confusion_matrix_test.html
2026-08-14 12:52:28 | INFO     | fgvc.visualization.visualize | Saved failure_cases_test.png
