2026-08-19 16:41:22 | INFO     | fgvc.scripts.train_backbone | Loaded splits: train=5000 | val=994 | raw_root=/mnt/data/research/datasets/CUB_200_2011/CUB_200_2011/images
2026-08-19 16:41:22 | INFO     | fgvc.scripts.train_backbone | Loaded splits: train=5000 | val=994 | raw_root=/mnt/data/research/datasets/CUB_200_2011/CUB_200_2011/images
2026-08-19 16:41:22 | INFO     | fgvc.scripts.train_backbone | Loaded splits: train=5000 | val=994 | raw_root=/mnt/data/research/datasets/CUB_200_2011/CUB_200_2011/images
2026-08-19 16:41:22 | INFO     | fgvc.scripts.train_backbone | Loaded splits: train=5000 | val=994 | raw_root=/mnt/data/research/datasets/CUB_200_2011/CUB_200_2011/images
2026-08-19 16:41:22 | INFO     | fgvc.scripts.train_backbone | DDP initialised | world_size=4 | rank=0 | device=cuda:0
2026-08-19 16:41:22 | INFO     | fgvc.scripts.train_backbone | 200 classes | 39 train batches/epoch | 8 val batches/epoch
2026-08-19 16:41:22 | INFO     | fgvc.scripts.train_backbone | DDP initialised | world_size=4 | rank=3 | device=cuda:3
2026-08-19 16:41:22 | INFO     | fgvc.scripts.train_backbone | 200 classes | 39 train batches/epoch | 8 val batches/epoch
2026-08-19 16:41:23 | INFO     | fgvc.scripts.train_backbone | DDP initialised | world_size=4 | rank=2 | device=cuda:2
2026-08-19 16:41:23 | INFO     | fgvc.scripts.train_backbone | 200 classes | 39 train batches/epoch | 8 val batches/epoch
2026-08-19 16:41:23 | INFO     | fgvc.scripts.train_backbone | DDP initialised | world_size=4 | rank=1 | device=cuda:1
2026-08-19 16:41:23 | INFO     | fgvc.scripts.train_backbone | 200 classes | 39 train batches/epoch | 8 val batches/epoch
2026-08-19 16:41:25 | INFO     | fgvc.backbone.trainer | Model params: 86,503,240 total | 86,503,240 trainable
2026-08-19 16:41:25 | INFO     | fgvc.backbone.trainer | Model params: 86,503,240 total | 86,503,240 trainable
2026-08-19 16:41:25 | INFO     | fgvc.backbone.trainer | Model params: 86,503,240 total | 86,503,240 trainable
2026-08-19 16:41:25 | INFO     | fgvc.backbone.trainer | Model params: 86,503,240 total | 86,503,240 trainable
2026-08-19 16:42:08 | INFO     | fgvc.backbone.trainer | Epoch 1/100 | train_loss=5.7763 | val_top1=0.0040 | val_top3=0.0221 | time=36s
2026-08-19 16:42:09 | INFO     | fgvc.backbone.trainer | New best checkpoint: val_top1=0.0040 -> best_cub200_dinov3_ce_supcon_v9.pt
2026-08-19 16:42:44 | INFO     | fgvc.backbone.trainer | Epoch 2/100 | train_loss=5.5269 | val_top1=0.0402 | val_top3=0.1034 | time=35s
2026-08-19 16:42:50 | INFO     | fgvc.backbone.trainer | New best checkpoint: val_top1=0.0402 -> best_cub200_dinov3_ce_supcon_v9.pt
2026-08-19 16:43:23 | INFO     | fgvc.backbone.trainer | Epoch 3/100 | train_loss=5.0152 | val_top1=0.2510 | val_top3=0.4488 | time=34s
2026-08-19 16:43:30 | INFO     | fgvc.backbone.trainer | New best checkpoint: val_top1=0.2510 -> best_cub200_dinov3_ce_supcon_v9.pt
2026-08-19 16:44:04 | INFO     | fgvc.backbone.trainer | Epoch 4/100 | train_loss=4.2859 | val_top1=0.5201 | val_top3=0.7641 | time=34s
2026-08-19 16:44:09 | INFO     | fgvc.backbone.trainer | New best checkpoint: val_top1=0.5201 -> best_cub200_dinov3_ce_supcon_v9.pt
2026-08-19 16:44:43 | INFO     | fgvc.backbone.trainer | Epoch 5/100 | train_loss=3.4890 | val_top1=0.6888 | val_top3=0.8815 | time=34s
2026-08-19 16:44:49 | INFO     | fgvc.backbone.trainer | New best checkpoint: val_top1=0.6888 -> best_cub200_dinov3_ce_supcon_v9.pt
2026-08-19 16:45:24 | INFO     | fgvc.backbone.trainer | Epoch 6/100 | train_loss=2.7924 | val_top1=0.7721 | val_top3=0.9277 | time=34s
2026-08-19 16:45:30 | INFO     | fgvc.backbone.trainer | New best checkpoint: val_top1=0.7721 -> best_cub200_dinov3_ce_supcon_v9.pt
2026-08-19 16:46:04 | INFO     | fgvc.backbone.trainer | Epoch 7/100 | train_loss=2.2458 | val_top1=0.8223 | val_top3=0.9629 | time=35s
2026-08-19 16:46:10 | INFO     | fgvc.backbone.trainer | New best checkpoint: val_top1=0.8223 -> best_cub200_dinov3_ce_supcon_v9.pt
2026-08-19 16:46:44 | INFO     | fgvc.backbone.trainer | Epoch 8/100 | train_loss=1.8311 | val_top1=0.8534 | val_top3=0.9679 | time=35s
2026-08-19 16:46:50 | INFO     | fgvc.backbone.trainer | New best checkpoint: val_top1=0.8534 -> best_cub200_dinov3_ce_supcon_v9.pt
2026-08-19 16:47:25 | INFO     | fgvc.backbone.trainer | Epoch 9/100 | train_loss=1.4727 | val_top1=0.8675 | val_top3=0.9689 | time=35s
2026-08-19 16:47:31 | INFO     | fgvc.backbone.trainer | New best checkpoint: val_top1=0.8675 -> best_cub200_dinov3_ce_supcon_v9.pt
2026-08-19 16:48:06 | INFO     | fgvc.backbone.trainer | Epoch 10/100 | train_loss=1.2292 | val_top1=0.8785 | val_top3=0.9699 | time=35s
2026-08-19 16:48:11 | INFO     | fgvc.backbone.trainer | New best checkpoint: val_top1=0.8785 -> best_cub200_dinov3_ce_supcon_v9.pt
2026-08-19 16:48:46 | INFO     | fgvc.backbone.trainer | Epoch 11/100 | train_loss=1.0613 | val_top1=0.8886 | val_top3=0.9729 | time=35s
2026-08-19 16:48:52 | INFO     | fgvc.backbone.trainer | New best checkpoint: val_top1=0.8886 -> best_cub200_dinov3_ce_supcon_v9.pt
2026-08-19 16:49:26 | INFO     | fgvc.backbone.trainer | Epoch 12/100 | train_loss=0.9098 | val_top1=0.8946 | val_top3=0.9749 | time=35s
2026-08-19 16:49:32 | INFO     | fgvc.backbone.trainer | New best checkpoint: val_top1=0.8946 -> best_cub200_dinov3_ce_supcon_v9.pt
2026-08-19 16:50:07 | INFO     | fgvc.backbone.trainer | Epoch 13/100 | train_loss=0.7901 | val_top1=0.8956 | val_top3=0.9749 | time=35s
2026-08-19 16:50:13 | INFO     | fgvc.backbone.trainer | New best checkpoint: val_top1=0.8956 -> best_cub200_dinov3_ce_supcon_v9.pt
2026-08-19 16:50:48 | INFO     | fgvc.backbone.trainer | Epoch 14/100 | train_loss=0.6496 | val_top1=0.9006 | val_top3=0.9779 | time=35s
2026-08-19 16:50:53 | INFO     | fgvc.backbone.trainer | New best checkpoint: val_top1=0.9006 -> best_cub200_dinov3_ce_supcon_v9.pt
2026-08-19 16:51:28 | INFO     | fgvc.backbone.trainer | Epoch 15/100 | train_loss=0.5763 | val_top1=0.9066 | val_top3=0.9779 | time=35s
2026-08-19 16:51:34 | INFO     | fgvc.backbone.trainer | New best checkpoint: val_top1=0.9066 -> best_cub200_dinov3_ce_supcon_v9.pt
2026-08-19 16:52:09 | INFO     | fgvc.backbone.trainer | Epoch 16/100 | train_loss=0.5795 | val_top1=0.9006 | val_top3=0.9759 | time=35s
2026-08-19 16:52:46 | INFO     | fgvc.backbone.trainer | Epoch 17/100 | train_loss=0.4512 | val_top1=0.9106 | val_top3=0.9749 | time=37s
2026-08-19 16:52:51 | INFO     | fgvc.backbone.trainer | New best checkpoint: val_top1=0.9106 -> best_cub200_dinov3_ce_supcon_v9.pt
2026-08-19 16:53:26 | INFO     | fgvc.backbone.trainer | Epoch 18/100 | train_loss=0.4334 | val_top1=0.9036 | val_top3=0.9759 | time=35s
2026-08-19 16:54:02 | INFO     | fgvc.backbone.trainer | Epoch 19/100 | train_loss=0.3882 | val_top1=0.9036 | val_top3=0.9799 | time=37s
2026-08-19 16:54:39 | INFO     | fgvc.backbone.trainer | Epoch 20/100 | train_loss=0.3581 | val_top1=0.9127 | val_top3=0.9769 | time=37s
2026-08-19 16:54:45 | INFO     | fgvc.backbone.trainer | New best checkpoint: val_top1=0.9127 -> best_cub200_dinov3_ce_supcon_v9.pt
2026-08-19 16:55:20 | INFO     | fgvc.backbone.trainer | Epoch 21/100 | train_loss=0.3215 | val_top1=0.9157 | val_top3=0.9729 | time=35s
2026-08-19 16:55:26 | INFO     | fgvc.backbone.trainer | New best checkpoint: val_top1=0.9157 -> best_cub200_dinov3_ce_supcon_v9.pt
2026-08-19 16:56:01 | INFO     | fgvc.backbone.trainer | Epoch 22/100 | train_loss=0.2927 | val_top1=0.9147 | val_top3=0.9789 | time=35s
2026-08-19 16:56:37 | INFO     | fgvc.backbone.trainer | Epoch 23/100 | train_loss=0.2484 | val_top1=0.9137 | val_top3=0.9759 | time=36s
2026-08-19 16:57:13 | INFO     | fgvc.backbone.trainer | Epoch 24/100 | train_loss=0.2421 | val_top1=0.9157 | val_top3=0.9779 | time=36s
2026-08-19 16:57:50 | INFO     | fgvc.backbone.trainer | Epoch 25/100 | train_loss=0.1928 | val_top1=0.9167 | val_top3=0.9759 | time=36s
2026-08-19 16:57:55 | INFO     | fgvc.backbone.trainer | New best checkpoint: val_top1=0.9167 -> best_cub200_dinov3_ce_supcon_v9.pt
2026-08-19 16:58:30 | INFO     | fgvc.backbone.trainer | Epoch 26/100 | train_loss=0.1817 | val_top1=0.9157 | val_top3=0.9769 | time=35s
2026-08-19 16:59:07 | INFO     | fgvc.backbone.trainer | Epoch 27/100 | train_loss=0.1611 | val_top1=0.9167 | val_top3=0.9739 | time=37s
2026-08-19 16:59:43 | INFO     | fgvc.backbone.trainer | Epoch 28/100 | train_loss=0.1425 | val_top1=0.9177 | val_top3=0.9739 | time=37s
2026-08-19 16:59:49 | INFO     | fgvc.backbone.trainer | New best checkpoint: val_top1=0.9177 -> best_cub200_dinov3_ce_supcon_v9.pt
2026-08-19 17:00:24 | INFO     | fgvc.backbone.trainer | Epoch 29/100 | train_loss=0.1256 | val_top1=0.9167 | val_top3=0.9729 | time=35s
2026-08-19 17:01:00 | INFO     | fgvc.backbone.trainer | Epoch 30/100 | train_loss=0.1198 | val_top1=0.9116 | val_top3=0.9749 | time=36s
2026-08-19 17:01:37 | INFO     | fgvc.backbone.trainer | Epoch 31/100 | train_loss=0.1029 | val_top1=0.9197 | val_top3=0.9759 | time=36s
2026-08-19 17:01:43 | INFO     | fgvc.backbone.trainer | New best checkpoint: val_top1=0.9197 -> best_cub200_dinov3_ce_supcon_v9.pt
2026-08-19 17:02:17 | INFO     | fgvc.backbone.trainer | Epoch 32/100 | train_loss=0.0965 | val_top1=0.9157 | val_top3=0.9739 | time=35s
2026-08-19 17:02:54 | INFO     | fgvc.backbone.trainer | Epoch 33/100 | train_loss=0.1033 | val_top1=0.9157 | val_top3=0.9719 | time=36s
2026-08-19 17:03:30 | INFO     | fgvc.backbone.trainer | Epoch 34/100 | train_loss=0.0781 | val_top1=0.9066 | val_top3=0.9749 | time=36s
2026-08-19 17:04:06 | INFO     | fgvc.backbone.trainer | Epoch 35/100 | train_loss=0.0805 | val_top1=0.9127 | val_top3=0.9739 | time=36s
2026-08-19 17:04:43 | INFO     | fgvc.backbone.trainer | Epoch 36/100 | train_loss=0.0703 | val_top1=0.9127 | val_top3=0.9749 | time=36s
2026-08-19 17:05:19 | INFO     | fgvc.backbone.trainer | Epoch 37/100 | train_loss=0.0732 | val_top1=0.9137 | val_top3=0.9719 | time=36s
2026-08-19 17:05:56 | INFO     | fgvc.backbone.trainer | Epoch 38/100 | train_loss=0.0500 | val_top1=0.9116 | val_top3=0.9709 | time=36s
2026-08-19 17:06:32 | INFO     | fgvc.backbone.trainer | Epoch 39/100 | train_loss=0.0606 | val_top1=0.9096 | val_top3=0.9739 | time=36s
2026-08-19 17:07:08 | INFO     | fgvc.backbone.trainer | Epoch 40/100 | train_loss=0.0632 | val_top1=0.9147 | val_top3=0.9759 | time=36s
2026-08-19 17:07:45 | INFO     | fgvc.backbone.trainer | Epoch 41/100 | train_loss=0.0576 | val_top1=0.9217 | val_top3=0.9749 | time=37s
2026-08-19 17:07:51 | INFO     | fgvc.backbone.trainer | New best checkpoint: val_top1=0.9217 -> best_cub200_dinov3_ce_supcon_v9.pt
2026-08-19 17:08:26 | INFO     | fgvc.backbone.trainer | Epoch 42/100 | train_loss=0.0419 | val_top1=0.9187 | val_top3=0.9739 | time=35s
2026-08-19 17:09:02 | INFO     | fgvc.backbone.trainer | Epoch 43/100 | train_loss=0.0388 | val_top1=0.9157 | val_top3=0.9729 | time=37s
2026-08-19 17:09:39 | INFO     | fgvc.backbone.trainer | Epoch 44/100 | train_loss=0.0574 | val_top1=0.9147 | val_top3=0.9729 | time=36s
2026-08-19 17:10:15 | INFO     | fgvc.backbone.trainer | Epoch 45/100 | train_loss=0.0649 | val_top1=0.9137 | val_top3=0.9739 | time=36s
2026-08-19 17:10:52 | INFO     | fgvc.backbone.trainer | Epoch 46/100 | train_loss=0.0416 | val_top1=0.9177 | val_top3=0.9709 | time=36s
2026-08-19 17:11:28 | INFO     | fgvc.backbone.trainer | Epoch 47/100 | train_loss=0.0552 | val_top1=0.9096 | val_top3=0.9709 | time=36s
2026-08-19 17:12:05 | INFO     | fgvc.backbone.trainer | Epoch 48/100 | train_loss=0.0501 | val_top1=0.9127 | val_top3=0.9689 | time=37s
2026-08-19 17:12:41 | INFO     | fgvc.backbone.trainer | Epoch 49/100 | train_loss=0.0415 | val_top1=0.9137 | val_top3=0.9679 | time=36s
2026-08-19 17:13:17 | INFO     | fgvc.backbone.trainer | Epoch 50/100 | train_loss=0.0446 | val_top1=0.9177 | val_top3=0.9699 | time=36s
2026-08-19 17:13:54 | INFO     | fgvc.backbone.trainer | Epoch 51/100 | train_loss=0.0336 | val_top1=0.9167 | val_top3=0.9689 | time=36s
2026-08-19 17:13:54 | INFO     | fgvc.backbone.trainer | Early stopping triggered after 10 epochs without improvement.
2026-08-19 17:14:49 | INFO     | fgvc.embeddings.generate | Loading backbone from checkpoint: experiments/cub200/cub200_dinov3_ce_supcon_v9/checkpoints/backbone/best_cub200_dinov3_ce_supcon_v9.pt
2026-08-19 17:14:52 | INFO     | fgvc.embeddings.generate | Reconstructed checkpoint architecture: backbone=facebook/dinov3-vitb16-pretrain-lvd1689m, embedding_dim=768, use_supcon_head=True
2026-08-19 17:17:15 | INFO     | fgvc.embeddings.generate | Saved 5000 embeddings (768D) -> /mnt/data/research/projects/fgvc/experiments/cub200/cub200_dinov3_ce_supcon_v9/embeddings/train
2026-08-19 17:17:22 | INFO     | fgvc.scripts.run_clustering | Loaded 5000 embeddings (768D) from /mnt/data/research/projects/fgvc/experiments/cub200/cub200_dinov3_ce_supcon_v9/embeddings/train
2026-08-19 17:17:22 | INFO     | fgvc.clustering.spherical_kmeans | Building prototypes for 200 label_id(s)...
2026-08-19 17:17:22 | INFO     | fgvc.clustering.spherical_kmeans |   [Acadian_Flycatcher] 25 images
2026-08-19 17:17:22 | DEBUG    | fgvc.clustering.spherical_kmeans |   Init 1/5: inertia=4.184021
2026-08-19 17:17:22 | DEBUG    | fgvc.clustering.spherical_kmeans |   Init 2/5: inertia=4.216527
2026-08-19 17:17:22 | DEBUG    | fgvc.clustering.spherical_kmeans |   Init 3/5: inertia=4.185657
2026-08-19 17:17:22 | DEBUG    | fgvc.clustering.spherical_kmeans |   Init 4/5: inertia=4.285479
2026-08-19 17:17:22 | DEBUG    | fgvc.clustering.spherical_kmeans |   Init 5/5: inertia=4.341165
2026-08-19 17:17:22 | DEBUG    | fgvc.clustering.spherical_kmeans |   Init 1/5: inertia=3.772710
2026-08-19 17:17:22 | DEBUG    | fgvc.clustering.spherical_kmeans |   Init 2/5: inertia=4.066689
2026-08-19 17:17:22 | DEBUG    | fgvc.clustering.spherical_kmeans |   Init 3/5: inertia=4.036805
2026-08-19 17:17:22 | DEBUG    | fgvc.clustering.spherical_kmeans |   Init 4/5: inertia=3.942746
2026-08-19 17:17:22 | DEBUG    | fgvc.clustering.spherical_kmeans |   Init 5/5: inertia=3.971725
2026-08-19 17:17:22 | DEBUG    | fgvc.clustering.spherical_kmeans |   Init 1/5: inertia=3.525787
2026-08-19 17:17:22 | DEBUG    | fgvc.clustering.spherical_kmeans |   Init 2/5: inertia=3.781112
2026-08-19 17:17:22 | DEBUG    | fgvc.clustering.spherical_kmeans |   Init 3/5: inertia=3.557691
2026-08-19 17:17:22 | DEBUG    | fgvc.clustering.spherical_kmeans |   Init 4/5: inertia=3.713617
2026-08-19 17:17:22 | DEBUG    | fgvc.clustering.spherical_kmeans |   Init 5/5: inertia=3.633668
2026-08-19 17:17:22 | DEBUG    | fgvc.clustering.spherical_kmeans |   Init 1/5: inertia=3.272529
2026-08-19 17:17:22 | DEBUG    | fgvc.clustering.spherical_kmeans |   Init 2/5: inertia=3.403265
2026-08-19 17:17:22 | DEBUG    | fgvc.clustering.spherical_kmeans |   Init 3/5: inertia=3.271434
2026-08-19 17:17:22 | DEBUG    | fgvc.clustering.spherical_kmeans |   Init 4/5: inertia=3.333400
2026-08-19 17:17:22 | DEBUG    | fgvc.clustering.spherical_kmeans |   Init 5/5: inertia=3.430104
2026-08-19 17:17:22 | DEBUG    | fgvc.clustering.spherical_kmeans | K selection: best_k=2 | scores={2: {'silhouette': 0.1032, 'compactness': 0.8326, 'score': 0.3014}, 3: {'silhouette': 0.0675, 'compactness': 0.8491, 'score': 0.2218}, 4: {'silhouette': 0.0577, 'compactness': 0.859, 'score': 0.1532}, 5: {'silhouette': 0.0785, 'compactness': 0.8691, 'score': 0.1}}
2026-08-19 17:17:22 | DEBUG    | fgvc.clustering.spherical_kmeans |   Init 1/10: inertia=4.184021
2026-08-19 17:17:22 | DEBUG    | fgvc.clustering.spherical_kmeans |   Init 2/10: inertia=4.216527
2026-08-19 17:17:22 | DEBUG    | fgvc.clustering.spherical_kmeans |   Init 3/10: inertia=4.185657
2026-08-19 17:17:22 | DEBUG    | fgvc.clustering.spherical_kmeans |   Init 4/10: inertia=4.285479
2026-08-19 17:17:22 | DEBUG    | fgvc.clustering.spherical_kmeans |   Init 5/10: inertia=4.341165
2026-08-19 17:17:22 | DEBUG    | fgvc.clustering.spherical_kmeans |   Init 6/10: inertia=4.251184
2026-08-19 17:17:22 | DEBUG    | fgvc.clustering.spherical_kmeans |   Init 7/10: inertia=4.220979
2026-08-19 17:17:22 | DEBUG    | fgvc.clustering.spherical_kmeans |   Init 8/10: inertia=4.196078
2026-08-19 17:17:22 | DEBUG    | fgvc.clustering.spherical_kmeans |   Init 9/10: inertia=4.216527
2026-08-19 17:17:22 | DEBUG    | fgvc.clustering.spherical_kmeans |   Init 10/10: inertia=4.272923
2026-08-19 17:17:22 | INFO     | fgvc.clustering.spherical_kmeans |   [Acadian_Flycatcher] k_selected=2 | k_effective=2 | min_cluster=8 | max_cluster=17
2026-08-19 17:17:22 | INFO     | fgvc.clustering.spherical_kmeans |   [American_Crow] 25 images
2026-08-19 17:17:22 | DEBUG    | fgvc.clustering.spherical_kmeans |   Init 1/5: inertia=2.861731
2026-08-19 17:17:22 | DEBUG    | fgvc.clustering.spherical_kmeans |   Init 2/5: inertia=2.968754
2026-08-19 17:17:22 | DEBUG    | fgvc.clustering.spherical_kmeans |   Init 3/5: inertia=2.899877
2026-08-19 17:17:22 | DEBUG    | fgvc.clustering.spherical_kmeans |   Init 4/5: inertia=3.042631
2026-08-19 17:17:22 | DEBUG    | fgvc.clustering.spherical_kmeans |   Init 5/5: inertia=2.950649
2026-08-19 17:17:22 | DEBUG    | fgvc.clustering.spherical_kmeans |   Init 1/5: inertia=2.767227
2026-08-19 17:17:22 | DEBUG    | fgvc.clustering.spherical_kmeans |   Init 2/5: inertia=2.722437
2026-08-19 17:17:22 | DEBUG    | fgvc.clustering.spherical_kmeans |   Init 3/5: inertia=2.897053
2026-08-19 17:17:22 | DEBUG    | fgvc.clustering.spherical_kmeans |   Init 4/5: inertia=2.676256
2026-08-19 17:17:22 | DEBUG    | fgvc.clustering.spherical_kmeans |   Init 5/5: inertia=2.706985
2026-08-19 17:17:22 | DEBUG    | fgvc.clustering.spherical_kmeans |   Init 1/5: inertia=2.569657
2026-08-19 17:17:22 | DEBUG    | fgvc.clustering.spherical_kmeans |   Init 2/5: inertia=2.726802
2026-08-19 17:17:22 | DEBUG    | fgvc.clustering.spherical_kmeans |   Init 3/5: inertia=2.521501
2026-08-19 17:17:22 | DEBUG    | fgvc.clustering.spherical_kmeans |   Init 4/5: inertia=2.530623
2026-08-19 17:17:22 | DEBUG    | fgvc.clustering.spherical_kmeans |   Init 5/5: inertia=2.475086
2026-08-19 17:17:22 | DEBUG    | fgvc.clustering.spherical_kmeans |   Init 1/5: inertia=2.352749
2026-08-19 17:17:22 | DEBUG    | fgvc.clustering.spherical_kmeans |   Init 2/5: inertia=2.559742
2026-08-19 17:17:22 | DEBUG    | fgvc.clustering.spherical_kmeans |   Init 3/5: inertia=2.470815
2026-08-19 17:17:22 | DEBUG    | fgvc.clustering.spherical_kmeans |   Init 4/5: inertia=2.378922
2026-08-19 17:17:22 | DEBUG    | fgvc.clustering.spherical_kmeans |   Init 5/5: inertia=2.363378
2026-08-19 17:17:22 | DEBUG    | fgvc.clustering.spherical_kmeans | K selection: best_k=2 | scores={2: {'silhouette': 0.1353, 'compactness': 0.8855, 'score': 0.3333}, 3: {'silhouette': 0.0758, 'compactness': 0.8929, 'score': 0.2391}, 4: {'silhouette': 0.0782, 'compactness': 0.901, 'score': 0.176}, 5: {'silhouette': 0.0322, 'compactness': 0.9059, 'score': 0.0879}}
2026-08-19 17:17:22 | DEBUG    | fgvc.clustering.spherical_kmeans |   Init 1/10: inertia=2.861731
2026-08-19 17:17:22 | DEBUG    | fgvc.clustering.spherical_kmeans |   Init 2/10: inertia=2.968754
2026-08-19 17:17:22 | DEBUG    | fgvc.clustering.spherical_kmeans |   Init 3/10: inertia=2.899877
2026-08-19 17:17:22 | DEBUG    | fgvc.clustering.spherical_kmeans |   Init 4/10: inertia=3.042631
2026-08-19 17:17:22 | DEBUG    | fgvc.clustering.spherical_kmeans |   Init 5/10: inertia=2.950649
2026-08-19 17:17:22 | DEBUG    | fgvc.clustering.spherical_kmeans |   Init 6/10: inertia=2.980858
2026-08-19 17:17:22 | DEBUG    | fgvc.clustering.spherical_kmeans |   Init 7/10: inertia=2.954513
2026-08-19 17:17:22 | DEBUG    | fgvc.clustering.spherical_kmeans |   Init 8/10: inertia=2.950009
2026-08-19 17:17:22 | DEBUG    | fgvc.clustering.spherical_kmeans |   Init 9/10: inertia=3.012988
2026-08-19 17:17:22 | DEBUG    | fgvc.clustering.spherical_kmeans |   Init 10/10: inertia=2.901718
2026-08-19 17:17:22 | INFO     | fgvc.clustering.spherical_kmeans |   [American_Crow] k_selected=2 | k_effective=2 | min_cluster=5 | max_cluster=20
2026-08-19 17:17:23 | INFO     | fgvc.clustering.spherical_kmeans |   [American_Goldfinch] 25 images
2026-08-19 17:17:23 | DEBUG    | fgvc.clustering.spherical_kmeans |   Init 1/5: inertia=2.410797
2026-08-19 17:17:23 | DEBUG    | fgvc.clustering.spherical_kmeans |   Init 2/5: inertia=2.352837
2026-08-19 17:17:23 | DEBUG    | fgvc.clustering.spherical_kmeans |   Init 3/5: inertia=2.310259
2026-08-19 17:17:23 | DEBUG    | fgvc.clustering.spherical_kmeans |   Init 4/5: inertia=2.315908
2026-08-19 17:17:23 | DEBUG    | fgvc.clustering.spherical_kmeans |   Init 5/5: inertia=2.316200
2026-08-19 17:17:23 | DEBUG    | fgvc.clustering.spherical_kmeans |   Init 1/5: inertia=2.256711
2026-08-19 17:17:23 | DEBUG    | fgvc.clustering.spherical_kmeans |   Init 2/5: inertia=2.283844
2026-08-19 17:17:23 | DEBUG    | fgvc.clustering.spherical_kmeans |   Init 3/5: inertia=2.135015
2026-08-19 17:17:23 | DEBUG    | fgvc.clustering.spherical_kmeans |   Init 4/5: inertia=2.232968
2026-08-19 17:17:23 | DEBUG    | fgvc.clustering.spherical_kmeans |   Init 5/5: inertia=2.272894
2026-08-19 17:17:23 | DEBUG    | fgvc.clustering.spherical_kmeans |   Init 1/5: inertia=2.143650
2026-08-19 17:17:23 | DEBUG    | fgvc.clustering.spherical_kmeans |   Init 2/5: inertia=2.087025
2026-08-19 17:17:23 | DEBUG    | fgvc.clustering.spherical_kmeans |   Init 3/5: inertia=2.160726
2026-08-19 17:17:23 | DEBUG    | fgvc.clustering.spherical_kmeans |   Init 4/5: inertia=2.043245
2026-08-19 17:17:23 | DEBUG    | fgvc.clustering.spherical_kmeans |   Init 5/5: inertia=1.986295
2026-08-19 17:17:23 | DEBUG    | fgvc.clustering.spherical_kmeans |   Init 1/5: inertia=1.972558
2026-08-19 17:17:23 | DEBUG    | fgvc.clustering.spherical_kmeans |   Init 2/5: inertia=1.964930
2026-08-19 17:17:23 | DEBUG    | fgvc.clustering.spherical_kmeans |   Init 3/5: inertia=1.871490
2026-08-19 17:17:23 | DEBUG    | fgvc.clustering.spherical_kmeans |   Init 4/5: inertia=1.912749
2026-08-19 17:17:23 | DEBUG    | fgvc.clustering.spherical_kmeans |   Init 5/5: inertia=1.895312
2026-08-19 17:17:23 | DEBUG    | fgvc.clustering.spherical_kmeans | K selection: best_k=2 | scores={2: {'silhouette': 0.097, 'compactness': 0.9076, 'score': 0.3208}, 3: {'silhouette': 0.0643, 'compactness': 0.9146, 'score': 0.2399}, 4: {'silhouette': 0.064, 'compactness': 0.9205, 'score': 0.1748}, 5: {'silhouette': 0.0415, 'compactness': 0.9251, 'score': 0.0983}}
2026-08-19 17:17:23 | DEBUG    | fgvc.clustering.spherical_kmeans |   Init 1/10: inertia=2.410797
2026-08-19 17:17:23 | DEBUG    | fgvc.clustering.spherical_kmeans |   Init 2/10: inertia=2.352837
2026-08-19 17:17:23 | DEBUG    | fgvc.clustering.spherical_kmeans |   Init 3/10: inertia=2.310259
2026-08-19 17:17:23 | DEBUG    | fgvc.clustering.spherical_kmeans |   Init 4/10: inertia=2.315908
2026-08-19 17:17:23 | DEBUG    | fgvc.clustering.spherical_kmeans |   Init 5/10: inertia=2.316200
2026-08-19 17:17:23 | DEBUG    | fgvc.clustering.spherical_kmeans |   Init 6/10: inertia=2.439598
2026-08-19 17:17:23 | DEBUG    | fgvc.clustering.spherical_kmeans |   Init 7/10: inertia=2.311902
2026-08-19 17:17:23 | DEBUG    | fgvc.clustering.spherical_kmeans |   Init 8/10: inertia=2.400845
2026-08-19 17:17:23 | DEBUG    | fgvc.clustering.spherical_kmeans |   Init 9/10: inertia=2.314084
2026-08-19 17:17:23 | DEBUG    | fgvc.clustering.spherical_kmeans |   Init 10/10: inertia=2.301517
2026-08-19 17:17:23 | INFO     | fgvc.clustering.spherical_kmeans |   [American_Goldfinch] k_selected=2 | k_effective=2 | min_cluster=10 | max_cluster=15
2026-08-19 17:17:23 | INFO     | fgvc.clustering.spherical_kmeans |   [American_Pipit] 25 images
2026-08-19 17:17:23 | DEBUG    | fgvc.clustering.spherical_kmeans |   Init 1/5: inertia=3.655161
2026-08-19 17:17:23 | DEBUG    | fgvc.clustering.spherical_kmeans |   Init 2/5: inertia=3.610508
2026-08-19 17:17:23 | DEBUG    | fgvc.clustering.spherical_kmeans |   Init 3/5: inertia=3.710728
2026-08-19 17:17:23 | DEBUG    | fgvc.clustering.spherical_kmeans |   Init 4/5: inertia=3.709182
2026-08-19 17:17:23 | DEBUG    | fgvc.clustering.spherical_kmeans |   Init 5/5: inertia=3.654217
2026-08-19 17:17:23 | DEBUG    | fgvc.clustering.spherical_kmeans |   Init 1/5: inertia=3.354584
2026-08-19 17:17:23 | DEBUG    | fgvc.clustering.spherical_kmeans |   Init 2/5: inertia=3.391064
2026-08-19 17:17:23 | DEBUG    | fgvc.clustering.spherical_kmeans |   Init 3/5: inertia=3.410336
2026-08-19 17:17:23 | DEBUG    | fgvc.clustering.spherical_kmeans |   Init 4/5: inertia=3.493122
2026-08-19 17:17:23 | DEBUG    | fgvc.clustering.spherical_kmeans |   Init 5/5: inertia=3.381810
2026-08-19 17:17:23 | DEBUG    | fgvc.clustering.spherical_kmeans |   Init 1/5: inertia=3.097022
2026-08-19 17:17:23 | DEBUG    | fgvc.clustering.spherical_kmeans |   Init 2/5: inertia=3.220141
2026-08-19 17:17:23 | DEBUG    | fgvc.clustering.spherical_kmeans |   Init 3/5: inertia=3.260995
2026-08-19 17:17:23 | DEBUG    | fgvc.clustering.spherical_kmeans |   Init 4/5: inertia=3.141697
2026-08-19 17:17:23 | DEBUG    | fgvc.clustering.spherical_kmeans |   Init 5/5: inertia=3.121294
2026-08-19 17:17:23 | DEBUG    | fgvc.clustering.spherical_kmeans |   Init 1/5: inertia=2.961577
2026-08-19 17:17:23 | DEBUG    | fgvc.clustering.spherical_kmeans |   Init 2/5: inertia=2.977863
2026-08-19 17:17:23 | DEBUG    | fgvc.clustering.spherical_kmeans |   Init 3/5: inertia=2.930809
2026-08-19 17:17:23 | DEBUG    | fgvc.clustering.spherical_kmeans |   Init 4/5: inertia=2.915070
2026-08-19 17:17:23 | DEBUG    | fgvc.clustering.spherical_kmeans |   Init 5/5: inertia=2.976669
2026-08-19 17:17:23 | DEBUG    | fgvc.clustering.spherical_kmeans | K selection: best_k=2 | scores={2: {'silhouette': 0.1547, 'compactness': 0.8556, 'score': 0.334}, 3: {'silhouette': 0.0694, 'compactness': 0.8658, 'score': 0.2278}, 4: {'silhouette': 0.0522, 'compactness': 0.8761, 'score': 0.1556}, 5: {'silhouette': 0.0601, 'compactness': 0.8834, 'score': 0.0951}}
2026-08-19 17:17:23 | DEBUG    | fgvc.clustering.spherical_kmeans |   Init 1/10: inertia=3.655161
2026-08-19 17:17:23 | DEBUG    | fgvc.clustering.spherical_kmeans |   Init 2/10: inertia=3.610508
2026-08-19 17:17:23 | DEBUG    | fgvc.clustering.spherical_kmeans |   Init 3/10: inertia=3.710728
2026-08-19 17:17:23 | DEBUG    | fgvc.clustering.spherical_kmeans |   Init 4/10: inertia=3.709182
2026-08-19 17:17:23 | DEBUG    | fgvc.clustering.spherical_kmeans |   Init 5/10: inertia=3.654217
2026-08-19 17:17:23 | DEBUG    | fgvc.clustering.spherical_kmeans |   Init 6/10: inertia=3.726751
2026-08-19 17:17:23 | DEBUG    | fgvc.clustering.spherical_kmeans |   Init 7/10: inertia=3.647969
2026-08-19 17:17:23 | DEBUG    | fgvc.clustering.spherical_kmeans |   Init 8/10: inertia=3.742921
2026-08-19 17:17:23 | DEBUG    | fgvc.clustering.spherical_kmeans |   Init 9/10: inertia=3.598365
2026-08-19 17:17:23 | DEBUG    | fgvc.clustering.spherical_kmeans |   Init 10/10: inertia=3.623406
2026-08-19 17:17:23 | INFO     | fgvc.clustering.spherical_kmeans |   [American_Pipit] k_selected=2 | k_effective=1 | min_cluster=25 | max_cluster=25
2026-08-19 17:17:23 | INFO     | fgvc.clustering.spherical_kmeans |   [American_Redstart] 25 images
2026-08-19 17:17:23 | DEBUG    | fgvc.clustering.spherical_kmeans |   Init 1/5: inertia=2.117373
2026-08-19 17:17:23 | DEBUG    | fgvc.clustering.spherical_kmeans |   Init 2/5: inertia=2.200480
2026-08-19 17:17:23 | DEBUG    | fgvc.clustering.spherical_kmeans |   Init 3/5: inertia=2.125551
2026-08-19 17:17:23 | DEBUG    | fgvc.clustering.spherical_kmeans |   Init 4/5: inertia=2.096598
2026-08-19 17:17:23 | DEBUG    | fgvc.clustering.spherical_kmeans |   Init 5/5: inertia=2.139729
2026-08-19 17:17:23 | DEBUG    | fgvc.clustering.spherical_kmeans |   Init 1/5: inertia=2.000987
2026-08-19 17:17:23 | DEBUG    | fgvc.clustering.spherical_kmeans |   Init 2/5: inertia=1.996531
2026-08-19 17:17:23 | DEBUG    | fgvc.clustering.spherical_kmeans |   Init 3/5: inertia=2.031227
2026-08-19 17:17:23 | DEBUG    | fgvc.clustering.spherical_kmeans |   Init 4/5: inertia=1.920140
2026-08-19 17:17:23 | DEBUG    | fgvc.clustering.spherical_kmeans |   Init 5/5: inertia=1.911114
2026-08-19 17:17:23 | DEBUG    | fgvc.clustering.spherical_kmeans |   Init 1/5: inertia=1.880784
2026-08-19 17:17:23 | DEBUG    | fgvc.clustering.spherical_kmeans |   Init 2/5: inertia=1.796429
2026-08-19 17:17:23 | DEBUG    | fgvc.clustering.spherical_kmeans |   Init 3/5: inertia=1.827801
2026-08-19 17:17:23 | DEBUG    | fgvc.clustering.spherical_kmeans |   Init 4/5: inertia=1.719210
2026-08-19 17:17:23 | DEBUG    | fgvc.clustering.spherical_kmeans |   Init 5/5: inertia=1.821337
2026-08-19 17:17:23 | DEBUG    | fgvc.clustering.spherical_kmeans |   Init 1/5: inertia=1.712594
2026-08-19 17:17:23 | DEBUG    | fgvc.clustering.spherical_kmeans |   Init 2/5: inertia=1.621760
2026-08-19 17:17:23 | DEBUG    | fgvc.clustering.spherical_kmeans |   Init 3/5: inertia=1.591044
2026-08-19 17:17:23 | DEBUG    | fgvc.clustering.spherical_kmeans |   Init 4/5: inertia=1.579827
2026-08-19 17:17:23 | DEBUG    | fgvc.clustering.spherical_kmeans |   Init 5/5: inertia=1.679978
2026-08-19 17:17:23 | DEBUG    | fgvc.clustering.spherical_kmeans | K selection: best_k=2 | scores={2: {'silhouette': 0.2628, 'compactness': 0.9161, 'score': 0.4062}, 3: {'silhouette': 0.0436, 'compactness': 0.9236, 'score': 0.2322}, 4: {'silhouette': 0.0874, 'compactness': 0.9312, 'score': 0.1898}, 5: {'silhouette': 0.0703, 'compactness': 0.9368, 'score': 0.1162}}
2026-08-19 17:17:23 | DEBUG    | fgvc.clustering.spherical_kmeans |   Init 1/10: inertia=2.117373
2026-08-19 17:17:23 | DEBUG    | fgvc.clustering.spherical_kmeans |   Init 2/10: inertia=2.200480
2026-08-19 17:17:23 | DEBUG    | fgvc.clustering.spherical_kmeans |   Init 3/10: inertia=2.125551
2026-08-19 17:17:23 | DEBUG    | fgvc.clustering.spherical_kmeans |   Init 4/10: inertia=2.096598
2026-08-19 17:17:23 | DEBUG    | fgvc.clustering.spherical_kmeans |   Init 5/10: inertia=2.139729
2026-08-19 17:17:23 | DEBUG    | fgvc.clustering.spherical_kmeans |   Init 6/10: inertia=2.118028
2026-08-19 17:17:23 | DEBUG    | fgvc.clustering.spherical_kmeans |   Init 7/10: inertia=2.118028
2026-08-19 17:17:23 | DEBUG    | fgvc.clustering.spherical_kmeans |   Init 8/10: inertia=2.097042
2026-08-19 17:17:23 | DEBUG    | fgvc.clustering.spherical_kmeans |   Init 9/10: inertia=2.200480
2026-08-19 17:17:23 | DEBUG    | fgvc.clustering.spherical_kmeans |   Init 10/10: inertia=2.100902
2026-08-19 17:17:23 | INFO     | fgvc.clustering.spherical_kmeans |   [American_Redstart] k_selected=2 | k_effective=1 | min_cluster=25 | max_cluster=25
2026-08-19 17:17:23 | INFO     | fgvc.clustering.spherical_kmeans |   [American_Three_toed_Woodpecker] 25 images
2026-08-19 17:17:23 | DEBUG    | fgvc.clustering.spherical_kmeans |   Init 1/5: inertia=3.617348
2026-08-19 17:17:23 | DEBUG    | fgvc.clustering.spherical_kmeans |   Init 2/5: inertia=3.569445
2026-08-19 17:17:23 | DEBUG    | fgvc.clustering.spherical_kmeans |   Init 3/5: inertia=3.444789
2026-08-19 17:17:23 | DEBUG    | fgvc.clustering.spherical_kmeans |   Init 4/5: inertia=3.480816
2026-08-19 17:17:23 | DEBUG    | fgvc.clustering.spherical_kmeans |   Init 5/5: inertia=3.634647
2026-08-19 17:17:23 | DEBUG    | fgvc.clustering.spherical_kmeans |   Init 1/5: inertia=3.228709
2026-08-19 17:17:23 | DEBUG    | fgvc.clustering.spherical_kmeans |   Init 2/5: inertia=3.290197
2026-08-19 17:17:23 | DEBUG    | fgvc.clustering.spherical_kmeans |   Init 3/5: inertia=3.323833
2026-08-19 17:17:23 | DEBUG    | fgvc.clustering.spherical_kmeans |   Init 4/5: inertia=3.123294
2026-08-19 17:17:23 | DEBUG    | fgvc.clustering.spherical_kmeans |   Init 5/5: inertia=3.244812
2026-08-19 17:17:23 | DEBUG    | fgvc.clustering.spherical_kmeans |   Init 1/5: inertia=2.856564
2026-08-19 17:17:23 | DEBUG    | fgvc.clustering.spherical_kmeans |   Init 2/5: inertia=2.886759
2026-08-19 17:17:23 | DEBUG    | fgvc.clustering.spherical_kmeans |   Init 3/5: inertia=3.066405
2026-08-19 17:17:23 | DEBUG    | fgvc.clustering.spherical_kmeans |   Init 4/5: inertia=2.812933
2026-08-19 17:17:23 | DEBUG    | fgvc.clustering.spherical_kmeans |   Init 5/5: inertia=2.888665
2026-08-19 17:17:23 | DEBUG    | fgvc.clustering.spherical_kmeans |   Init 1/5: inertia=2.647364
2026-08-19 17:17:23 | DEBUG    | fgvc.clustering.spherical_kmeans |   Init 2/5: inertia=2.623744
2026-08-19 17:17:23 | DEBUG    | fgvc.clustering.spherical_kmeans |   Init 3/5: inertia=2.596090
2026-08-19 17:17:23 | DEBUG    | fgvc.clustering.spherical_kmeans |   Init 4/5: inertia=2.745984
2026-08-19 17:17:23 | DEBUG    | fgvc.clustering.spherical_kmeans |   Init 5/5: inertia=2.504572
2026-08-19 17:17:23 | DEBUG    | fgvc.clustering.spherical_kmeans | K selection: best_k=2 | scores={2: {'silhouette': 0.1345, 'compactness': 0.8622, 'score': 0.3259}, 3: {'silhouette': 0.1199, 'compactness': 0.8751, 'score': 0.2558}, 4: {'silhouette': 0.1219, 'compactness': 0.8875, 'score': 0.1939}, 5: {'silhouette': 0.1426, 'compactness': 0.8998, 'score': 0.1412}}
2026-08-19 17:17:23 | DEBUG    | fgvc.clustering.spherical_kmeans |   Init 1/10: inertia=3.617348
2026-08-19 17:17:23 | DEBUG    | fgvc.clustering.spherical_kmeans |   Init 2/10: inertia=3.569445
2026-08-19 17:17:23 | DEBUG    | fgvc.clustering.spherical_kmeans |   Init 3/10: inertia=3.444789
2026-08-19 17:17:23 | DEBUG    | fgvc.clustering.spherical_kmeans |   Init 4/10: inertia=3.480816
2026-08-19 17:17:23 | DEBUG    | fgvc.clustering.spherical_kmeans |   Init 5/10: inertia=3.634647
2026-08-19 17:17:23 | DEBUG    | fgvc.clustering.spherical_kmeans |   Init 6/10: inertia=3.687098
2026-08-19 17:17:23 | DEBUG    | fgvc.clustering.spherical_kmeans |   Init 7/10: inertia=3.467351
2026-08-19 17:17:23 | DEBUG    | fgvc.clustering.spherical_kmeans |   Init 8/10: inertia=3.577593
2026-08-19 17:17:23 | DEBUG    | fgvc.clustering.spherical_kmeans |   Init 9/10: inertia=3.417493
2026-08-19 17:17:23 | DEBUG    | fgvc.clustering.spherical_kmeans |   Init 10/10: inertia=3.449895
2026-08-19 17:17:23 | INFO     | fgvc.clustering.spherical_kmeans |   [American_Three_toed_Woodpecker] k_selected=2 | k_effective=2 | min_cluster=10 | max_cluster=15
2026-08-19 17:17:23 | INFO     | fgvc.clustering.spherical_kmeans |   [Anna_Hummingbird] 25 images
2026-08-19 17:17:23 | DEBUG    | fgvc.clustering.spherical_kmeans |   Init 1/5: inertia=3.531973
2026-08-19 17:17:23 | DEBUG    | fgvc.clustering.spherical_kmeans |   Init 2/5: inertia=3.552976
2026-08-19 17:17:23 | DEBUG    | fgvc.clustering.spherical_kmeans |   Init 3/5: inertia=3.519039
2026-08-19 17:17:23 | DEBUG    | fgvc.clustering.spherical_kmeans |   Init 4/5: inertia=3.617239
2026-08-19 17:17:23 | DEBUG    | fgvc.clustering.spherical_kmeans |   Init 5/5: inertia=3.583294
2026-08-19 17:17:23 | DEBUG    | fgvc.clustering.spherical_kmeans |   Init 1/5: inertia=3.289699
2026-08-19 17:17:23 | DEBUG    | fgvc.clustering.spherical_kmeans |   Init 2/5: inertia=3.214524
2026-08-19 17:17:23 | DEBUG    | fgvc.clustering.spherical_kmeans |   Init 3/5: inertia=3.272613
2026-08-19 17:17:23 | DEBUG    | fgvc.clustering.spherical_kmeans |   Init 4/5: inertia=3.324437
2026-08-19 17:17:23 | DEBUG    | fgvc.clustering.spherical_kmeans |   Init 5/5: inertia=3.210298
2026-08-19 17:17:23 | DEBUG    | fgvc.clustering.spherical_kmeans |   Init 1/5: inertia=2.971400
2026-08-19 17:17:23 | DEBUG    | fgvc.clustering.spherical_kmeans |   Init 2/5: inertia=2.998906
2026-08-19 17:17:23 | DEBUG    | fgvc.clustering.spherical_kmeans |   Init 3/5: inertia=2.990258
2026-08-19 17:17:23 | DEBUG    | fgvc.clustering.spherical_kmeans |   Init 4/5: inertia=2.991564
2026-08-19 17:17:23 | DEBUG    | fgvc.clustering.spherical_kmeans |   Init 5/5: inertia=3.051337
2026-08-19 17:17:23 | DEBUG    | fgvc.clustering.spherical_kmeans |   Init 1/5: inertia=2.789648
2026-08-19 17:17:23 | DEBUG    | fgvc.clustering.spherical_kmeans |   Init 2/5: inertia=2.799799
2026-08-19 17:17:23 | DEBUG    | fgvc.clustering.spherical_kmeans |   Init 3/5: inertia=2.805049
2026-08-19 17:17:23 | DEBUG    | fgvc.clustering.spherical_kmeans |   Init 4/5: inertia=2.818308
2026-08-19 17:17:23 | DEBUG    | fgvc.clustering.spherical_kmeans |   Init 5/5: inertia=2.854533
2026-08-19 17:17:23 | DEBUG    | fgvc.clustering.spherical_kmeans | K selection: best_k=2 | scores={2: {'silhouette': 0.0818, 'compactness': 0.8592, 'score': 0.2987}, 3: {'silhouette': 0.1087, 'compactness': 0.8716, 'score': 0.2492}, 4: {'silhouette': 0.075, 'compactness': 0.8811, 'score': 0.1685}, 5: {'silhouette': 0.0459, 'compactness': 0.8884, 'score': 0.0895}}
2026-08-19 17:17:23 | DEBUG    | fgvc.clustering.spherical_kmeans |   Init 1/10: inertia=3.531973
2026-08-19 17:17:23 | DEBUG    | fgvc.clustering.spherical_kmeans |   Init 2/10: inertia=3.552976
2026-08-19 17:17:23 | DEBUG    | fgvc.clustering.spherical_kmeans |   Init 3/10: inertia=3.519039
2026-08-19 17:17:23 | DEBUG    | fgvc.clustering.spherical_kmeans |   Init 4/10: inertia=3.617239
2026-08-19 17:17:23 | DEBUG    | fgvc.clustering.spherical_kmeans |   Init 5/10: inertia=3.583294
2026-08-19 17:17:23 | DEBUG    | fgvc.clustering.spherical_kmeans |   Init 6/10: inertia=3.512188
2026-08-19 17:17:23 | DEBUG    | fgvc.clustering.spherical_kmeans |   Init 7/10: inertia=3.582419
2026-08-19 17:17:23 | DEBUG    | fgvc.clustering.spherical_kmeans |   Init 8/10: inertia=3.567866
2026-08-19 17:17:23 | DEBUG    | fgvc.clustering.spherical_kmeans |   Init 9/10: inertia=3.508646
2026-08-19 17:17:23 | DEBUG    | fgvc.clustering.spherical_kmeans |   Init 10/10: inertia=3.544039
2026-08-19 17:17:23 | INFO     | fgvc.clustering.spherical_kmeans |   [Anna_Hummingbird] k_selected=2 | k_effective=1 | min_cluster=25 | max_cluster=25
2026-08-19 17:17:23 | INFO     | fgvc.clustering.spherical_kmeans |   [Artic_Tern] 25 images
2026-08-19 17:17:23 | DEBUG    | fgvc.clustering.spherical_kmeans |   Init 1/5: inertia=3.487361
2026-08-19 17:17:23 | DEBUG    | fgvc.clustering.spherical_kmeans |   Init 2/5: inertia=3.425890
2026-08-19 17:17:23 | DEBUG    | fgvc.clustering.spherical_kmeans |   Init 3/5: inertia=3.492118
2026-08-19 17:17:23 | DEBUG    | fgvc.clustering.spherical_kmeans |   Init 4/5: inertia=3.581296
2026-08-19 17:17:23 | DEBUG    | fgvc.clustering.spherical_kmeans |   Init 5/5: inertia=3.412951
2026-08-19 17:17:23 | DEBUG    | fgvc.clustering.spherical_kmeans |   Init 1/5: inertia=3.115898
2026-08-19 17:17:23 | DEBUG    | fgvc.clustering.spherical_kmeans |   Init 2/5: inertia=3.170204
2026-08-19 17:17:23 | DEBUG    | fgvc.clustering.spherical_kmeans |   Init 3/5: inertia=3.116818
2026-08-19 17:17:23 | DEBUG    | fgvc.clustering.spherical_kmeans |   Init 4/5: inertia=3.027802
2026-08-19 17:17:23 | DEBUG    | fgvc.clustering.spherical_kmeans |   Init 5/5: inertia=3.248862
2026-08-19 17:17:23 | DEBUG    | fgvc.clustering.spherical_kmeans |   Init 1/5: inertia=2.687529
2026-08-19 17:17:23 | DEBUG    | fgvc.clustering.spherical_kmeans |   Init 2/5: inertia=2.693999
2026-08-19 17:17:23 | DEBUG    | fgvc.clustering.spherical_kmeans |   Init 3/5: inertia=2.858235
2026-08-19 17:17:23 | DEBUG    | fgvc.clustering.spherical_kmeans |   Init 4/5: inertia=2.786438
2026-08-19 17:17:23 | DEBUG    | fgvc.clustering.spherical_kmeans |   Init 5/5: inertia=2.691027
2026-08-19 17:17:23 | DEBUG    | fgvc.clustering.spherical_kmeans |   Init 1/5: inertia=2.439613
2026-08-19 17:17:23 | DEBUG    | fgvc.clustering.spherical_kmeans |   Init 2/5: inertia=2.617137
2026-08-19 17:17:23 | DEBUG    | fgvc.clustering.spherical_kmeans |   Init 3/5: inertia=2.570612
2026-08-19 17:17:23 | DEBUG    | fgvc.clustering.spherical_kmeans |   Init 4/5: inertia=2.573133
2026-08-19 17:17:23 | DEBUG    | fgvc.clustering.spherical_kmeans |   Init 5/5: inertia=2.426376
2026-08-19 17:17:23 | DEBUG    | fgvc.clustering.spherical_kmeans | K selection: best_k=2 | scores={2: {'silhouette': 0.2602, 'compactness': 0.8635, 'score': 0.3891}, 3: {'silhouette': 0.1689, 'compactness': 0.8789, 'score': 0.2815}, 4: {'silhouette': 0.148, 'compactness': 0.8925, 'score': 0.2084}, 5: {'silhouette': 0.1393, 'compactness': 0.9029, 'score': 0.1405}}
2026-08-19 17:17:23 | DEBUG    | fgvc.clustering.spherical_kmeans |   Init 1/10: inertia=3.487361
2026-08-19 17:17:23 | DEBUG    | fgvc.clustering.spherical_kmeans |   Init 2/10: inertia=3.425890
2026-08-19 17:17:23 | DEBUG    | fgvc.clustering.spherical_kmeans |   Init 3/10: inertia=3.492118
2026-08-19 17:17:23 | DEBUG    | fgvc.clustering.spherical_kmeans |   Init 4/10: inertia=3.581296
2026-08-19 17:17:23 | DEBUG    | fgvc.clustering.spherical_kmeans |   Init 5/10: inertia=3.412951
2026-08-19 17:17:23 | DEBUG    | fgvc.clustering.spherical_kmeans |   Init 6/10: inertia=3.302285
2026-08-19 17:17:23 | DEBUG    | fgvc.clustering.spherical_kmeans |   Init 7/10: inertia=3.298181
2026-08-19 17:17:23 | DEBUG    | fgvc.clustering.spherical_kmeans |   Init 8/10: inertia=3.422412
2026-08-19 17:17:23 | DEBUG    | fgvc.clustering.spherical_kmeans |   Init 9/10: inertia=3.273776
2026-08-19 17:17:23 | DEBUG    | fgvc.clustering.spherical_kmeans |   Init 10/10: inertia=3.427742
2026-08-19 17:17:23 | INFO     | fgvc.clustering.spherical_kmeans |   [Artic_Tern] k_selected=2 | k_effective=2 | min_cluster=7 | max_cluster=18
2026-08-19 17:17:23 | INFO     | fgvc.clustering.spherical_kmeans |   [Baird_Sparrow] 25 images
2026-08-19 17:17:23 | DEBUG    | fgvc.clustering.spherical_kmeans |   Init 1/5: inertia=3.595063
2026-08-19 17:17:23 | DEBUG    | fgvc.clustering.spherical_kmeans |   Init 2/5: inertia=3.618595
2026-08-19 17:17:23 | DEBUG    | fgvc.clustering.spherical_kmeans |   Init 3/5: inertia=3.693609
2026-08-19 17:17:23 | DEBUG    | fgvc.clustering.spherical_kmeans |   Init 4/5: inertia=3.624351
2026-08-19 17:17:23 | DEBUG    | fgvc.clustering.spherical_kmeans |   Init 5/5: inertia=3.654068
2026-08-19 17:17:23 | DEBUG    | fgvc.clustering.spherical_kmeans |   Init 1/5: inertia=3.357036
2026-08-19 17:17:23 | DEBUG    | fgvc.clustering.spherical_kmeans |   Init 2/5: inertia=3.375559
2026-08-19 17:17:23 | DEBUG    | fgvc.clustering.spherical_kmeans |   Init 3/5: inertia=3.427800
2026-08-19 17:17:23 | DEBUG    | fgvc.clustering.spherical_kmeans |   Init 4/5: inertia=3.372602
2026-08-19 17:17:23 | DEBUG    | fgvc.clustering.spherical_kmeans |   Init 5/5: inertia=3.330862
2026-08-19 17:17:23 | DEBUG    | fgvc.clustering.spherical_kmeans |   Init 1/5: inertia=3.184205
2026-08-19 17:17:23 | DEBUG    | fgvc.clustering.spherical_kmeans |   Init 2/5: inertia=3.153482
2026-08-19 17:17:23 | DEBUG    | fgvc.clustering.spherical_kmeans |   Init 3/5: inertia=3.169517
2026-08-19 17:17:23 | DEBUG    | fgvc.clustering.spherical_kmeans |   Init 4/5: inertia=3.049580
2026-08-19 17:17:23 | DEBUG    | fgvc.clustering.spherical_kmeans |   Init 5/5: inertia=2.930386
2026-08-19 17:17:23 | DEBUG    | fgvc.clustering.spherical_kmeans |   Init 1/5: inertia=2.934722
2026-08-19 17:17:23 | DEBUG    | fgvc.clustering.spherical_kmeans |   Init 2/5: inertia=2.878769
2026-08-19 17:17:23 | DEBUG    | fgvc.clustering.spherical_kmeans |   Init 3/5: inertia=2.898422
2026-08-19 17:17:23 | DEBUG    | fgvc.clustering.spherical_kmeans |   Init 4/5: inertia=2.874400
2026-08-19 17:17:23 | DEBUG    | fgvc.clustering.spherical_kmeans |   Init 5/5: inertia=2.896213
2026-08-19 17:17:23 | DEBUG    | fgvc.clustering.spherical_kmeans | K selection: best_k=2 | scores={2: {'silhouette': 0.084, 'compactness': 0.8562, 'score': 0.2989}, 3: {'silhouette': 0.1566, 'compactness': 0.8668, 'score': 0.2717}, 4: {'silhouette': 0.0947, 'compactness': 0.8828, 'score': 0.1789}, 5: {'silhouette': 0.0197, 'compactness': 0.885, 'score': 0.0754}}
2026-08-19 17:17:23 | DEBUG    | fgvc.clustering.spherical_kmeans |   Init 1/10: inertia=3.595063
2026-08-19 17:17:23 | DEBUG    | fgvc.clustering.spherical_kmeans |   Init 2/10: inertia=3.618595
2026-08-19 17:17:23 | DEBUG    | fgvc.clustering.spherical_kmeans |   Init 3/10: inertia=3.693609
2026-08-19 17:17:23 | DEBUG    | fgvc.clustering.spherical_kmeans |   Init 4/10: inertia=3.624351
2026-08-19 17:17:23 | DEBUG    | fgvc.clustering.spherical_kmeans |   Init 5/10: inertia=3.654068
2026-08-19 17:17:23 | DEBUG    | fgvc.clustering.spherical_kmeans |   Init 6/10: inertia=3.588248
2026-08-19 17:17:23 | DEBUG    | fgvc.clustering.spherical_kmeans |   Init 7/10: inertia=3.666264
2026-08-19 17:17:23 | DEBUG    | fgvc.clustering.spherical_kmeans |   Init 8/10: inertia=3.621335
2026-08-19 17:17:23 | DEBUG    | fgvc.clustering.spherical_kmeans |   Init 9/10: inertia=3.604226
2026-08-19 17:17:23 | DEBUG    | fgvc.clustering.spherical_kmeans |   Init 10/10: inertia=3.541006
2026-08-19 17:17:23 | INFO     | fgvc.clustering.spherical_kmeans |   [Baird_Sparrow] k_selected=2 | k_effective=2 | min_cluster=9 | max_cluster=16
2026-08-19 17:17:23 | INFO     | fgvc.clustering.spherical_kmeans |   [Baltimore_Oriole] 25 images
2026-08-19 17:17:23 | DEBUG    | fgvc.clustering.spherical_kmeans |   Init 1/5: inertia=2.402113
2026-08-19 17:17:23 | DEBUG    | fgvc.clustering.spherical_kmeans |   Init 2/5: inertia=2.777685
2026-08-19 17:17:23 | DEBUG    | fgvc.clustering.spherical_kmeans |   Init 3/5: inertia=2.402113
2026-08-19 17:17:23 | DEBUG    | fgvc.clustering.spherical_kmeans |   Init 4/5: inertia=2.829676
2026-08-19 17:17:23 | DEBUG    | fgvc.clustering.spherical_kmeans |   Init 5/5: inertia=2.811803
2026-08-19 17:17:23 | DEBUG    | fgvc.clustering.spherical_kmeans |   Init 1/5: inertia=2.271084
2026-08-19 17:17:23 | DEBUG    | fgvc.clustering.spherical_kmeans |   Init 2/5: inertia=2.191363
2026-08-19 17:17:23 | DEBUG    | fgvc.clustering.spherical_kmeans |   Init 3/5: inertia=2.596688
2026-08-19 17:17:23 | DEBUG    | fgvc.clustering.spherical_kmeans |   Init 4/5: inertia=2.238250
2026-08-19 17:17:23 | DEBUG    | fgvc.clustering.spherical_kmeans |   Init 5/5: inertia=2.544017
2026-08-19 17:17:23 | DEBUG    | fgvc.clustering.spherical_kmeans |   Init 1/5: inertia=2.111804
2026-08-19 17:17:23 | DEBUG    | fgvc.clustering.spherical_kmeans |   Init 2/5: inertia=2.136333
2026-08-19 17:17:23 | DEBUG    | fgvc.clustering.spherical_kmeans |   Init 3/5: inertia=2.122785
2026-08-19 17:17:23 | DEBUG    | fgvc.clustering.spherical_kmeans |   Init 4/5: inertia=2.051861
2026-08-19 17:17:23 | DEBUG    | fgvc.clustering.spherical_kmeans |   Init 5/5: inertia=2.188131
2026-08-19 17:17:23 | DEBUG    | fgvc.clustering.spherical_kmeans |   Init 1/5: inertia=1.981422
2026-08-19 17:17:23 | DEBUG    | fgvc.clustering.spherical_kmeans |   Init 2/5: inertia=1.982492
2026-08-19 17:17:23 | DEBUG    | fgvc.clustering.spherical_kmeans |   Init 3/5: inertia=2.069071
2026-08-19 17:17:23 | DEBUG    | fgvc.clustering.spherical_kmeans |   Init 4/5: inertia=1.981726
2026-08-19 17:17:23 | DEBUG    | fgvc.clustering.spherical_kmeans |   Init 5/5: inertia=2.022178
2026-08-19 17:17:23 | DEBUG    | fgvc.clustering.spherical_kmeans | K selection: best_k=2 | scores={2: {'silhouette': 0.382, 'compactness': 0.9039, 'score': 0.4622}, 3: {'silhouette': 0.1153, 'compactness': 0.9123, 'score': 0.2647}, 4: {'silhouette': 0.0594, 'compactness': 0.9179, 'score': 0.1717}, 5: {'silhouette': 0.0265, 'compactness': 0.9207, 'score': 0.0895}}
2026-08-19 17:17:23 | DEBUG    | fgvc.clustering.spherical_kmeans |   Init 1/10: inertia=2.402113
2026-08-19 17:17:23 | DEBUG    | fgvc.clustering.spherical_kmeans |   Init 2/10: inertia=2.777685
2026-08-19 17:17:23 | DEBUG    | fgvc.clustering.spherical_kmeans |   Init 3/10: inertia=2.402113
2026-08-19 17:17:23 | DEBUG    | fgvc.clustering.spherical_kmeans |   Init 4/10: inertia=2.829676
2026-08-19 17:17:23 | DEBUG    | fgvc.clustering.spherical_kmeans |   Init 5/10: inertia=2.811803
2026-08-19 17:17:23 | DEBUG    | fgvc.clustering.spherical_kmeans |   Init 6/10: inertia=2.402113
2026-08-19 17:17:23 | DEBUG    | fgvc.clustering.spherical_kmeans |   Init 7/10: inertia=2.821211
2026-08-19 17:17:23 | DEBUG    | fgvc.clustering.spherical_kmeans |   Init 8/10: inertia=2.402113
2026-08-19 17:17:23 | DEBUG    | fgvc.clustering.spherical_kmeans |   Init 9/10: inertia=2.746504
2026-08-19 17:17:23 | DEBUG    | fgvc.clustering.spherical_kmeans |   Init 10/10: inertia=2.818586
2026-08-19 17:17:23 | INFO     | fgvc.clustering.spherical_kmeans |   [Baltimore_Oriole] k_selected=2 | k_effective=2 | min_cluster=5 | max_cluster=20
2026-08-19 17:17:23 | INFO     | fgvc.clustering.spherical_kmeans |   [Bank_Swallow] 25 images
2026-08-19 17:17:23 | DEBUG    | fgvc.clustering.spherical_kmeans |   Init 1/5: inertia=4.332174
2026-08-19 17:17:23 | DEBUG    | fgvc.clustering.spherical_kmeans |   Init 2/5: inertia=4.365477
2026-08-19 17:17:23 | DEBUG    | fgvc.clustering.spherical_kmeans |   Init 3/5: inertia=4.229718
2026-08-19 17:17:23 | DEBUG    | fgvc.clustering.spherical_kmeans |   Init 4/5: inertia=4.285145
2026-08-19 17:17:23 | DEBUG    | fgvc.clustering.spherical_kmeans |   Init 5/5: inertia=4.319440
2026-08-19 17:17:23 | DEBUG    | fgvc.clustering.spherical_kmeans |   Init 1/5: inertia=4.005356
2026-08-19 17:17:23 | DEBUG    | fgvc.clustering.spherical_kmeans |   Init 2/5: inertia=3.933444
2026-08-19 17:17:23 | DEBUG    | fgvc.clustering.spherical_kmeans |   Init 3/5: inertia=3.937432
2026-08-19 17:17:23 | DEBUG    | fgvc.clustering.spherical_kmeans |   Init 4/5: inertia=3.862144
2026-08-19 17:17:23 | DEBUG    | fgvc.clustering.spherical_kmeans |   Init 5/5: inertia=4.071757
2026-08-19 17:17:23 | DEBUG    | fgvc.clustering.spherical_kmeans |   Init 1/5: inertia=3.777439
2026-08-19 17:17:23 | DEBUG    | fgvc.clustering.spherical_kmeans |   Init 2/5: inertia=3.620680
2026-08-19 17:17:23 | DEBUG    | fgvc.clustering.spherical_kmeans |   Init 3/5: inertia=3.783250
2026-08-19 17:17:23 | DEBUG    | fgvc.clustering.spherical_kmeans |   Init 4/5: inertia=3.841181
2026-08-19 17:17:23 | DEBUG    | fgvc.clustering.spherical_kmeans |   Init 5/5: inertia=3.746805
2026-08-19 17:17:23 | DEBUG    | fgvc.clustering.spherical_kmeans |   Init 1/5: inertia=3.543015
2026-08-19 17:17:23 | DEBUG    | fgvc.clustering.spherical_kmeans |   Init 2/5: inertia=3.304407
2026-08-19 17:17:23 | DEBUG    | fgvc.clustering.spherical_kmeans |   Init 3/5: inertia=3.623984
2026-08-19 17:17:23 | DEBUG    | fgvc.clustering.spherical_kmeans |   Init 4/5: inertia=3.441669
2026-08-19 17:17:23 | DEBUG    | fgvc.clustering.spherical_kmeans |   Init 5/5: inertia=3.473231
2026-08-19 17:17:23 | DEBUG    | fgvc.clustering.spherical_kmeans | K selection: best_k=2 | scores={2: {'silhouette': 0.1058, 'compactness': 0.8308, 'score': 0.3021}, 3: {'silhouette': 0.1008, 'compactness': 0.8455, 'score': 0.2374}, 4: {'silhouette': 0.0589, 'compactness': 0.8552, 'score': 0.1527}, 5: {'silhouette': 0.0754, 'compactness': 0.8678, 'score': 0.0981}}
2026-08-19 17:17:23 | DEBUG    | fgvc.clustering.spherical_kmeans |   Init 1/10: inertia=4.332174
2026-08-19 17:17:23 | DEBUG    | fgvc.clustering.spherical_kmeans |   Init 2/10: inertia=4.365477
2026-08-19 17:17:23 | DEBUG    | fgvc.clustering.spherical_kmeans |   Init 3/10: inertia=4.229718
2026-08-19 17:17:23 | DEBUG    | fgvc.clustering.spherical_kmeans |   Init 4/10: inertia=4.285145
2026-08-19 17:17:23 | DEBUG    | fgvc.clustering.spherical_kmeans |   Init 5/10: inertia=4.319440
2026-08-19 17:17:23 | DEBUG    | fgvc.clustering.spherical_kmeans |   Init 6/10: inertia=4.234962
2026-08-19 17:17:23 | DEBUG    | fgvc.clustering.spherical_kmeans |   Init 7/10: inertia=4.262299
2026-08-19 17:17:23 | DEBUG    | fgvc.clustering.spherical_kmeans |   Init 8/10: inertia=4.410740
2026-08-19 17:17:23 | DEBUG    | fgvc.clustering.spherical_kmeans |   Init 9/10: inertia=4.272154
2026-08-19 17:17:23 | DEBUG    | fgvc.clustering.spherical_kmeans |   Init 10/10: inertia=4.367869
2026-08-19 17:17:23 | INFO     | fgvc.clustering.spherical_kmeans |   [Bank_Swallow] k_selected=2 | k_effective=2 | min_cluster=9 | max_cluster=16
2026-08-19 17:17:23 | INFO     | fgvc.clustering.spherical_kmeans |   [Barn_Swallow] 25 images
2026-08-19 17:17:23 | DEBUG    | fgvc.clustering.spherical_kmeans |   Init 1/5: inertia=3.301652
2026-08-19 17:17:23 | DEBUG    | fgvc.clustering.spherical_kmeans |   Init 2/5: inertia=3.077332
2026-08-19 17:17:23 | DEBUG    | fgvc.clustering.spherical_kmeans |   Init 3/5: inertia=3.301652
2026-08-19 17:17:23 | DEBUG    | fgvc.clustering.spherical_kmeans |   Init 4/5: inertia=3.123618
2026-08-19 17:17:23 | DEBUG    | fgvc.clustering.spherical_kmeans |   Init 5/5: inertia=3.095309
2026-08-19 17:17:23 | DEBUG    | fgvc.clustering.spherical_kmeans |   Init 1/5: inertia=2.894064
2026-08-19 17:17:23 | DEBUG    | fgvc.clustering.spherical_kmeans |   Init 2/5: inertia=2.880535
2026-08-19 17:17:23 | DEBUG    | fgvc.clustering.spherical_kmeans |   Init 3/5: inertia=2.949720
2026-08-19 17:17:23 | DEBUG    | fgvc.clustering.spherical_kmeans |   Init 4/5: inertia=2.896836
2026-08-19 17:17:23 | DEBUG    | fgvc.clustering.spherical_kmeans |   Init 5/5: inertia=2.698219
2026-08-19 17:17:23 | DEBUG    | fgvc.clustering.spherical_kmeans |   Init 1/5: inertia=2.677181
2026-08-19 17:17:23 | DEBUG    | fgvc.clustering.spherical_kmeans |   Init 2/5: inertia=2.651800
2026-08-19 17:17:23 | DEBUG    | fgvc.clustering.spherical_kmeans |   Init 3/5: inertia=2.688565
2026-08-19 17:17:23 | DEBUG    | fgvc.clustering.spherical_kmeans |   Init 4/5: inertia=2.523457
2026-08-19 17:17:23 | DEBUG    | fgvc.clustering.spherical_kmeans |   Init 5/5: inertia=2.487410
2026-08-19 17:17:23 | DEBUG    | fgvc.clustering.spherical_kmeans |   Init 1/5: inertia=2.494602
2026-08-19 17:17:23 | DEBUG    | fgvc.clustering.spherical_kmeans |   Init 2/5: inertia=2.472036
2026-08-19 17:17:23 | DEBUG    | fgvc.clustering.spherical_kmeans |   Init 3/5: inertia=2.374624
2026-08-19 17:17:23 | DEBUG    | fgvc.clustering.spherical_kmeans |   Init 4/5: inertia=2.283236
2026-08-19 17:17:23 | DEBUG    | fgvc.clustering.spherical_kmeans |   Init 5/5: inertia=2.384307
2026-08-19 17:17:23 | DEBUG    | fgvc.clustering.spherical_kmeans | K selection: best_k=2 | scores={2: {'silhouette': 0.2528, 'compactness': 0.8769, 'score': 0.3895}, 3: {'silhouette': 0.2127, 'compactness': 0.8921, 'score': 0.3073}, 4: {'silhouette': 0.192, 'compactness': 0.9005, 'score': 0.2328}, 5: {'silhouette': 0.1253, 'compactness': 0.9087, 'score': 0.1352}}
2026-08-19 17:17:23 | DEBUG    | fgvc.clustering.spherical_kmeans |   Init 1/10: inertia=3.301652
2026-08-19 17:17:23 | DEBUG    | fgvc.clustering.spherical_kmeans |   Init 2/10: inertia=3.077332
2026-08-19 17:17:23 | DEBUG    | fgvc.clustering.spherical_kmeans |   Init 3/10: inertia=3.301652
2026-08-19 17:17:23 | DEBUG    | fgvc.clustering.spherical_kmeans |   Init 4/10: inertia=3.123618
2026-08-19 17:17:23 | DEBUG    | fgvc.clustering.spherical_kmeans |   Init 5/10: inertia=3.095309
2026-08-19 17:17:23 | DEBUG    | fgvc.clustering.spherical_kmeans |   Init 6/10: inertia=3.230486
2026-08-19 17:17:23 | DEBUG    | fgvc.clustering.spherical_kmeans |   Init 7/10: inertia=3.123618
2026-08-19 17:17:23 | DEBUG    | fgvc.clustering.spherical_kmeans |   Init 8/10: inertia=3.077332
2026-08-19 17:17:23 | DEBUG    | fgvc.clustering.spherical_kmeans |   Init 9/10: inertia=3.106459
2026-08-19 17:17:23 | DEBUG    | fgvc.clustering.spherical_kmeans |   Init 10/10: inertia=3.182933
2026-08-19 17:17:23 | INFO     | fgvc.clustering.spherical_kmeans |   [Barn_Swallow] k_selected=2 | k_effective=2 | min_cluster=6 | max_cluster=19
2026-08-19 17:17:23 | INFO     | fgvc.clustering.spherical_kmeans |   [Bay_breasted_Warbler] 25 images
2026-08-19 17:17:23 | DEBUG    | fgvc.clustering.spherical_kmeans |   Init 1/5: inertia=2.794624
2026-08-19 17:17:23 | DEBUG    | fgvc.clustering.spherical_kmeans |   Init 2/5: inertia=3.551821
2026-08-19 17:17:23 | DEBUG    | fgvc.clustering.spherical_kmeans |   Init 3/5: inertia=2.783292
2026-08-19 17:17:23 | DEBUG    | fgvc.clustering.spherical_kmeans |   Init 4/5: inertia=2.782818
2026-08-19 17:17:23 | DEBUG    | fgvc.clustering.spherical_kmeans |   Init 5/5: inertia=2.794624
2026-08-19 17:17:23 | DEBUG    | fgvc.clustering.spherical_kmeans |   Init 1/5: inertia=2.437611
2026-08-19 17:17:23 | DEBUG    | fgvc.clustering.spherical_kmeans |   Init 2/5: inertia=2.551696
2026-08-19 17:17:23 | DEBUG    | fgvc.clustering.spherical_kmeans |   Init 3/5: inertia=2.555224
2026-08-19 17:17:23 | DEBUG    | fgvc.clustering.spherical_kmeans |   Init 4/5: inertia=2.612441
2026-08-19 17:17:23 | DEBUG    | fgvc.clustering.spherical_kmeans |   Init 5/5: inertia=2.621975
2026-08-19 17:17:23 | DEBUG    | fgvc.clustering.spherical_kmeans |   Init 1/5: inertia=2.302606
2026-08-19 17:17:23 | DEBUG    | fgvc.clustering.spherical_kmeans |   Init 2/5: inertia=2.403442
2026-08-19 17:17:23 | DEBUG    | fgvc.clustering.spherical_kmeans |   Init 3/5: inertia=2.293301
2026-08-19 17:17:23 | DEBUG    | fgvc.clustering.spherical_kmeans |   Init 4/5: inertia=2.379226
2026-08-19 17:17:23 | DEBUG    | fgvc.clustering.spherical_kmeans |   Init 5/5: inertia=2.471022
2026-08-19 17:17:23 | DEBUG    | fgvc.clustering.spherical_kmeans |   Init 1/5: inertia=2.154485
2026-08-19 17:17:23 | DEBUG    | fgvc.clustering.spherical_kmeans |   Init 2/5: inertia=2.312481
2026-08-19 17:17:23 | DEBUG    | fgvc.clustering.spherical_kmeans |   Init 3/5: inertia=2.235064
2026-08-19 17:17:23 | DEBUG    | fgvc.clustering.spherical_kmeans |   Init 4/5: inertia=2.105959
2026-08-19 17:17:23 | DEBUG    | fgvc.clustering.spherical_kmeans |   Init 5/5: inertia=2.181640
2026-08-19 17:17:23 | DEBUG    | fgvc.clustering.spherical_kmeans | K selection: best_k=2 | scores={2: {'silhouette': 0.4067, 'compactness': 0.8887, 'score': 0.4699}, 3: {'silhouette': 0.3723, 'compactness': 0.9025, 'score': 0.3902}, 4: {'silhouette': 0.3143, 'compactness': 0.9083, 'score': 0.2963}, 5: {'silhouette': 0.1186, 'compactness': 0.9158, 'score': 0.134}}
2026-08-19 17:17:23 | DEBUG    | fgvc.clustering.spherical_kmeans |   Init 1/10: inertia=2.794624
2026-08-19 17:17:23 | DEBUG    | fgvc.clustering.spherical_kmeans |   Init 2/10: inertia=3.551821
2026-08-19 17:17:23 | DEBUG    | fgvc.clustering.spherical_kmeans |   Init 3/10: inertia=2.783292
2026-08-19 17:17:23 | DEBUG    | fgvc.clustering.spherical_kmeans |   Init 4/10: inertia=2.782818
2026-08-19 17:17:23 | DEBUG    | fgvc.clustering.spherical_kmeans |   Init 5/10: inertia=2.794624
2026-08-19 17:17:23 | DEBUG    | fgvc.clustering.spherical_kmeans |   Init 6/10: inertia=2.783292
2026-08-19 17:17:23 | DEBUG    | fgvc.clustering.spherical_kmeans |   Init 7/10: inertia=2.739723
2026-08-19 17:17:23 | DEBUG    | fgvc.clustering.spherical_kmeans |   Init 8/10: inertia=2.739723
2026-08-19 17:17:23 | DEBUG    | fgvc.clustering.spherical_kmeans |   Init 9/10: inertia=2.794624
2026-08-19 17:17:23 | DEBUG    | fgvc.clustering.spherical_kmeans |   Init 10/10: inertia=2.782818
2026-08-19 17:17:23 | INFO     | fgvc.clustering.spherical_kmeans |   [Bay_breasted_Warbler] k_selected=2 | k_effective=2 | min_cluster=7 | max_cluster=18
2026-08-19 17:17:23 | INFO     | fgvc.clustering.spherical_kmeans |   [Belted_Kingfisher] 25 images
2026-08-19 17:17:23 | DEBUG    | fgvc.clustering.spherical_kmeans |   Init 1/5: inertia=3.435747
2026-08-19 17:17:23 | DEBUG    | fgvc.clustering.spherical_kmeans |   Init 2/5: inertia=3.453805
2026-08-19 17:17:23 | DEBUG    | fgvc.clustering.spherical_kmeans |   Init 3/5: inertia=3.531703
2026-08-19 17:17:23 | DEBUG    | fgvc.clustering.spherical_kmeans |   Init 4/5: inertia=3.427162
2026-08-19 17:17:23 | DEBUG    | fgvc.clustering.spherical_kmeans |   Init 5/5: inertia=3.569680
2026-08-19 17:17:23 | DEBUG    | fgvc.clustering.spherical_kmeans |   Init 1/5: inertia=3.160482
2026-08-19 17:17:23 | DEBUG    | fgvc.clustering.spherical_kmeans |   Init 2/5: inertia=3.146312
2026-08-19 17:17:23 | DEBUG    | fgvc.clustering.spherical_kmeans |   Init 3/5: inertia=3.341812
2026-08-19 17:17:23 | DEBUG    | fgvc.clustering.spherical_kmeans |   Init 4/5: inertia=3.317780
2026-08-19 17:17:23 | DEBUG    | fgvc.clustering.spherical_kmeans |   Init 5/5: inertia=3.065745
2026-08-19 17:17:23 | DEBUG    | fgvc.clustering.spherical_kmeans |   Init 1/5: inertia=2.967552
2026-08-19 17:17:23 | DEBUG    | fgvc.clustering.spherical_kmeans |   Init 2/5: inertia=2.888230
2026-08-19 17:17:23 | DEBUG    | fgvc.clustering.spherical_kmeans |   Init 3/5: inertia=2.954393
2026-08-19 17:17:23 | DEBUG    | fgvc.clustering.spherical_kmeans |   Init 4/5: inertia=2.896749
2026-08-19 17:17:23 | DEBUG    | fgvc.clustering.spherical_kmeans |   Init 5/5: inertia=3.073552
2026-08-19 17:17:23 | DEBUG    | fgvc.clustering.spherical_kmeans |   Init 1/5: inertia=2.648196
2026-08-19 17:17:23 | DEBUG    | fgvc.clustering.spherical_kmeans |   Init 2/5: inertia=2.683829
2026-08-19 17:17:23 | DEBUG    | fgvc.clustering.spherical_kmeans |   Init 3/5: inertia=2.662438
2026-08-19 17:17:23 | DEBUG    | fgvc.clustering.spherical_kmeans |   Init 4/5: inertia=2.663671
2026-08-19 17:17:23 | DEBUG    | fgvc.clustering.spherical_kmeans |   Init 5/5: inertia=2.631086
2026-08-19 17:17:23 | DEBUG    | fgvc.clustering.spherical_kmeans | K selection: best_k=2 | scores={2: {'silhouette': 0.1951, 'compactness': 0.8629, 'score': 0.3564}, 3: {'silhouette': 0.1471, 'compactness': 0.8774, 'score': 0.2701}, 4: {'silhouette': 0.0628, 'compactness': 0.8845, 'score': 0.1634}, 5: {'silhouette': 0.0691, 'compactness': 0.8948, 'score': 0.103}}
2026-08-19 17:17:23 | DEBUG    | fgvc.clustering.spherical_kmeans |   Init 1/10: inertia=3.435747
2026-08-19 17:17:23 | DEBUG    | fgvc.clustering.spherical_kmeans |   Init 2/10: inertia=3.453805
2026-08-19 17:17:23 | DEBUG    | fgvc.clustering.spherical_kmeans |   Init 3/10: inertia=3.531703
2026-08-19 17:17:23 | DEBUG    | fgvc.clustering.spherical_kmeans |   Init 4/10: inertia=3.427162
2026-08-19 17:17:23 | DEBUG    | fgvc.clustering.spherical_kmeans |   Init 5/10: inertia=3.569680
2026-08-19 17:17:23 | DEBUG    | fgvc.clustering.spherical_kmeans |   Init 6/10: inertia=3.569421
2026-08-19 17:17:23 | DEBUG    | fgvc.clustering.spherical_kmeans |   Init 7/10: inertia=3.529804
2026-08-19 17:17:23 | DEBUG    | fgvc.clustering.spherical_kmeans |   Init 8/10: inertia=3.449394
2026-08-19 17:17:23 | DEBUG    | fgvc.clustering.spherical_kmeans |   Init 9/10: inertia=3.446740
2026-08-19 17:17:23 | DEBUG    | fgvc.clustering.spherical_kmeans |   Init 10/10: inertia=3.463069
2026-08-19 17:17:23 | INFO     | fgvc.clustering.spherical_kmeans |   [Belted_Kingfisher] k_selected=2 | k_effective=1 | min_cluster=25 | max_cluster=25
2026-08-19 17:17:23 | INFO     | fgvc.clustering.spherical_kmeans |   [Bewick_Wren] 25 images
2026-08-19 17:17:23 | DEBUG    | fgvc.clustering.spherical_kmeans |   Init 1/5: inertia=3.439991
2026-08-19 17:17:23 | DEBUG    | fgvc.clustering.spherical_kmeans |   Init 2/5: inertia=3.454868
2026-08-19 17:17:23 | DEBUG    | fgvc.clustering.spherical_kmeans |   Init 3/5: inertia=3.490765
2026-08-19 17:17:23 | DEBUG    | fgvc.clustering.spherical_kmeans |   Init 4/5: inertia=3.497671
2026-08-19 17:17:23 | DEBUG    | fgvc.clustering.spherical_kmeans |   Init 5/5: inertia=3.397511
2026-08-19 17:17:23 | DEBUG    | fgvc.clustering.spherical_kmeans |   Init 1/5: inertia=3.282665
2026-08-19 17:17:23 | DEBUG    | fgvc.clustering.spherical_kmeans |   Init 2/5: inertia=3.237528
2026-08-19 17:17:23 | DEBUG    | fgvc.clustering.spherical_kmeans |   Init 3/5: inertia=3.189985
2026-08-19 17:17:23 | DEBUG    | fgvc.clustering.spherical_kmeans |   Init 4/5: inertia=3.121123
2026-08-19 17:17:23 | DEBUG    | fgvc.clustering.spherical_kmeans |   Init 5/5: inertia=3.266220
2026-08-19 17:17:23 | DEBUG    | fgvc.clustering.spherical_kmeans |   Init 1/5: inertia=3.072498
2026-08-19 17:17:23 | DEBUG    | fgvc.clustering.spherical_kmeans |   Init 2/5: inertia=3.134339
2026-08-19 17:17:23 | DEBUG    | fgvc.clustering.spherical_kmeans |   Init 3/5: inertia=3.096243
2026-08-19 17:17:23 | DEBUG    | fgvc.clustering.spherical_kmeans |   Init 4/5: inertia=2.947271
2026-08-19 17:17:23 | DEBUG    | fgvc.clustering.spherical_kmeans |   Init 5/5: inertia=3.036401
2026-08-19 17:17:23 | DEBUG    | fgvc.clustering.spherical_kmeans |   Init 1/5: inertia=2.838960
2026-08-19 17:17:23 | DEBUG    | fgvc.clustering.spherical_kmeans |   Init 2/5: inertia=2.923734
2026-08-19 17:17:23 | DEBUG    | fgvc.clustering.spherical_kmeans |   Init 3/5: inertia=2.813002
2026-08-19 17:17:23 | DEBUG    | fgvc.clustering.spherical_kmeans |   Init 4/5: inertia=2.788495
2026-08-19 17:17:23 | DEBUG    | fgvc.clustering.spherical_kmeans |   Init 5/5: inertia=2.844617
2026-08-19 17:17:23 | DEBUG    | fgvc.clustering.spherical_kmeans | K selection: best_k=2 | scores={2: {'silhouette': 0.3306, 'compactness': 0.8641, 'score': 0.4245}, 3: {'silhouette': 0.0682, 'compactness': 0.8752, 'score': 0.23}, 4: {'silhouette': 0.0271, 'compactness': 0.8821, 'score': 0.1449}, 5: {'silhouette': 0.0313, 'compactness': 0.8885, 'score': 0.0822}}
2026-08-19 17:17:23 | DEBUG    | fgvc.clustering.spherical_kmeans |   Init 1/10: inertia=3.439991
2026-08-19 17:17:23 | DEBUG    | fgvc.clustering.spherical_kmeans |   Init 2/10: inertia=3.454868
2026-08-19 17:17:23 | DEBUG    | fgvc.clustering.spherical_kmeans |   Init 3/10: inertia=3.490765
2026-08-19 17:17:23 | DEBUG    | fgvc.clustering.spherical_kmeans |   Init 4/10: inertia=3.497671
2026-08-19 17:17:23 | DEBUG    | fgvc.clustering.spherical_kmeans |   Init 5/10: inertia=3.397511
2026-08-19 17:17:23 | DEBUG    | fgvc.clustering.spherical_kmeans |   Init 6/10: inertia=3.450276
2026-08-19 17:17:23 | DEBUG    | fgvc.clustering.spherical_kmeans |   Init 7/10: inertia=3.397511
2026-08-19 17:17:23 | DEBUG    | fgvc.clustering.spherical_kmeans |   Init 8/10: inertia=3.405307
2026-08-19 17:17:23 | DEBUG    | fgvc.clustering.spherical_kmeans |   Init 9/10: inertia=3.397511
2026-08-19 17:17:23 | DEBUG    | fgvc.clustering.spherical_kmeans |   Init 10/10: inertia=3.445402
2026-08-19 17:17:23 | INFO     | fgvc.clustering.spherical_kmeans |   [Bewick_Wren] k_selected=2 | k_effective=1 | min_cluster=25 | max_cluster=25
2026-08-19 17:17:23 | INFO     | fgvc.clustering.spherical_kmeans |   [Black_Tern] 25 images
2026-08-19 17:17:23 | DEBUG    | fgvc.clustering.spherical_kmeans |   Init 1/5: inertia=3.678959
2026-08-19 17:17:23 | DEBUG    | fgvc.clustering.spherical_kmeans |   Init 2/5: inertia=3.631813
2026-08-19 17:17:23 | DEBUG    | fgvc.clustering.spherical_kmeans |   Init 3/5: inertia=3.924934
2026-08-19 17:17:23 | DEBUG    | fgvc.clustering.spherical_kmeans |   Init 4/5: inertia=4.111504
2026-08-19 17:17:23 | DEBUG    | fgvc.clustering.spherical_kmeans |   Init 5/5: inertia=3.736420
2026-08-19 17:17:23 | DEBUG    | fgvc.clustering.spherical_kmeans |   Init 1/5: inertia=3.424003
2026-08-19 17:17:23 | DEBUG    | fgvc.clustering.spherical_kmeans |   Init 2/5: inertia=3.329714
2026-08-19 17:17:23 | DEBUG    | fgvc.clustering.spherical_kmeans |   Init 3/5: inertia=3.376878
2026-08-19 17:17:23 | DEBUG    | fgvc.clustering.spherical_kmeans |   Init 4/5: inertia=3.267317
2026-08-19 17:17:23 | DEBUG    | fgvc.clustering.spherical_kmeans |   Init 5/5: inertia=3.311908
2026-08-19 17:17:23 | DEBUG    | fgvc.clustering.spherical_kmeans |   Init 1/5: inertia=3.292120
2026-08-19 17:17:23 | DEBUG    | fgvc.clustering.spherical_kmeans |   Init 2/5: inertia=3.143697
2026-08-19 17:17:23 | DEBUG    | fgvc.clustering.spherical_kmeans |   Init 3/5: inertia=3.006059
2026-08-19 17:17:23 | DEBUG    | fgvc.clustering.spherical_kmeans |   Init 4/5: inertia=2.948333
2026-08-19 17:17:23 | DEBUG    | fgvc.clustering.spherical_kmeans |   Init 5/5: inertia=3.133244
2026-08-19 17:17:23 | DEBUG    | fgvc.clustering.spherical_kmeans |   Init 1/5: inertia=2.884050
2026-08-19 17:17:23 | DEBUG    | fgvc.clustering.spherical_kmeans |   Init 2/5: inertia=3.053047
2026-08-19 17:17:23 | DEBUG    | fgvc.clustering.spherical_kmeans |   Init 3/5: inertia=2.742759
2026-08-19 17:17:23 | DEBUG    | fgvc.clustering.spherical_kmeans |   Init 4/5: inertia=2.814639
2026-08-19 17:17:23 | DEBUG    | fgvc.clustering.spherical_kmeans |   Init 5/5: inertia=2.771840
2026-08-19 17:17:23 | DEBUG    | fgvc.clustering.spherical_kmeans | K selection: best_k=2 | scores={2: {'silhouette': 0.2295, 'compactness': 0.8547, 'score': 0.3711}, 3: {'silhouette': 0.1256, 'compactness': 0.8693, 'score': 0.2569}, 4: {'silhouette': 0.1381, 'compactness': 0.8821, 'score': 0.2003}, 5: {'silhouette': 0.1133, 'compactness': 0.8903, 'score': 0.1238}}
2026-08-19 17:17:23 | DEBUG    | fgvc.clustering.spherical_kmeans |   Init 1/10: inertia=3.678959
2026-08-19 17:17:23 | DEBUG    | fgvc.clustering.spherical_kmeans |   Init 2/10: inertia=3.631813
2026-08-19 17:17:23 | DEBUG    | fgvc.clustering.spherical_kmeans |   Init 3/10: inertia=3.924934
2026-08-19 17:17:23 | DEBUG    | fgvc.clustering.spherical_kmeans |   Init 4/10: inertia=4.111504
2026-08-19 17:17:23 | DEBUG    | fgvc.clustering.spherical_kmeans |   Init 5/10: inertia=3.736420
2026-08-19 17:17:23 | DEBUG    | fgvc.clustering.spherical_kmeans |   Init 6/10: inertia=3.742739
2026-08-19 17:17:23 | DEBUG    | fgvc.clustering.spherical_kmeans |   Init 7/10: inertia=4.053231
2026-08-19 17:17:23 | DEBUG    | fgvc.clustering.spherical_kmeans |   Init 8/10: inertia=3.655380
2026-08-19 17:17:23 | DEBUG    | fgvc.clustering.spherical_kmeans |   Init 9/10: inertia=4.063761
2026-08-19 17:17:23 | DEBUG    | fgvc.clustering.spherical_kmeans |   Init 10/10: inertia=3.655380
2026-08-19 17:17:23 | INFO     | fgvc.clustering.spherical_kmeans |   [Black_Tern] k_selected=2 | k_effective=2 | min_cluster=6 | max_cluster=19
2026-08-19 17:17:23 | INFO     | fgvc.clustering.spherical_kmeans |   [Black_and_white_Warbler] 25 images
2026-08-19 17:17:23 | DEBUG    | fgvc.clustering.spherical_kmeans |   Init 1/5: inertia=2.609150
2026-08-19 17:17:23 | DEBUG    | fgvc.clustering.spherical_kmeans |   Init 2/5: inertia=2.862484
2026-08-19 17:17:23 | DEBUG    | fgvc.clustering.spherical_kmeans |   Init 3/5: inertia=2.777211
2026-08-19 17:17:23 | DEBUG    | fgvc.clustering.spherical_kmeans |   Init 4/5: inertia=2.673787
2026-08-19 17:17:23 | DEBUG    | fgvc.clustering.spherical_kmeans |   Init 5/5: inertia=2.603025
2026-08-19 17:17:23 | DEBUG    | fgvc.clustering.spherical_kmeans |   Init 1/5: inertia=2.415641
2026-08-19 17:17:23 | DEBUG    | fgvc.clustering.spherical_kmeans |   Init 2/5: inertia=2.393905
2026-08-19 17:17:23 | DEBUG    | fgvc.clustering.spherical_kmeans |   Init 3/5: inertia=2.394139
2026-08-19 17:17:23 | DEBUG    | fgvc.clustering.spherical_kmeans |   Init 4/5: inertia=2.342467
2026-08-19 17:17:23 | DEBUG    | fgvc.clustering.spherical_kmeans |   Init 5/5: inertia=2.389905
2026-08-19 17:17:23 | DEBUG    | fgvc.clustering.spherical_kmeans |   Init 1/5: inertia=2.222521
2026-08-19 17:17:23 | DEBUG    | fgvc.clustering.spherical_kmeans |   Init 2/5: inertia=2.112385
2026-08-19 17:17:23 | DEBUG    | fgvc.clustering.spherical_kmeans |   Init 3/5: inertia=2.203031
2026-08-19 17:17:23 | DEBUG    | fgvc.clustering.spherical_kmeans |   Init 4/5: inertia=2.275505
2026-08-19 17:17:23 | DEBUG    | fgvc.clustering.spherical_kmeans |   Init 5/5: inertia=2.195364
2026-08-19 17:17:23 | DEBUG    | fgvc.clustering.spherical_kmeans |   Init 1/5: inertia=2.098058
2026-08-19 17:17:23 | DEBUG    | fgvc.clustering.spherical_kmeans |   Init 2/5: inertia=1.990901
2026-08-19 17:17:23 | DEBUG    | fgvc.clustering.spherical_kmeans |   Init 3/5: inertia=2.267574
2026-08-19 17:17:23 | DEBUG    | fgvc.clustering.spherical_kmeans |   Init 4/5: inertia=2.024689
2026-08-19 17:17:23 | DEBUG    | fgvc.clustering.spherical_kmeans |   Init 5/5: inertia=2.065529
2026-08-19 17:17:23 | DEBUG    | fgvc.clustering.spherical_kmeans | K selection: best_k=2 | scores={2: {'silhouette': 0.186, 'compactness': 0.8959, 'score': 0.3617}, 3: {'silhouette': 0.1773, 'compactness': 0.9063, 'score': 0.2939}, 4: {'silhouette': 0.1237, 'compactness': 0.9155, 'score': 0.2032}, 5: {'silhouette': 0.0994, 'compactness': 0.9204, 'score': 0.1258}}
2026-08-19 17:17:23 | DEBUG    | fgvc.clustering.spherical_kmeans |   Init 1/10: inertia=2.609150
2026-08-19 17:17:23 | DEBUG    | fgvc.clustering.spherical_kmeans |   Init 2/10: inertia=2.862484
2026-08-19 17:17:23 | DEBUG    | fgvc.clustering.spherical_kmeans |   Init 3/10: inertia=2.777211
2026-08-19 17:17:23 | DEBUG    | fgvc.clustering.spherical_kmeans |   Init 4/10: inertia=2.673787
2026-08-19 17:17:23 | DEBUG    | fgvc.clustering.spherical_kmeans |   Init 5/10: inertia=2.603025
2026-08-19 17:17:23 | DEBUG    | fgvc.clustering.spherical_kmeans |   Init 6/10: inertia=2.616158
2026-08-19 17:17:23 | DEBUG    | fgvc.clustering.spherical_kmeans |   Init 7/10: inertia=2.611474
2026-08-19 17:17:23 | DEBUG    | fgvc.clustering.spherical_kmeans |   Init 8/10: inertia=2.633944
2026-08-19 17:17:23 | DEBUG    | fgvc.clustering.spherical_kmeans |   Init 9/10: inertia=2.692554
2026-08-19 17:17:23 | DEBUG    | fgvc.clustering.spherical_kmeans |   Init 10/10: inertia=2.770247
2026-08-19 17:17:23 | INFO     | fgvc.clustering.spherical_kmeans |   [Black_and_white_Warbler] k_selected=2 | k_effective=2 | min_cluster=9 | max_cluster=16
2026-08-19 17:17:23 | INFO     | fgvc.clustering.spherical_kmeans |   [Black_billed_Cuckoo] 25 images
2026-08-19 17:17:23 | DEBUG    | fgvc.clustering.spherical_kmeans |   Init 1/5: inertia=3.489676
2026-08-19 17:17:23 | DEBUG    | fgvc.clustering.spherical_kmeans |   Init 2/5: inertia=3.635849
2026-08-19 17:17:23 | DEBUG    | fgvc.clustering.spherical_kmeans |   Init 3/5: inertia=3.589939
2026-08-19 17:17:23 | DEBUG    | fgvc.clustering.spherical_kmeans |   Init 4/5: inertia=3.563937
2026-08-19 17:17:23 | DEBUG    | fgvc.clustering.spherical_kmeans |   Init 5/5: inertia=3.498633
2026-08-19 17:17:23 | DEBUG    | fgvc.clustering.spherical_kmeans |   Init 1/5: inertia=3.171843
2026-08-19 17:17:23 | DEBUG    | fgvc.clustering.spherical_kmeans |   Init 2/5: inertia=3.270708
2026-08-19 17:17:23 | DEBUG    | fgvc.clustering.spherical_kmeans |   Init 3/5: inertia=3.252526
2026-08-19 17:17:23 | DEBUG    | fgvc.clustering.spherical_kmeans |   Init 4/5: inertia=3.186518
2026-08-19 17:17:23 | DEBUG    | fgvc.clustering.spherical_kmeans |   Init 5/5: inertia=3.206193
2026-08-19 17:17:23 | DEBUG    | fgvc.clustering.spherical_kmeans |   Init 1/5: inertia=2.997731
2026-08-19 17:17:23 | DEBUG    | fgvc.clustering.spherical_kmeans |   Init 2/5: inertia=2.960858
2026-08-19 17:17:23 | DEBUG    | fgvc.clustering.spherical_kmeans |   Init 3/5: inertia=3.026341
2026-08-19 17:17:23 | DEBUG    | fgvc.clustering.spherical_kmeans |   Init 4/5: inertia=3.043455
2026-08-19 17:17:23 | DEBUG    | fgvc.clustering.spherical_kmeans |   Init 5/5: inertia=3.104706
2026-08-19 17:17:23 | DEBUG    | fgvc.clustering.spherical_kmeans |   Init 1/5: inertia=2.729240
2026-08-19 17:17:23 | DEBUG    | fgvc.clustering.spherical_kmeans |   Init 2/5: inertia=2.757529
2026-08-19 17:17:23 | DEBUG    | fgvc.clustering.spherical_kmeans |   Init 3/5: inertia=2.878346
2026-08-19 17:17:23 | DEBUG    | fgvc.clustering.spherical_kmeans |   Init 4/5: inertia=2.714891
2026-08-19 17:17:23 | DEBUG    | fgvc.clustering.spherical_kmeans |   Init 5/5: inertia=2.894597
2026-08-19 17:17:23 | DEBUG    | fgvc.clustering.spherical_kmeans | K selection: best_k=2 | scores={2: {'silhouette': 0.2077, 'compactness': 0.8604, 'score': 0.362}, 3: {'silhouette': 0.1321, 'compactness': 0.8731, 'score': 0.2613}, 4: {'silhouette': 0.0329, 'compactness': 0.8816, 'score': 0.1476}, 5: {'silhouette': 0.0748, 'compactness': 0.8914, 'score': 0.1048}}
2026-08-19 17:17:23 | DEBUG    | fgvc.clustering.spherical_kmeans |   Init 1/10: inertia=3.489676
2026-08-19 17:17:23 | DEBUG    | fgvc.clustering.spherical_kmeans |   Init 2/10: inertia=3.635849
2026-08-19 17:17:23 | DEBUG    | fgvc.clustering.spherical_kmeans |   Init 3/10: inertia=3.589939
2026-08-19 17:17:23 | DEBUG    | fgvc.clustering.spherical_kmeans |   Init 4/10: inertia=3.563937
2026-08-19 17:17:23 | DEBUG    | fgvc.clustering.spherical_kmeans |   Init 5/10: inertia=3.498633
2026-08-19 17:17:23 | DEBUG    | fgvc.clustering.spherical_kmeans |   Init 6/10: inertia=3.489676
2026-08-19 17:17:23 | DEBUG    | fgvc.clustering.spherical_kmeans |   Init 7/10: inertia=3.548981
2026-08-19 17:17:23 | DEBUG    | fgvc.clustering.spherical_kmeans |   Init 8/10: inertia=3.633975
2026-08-19 17:17:23 | DEBUG    | fgvc.clustering.spherical_kmeans |   Init 9/10: inertia=3.559081
2026-08-19 17:17:23 | DEBUG    | fgvc.clustering.spherical_kmeans |   Init 10/10: inertia=3.579164
2026-08-19 17:17:23 | INFO     | fgvc.clustering.spherical_kmeans |   [Black_billed_Cuckoo] k_selected=2 | k_effective=1 | min_cluster=25 | max_cluster=25
2026-08-19 17:17:23 | INFO     | fgvc.clustering.spherical_kmeans |   [Black_capped_Vireo] 25 images
2026-08-19 17:17:23 | DEBUG    | fgvc.clustering.spherical_kmeans |   Init 1/5: inertia=3.628509
2026-08-19 17:17:23 | DEBUG    | fgvc.clustering.spherical_kmeans |   Init 2/5: inertia=3.338872
2026-08-19 17:17:23 | DEBUG    | fgvc.clustering.spherical_kmeans |   Init 3/5: inertia=3.485847
2026-08-19 17:17:23 | DEBUG    | fgvc.clustering.spherical_kmeans |   Init 4/5: inertia=3.376434
2026-08-19 17:17:23 | DEBUG    | fgvc.clustering.spherical_kmeans |   Init 5/5: inertia=3.399442
2026-08-19 17:17:23 | DEBUG    | fgvc.clustering.spherical_kmeans |   Init 1/5: inertia=3.115830
2026-08-19 17:17:23 | DEBUG    | fgvc.clustering.spherical_kmeans |   Init 2/5: inertia=3.127345
2026-08-19 17:17:23 | DEBUG    | fgvc.clustering.spherical_kmeans |   Init 3/5: inertia=3.037111
2026-08-19 17:17:23 | DEBUG    | fgvc.clustering.spherical_kmeans |   Init 4/5: inertia=3.022284
2026-08-19 17:17:23 | DEBUG    | fgvc.clustering.spherical_kmeans |   Init 5/5: inertia=3.264342
2026-08-19 17:17:23 | DEBUG    | fgvc.clustering.spherical_kmeans |   Init 1/5: inertia=2.880517
2026-08-19 17:17:23 | DEBUG    | fgvc.clustering.spherical_kmeans |   Init 2/5: inertia=2.881092
2026-08-19 17:17:23 | DEBUG    | fgvc.clustering.spherical_kmeans |   Init 3/5: inertia=2.643013
2026-08-19 17:17:23 | DEBUG    | fgvc.clustering.spherical_kmeans |   Init 4/5: inertia=2.660911
2026-08-19 17:17:23 | DEBUG    | fgvc.clustering.spherical_kmeans |   Init 5/5: inertia=2.756786
2026-08-19 17:17:23 | DEBUG    | fgvc.clustering.spherical_kmeans |   Init 1/5: inertia=2.458039
2026-08-19 17:17:23 | DEBUG    | fgvc.clustering.spherical_kmeans |   Init 2/5: inertia=2.528780
2026-08-19 17:17:23 | DEBUG    | fgvc.clustering.spherical_kmeans |   Init 3/5: inertia=2.405723
2026-08-19 17:17:23 | DEBUG    | fgvc.clustering.spherical_kmeans |   Init 4/5: inertia=2.583981
2026-08-19 17:17:23 | DEBUG    | fgvc.clustering.spherical_kmeans |   Init 5/5: inertia=2.510233
2026-08-19 17:17:23 | DEBUG    | fgvc.clustering.spherical_kmeans | K selection: best_k=2 | scores={2: {'silhouette': 0.2683, 'compactness': 0.8664, 'score': 0.3941}, 3: {'silhouette': 0.2697, 'compactness': 0.8791, 'score': 0.3319}, 4: {'silhouette': 0.3079, 'compactness': 0.8943, 'score': 0.2889}, 5: {'silhouette': 0.1116, 'compactness': 0.9038, 'score': 0.1269}}
2026-08-19 17:17:23 | DEBUG    | fgvc.clustering.spherical_kmeans |   Init 1/10: inertia=3.628509
2026-08-19 17:17:23 | DEBUG    | fgvc.clustering.spherical_kmeans |   Init 2/10: inertia=3.338872
2026-08-19 17:17:23 | DEBUG    | fgvc.clustering.spherical_kmeans |   Init 3/10: inertia=3.485847
2026-08-19 17:17:23 | DEBUG    | fgvc.clustering.spherical_kmeans |   Init 4/10: inertia=3.376434
2026-08-19 17:17:23 | DEBUG    | fgvc.clustering.spherical_kmeans |   Init 5/10: inertia=3.399442
2026-08-19 17:17:23 | DEBUG    | fgvc.clustering.spherical_kmeans |   Init 6/10: inertia=3.660885
2026-08-19 17:17:23 | DEBUG    | fgvc.clustering.spherical_kmeans |   Init 7/10: inertia=3.458118
2026-08-19 17:17:23 | DEBUG    | fgvc.clustering.spherical_kmeans |   Init 8/10: inertia=3.375202
2026-08-19 17:17:23 | DEBUG    | fgvc.clustering.spherical_kmeans |   Init 9/10: inertia=3.427691
2026-08-19 17:17:23 | DEBUG    | fgvc.clustering.spherical_kmeans |   Init 10/10: inertia=3.628509
2026-08-19 17:17:23 | INFO     | fgvc.clustering.spherical_kmeans |   [Black_capped_Vireo] k_selected=2 | k_effective=2 | min_cluster=7 | max_cluster=18
2026-08-19 17:17:23 | INFO     | fgvc.clustering.spherical_kmeans |   [Black_footed_Albatross] 25 images
2026-08-19 17:17:23 | DEBUG    | fgvc.clustering.spherical_kmeans |   Init 1/5: inertia=3.675155
2026-08-19 17:17:23 | DEBUG    | fgvc.clustering.spherical_kmeans |   Init 2/5: inertia=3.548373
2026-08-19 17:17:23 | DEBUG    | fgvc.clustering.spherical_kmeans |   Init 3/5: inertia=3.442597
2026-08-19 17:17:23 | DEBUG    | fgvc.clustering.spherical_kmeans |   Init 4/5: inertia=3.509569
2026-08-19 17:17:23 | DEBUG    | fgvc.clustering.spherical_kmeans |   Init 5/5: inertia=3.442597
2026-08-19 17:17:23 | DEBUG    | fgvc.clustering.spherical_kmeans |   Init 1/5: inertia=3.193995
2026-08-19 17:17:23 | DEBUG    | fgvc.clustering.spherical_kmeans |   Init 2/5: inertia=3.309570
2026-08-19 17:17:23 | DEBUG    | fgvc.clustering.spherical_kmeans |   Init 3/5: inertia=3.166985
2026-08-19 17:17:23 | DEBUG    | fgvc.clustering.spherical_kmeans |   Init 4/5: inertia=3.193995
2026-08-19 17:17:23 | DEBUG    | fgvc.clustering.spherical_kmeans |   Init 5/5: inertia=3.259583
2026-08-19 17:17:23 | DEBUG    | fgvc.clustering.spherical_kmeans |   Init 1/5: inertia=2.960262
2026-08-19 17:17:23 | DEBUG    | fgvc.clustering.spherical_kmeans |   Init 2/5: inertia=3.116061
2026-08-19 17:17:23 | DEBUG    | fgvc.clustering.spherical_kmeans |   Init 3/5: inertia=3.001709
2026-08-19 17:17:23 | DEBUG    | fgvc.clustering.spherical_kmeans |   Init 4/5: inertia=2.936210
2026-08-19 17:17:23 | DEBUG    | fgvc.clustering.spherical_kmeans |   Init 5/5: inertia=2.913124
2026-08-19 17:17:23 | DEBUG    | fgvc.clustering.spherical_kmeans |   Init 1/5: inertia=2.718144
2026-08-19 17:17:23 | DEBUG    | fgvc.clustering.spherical_kmeans |   Init 2/5: inertia=2.841688
2026-08-19 17:17:23 | DEBUG    | fgvc.clustering.spherical_kmeans |   Init 3/5: inertia=2.769472
2026-08-19 17:17:23 | DEBUG    | fgvc.clustering.spherical_kmeans |   Init 4/5: inertia=2.785210
2026-08-19 17:17:23 | DEBUG    | fgvc.clustering.spherical_kmeans |   Init 5/5: inertia=2.784577
2026-08-19 17:17:23 | DEBUG    | fgvc.clustering.spherical_kmeans | K selection: best_k=2 | scores={2: {'silhouette': 0.18, 'compactness': 0.8623, 'score': 0.3487}, 3: {'silhouette': 0.0959, 'compactness': 0.8733, 'score': 0.2433}, 4: {'silhouette': 0.1043, 'compactness': 0.8835, 'score': 0.1838}, 5: {'silhouette': 0.0857, 'compactness': 0.8913, 'score': 0.1102}}
2026-08-19 17:17:23 | DEBUG    | fgvc.clustering.spherical_kmeans |   Init 1/10: inertia=3.675155
2026-08-19 17:17:23 | DEBUG    | fgvc.clustering.spherical_kmeans |   Init 2/10: inertia=3.548373
2026-08-19 17:17:23 | DEBUG    | fgvc.clustering.spherical_kmeans |   Init 3/10: inertia=3.442597
2026-08-19 17:17:23 | DEBUG    | fgvc.clustering.spherical_kmeans |   Init 4/10: inertia=3.509569
2026-08-19 17:17:23 | DEBUG    | fgvc.clustering.spherical_kmeans |   Init 5/10: inertia=3.442597
2026-08-19 17:17:23 | DEBUG    | fgvc.clustering.spherical_kmeans |   Init 6/10: inertia=3.488944
2026-08-19 17:17:23 | DEBUG    | fgvc.clustering.spherical_kmeans |   Init 7/10: inertia=3.657995
2026-08-19 17:17:23 | DEBUG    | fgvc.clustering.spherical_kmeans |   Init 8/10: inertia=3.422599
2026-08-19 17:17:23 | DEBUG    | fgvc.clustering.spherical_kmeans |   Init 9/10: inertia=3.422599
2026-08-19 17:17:23 | DEBUG    | fgvc.clustering.spherical_kmeans |   Init 10/10: inertia=3.442597
2026-08-19 17:17:23 | INFO     | fgvc.clustering.spherical_kmeans |   [Black_footed_Albatross] k_selected=2 | k_effective=2 | min_cluster=9 | max_cluster=16
2026-08-19 17:17:23 | INFO     | fgvc.clustering.spherical_kmeans |   [Black_throated_Blue_Warbler] 25 images
2026-08-19 17:17:23 | DEBUG    | fgvc.clustering.spherical_kmeans |   Init 1/5: inertia=3.234352
2026-08-19 17:17:23 | DEBUG    | fgvc.clustering.spherical_kmeans |   Init 2/5: inertia=3.269057
2026-08-19 17:17:23 | DEBUG    | fgvc.clustering.spherical_kmeans |   Init 3/5: inertia=3.164692
2026-08-19 17:17:23 | DEBUG    | fgvc.clustering.spherical_kmeans |   Init 4/5: inertia=3.217593
2026-08-19 17:17:23 | DEBUG    | fgvc.clustering.spherical_kmeans |   Init 5/5: inertia=3.177972
2026-08-19 17:17:23 | DEBUG    | fgvc.clustering.spherical_kmeans |   Init 1/5: inertia=2.967558
2026-08-19 17:17:23 | DEBUG    | fgvc.clustering.spherical_kmeans |   Init 2/5: inertia=2.806286
2026-08-19 17:17:23 | DEBUG    | fgvc.clustering.spherical_kmeans |   Init 3/5: inertia=2.944264
2026-08-19 17:17:23 | DEBUG    | fgvc.clustering.spherical_kmeans |   Init 4/5: inertia=2.662674
2026-08-19 17:17:23 | DEBUG    | fgvc.clustering.spherical_kmeans |   Init 5/5: inertia=3.029791
2026-08-19 17:17:23 | DEBUG    | fgvc.clustering.spherical_kmeans |   Init 1/5: inertia=2.773227
2026-08-19 17:17:23 | DEBUG    | fgvc.clustering.spherical_kmeans |   Init 2/5: inertia=2.853418
2026-08-19 17:17:23 | DEBUG    | fgvc.clustering.spherical_kmeans |   Init 3/5: inertia=2.489111
2026-08-19 17:17:23 | DEBUG    | fgvc.clustering.spherical_kmeans |   Init 4/5: inertia=2.779709
2026-08-19 17:17:23 | DEBUG    | fgvc.clustering.spherical_kmeans |   Init 5/5: inertia=2.763796
2026-08-19 17:17:23 | DEBUG    | fgvc.clustering.spherical_kmeans |   Init 1/5: inertia=2.530410
2026-08-19 17:17:23 | DEBUG    | fgvc.clustering.spherical_kmeans |   Init 2/5: inertia=2.695422
2026-08-19 17:17:23 | DEBUG    | fgvc.clustering.spherical_kmeans |   Init 3/5: inertia=2.607920
2026-08-19 17:17:23 | DEBUG    | fgvc.clustering.spherical_kmeans |   Init 4/5: inertia=2.175549
2026-08-19 17:17:23 | DEBUG    | fgvc.clustering.spherical_kmeans |   Init 5/5: inertia=2.651706
2026-08-19 17:17:23 | DEBUG    | fgvc.clustering.spherical_kmeans | K selection: best_k=2 | scores={2: {'silhouette': 0.1704, 'compactness': 0.8734, 'score': 0.3472}, 3: {'silhouette': 0.097, 'compactness': 0.8935, 'score': 0.2499}, 4: {'silhouette': 0.0294, 'compactness': 0.9004, 'score': 0.1515}, 5: {'silhouette': 0.1213, 'compactness': 0.913, 'score': 0.1345}}
2026-08-19 17:17:23 | DEBUG    | fgvc.clustering.spherical_kmeans |   Init 1/10: inertia=3.234352
2026-08-19 17:17:23 | DEBUG    | fgvc.clustering.spherical_kmeans |   Init 2/10: inertia=3.269057
2026-08-19 17:17:23 | DEBUG    | fgvc.clustering.spherical_kmeans |   Init 3/10: inertia=3.164692
2026-08-19 17:17:23 | DEBUG    | fgvc.clustering.spherical_kmeans |   Init 4/10: inertia=3.217593
2026-08-19 17:17:23 | DEBUG    | fgvc.clustering.spherical_kmeans |   Init 5/10: inertia=3.177972
2026-08-19 17:17:23 | DEBUG    | fgvc.clustering.spherical_kmeans |   Init 6/10: inertia=3.166474
2026-08-19 17:17:23 | DEBUG    | fgvc.clustering.spherical_kmeans |   Init 7/10: inertia=3.160824
2026-08-19 17:17:23 | DEBUG    | fgvc.clustering.spherical_kmeans |   Init 8/10: inertia=3.277860
2026-08-19 17:17:23 | DEBUG    | fgvc.clustering.spherical_kmeans |   Init 9/10: inertia=3.176767
2026-08-19 17:17:23 | DEBUG    | fgvc.clustering.spherical_kmeans |   Init 10/10: inertia=2.853508
2026-08-19 17:17:23 | INFO     | fgvc.clustering.spherical_kmeans |   [Black_throated_Blue_Warbler] k_selected=2 | k_effective=1 | min_cluster=25 | max_cluster=25
2026-08-19 17:17:23 | INFO     | fgvc.clustering.spherical_kmeans |   [Black_throated_Sparrow] 25 images
2026-08-19 17:17:23 | DEBUG    | fgvc.clustering.spherical_kmeans |   Init 1/5: inertia=2.303214
2026-08-19 17:17:23 | DEBUG    | fgvc.clustering.spherical_kmeans |   Init 2/5: inertia=2.374605
2026-08-19 17:17:23 | DEBUG    | fgvc.clustering.spherical_kmeans |   Init 3/5: inertia=2.318556
2026-08-19 17:17:23 | DEBUG    | fgvc.clustering.spherical_kmeans |   Init 4/5: inertia=2.408080
2026-08-19 17:17:23 | DEBUG    | fgvc.clustering.spherical_kmeans |   Init 5/5: inertia=2.375198
2026-08-19 17:17:23 | DEBUG    | fgvc.clustering.spherical_kmeans |   Init 1/5: inertia=2.088727
2026-08-19 17:17:23 | DEBUG    | fgvc.clustering.spherical_kmeans |   Init 2/5: inertia=2.209529
2026-08-19 17:17:23 | DEBUG    | fgvc.clustering.spherical_kmeans |   Init 3/5: inertia=2.182901
2026-08-19 17:17:23 | DEBUG    | fgvc.clustering.spherical_kmeans |   Init 4/5: inertia=2.135674
2026-08-19 17:17:23 | DEBUG    | fgvc.clustering.spherical_kmeans |   Init 5/5: inertia=2.140599
2026-08-19 17:17:23 | DEBUG    | fgvc.clustering.spherical_kmeans |   Init 1/5: inertia=1.985238
2026-08-19 17:17:23 | DEBUG    | fgvc.clustering.spherical_kmeans |   Init 2/5: inertia=2.089186
2026-08-19 17:17:23 | DEBUG    | fgvc.clustering.spherical_kmeans |   Init 3/5: inertia=2.056924
2026-08-19 17:17:23 | DEBUG    | fgvc.clustering.spherical_kmeans |   Init 4/5: inertia=2.045854
2026-08-19 17:17:23 | DEBUG    | fgvc.clustering.spherical_kmeans |   Init 5/5: inertia=2.010309
2026-08-19 17:17:23 | DEBUG    | fgvc.clustering.spherical_kmeans |   Init 1/5: inertia=1.835520
2026-08-19 17:17:23 | DEBUG    | fgvc.clustering.spherical_kmeans |   Init 2/5: inertia=1.878107
2026-08-19 17:17:23 | DEBUG    | fgvc.clustering.spherical_kmeans |   Init 3/5: inertia=1.895503
2026-08-19 17:17:23 | DEBUG    | fgvc.clustering.spherical_kmeans |   Init 4/5: inertia=1.934356
2026-08-19 17:17:23 | DEBUG    | fgvc.clustering.spherical_kmeans |   Init 5/5: inertia=1.905053
2026-08-19 17:17:23 | DEBUG    | fgvc.clustering.spherical_kmeans | K selection: best_k=2 | scores={2: {'silhouette': 0.4104, 'compactness': 0.9079, 'score': 0.4776}, 3: {'silhouette': 0.086, 'compactness': 0.9165, 'score': 0.2513}, 4: {'silhouette': 0.0032, 'compactness': 0.9206, 'score': 0.1445}, 5: {'silhouette': 0.0132, 'compactness': 0.9266, 'score': 0.0846}}
2026-08-19 17:17:23 | DEBUG    | fgvc.clustering.spherical_kmeans |   Init 1/10: inertia=2.303214
2026-08-19 17:17:23 | DEBUG    | fgvc.clustering.spherical_kmeans |   Init 2/10: inertia=2.374605
2026-08-19 17:17:23 | DEBUG    | fgvc.clustering.spherical_kmeans |   Init 3/10: inertia=2.318556
2026-08-19 17:17:23 | DEBUG    | fgvc.clustering.spherical_kmeans |   Init 4/10: inertia=2.408080
2026-08-19 17:17:23 | DEBUG    | fgvc.clustering.spherical_kmeans |   Init 5/10: inertia=2.375198
2026-08-19 17:17:23 | DEBUG    | fgvc.clustering.spherical_kmeans |   Init 6/10: inertia=2.326312
2026-08-19 17:17:23 | DEBUG    | fgvc.clustering.spherical_kmeans |   Init 7/10: inertia=2.362182
2026-08-19 17:17:23 | DEBUG    | fgvc.clustering.spherical_kmeans |   Init 8/10: inertia=2.373186
2026-08-19 17:17:23 | DEBUG    | fgvc.clustering.spherical_kmeans |   Init 9/10: inertia=2.415438
2026-08-19 17:17:23 | DEBUG    | fgvc.clustering.spherical_kmeans |   Init 10/10: inertia=2.336121
2026-08-19 17:17:23 | INFO     | fgvc.clustering.spherical_kmeans |   [Black_throated_Sparrow] k_selected=2 | k_effective=1 | min_cluster=25 | max_cluster=25
2026-08-19 17:17:23 | INFO     | fgvc.clustering.spherical_kmeans |   [Blue_Grosbeak] 25 images
2026-08-19 17:17:23 | DEBUG    | fgvc.clustering.spherical_kmeans |   Init 1/5: inertia=2.644388
2026-08-19 17:17:23 | DEBUG    | fgvc.clustering.spherical_kmeans |   Init 2/5: inertia=2.912048
2026-08-19 17:17:23 | DEBUG    | fgvc.clustering.spherical_kmeans |   Init 3/5: inertia=2.995485
2026-08-19 17:17:23 | DEBUG    | fgvc.clustering.spherical_kmeans |   Init 4/5: inertia=2.697636
2026-08-19 17:17:23 | DEBUG    | fgvc.clustering.spherical_kmeans |   Init 5/5: inertia=2.733754
2026-08-19 17:17:23 | DEBUG    | fgvc.clustering.spherical_kmeans |   Init 1/5: inertia=2.391430
2026-08-19 17:17:23 | DEBUG    | fgvc.clustering.spherical_kmeans |   Init 2/5: inertia=2.388389
2026-08-19 17:17:23 | DEBUG    | fgvc.clustering.spherical_kmeans |   Init 3/5: inertia=2.504952
2026-08-19 17:17:23 | DEBUG    | fgvc.clustering.spherical_kmeans |   Init 4/5: inertia=2.506871
2026-08-19 17:17:23 | DEBUG    | fgvc.clustering.spherical_kmeans |   Init 5/5: inertia=2.463453
2026-08-19 17:17:23 | DEBUG    | fgvc.clustering.spherical_kmeans |   Init 1/5: inertia=2.230610
2026-08-19 17:17:23 | DEBUG    | fgvc.clustering.spherical_kmeans |   Init 2/5: inertia=2.325735
2026-08-19 17:17:23 | DEBUG    | fgvc.clustering.spherical_kmeans |   Init 3/5: inertia=2.285451
2026-08-19 17:17:23 | DEBUG    | fgvc.clustering.spherical_kmeans |   Init 4/5: inertia=2.249812
2026-08-19 17:17:23 | DEBUG    | fgvc.clustering.spherical_kmeans |   Init 5/5: inertia=2.410892
2026-08-19 17:17:23 | DEBUG    | fgvc.clustering.spherical_kmeans |   Init 1/5: inertia=2.096299
2026-08-19 17:17:23 | DEBUG    | fgvc.clustering.spherical_kmeans |   Init 2/5: inertia=2.091269
2026-08-19 17:17:23 | DEBUG    | fgvc.clustering.spherical_kmeans |   Init 3/5: inertia=2.059948
2026-08-19 17:17:23 | DEBUG    | fgvc.clustering.spherical_kmeans |   Init 4/5: inertia=2.058427
2026-08-19 17:17:23 | DEBUG    | fgvc.clustering.spherical_kmeans |   Init 5/5: inertia=2.130388
2026-08-19 17:17:23 | DEBUG    | fgvc.clustering.spherical_kmeans | K selection: best_k=2 | scores={2: {'silhouette': 0.4576, 'compactness': 0.8942, 'score': 0.497}, 3: {'silhouette': 0.2782, 'compactness': 0.9045, 'score': 0.3438}, 4: {'silhouette': 0.0542, 'compactness': 0.9108, 'score': 0.167}, 5: {'silhouette': 0.0556, 'compactness': 0.9177, 'score': 0.1031}}
2026-08-19 17:17:23 | DEBUG    | fgvc.clustering.spherical_kmeans |   Init 1/10: inertia=2.644388
2026-08-19 17:17:23 | DEBUG    | fgvc.clustering.spherical_kmeans |   Init 2/10: inertia=2.912048
2026-08-19 17:17:23 | DEBUG    | fgvc.clustering.spherical_kmeans |   Init 3/10: inertia=2.995485
2026-08-19 17:17:23 | DEBUG    | fgvc.clustering.spherical_kmeans |   Init 4/10: inertia=2.697636
2026-08-19 17:17:23 | DEBUG    | fgvc.clustering.spherical_kmeans |   Init 5/10: inertia=2.733754
2026-08-19 17:17:23 | DEBUG    | fgvc.clustering.spherical_kmeans |   Init 6/10: inertia=2.682065
2026-08-19 17:17:23 | DEBUG    | fgvc.clustering.spherical_kmeans |   Init 7/10: inertia=2.950810
2026-08-19 17:17:23 | DEBUG    | fgvc.clustering.spherical_kmeans |   Init 8/10: inertia=2.655518
2026-08-19 17:17:23 | DEBUG    | fgvc.clustering.spherical_kmeans |   Init 9/10: inertia=2.647731
2026-08-19 17:17:23 | DEBUG    | fgvc.clustering.spherical_kmeans |   Init 10/10: inertia=2.644388
2026-08-19 17:17:23 | INFO     | fgvc.clustering.spherical_kmeans |   [Blue_Grosbeak] k_selected=2 | k_effective=1 | min_cluster=25 | max_cluster=25
2026-08-19 17:17:23 | INFO     | fgvc.clustering.spherical_kmeans |   [Blue_Jay] 25 images
2026-08-19 17:17:23 | DEBUG    | fgvc.clustering.spherical_kmeans |   Init 1/5: inertia=2.541037
2026-08-19 17:17:23 | DEBUG    | fgvc.clustering.spherical_kmeans |   Init 2/5: inertia=2.664296
2026-08-19 17:17:23 | DEBUG    | fgvc.clustering.spherical_kmeans |   Init 3/5: inertia=2.541037
2026-08-19 17:17:23 | DEBUG    | fgvc.clustering.spherical_kmeans |   Init 4/5: inertia=2.560952
2026-08-19 17:17:23 | DEBUG    | fgvc.clustering.spherical_kmeans |   Init 5/5: inertia=2.595161
2026-08-19 17:17:23 | DEBUG    | fgvc.clustering.spherical_kmeans |   Init 1/5: inertia=2.347729
2026-08-19 17:17:23 | DEBUG    | fgvc.clustering.spherical_kmeans |   Init 2/5: inertia=2.298339
2026-08-19 17:17:23 | DEBUG    | fgvc.clustering.spherical_kmeans |   Init 3/5: inertia=2.510434
2026-08-19 17:17:23 | DEBUG    | fgvc.clustering.spherical_kmeans |   Init 4/5: inertia=2.325457
2026-08-19 17:17:23 | DEBUG    | fgvc.clustering.spherical_kmeans |   Init 5/5: inertia=2.527048
2026-08-19 17:17:23 | DEBUG    | fgvc.clustering.spherical_kmeans |   Init 1/5: inertia=2.182310
2026-08-19 17:17:23 | DEBUG    | fgvc.clustering.spherical_kmeans |   Init 2/5: inertia=2.218301
2026-08-19 17:17:23 | DEBUG    | fgvc.clustering.spherical_kmeans |   Init 3/5: inertia=2.098795
2026-08-19 17:17:23 | DEBUG    | fgvc.clustering.spherical_kmeans |   Init 4/5: inertia=2.246893
2026-08-19 17:17:23 | DEBUG    | fgvc.clustering.spherical_kmeans |   Init 5/5: inertia=2.394072
2026-08-19 17:17:23 | DEBUG    | fgvc.clustering.spherical_kmeans |   Init 1/5: inertia=2.011610
2026-08-19 17:17:23 | DEBUG    | fgvc.clustering.spherical_kmeans |   Init 2/5: inertia=1.965413
2026-08-19 17:17:23 | DEBUG    | fgvc.clustering.spherical_kmeans |   Init 3/5: inertia=2.127063
2026-08-19 17:17:23 | DEBUG    | fgvc.clustering.spherical_kmeans |   Init 4/5: inertia=2.228639
2026-08-19 17:17:23 | DEBUG    | fgvc.clustering.spherical_kmeans |   Init 5/5: inertia=2.251435
2026-08-19 17:17:23 | DEBUG    | fgvc.clustering.spherical_kmeans | K selection: best_k=2 | scores={2: {'silhouette': 0.5376, 'compactness': 0.8984, 'score': 0.5383}, 3: {'silhouette': 0.0782, 'compactness': 0.9081, 'score': 0.2449}, 4: {'silhouette': 0.0539, 'compactness': 0.916, 'score': 0.1684}, 5: {'silhouette': 0.0645, 'compactness': 0.9214, 'score': 0.1087}}
2026-08-19 17:17:23 | DEBUG    | fgvc.clustering.spherical_kmeans |   Init 1/10: inertia=2.541037
2026-08-19 17:17:23 | DEBUG    | fgvc.clustering.spherical_kmeans |   Init 2/10: inertia=2.664296
2026-08-19 17:17:23 | DEBUG    | fgvc.clustering.spherical_kmeans |   Init 3/10: inertia=2.541037
2026-08-19 17:17:23 | DEBUG    | fgvc.clustering.spherical_kmeans |   Init 4/10: inertia=2.560952
2026-08-19 17:17:23 | DEBUG    | fgvc.clustering.spherical_kmeans |   Init 5/10: inertia=2.595161
2026-08-19 17:17:23 | DEBUG    | fgvc.clustering.spherical_kmeans |   Init 6/10: inertia=2.541037
2026-08-19 17:17:23 | DEBUG    | fgvc.clustering.spherical_kmeans |   Init 7/10: inertia=2.597809
2026-08-19 17:17:23 | DEBUG    | fgvc.clustering.spherical_kmeans |   Init 8/10: inertia=2.708906
2026-08-19 17:17:23 | DEBUG    | fgvc.clustering.spherical_kmeans |   Init 9/10: inertia=2.723283
2026-08-19 17:17:23 | DEBUG    | fgvc.clustering.spherical_kmeans |   Init 10/10: inertia=2.688300
2026-08-19 17:17:23 | INFO     | fgvc.clustering.spherical_kmeans |   [Blue_Jay] k_selected=2 | k_effective=1 | min_cluster=25 | max_cluster=25
2026-08-19 17:17:23 | INFO     | fgvc.clustering.spherical_kmeans |   [Blue_headed_Vireo] 25 images
2026-08-19 17:17:23 | DEBUG    | fgvc.clustering.spherical_kmeans |   Init 1/5: inertia=2.830521
2026-08-19 17:17:23 | DEBUG    | fgvc.clustering.spherical_kmeans |   Init 2/5: inertia=2.776622
2026-08-19 17:17:23 | DEBUG    | fgvc.clustering.spherical_kmeans |   Init 3/5: inertia=2.783783
2026-08-19 17:17:23 | DEBUG    | fgvc.clustering.spherical_kmeans |   Init 4/5: inertia=2.749975
2026-08-19 17:17:23 | DEBUG    | fgvc.clustering.spherical_kmeans |   Init 5/5: inertia=2.710854
2026-08-19 17:17:23 | DEBUG    | fgvc.clustering.spherical_kmeans |   Init 1/5: inertia=2.610566
2026-08-19 17:17:23 | DEBUG    | fgvc.clustering.spherical_kmeans |   Init 2/5: inertia=2.615027
2026-08-19 17:17:23 | DEBUG    | fgvc.clustering.spherical_kmeans |   Init 3/5: inertia=2.525637
2026-08-19 17:17:23 | DEBUG    | fgvc.clustering.spherical_kmeans |   Init 4/5: inertia=2.571530
2026-08-19 17:17:23 | DEBUG    | fgvc.clustering.spherical_kmeans |   Init 5/5: inertia=2.454120
2026-08-19 17:17:23 | DEBUG    | fgvc.clustering.spherical_kmeans |   Init 1/5: inertia=2.370597
2026-08-19 17:17:23 | DEBUG    | fgvc.clustering.spherical_kmeans |   Init 2/5: inertia=2.382226
2026-08-19 17:17:23 | DEBUG    | fgvc.clustering.spherical_kmeans |   Init 3/5: inertia=2.330568
2026-08-19 17:17:23 | DEBUG    | fgvc.clustering.spherical_kmeans |   Init 4/5: inertia=2.250202
2026-08-19 17:17:23 | DEBUG    | fgvc.clustering.spherical_kmeans |   Init 5/5: inertia=2.342167
2026-08-19 17:17:23 | DEBUG    | fgvc.clustering.spherical_kmeans |   Init 1/5: inertia=2.174898
2026-08-19 17:17:23 | DEBUG    | fgvc.clustering.spherical_kmeans |   Init 2/5: inertia=2.134028
2026-08-19 17:17:23 | DEBUG    | fgvc.clustering.spherical_kmeans |   Init 3/5: inertia=2.122413
2026-08-19 17:17:23 | DEBUG    | fgvc.clustering.spherical_kmeans |   Init 4/5: inertia=2.161484
2026-08-19 17:17:23 | DEBUG    | fgvc.clustering.spherical_kmeans |   Init 5/5: inertia=2.097552
2026-08-19 17:17:23 | DEBUG    | fgvc.clustering.spherical_kmeans | K selection: best_k=2 | scores={2: {'silhouette': 0.121, 'compactness': 0.8916, 'score': 0.328}, 3: {'silhouette': 0.0666, 'compactness': 0.9018, 'score': 0.2372}, 4: {'silhouette': 0.0586, 'compactness': 0.91, 'score': 0.1689}, 5: {'silhouette': 0.0284, 'compactness': 0.9161, 'score': 0.0891}}
2026-08-19 17:17:23 | DEBUG    | fgvc.clustering.spherical_kmeans |   Init 1/10: inertia=2.830521
2026-08-19 17:17:23 | DEBUG    | fgvc.clustering.spherical_kmeans |   Init 2/10: inertia=2.776622
2026-08-19 17:17:23 | DEBUG    | fgvc.clustering.spherical_kmeans |   Init 3/10: inertia=2.783783
2026-08-19 17:17:23 | DEBUG    | fgvc.clustering.spherical_kmeans |   Init 4/10: inertia=2.749975
2026-08-19 17:17:23 | DEBUG    | fgvc.clustering.spherical_kmeans |   Init 5/10: inertia=2.710854
2026-08-19 17:17:23 | DEBUG    | fgvc.clustering.spherical_kmeans |   Init 6/10: inertia=2.745728
2026-08-19 17:17:23 | DEBUG    | fgvc.clustering.spherical_kmeans |   Init 7/10: inertia=2.795091
2026-08-19 17:17:23 | DEBUG    | fgvc.clustering.spherical_kmeans |   Init 8/10: inertia=2.807816
2026-08-19 17:17:23 | DEBUG    | fgvc.clustering.spherical_kmeans |   Init 9/10: inertia=2.776622
2026-08-19 17:17:23 | DEBUG    | fgvc.clustering.spherical_kmeans |   Init 10/10: inertia=2.724614
2026-08-19 17:17:23 | INFO     | fgvc.clustering.spherical_kmeans |   [Blue_headed_Vireo] k_selected=2 | k_effective=2 | min_cluster=7 | max_cluster=18
2026-08-19 17:17:23 | INFO     | fgvc.clustering.spherical_kmeans |   [Blue_winged_Warbler] 25 images
2026-08-19 17:17:23 | DEBUG    | fgvc.clustering.spherical_kmeans |   Init 1/5: inertia=3.441304
2026-08-19 17:17:23 | DEBUG    | fgvc.clustering.spherical_kmeans |   Init 2/5: inertia=3.720419
2026-08-19 17:17:23 | DEBUG    | fgvc.clustering.spherical_kmeans |   Init 3/5: inertia=3.615106
2026-08-19 17:17:23 | DEBUG    | fgvc.clustering.spherical_kmeans |   Init 4/5: inertia=3.598659
2026-08-19 17:17:23 | DEBUG    | fgvc.clustering.spherical_kmeans |   Init 5/5: inertia=3.494769
2026-08-19 17:17:23 | DEBUG    | fgvc.clustering.spherical_kmeans |   Init 1/5: inertia=3.150516
2026-08-19 17:17:23 | DEBUG    | fgvc.clustering.spherical_kmeans |   Init 2/5: inertia=3.227826
2026-08-19 17:17:23 | DEBUG    | fgvc.clustering.spherical_kmeans |   Init 3/5: inertia=3.225886
2026-08-19 17:17:23 | DEBUG    | fgvc.clustering.spherical_kmeans |   Init 4/5: inertia=3.184704
2026-08-19 17:17:23 | DEBUG    | fgvc.clustering.spherical_kmeans |   Init 5/5: inertia=3.286411
2026-08-19 17:17:23 | DEBUG    | fgvc.clustering.spherical_kmeans |   Init 1/5: inertia=2.937037
2026-08-19 17:17:23 | DEBUG    | fgvc.clustering.spherical_kmeans |   Init 2/5: inertia=2.950276
2026-08-19 17:17:23 | DEBUG    | fgvc.clustering.spherical_kmeans |   Init 3/5: inertia=3.023907
2026-08-19 17:17:23 | DEBUG    | fgvc.clustering.spherical_kmeans |   Init 4/5: inertia=3.121710
2026-08-19 17:17:23 | DEBUG    | fgvc.clustering.spherical_kmeans |   Init 5/5: inertia=3.135668
2026-08-19 17:17:23 | DEBUG    | fgvc.clustering.spherical_kmeans |   Init 1/5: inertia=2.740314
2026-08-19 17:17:23 | DEBUG    | fgvc.clustering.spherical_kmeans |   Init 2/5: inertia=2.711048
2026-08-19 17:17:23 | DEBUG    | fgvc.clustering.spherical_kmeans |   Init 3/5: inertia=2.939300
2026-08-19 17:17:23 | DEBUG    | fgvc.clustering.spherical_kmeans |   Init 4/5: inertia=2.970402
2026-08-19 17:17:23 | DEBUG    | fgvc.clustering.spherical_kmeans |   Init 5/5: inertia=2.780599
2026-08-19 17:17:23 | DEBUG    | fgvc.clustering.spherical_kmeans | K selection: best_k=2 | scores={2: {'silhouette': 0.3411, 'compactness': 0.8623, 'score': 0.4292}, 3: {'silhouette': 0.1976, 'compactness': 0.874, 'score': 0.2944}, 4: {'silhouette': 0.1831, 'compactness': 0.8825, 'score': 0.223}, 5: {'silhouette': 0.1568, 'compactness': 0.8916, 'score': 0.1459}}
2026-08-19 17:17:23 | DEBUG    | fgvc.clustering.spherical_kmeans |   Init 1/10: inertia=3.441304
2026-08-19 17:17:23 | DEBUG    | fgvc.clustering.spherical_kmeans |   Init 2/10: inertia=3.720419
2026-08-19 17:17:23 | DEBUG    | fgvc.clustering.spherical_kmeans |   Init 3/10: inertia=3.615106
2026-08-19 17:17:23 | DEBUG    | fgvc.clustering.spherical_kmeans |   Init 4/10: inertia=3.598659
2026-08-19 17:17:23 | DEBUG    | fgvc.clustering.spherical_kmeans |   Init 5/10: inertia=3.494769
2026-08-19 17:17:23 | DEBUG    | fgvc.clustering.spherical_kmeans |   Init 6/10: inertia=3.441304
2026-08-19 17:17:23 | DEBUG    | fgvc.clustering.spherical_kmeans |   Init 7/10: inertia=3.459761
2026-08-19 17:17:23 | DEBUG    | fgvc.clustering.spherical_kmeans |   Init 8/10: inertia=3.648427
2026-08-19 17:17:23 | DEBUG    | fgvc.clustering.spherical_kmeans |   Init 9/10: inertia=3.495508
2026-08-19 17:17:23 | DEBUG    | fgvc.clustering.spherical_kmeans |   Init 10/10: inertia=3.441304
2026-08-19 17:17:23 | INFO     | fgvc.clustering.spherical_kmeans |   [Blue_winged_Warbler] k_selected=2 | k_effective=1 | min_cluster=25 | max_cluster=25
2026-08-19 17:17:23 | INFO     | fgvc.clustering.spherical_kmeans |   [Boat_tailed_Grackle] 25 images
2026-08-19 17:17:23 | DEBUG    | fgvc.clustering.spherical_kmeans |   Init 1/5: inertia=3.959514
2026-08-19 17:17:23 | DEBUG    | fgvc.clustering.spherical_kmeans |   Init 2/5: inertia=4.042969
2026-08-19 17:17:23 | DEBUG    | fgvc.clustering.spherical_kmeans |   Init 3/5: inertia=3.959514
2026-08-19 17:17:23 | DEBUG    | fgvc.clustering.spherical_kmeans |   Init 4/5: inertia=3.959514
2026-08-19 17:17:23 | DEBUG    | fgvc.clustering.spherical_kmeans |   Init 5/5: inertia=5.073890
2026-08-19 17:17:23 | DEBUG    | fgvc.clustering.spherical_kmeans |   Init 1/5: inertia=3.537774
2026-08-19 17:17:23 | DEBUG    | fgvc.clustering.spherical_kmeans |   Init 2/5: inertia=3.700030
2026-08-19 17:17:23 | DEBUG    | fgvc.clustering.spherical_kmeans |   Init 3/5: inertia=3.837151
2026-08-19 17:17:23 | DEBUG    | fgvc.clustering.spherical_kmeans |   Init 4/5: inertia=3.668867
2026-08-19 17:17:23 | DEBUG    | fgvc.clustering.spherical_kmeans |   Init 5/5: inertia=3.797951
2026-08-19 17:17:23 | DEBUG    | fgvc.clustering.spherical_kmeans |   Init 1/5: inertia=3.382571
2026-08-19 17:17:23 | DEBUG    | fgvc.clustering.spherical_kmeans |   Init 2/5: inertia=3.363291
2026-08-19 17:17:23 | DEBUG    | fgvc.clustering.spherical_kmeans |   Init 3/5: inertia=3.405176
2026-08-19 17:17:23 | DEBUG    | fgvc.clustering.spherical_kmeans |   Init 4/5: inertia=3.278604
2026-08-19 17:17:23 | DEBUG    | fgvc.clustering.spherical_kmeans |   Init 5/5: inertia=3.377498
2026-08-19 17:17:23 | DEBUG    | fgvc.clustering.spherical_kmeans |   Init 1/5: inertia=3.136075
2026-08-19 17:17:23 | DEBUG    | fgvc.clustering.spherical_kmeans |   Init 2/5: inertia=3.135911
2026-08-19 17:17:23 | DEBUG    | fgvc.clustering.spherical_kmeans |   Init 3/5: inertia=3.003105
2026-08-19 17:17:23 | DEBUG    | fgvc.clustering.spherical_kmeans |   Init 4/5: inertia=3.075847
2026-08-19 17:17:23 | DEBUG    | fgvc.clustering.spherical_kmeans |   Init 5/5: inertia=3.172058
2026-08-19 17:17:23 | DEBUG    | fgvc.clustering.spherical_kmeans | K selection: best_k=2 | scores={2: {'silhouette': 0.4392, 'compactness': 0.8416, 'score': 0.4721}, 3: {'silhouette': 0.4059, 'compactness': 0.8585, 'score': 0.3938}, 4: {'silhouette': 0.1277, 'compactness': 0.8689, 'score': 0.1912}, 5: {'silhouette': 0.1318, 'compactness': 0.8799, 'score': 0.1299}}
2026-08-19 17:17:23 | DEBUG    | fgvc.clustering.spherical_kmeans |   Init 1/10: inertia=3.959514
2026-08-19 17:17:23 | DEBUG    | fgvc.clustering.spherical_kmeans |   Init 2/10: inertia=4.042969
2026-08-19 17:17:23 | DEBUG    | fgvc.clustering.spherical_kmeans |   Init 3/10: inertia=3.959514
2026-08-19 17:17:23 | DEBUG    | fgvc.clustering.spherical_kmeans |   Init 4/10: inertia=3.959514
2026-08-19 17:17:23 | DEBUG    | fgvc.clustering.spherical_kmeans |   Init 5/10: inertia=5.073890
2026-08-19 17:17:23 | DEBUG    | fgvc.clustering.spherical_kmeans |   Init 6/10: inertia=4.040103
2026-08-19 17:17:23 | DEBUG    | fgvc.clustering.spherical_kmeans |   Init 7/10: inertia=3.974634
2026-08-19 17:17:23 | DEBUG    | fgvc.clustering.spherical_kmeans |   Init 8/10: inertia=3.959514
2026-08-19 17:17:23 | DEBUG    | fgvc.clustering.spherical_kmeans |   Init 9/10: inertia=5.073890
2026-08-19 17:17:23 | DEBUG    | fgvc.clustering.spherical_kmeans |   Init 10/10: inertia=3.959514
2026-08-19 17:17:23 | INFO     | fgvc.clustering.spherical_kmeans |   [Boat_tailed_Grackle] k_selected=2 | k_effective=2 | min_cluster=5 | max_cluster=20
2026-08-19 17:17:23 | INFO     | fgvc.clustering.spherical_kmeans |   [Bobolink] 25 images
2026-08-19 17:17:23 | DEBUG    | fgvc.clustering.spherical_kmeans |   Init 1/5: inertia=3.352219
2026-08-19 17:17:23 | DEBUG    | fgvc.clustering.spherical_kmeans |   Init 2/5: inertia=3.273785
2026-08-19 17:17:23 | DEBUG    | fgvc.clustering.spherical_kmeans |   Init 3/5: inertia=3.301997
2026-08-19 17:17:23 | DEBUG    | fgvc.clustering.spherical_kmeans |   Init 4/5: inertia=3.326071
2026-08-19 17:17:23 | DEBUG    | fgvc.clustering.spherical_kmeans |   Init 5/5: inertia=3.289223
2026-08-19 17:17:23 | DEBUG    | fgvc.clustering.spherical_kmeans |   Init 1/5: inertia=2.980474
2026-08-19 17:17:23 | DEBUG    | fgvc.clustering.spherical_kmeans |   Init 2/5: inertia=3.001956
2026-08-19 17:17:23 | DEBUG    | fgvc.clustering.spherical_kmeans |   Init 3/5: inertia=3.117957
2026-08-19 17:17:23 | DEBUG    | fgvc.clustering.spherical_kmeans |   Init 4/5: inertia=3.162929
2026-08-19 17:17:23 | DEBUG    | fgvc.clustering.spherical_kmeans |   Init 5/5: inertia=3.074725
2026-08-19 17:17:23 | DEBUG    | fgvc.clustering.spherical_kmeans |   Init 1/5: inertia=2.665930
2026-08-19 17:17:23 | DEBUG    | fgvc.clustering.spherical_kmeans |   Init 2/5: inertia=2.646075
2026-08-19 17:17:23 | DEBUG    | fgvc.clustering.spherical_kmeans |   Init 3/5: inertia=3.062898
2026-08-19 17:17:23 | DEBUG    | fgvc.clustering.spherical_kmeans |   Init 4/5: inertia=2.792335
2026-08-19 17:17:23 | DEBUG    | fgvc.clustering.spherical_kmeans |   Init 5/5: inertia=2.805531
2026-08-19 17:17:23 | DEBUG    | fgvc.clustering.spherical_kmeans |   Init 1/5: inertia=2.532330
2026-08-19 17:17:23 | DEBUG    | fgvc.clustering.spherical_kmeans |   Init 2/5: inertia=2.462867
2026-08-19 17:17:23 | DEBUG    | fgvc.clustering.spherical_kmeans |   Init 3/5: inertia=2.552351
2026-08-19 17:17:23 | DEBUG    | fgvc.clustering.spherical_kmeans |   Init 4/5: inertia=2.572596
2026-08-19 17:17:23 | DEBUG    | fgvc.clustering.spherical_kmeans |   Init 5/5: inertia=2.675589
2026-08-19 17:17:23 | DEBUG    | fgvc.clustering.spherical_kmeans | K selection: best_k=2 | scores={2: {'silhouette': 0.2739, 'compactness': 0.869, 'score': 0.3977}, 3: {'silhouette': 0.1629, 'compactness': 0.8808, 'score': 0.279}, 4: {'silhouette': 0.1277, 'compactness': 0.8942, 'score': 0.1987}, 5: {'silhouette': 0.1228, 'compactness': 0.9015, 'score': 0.1318}}
2026-08-19 17:17:23 | DEBUG    | fgvc.clustering.spherical_kmeans |   Init 1/10: inertia=3.352219
2026-08-19 17:17:23 | DEBUG    | fgvc.clustering.spherical_kmeans |   Init 2/10: inertia=3.273785
2026-08-19 17:17:23 | DEBUG    | fgvc.clustering.spherical_kmeans |   Init 3/10: inertia=3.301997
2026-08-19 17:17:23 | DEBUG    | fgvc.clustering.spherical_kmeans |   Init 4/10: inertia=3.326071
2026-08-19 17:17:23 | DEBUG    | fgvc.clustering.spherical_kmeans |   Init 5/10: inertia=3.289223
2026-08-19 17:17:23 | DEBUG    | fgvc.clustering.spherical_kmeans |   Init 6/10: inertia=3.240484
2026-08-19 17:17:23 | DEBUG    | fgvc.clustering.spherical_kmeans |   Init 7/10: inertia=3.282016
2026-08-19 17:17:23 | DEBUG    | fgvc.clustering.spherical_kmeans |   Init 8/10: inertia=3.318624
2026-08-19 17:17:23 | DEBUG    | fgvc.clustering.spherical_kmeans |   Init 9/10: inertia=3.314543
2026-08-19 17:17:23 | DEBUG    | fgvc.clustering.spherical_kmeans |   Init 10/10: inertia=3.273785
2026-08-19 17:17:23 | INFO     | fgvc.clustering.spherical_kmeans |   [Bobolink] k_selected=2 | k_effective=2 | min_cluster=5 | max_cluster=20
2026-08-19 17:17:23 | INFO     | fgvc.clustering.spherical_kmeans |   [Bohemian_Waxwing] 25 images
2026-08-19 17:17:23 | DEBUG    | fgvc.clustering.spherical_kmeans |   Init 1/5: inertia=3.049617
2026-08-19 17:17:23 | DEBUG    | fgvc.clustering.spherical_kmeans |   Init 2/5: inertia=3.032566
2026-08-19 17:17:23 | DEBUG    | fgvc.clustering.spherical_kmeans |   Init 3/5: inertia=3.016181
2026-08-19 17:17:23 | DEBUG    | fgvc.clustering.spherical_kmeans |   Init 4/5: inertia=3.071816
2026-08-19 17:17:23 | DEBUG    | fgvc.clustering.spherical_kmeans |   Init 5/5: inertia=2.965069
2026-08-19 17:17:23 | DEBUG    | fgvc.clustering.spherical_kmeans |   Init 1/5: inertia=2.689650
2026-08-19 17:17:23 | DEBUG    | fgvc.clustering.spherical_kmeans |   Init 2/5: inertia=2.677676
2026-08-19 17:17:23 | DEBUG    | fgvc.clustering.spherical_kmeans |   Init 3/5: inertia=2.584986
2026-08-19 17:17:23 | DEBUG    | fgvc.clustering.spherical_kmeans |   Init 4/5: inertia=2.655482
2026-08-19 17:17:23 | DEBUG    | fgvc.clustering.spherical_kmeans |   Init 5/5: inertia=2.678352
2026-08-19 17:17:23 | DEBUG    | fgvc.clustering.spherical_kmeans |   Init 1/5: inertia=2.357725
2026-08-19 17:17:23 | DEBUG    | fgvc.clustering.spherical_kmeans |   Init 2/5: inertia=2.420523
2026-08-19 17:17:23 | DEBUG    | fgvc.clustering.spherical_kmeans |   Init 3/5: inertia=2.474527
2026-08-19 17:17:23 | DEBUG    | fgvc.clustering.spherical_kmeans |   Init 4/5: inertia=2.517008
2026-08-19 17:17:23 | DEBUG    | fgvc.clustering.spherical_kmeans |   Init 5/5: inertia=2.378057
2026-08-19 17:17:23 | DEBUG    | fgvc.clustering.spherical_kmeans |   Init 1/5: inertia=2.146520
2026-08-19 17:17:23 | DEBUG    | fgvc.clustering.spherical_kmeans |   Init 2/5: inertia=2.262989
2026-08-19 17:17:23 | DEBUG    | fgvc.clustering.spherical_kmeans |   Init 3/5: inertia=2.314668
2026-08-19 17:17:23 | DEBUG    | fgvc.clustering.spherical_kmeans |   Init 4/5: inertia=2.201889
2026-08-19 17:17:23 | DEBUG    | fgvc.clustering.spherical_kmeans |   Init 5/5: inertia=2.261250
2026-08-19 17:17:23 | DEBUG    | fgvc.clustering.spherical_kmeans | K selection: best_k=2 | scores={2: {'silhouette': 0.2762, 'compactness': 0.8814, 'score': 0.4025}, 3: {'silhouette': 0.1592, 'compactness': 0.8966, 'score': 0.2819}, 4: {'silhouette': 0.1321, 'compactness': 0.9057, 'score': 0.2044}, 5: {'silhouette': 0.1047, 'compactness': 0.9141, 'score': 0.1266}}
2026-08-19 17:17:23 | DEBUG    | fgvc.clustering.spherical_kmeans |   Init 1/10: inertia=3.049617
2026-08-19 17:17:23 | DEBUG    | fgvc.clustering.spherical_kmeans |   Init 2/10: inertia=3.032566
2026-08-19 17:17:23 | DEBUG    | fgvc.clustering.spherical_kmeans |   Init 3/10: inertia=3.016181
2026-08-19 17:17:23 | DEBUG    | fgvc.clustering.spherical_kmeans |   Init 4/10: inertia=3.071816
2026-08-19 17:17:23 | DEBUG    | fgvc.clustering.spherical_kmeans |   Init 5/10: inertia=2.965069
2026-08-19 17:17:23 | DEBUG    | fgvc.clustering.spherical_kmeans |   Init 6/10: inertia=2.843735
2026-08-19 17:17:23 | DEBUG    | fgvc.clustering.spherical_kmeans |   Init 7/10: inertia=2.997582
2026-08-19 17:17:23 | DEBUG    | fgvc.clustering.spherical_kmeans |   Init 8/10: inertia=2.856374
2026-08-19 17:17:23 | DEBUG    | fgvc.clustering.spherical_kmeans |   Init 9/10: inertia=2.861825
2026-08-19 17:17:23 | DEBUG    | fgvc.clustering.spherical_kmeans |   Init 10/10: inertia=3.080956
2026-08-19 17:17:23 | INFO     | fgvc.clustering.spherical_kmeans |   [Bohemian_Waxwing] k_selected=2 | k_effective=2 | min_cluster=12 | max_cluster=13
2026-08-19 17:17:23 | INFO     | fgvc.clustering.spherical_kmeans |   [Brandt_Cormorant] 25 images
2026-08-19 17:17:23 | DEBUG    | fgvc.clustering.spherical_kmeans |   Init 1/5: inertia=3.948774
2026-08-19 17:17:23 | DEBUG    | fgvc.clustering.spherical_kmeans |   Init 2/5: inertia=3.860494
2026-08-19 17:17:23 | DEBUG    | fgvc.clustering.spherical_kmeans |   Init 3/5: inertia=3.930083
2026-08-19 17:17:23 | DEBUG    | fgvc.clustering.spherical_kmeans |   Init 4/5: inertia=3.916517
2026-08-19 17:17:23 | DEBUG    | fgvc.clustering.spherical_kmeans |   Init 5/5: inertia=3.952481
2026-08-19 17:17:23 | DEBUG    | fgvc.clustering.spherical_kmeans |   Init 1/5: inertia=3.556022
2026-08-19 17:17:23 | DEBUG    | fgvc.clustering.spherical_kmeans |   Init 2/5: inertia=3.563324
2026-08-19 17:17:23 | DEBUG    | fgvc.clustering.spherical_kmeans |   Init 3/5: inertia=3.627453
2026-08-19 17:17:23 | DEBUG    | fgvc.clustering.spherical_kmeans |   Init 4/5: inertia=3.659412
2026-08-19 17:17:23 | DEBUG    | fgvc.clustering.spherical_kmeans |   Init 5/5: inertia=3.722189
2026-08-19 17:17:23 | DEBUG    | fgvc.clustering.spherical_kmeans |   Init 1/5: inertia=3.203996
2026-08-19 17:17:23 | DEBUG    | fgvc.clustering.spherical_kmeans |   Init 2/5: inertia=3.441242
2026-08-19 17:17:23 | DEBUG    | fgvc.clustering.spherical_kmeans |   Init 3/5: inertia=3.379452
2026-08-19 17:17:23 | DEBUG    | fgvc.clustering.spherical_kmeans |   Init 4/5: inertia=3.348247
2026-08-19 17:17:23 | DEBUG    | fgvc.clustering.spherical_kmeans |   Init 5/5: inertia=3.358545
2026-08-19 17:17:23 | DEBUG    | fgvc.clustering.spherical_kmeans |   Init 1/5: inertia=3.034494
2026-08-19 17:17:23 | DEBUG    | fgvc.clustering.spherical_kmeans |   Init 2/5: inertia=3.044024
2026-08-19 17:17:23 | DEBUG    | fgvc.clustering.spherical_kmeans |   Init 3/5: inertia=3.245120
2026-08-19 17:17:23 | DEBUG    | fgvc.clustering.spherical_kmeans |   Init 4/5: inertia=3.146239
2026-08-19 17:17:23 | DEBUG    | fgvc.clustering.spherical_kmeans |   Init 5/5: inertia=3.112643
2026-08-19 17:17:23 | DEBUG    | fgvc.clustering.spherical_kmeans | K selection: best_k=2 | scores={2: {'silhouette': 0.0984, 'compactness': 0.8456, 'score': 0.3029}, 3: {'silhouette': 0.0969, 'compactness': 0.8578, 'score': 0.2391}, 4: {'silhouette': 0.106, 'compactness': 0.8718, 'score': 0.1812}, 5: {'silhouette': 0.086, 'compactness': 0.8786, 'score': 0.1066}}
2026-08-19 17:17:23 | DEBUG    | fgvc.clustering.spherical_kmeans |   Init 1/10: inertia=3.948774
2026-08-19 17:17:23 | DEBUG    | fgvc.clustering.spherical_kmeans |   Init 2/10: inertia=3.860494
2026-08-19 17:17:23 | DEBUG    | fgvc.clustering.spherical_kmeans |   Init 3/10: inertia=3.930083
2026-08-19 17:17:23 | DEBUG    | fgvc.clustering.spherical_kmeans |   Init 4/10: inertia=3.916517
2026-08-19 17:17:23 | DEBUG    | fgvc.clustering.spherical_kmeans |   Init 5/10: inertia=3.952481
2026-08-19 17:17:23 | DEBUG    | fgvc.clustering.spherical_kmeans |   Init 6/10: inertia=3.948774
2026-08-19 17:17:23 | DEBUG    | fgvc.clustering.spherical_kmeans |   Init 7/10: inertia=4.080356
2026-08-19 17:17:23 | DEBUG    | fgvc.clustering.spherical_kmeans |   Init 8/10: inertia=3.975914
2026-08-19 17:17:23 | DEBUG    | fgvc.clustering.spherical_kmeans |   Init 9/10: inertia=3.892944
2026-08-19 17:17:23 | DEBUG    | fgvc.clustering.spherical_kmeans |   Init 10/10: inertia=3.934350
2026-08-19 17:17:23 | INFO     | fgvc.clustering.spherical_kmeans |   [Brandt_Cormorant] k_selected=2 | k_effective=2 | min_cluster=12 | max_cluster=13
2026-08-19 17:17:23 | INFO     | fgvc.clustering.spherical_kmeans |   [Brewer_Blackbird] 25 images
2026-08-19 17:17:23 | DEBUG    | fgvc.clustering.spherical_kmeans |   Init 1/5: inertia=3.278867
2026-08-19 17:17:23 | DEBUG    | fgvc.clustering.spherical_kmeans |   Init 2/5: inertia=3.278867
2026-08-19 17:17:23 | DEBUG    | fgvc.clustering.spherical_kmeans |   Init 3/5: inertia=3.278867
2026-08-19 17:17:23 | DEBUG    | fgvc.clustering.spherical_kmeans |   Init 4/5: inertia=3.978576
2026-08-19 17:17:23 | DEBUG    | fgvc.clustering.spherical_kmeans |   Init 5/5: inertia=3.278867
2026-08-19 17:17:23 | DEBUG    | fgvc.clustering.spherical_kmeans |   Init 1/5: inertia=3.183767
2026-08-19 17:17:23 | DEBUG    | fgvc.clustering.spherical_kmeans |   Init 2/5: inertia=3.073510
2026-08-19 17:17:23 | DEBUG    | fgvc.clustering.spherical_kmeans |   Init 3/5: inertia=3.108129
2026-08-19 17:17:23 | DEBUG    | fgvc.clustering.spherical_kmeans |   Init 4/5: inertia=3.057789
2026-08-19 17:17:23 | DEBUG    | fgvc.clustering.spherical_kmeans |   Init 5/5: inertia=3.028240
2026-08-19 17:17:23 | DEBUG    | fgvc.clustering.spherical_kmeans |   Init 1/5: inertia=2.863304
2026-08-19 17:17:23 | DEBUG    | fgvc.clustering.spherical_kmeans |   Init 2/5: inertia=2.869016
2026-08-19 17:17:23 | DEBUG    | fgvc.clustering.spherical_kmeans |   Init 3/5: inertia=2.978438
2026-08-19 17:17:23 | DEBUG    | fgvc.clustering.spherical_kmeans |   Init 4/5: inertia=2.953795
2026-08-19 17:17:23 | DEBUG    | fgvc.clustering.spherical_kmeans |   Init 5/5: inertia=2.852927
2026-08-19 17:17:23 | DEBUG    | fgvc.clustering.spherical_kmeans |   Init 1/5: inertia=2.683230
2026-08-19 17:17:23 | DEBUG    | fgvc.clustering.spherical_kmeans |   Init 2/5: inertia=2.776769
2026-08-19 17:17:23 | DEBUG    | fgvc.clustering.spherical_kmeans |   Init 3/5: inertia=2.772980
2026-08-19 17:17:23 | DEBUG    | fgvc.clustering.spherical_kmeans |   Init 4/5: inertia=2.554692
2026-08-19 17:17:23 | DEBUG    | fgvc.clustering.spherical_kmeans |   Init 5/5: inertia=2.685077
2026-08-19 17:17:23 | DEBUG    | fgvc.clustering.spherical_kmeans | K selection: best_k=2 | scores={2: {'silhouette': 0.4296, 'compactness': 0.8688, 'score': 0.4755}, 3: {'silhouette': 0.3961, 'compactness': 0.8789, 'score': 0.395}, 4: {'silhouette': 0.0422, 'compactness': 0.8859, 'score': 0.1535}, 5: {'silhouette': 0.0792, 'compactness': 0.8978, 'score': 0.109}}
2026-08-19 17:17:23 | DEBUG    | fgvc.clustering.spherical_kmeans |   Init 1/10: inertia=3.278867
2026-08-19 17:17:23 | DEBUG    | fgvc.clustering.spherical_kmeans |   Init 2/10: inertia=3.278867
2026-08-19 17:17:23 | DEBUG    | fgvc.clustering.spherical_kmeans |   Init 3/10: inertia=3.278867
2026-08-19 17:17:23 | DEBUG    | fgvc.clustering.spherical_kmeans |   Init 4/10: inertia=3.978576
2026-08-19 17:17:23 | DEBUG    | fgvc.clustering.spherical_kmeans |   Init 5/10: inertia=3.278867
2026-08-19 17:17:23 | DEBUG    | fgvc.clustering.spherical_kmeans |   Init 6/10: inertia=3.939674
2026-08-19 17:17:23 | DEBUG    | fgvc.clustering.spherical_kmeans |   Init 7/10: inertia=3.278867
2026-08-19 17:17:23 | DEBUG    | fgvc.clustering.spherical_kmeans |   Init 8/10: inertia=3.278867
2026-08-19 17:17:23 | DEBUG    | fgvc.clustering.spherical_kmeans |   Init 9/10: inertia=3.278867
2026-08-19 17:17:23 | DEBUG    | fgvc.clustering.spherical_kmeans |   Init 10/10: inertia=3.278867
2026-08-19 17:17:23 | INFO     | fgvc.clustering.spherical_kmeans |   [Brewer_Blackbird] k_selected=2 | k_effective=2 | min_cluster=5 | max_cluster=20
2026-08-19 17:17:23 | INFO     | fgvc.clustering.spherical_kmeans |   [Brewer_Sparrow] 25 images
2026-08-19 17:17:23 | DEBUG    | fgvc.clustering.spherical_kmeans |   Init 1/5: inertia=3.748920
2026-08-19 17:17:23 | DEBUG    | fgvc.clustering.spherical_kmeans |   Init 2/5: inertia=3.749670
2026-08-19 17:17:23 | DEBUG    | fgvc.clustering.spherical_kmeans |   Init 3/5: inertia=3.759943
2026-08-19 17:17:23 | DEBUG    | fgvc.clustering.spherical_kmeans |   Init 4/5: inertia=3.702372
2026-08-19 17:17:23 | DEBUG    | fgvc.clustering.spherical_kmeans |   Init 5/5: inertia=3.681738
2026-08-19 17:17:23 | DEBUG    | fgvc.clustering.spherical_kmeans |   Init 1/5: inertia=3.485404
2026-08-19 17:17:23 | DEBUG    | fgvc.clustering.spherical_kmeans |   Init 2/5: inertia=3.546102
2026-08-19 17:17:23 | DEBUG    | fgvc.clustering.spherical_kmeans |   Init 3/5: inertia=3.432061
2026-08-19 17:17:23 | DEBUG    | fgvc.clustering.spherical_kmeans |   Init 4/5: inertia=3.459881
2026-08-19 17:17:23 | DEBUG    | fgvc.clustering.spherical_kmeans |   Init 5/5: inertia=3.480870
2026-08-19 17:17:23 | DEBUG    | fgvc.clustering.spherical_kmeans |   Init 1/5: inertia=3.273909
2026-08-19 17:17:23 | DEBUG    | fgvc.clustering.spherical_kmeans |   Init 2/5: inertia=3.232936
2026-08-19 17:17:23 | DEBUG    | fgvc.clustering.spherical_kmeans |   Init 3/5: inertia=3.293331
2026-08-19 17:17:23 | DEBUG    | fgvc.clustering.spherical_kmeans |   Init 4/5: inertia=3.268334
2026-08-19 17:17:23 | DEBUG    | fgvc.clustering.spherical_kmeans |   Init 5/5: inertia=3.356239
2026-08-19 17:17:23 | DEBUG    | fgvc.clustering.spherical_kmeans |   Init 1/5: inertia=3.103191
2026-08-19 17:17:23 | DEBUG    | fgvc.clustering.spherical_kmeans |   Init 2/5: inertia=3.009503
2026-08-19 17:17:23 | DEBUG    | fgvc.clustering.spherical_kmeans |   Init 3/5: inertia=2.992124
2026-08-19 17:17:23 | DEBUG    | fgvc.clustering.spherical_kmeans |   Init 4/5: inertia=3.055830
2026-08-19 17:17:23 | DEBUG    | fgvc.clustering.spherical_kmeans |   Init 5/5: inertia=2.918469
2026-08-19 17:17:23 | DEBUG    | fgvc.clustering.spherical_kmeans | K selection: best_k=2 | scores={2: {'silhouette': 0.1689, 'compactness': 0.8527, 'score': 0.3403}, 3: {'silhouette': 0.0497, 'compactness': 0.8627, 'score': 0.217}, 4: {'silhouette': 0.0412, 'compactness': 0.8707, 'score': 0.1485}, 5: {'silhouette': 0.0616, 'compactness': 0.8833, 'score': 0.0958}}
2026-08-19 17:17:23 | DEBUG    | fgvc.clustering.spherical_kmeans |   Init 1/10: inertia=3.748920
2026-08-19 17:17:23 | DEBUG    | fgvc.clustering.spherical_kmeans |   Init 2/10: inertia=3.749670
2026-08-19 17:17:23 | DEBUG    | fgvc.clustering.spherical_kmeans |   Init 3/10: inertia=3.759943
2026-08-19 17:17:23 | DEBUG    | fgvc.clustering.spherical_kmeans |   Init 4/10: inertia=3.702372
2026-08-19 17:17:23 | DEBUG    | fgvc.clustering.spherical_kmeans |   Init 5/10: inertia=3.681738
2026-08-19 17:17:23 | DEBUG    | fgvc.clustering.spherical_kmeans |   Init 6/10: inertia=3.761114
2026-08-19 17:17:23 | DEBUG    | fgvc.clustering.spherical_kmeans |   Init 7/10: inertia=3.774684
2026-08-19 17:17:23 | DEBUG    | fgvc.clustering.spherical_kmeans |   Init 8/10: inertia=3.720160
2026-08-19 17:17:23 | DEBUG    | fgvc.clustering.spherical_kmeans |   Init 9/10: inertia=3.762961
2026-08-19 17:17:23 | DEBUG    | fgvc.clustering.spherical_kmeans |   Init 10/10: inertia=3.758894
2026-08-19 17:17:23 | INFO     | fgvc.clustering.spherical_kmeans |   [Brewer_Sparrow] k_selected=2 | k_effective=1 | min_cluster=25 | max_cluster=25
2026-08-19 17:17:23 | INFO     | fgvc.clustering.spherical_kmeans |   [Bronzed_Cowbird] 25 images
2026-08-19 17:17:23 | DEBUG    | fgvc.clustering.spherical_kmeans |   Init 1/5: inertia=2.717747
2026-08-19 17:17:23 | DEBUG    | fgvc.clustering.spherical_kmeans |   Init 2/5: inertia=2.846498
2026-08-19 17:17:23 | DEBUG    | fgvc.clustering.spherical_kmeans |   Init 3/5: inertia=2.895515
2026-08-19 17:17:23 | DEBUG    | fgvc.clustering.spherical_kmeans |   Init 4/5: inertia=2.829050
2026-08-19 17:17:23 | DEBUG    | fgvc.clustering.spherical_kmeans |   Init 5/5: inertia=2.994892
2026-08-19 17:17:23 | DEBUG    | fgvc.clustering.spherical_kmeans |   Init 1/5: inertia=2.446333
2026-08-19 17:17:23 | DEBUG    | fgvc.clustering.spherical_kmeans |   Init 2/5: inertia=2.752817
2026-08-19 17:17:23 | DEBUG    | fgvc.clustering.spherical_kmeans |   Init 3/5: inertia=2.853750
2026-08-19 17:17:23 | DEBUG    | fgvc.clustering.spherical_kmeans |   Init 4/5: inertia=2.533003
2026-08-19 17:17:23 | DEBUG    | fgvc.clustering.spherical_kmeans |   Init 5/5: inertia=2.635952
2026-08-19 17:17:23 | DEBUG    | fgvc.clustering.spherical_kmeans |   Init 1/5: inertia=2.310009
2026-08-19 17:17:23 | DEBUG    | fgvc.clustering.spherical_kmeans |   Init 2/5: inertia=2.624519
2026-08-19 17:17:23 | DEBUG    | fgvc.clustering.spherical_kmeans |   Init 3/5: inertia=2.429234
2026-08-19 17:17:23 | DEBUG    | fgvc.clustering.spherical_kmeans |   Init 4/5: inertia=2.297024
2026-08-19 17:17:23 | DEBUG    | fgvc.clustering.spherical_kmeans |   Init 5/5: inertia=2.524355
2026-08-19 17:17:23 | DEBUG    | fgvc.clustering.spherical_kmeans |   Init 1/5: inertia=2.137743
2026-08-19 17:17:23 | DEBUG    | fgvc.clustering.spherical_kmeans |   Init 2/5: inertia=2.402104
2026-08-19 17:17:23 | DEBUG    | fgvc.clustering.spherical_kmeans |   Init 3/5: inertia=2.157084
2026-08-19 17:17:23 | DEBUG    | fgvc.clustering.spherical_kmeans |   Init 4/5: inertia=2.187608
2026-08-19 17:17:23 | DEBUG    | fgvc.clustering.spherical_kmeans |   Init 5/5: inertia=2.266981
2026-08-19 17:17:23 | DEBUG    | fgvc.clustering.spherical_kmeans | K selection: best_k=2 | scores={2: {'silhouette': 0.4936, 'compactness': 0.8913, 'score': 0.5142}, 3: {'silhouette': 0.1288, 'compactness': 0.9021, 'score': 0.2684}, 4: {'silhouette': 0.0755, 'compactness': 0.9081, 'score': 0.1768}, 5: {'silhouette': 0.0579, 'compactness': 0.9145, 'score': 0.1033}}
2026-08-19 17:17:23 | DEBUG    | fgvc.clustering.spherical_kmeans |   Init 1/10: inertia=2.717747
2026-08-19 17:17:23 | DEBUG    | fgvc.clustering.spherical_kmeans |   Init 2/10: inertia=2.846498
2026-08-19 17:17:23 | DEBUG    | fgvc.clustering.spherical_kmeans |   Init 3/10: inertia=2.895515
2026-08-19 17:17:23 | DEBUG    | fgvc.clustering.spherical_kmeans |   Init 4/10: inertia=2.829050
2026-08-19 17:17:23 | DEBUG    | fgvc.clustering.spherical_kmeans |   Init 5/10: inertia=2.994892
2026-08-19 17:17:23 | DEBUG    | fgvc.clustering.spherical_kmeans |   Init 6/10: inertia=2.964444
2026-08-19 17:17:23 | DEBUG    | fgvc.clustering.spherical_kmeans |   Init 7/10: inertia=2.862638
2026-08-19 17:17:23 | DEBUG    | fgvc.clustering.spherical_kmeans |   Init 8/10: inertia=2.984067
2026-08-19 17:17:23 | DEBUG    | fgvc.clustering.spherical_kmeans |   Init 9/10: inertia=2.927885
2026-08-19 17:17:23 | DEBUG    | fgvc.clustering.spherical_kmeans |   Init 10/10: inertia=2.856366
2026-08-19 17:17:23 | INFO     | fgvc.clustering.spherical_kmeans |   [Bronzed_Cowbird] k_selected=2 | k_effective=1 | min_cluster=25 | max_cluster=25
2026-08-19 17:17:23 | INFO     | fgvc.clustering.spherical_kmeans |   [Brown_Creeper] 25 images
2026-08-19 17:17:23 | DEBUG    | fgvc.clustering.spherical_kmeans |   Init 1/5: inertia=2.482093
2026-08-19 17:17:23 | DEBUG    | fgvc.clustering.spherical_kmeans |   Init 2/5: inertia=2.499496
2026-08-19 17:17:23 | DEBUG    | fgvc.clustering.spherical_kmeans |   Init 3/5: inertia=2.491488
2026-08-19 17:17:23 | DEBUG    | fgvc.clustering.spherical_kmeans |   Init 4/5: inertia=2.633988
2026-08-19 17:17:23 | DEBUG    | fgvc.clustering.spherical_kmeans |   Init 5/5: inertia=2.485329
2026-08-19 17:17:23 | DEBUG    | fgvc.clustering.spherical_kmeans |   Init 1/5: inertia=2.274697
2026-08-19 17:17:23 | DEBUG    | fgvc.clustering.spherical_kmeans |   Init 2/5: inertia=2.415202
2026-08-19 17:17:23 | DEBUG    | fgvc.clustering.spherical_kmeans |   Init 3/5: inertia=2.346559
2026-08-19 17:17:23 | DEBUG    | fgvc.clustering.spherical_kmeans |   Init 4/5: inertia=2.265764
2026-08-19 17:17:23 | DEBUG    | fgvc.clustering.spherical_kmeans |   Init 5/5: inertia=2.204375
2026-08-19 17:17:23 | DEBUG    | fgvc.clustering.spherical_kmeans |   Init 1/5: inertia=2.089051
2026-08-19 17:17:23 | DEBUG    | fgvc.clustering.spherical_kmeans |   Init 2/5: inertia=2.311280
2026-08-19 17:17:23 | DEBUG    | fgvc.clustering.spherical_kmeans |   Init 3/5: inertia=2.094032
2026-08-19 17:17:23 | DEBUG    | fgvc.clustering.spherical_kmeans |   Init 4/5: inertia=2.005160
2026-08-19 17:17:23 | DEBUG    | fgvc.clustering.spherical_kmeans |   Init 5/5: inertia=2.044088
2026-08-19 17:17:23 | DEBUG    | fgvc.clustering.spherical_kmeans |   Init 1/5: inertia=1.913649
2026-08-19 17:17:23 | DEBUG    | fgvc.clustering.spherical_kmeans |   Init 2/5: inertia=2.111866
2026-08-19 17:17:23 | DEBUG    | fgvc.clustering.spherical_kmeans |   Init 3/5: inertia=1.797737
2026-08-19 17:17:23 | DEBUG    | fgvc.clustering.spherical_kmeans |   Init 4/5: inertia=1.898951
2026-08-19 17:17:23 | DEBUG    | fgvc.clustering.spherical_kmeans |   Init 5/5: inertia=1.896140
2026-08-19 17:17:23 | DEBUG    | fgvc.clustering.spherical_kmeans | K selection: best_k=2 | scores={2: {'silhouette': 0.1648, 'compactness': 0.9007, 'score': 0.3526}, 3: {'silhouette': 0.0465, 'compactness': 0.9118, 'score': 0.2301}, 4: {'silhouette': 0.0474, 'compactness': 0.9198, 'score': 0.1663}, 5: {'silhouette': 0.063, 'compactness': 0.9281, 'score': 0.1099}}
2026-08-19 17:17:23 | DEBUG    | fgvc.clustering.spherical_kmeans |   Init 1/10: inertia=2.482093
2026-08-19 17:17:23 | DEBUG    | fgvc.clustering.spherical_kmeans |   Init 2/10: inertia=2.499496
2026-08-19 17:17:23 | DEBUG    | fgvc.clustering.spherical_kmeans |   Init 3/10: inertia=2.491488
2026-08-19 17:17:23 | DEBUG    | fgvc.clustering.spherical_kmeans |   Init 4/10: inertia=2.633988
2026-08-19 17:17:23 | DEBUG    | fgvc.clustering.spherical_kmeans |   Init 5/10: inertia=2.485329
2026-08-19 17:17:23 | DEBUG    | fgvc.clustering.spherical_kmeans |   Init 6/10: inertia=2.511613
2026-08-19 17:17:23 | DEBUG    | fgvc.clustering.spherical_kmeans |   Init 7/10: inertia=2.560778
2026-08-19 17:17:23 | DEBUG    | fgvc.clustering.spherical_kmeans |   Init 8/10: inertia=2.546637
2026-08-19 17:17:23 | DEBUG    | fgvc.clustering.spherical_kmeans |   Init 9/10: inertia=2.512606
2026-08-19 17:17:23 | DEBUG    | fgvc.clustering.spherical_kmeans |   Init 10/10: inertia=2.488029
2026-08-19 17:17:23 | INFO     | fgvc.clustering.spherical_kmeans |   [Brown_Creeper] k_selected=2 | k_effective=2 | min_cluster=7 | max_cluster=18
2026-08-19 17:17:23 | INFO     | fgvc.clustering.spherical_kmeans |   [Brown_Pelican] 25 images
2026-08-19 17:17:23 | DEBUG    | fgvc.clustering.spherical_kmeans |   Init 1/5: inertia=2.493242
2026-08-19 17:17:23 | DEBUG    | fgvc.clustering.spherical_kmeans |   Init 2/5: inertia=2.510715
2026-08-19 17:17:23 | DEBUG    | fgvc.clustering.spherical_kmeans |   Init 3/5: inertia=2.291989
2026-08-19 17:17:23 | DEBUG    | fgvc.clustering.spherical_kmeans |   Init 4/5: inertia=2.440281
2026-08-19 17:17:23 | DEBUG    | fgvc.clustering.spherical_kmeans |   Init 5/5: inertia=2.458992
2026-08-19 17:17:23 | DEBUG    | fgvc.clustering.spherical_kmeans |   Init 1/5: inertia=2.318980
2026-08-19 17:17:23 | DEBUG    | fgvc.clustering.spherical_kmeans |   Init 2/5: inertia=2.285488
2026-08-19 17:17:23 | DEBUG    | fgvc.clustering.spherical_kmeans |   Init 3/5: inertia=2.028749
2026-08-19 17:17:23 | DEBUG    | fgvc.clustering.spherical_kmeans |   Init 4/5: inertia=2.046025
2026-08-19 17:17:23 | DEBUG    | fgvc.clustering.spherical_kmeans |   Init 5/5: inertia=2.050797
2026-08-19 17:17:23 | DEBUG    | fgvc.clustering.spherical_kmeans |   Init 1/5: inertia=2.146177
2026-08-19 17:17:23 | DEBUG    | fgvc.clustering.spherical_kmeans |   Init 2/5: inertia=1.919627
2026-08-19 17:17:23 | DEBUG    | fgvc.clustering.spherical_kmeans |   Init 3/5: inertia=2.093810
2026-08-19 17:17:23 | DEBUG    | fgvc.clustering.spherical_kmeans |   Init 4/5: inertia=2.039454
2026-08-19 17:17:23 | DEBUG    | fgvc.clustering.spherical_kmeans |   Init 5/5: inertia=1.902516
2026-08-19 17:17:23 | DEBUG    | fgvc.clustering.spherical_kmeans |   Init 1/5: inertia=1.796788
2026-08-19 17:17:23 | DEBUG    | fgvc.clustering.spherical_kmeans |   Init 2/5: inertia=1.845360
2026-08-19 17:17:23 | DEBUG    | fgvc.clustering.spherical_kmeans |   Init 3/5: inertia=1.767692
2026-08-19 17:17:23 | DEBUG    | fgvc.clustering.spherical_kmeans |   Init 4/5: inertia=1.762481
2026-08-19 17:17:23 | DEBUG    | fgvc.clustering.spherical_kmeans |   Init 5/5: inertia=1.757647
2026-08-19 17:17:23 | DEBUG    | fgvc.clustering.spherical_kmeans | K selection: best_k=2 | scores={2: {'silhouette': 0.1975, 'compactness': 0.9083, 'score': 0.3712}, 3: {'silhouette': 0.2448, 'compactness': 0.9189, 'score': 0.3314}, 4: {'silhouette': 0.1527, 'compactness': 0.9239, 'score': 0.2202}, 5: {'silhouette': 0.149, 'compactness': 0.9297, 'score': 0.1534}}
2026-08-19 17:17:23 | DEBUG    | fgvc.clustering.spherical_kmeans |   Init 1/10: inertia=2.493242
2026-08-19 17:17:23 | DEBUG    | fgvc.clustering.spherical_kmeans |   Init 2/10: inertia=2.510715
2026-08-19 17:17:23 | DEBUG    | fgvc.clustering.spherical_kmeans |   Init 3/10: inertia=2.291989
2026-08-19 17:17:23 | DEBUG    | fgvc.clustering.spherical_kmeans |   Init 4/10: inertia=2.440281
2026-08-19 17:17:23 | DEBUG    | fgvc.clustering.spherical_kmeans |   Init 5/10: inertia=2.458992
2026-08-19 17:17:23 | DEBUG    | fgvc.clustering.spherical_kmeans |   Init 6/10: inertia=2.552253
2026-08-19 17:17:23 | DEBUG    | fgvc.clustering.spherical_kmeans |   Init 7/10: inertia=2.479340
2026-08-19 17:17:23 | DEBUG    | fgvc.clustering.spherical_kmeans |   Init 8/10: inertia=2.280200
2026-08-19 17:17:23 | DEBUG    | fgvc.clustering.spherical_kmeans |   Init 9/10: inertia=2.510715
2026-08-19 17:17:23 | DEBUG    | fgvc.clustering.spherical_kmeans |   Init 10/10: inertia=2.304463
2026-08-19 17:17:23 | INFO     | fgvc.clustering.spherical_kmeans |   [Brown_Pelican] k_selected=2 | k_effective=2 | min_cluster=9 | max_cluster=16
2026-08-19 17:17:23 | INFO     | fgvc.clustering.spherical_kmeans |   [Brown_Thrasher] 25 images
2026-08-19 17:17:23 | DEBUG    | fgvc.clustering.spherical_kmeans |   Init 1/5: inertia=3.044832
2026-08-19 17:17:23 | DEBUG    | fgvc.clustering.spherical_kmeans |   Init 2/5: inertia=3.022887
2026-08-19 17:17:23 | DEBUG    | fgvc.clustering.spherical_kmeans |   Init 3/5: inertia=3.194850
2026-08-19 17:17:23 | DEBUG    | fgvc.clustering.spherical_kmeans |   Init 4/5: inertia=3.067711
2026-08-19 17:17:23 | DEBUG    | fgvc.clustering.spherical_kmeans |   Init 5/5: inertia=3.035482
2026-08-19 17:17:23 | DEBUG    | fgvc.clustering.spherical_kmeans |   Init 1/5: inertia=2.810612
2026-08-19 17:17:23 | DEBUG    | fgvc.clustering.spherical_kmeans |   Init 2/5: inertia=2.853678
2026-08-19 17:17:23 | DEBUG    | fgvc.clustering.spherical_kmeans |   Init 3/5: inertia=2.833805
2026-08-19 17:17:23 | DEBUG    | fgvc.clustering.spherical_kmeans |   Init 4/5: inertia=2.857753
2026-08-19 17:17:23 | DEBUG    | fgvc.clustering.spherical_kmeans |   Init 5/5: inertia=2.717831
2026-08-19 17:17:23 | DEBUG    | fgvc.clustering.spherical_kmeans |   Init 1/5: inertia=2.560405
2026-08-19 17:17:23 | DEBUG    | fgvc.clustering.spherical_kmeans |   Init 2/5: inertia=2.614887
2026-08-19 17:17:23 | DEBUG    | fgvc.clustering.spherical_kmeans |   Init 3/5: inertia=2.528385
2026-08-19 17:17:23 | DEBUG    | fgvc.clustering.spherical_kmeans |   Init 4/5: inertia=2.549862
2026-08-19 17:17:23 | DEBUG    | fgvc.clustering.spherical_kmeans |   Init 5/5: inertia=2.614943
2026-08-19 17:17:23 | DEBUG    | fgvc.clustering.spherical_kmeans |   Init 1/5: inertia=2.430083
2026-08-19 17:17:23 | DEBUG    | fgvc.clustering.spherical_kmeans |   Init 2/5: inertia=2.371948
2026-08-19 17:17:23 | DEBUG    | fgvc.clustering.spherical_kmeans |   Init 3/5: inertia=2.411300
2026-08-19 17:17:23 | DEBUG    | fgvc.clustering.spherical_kmeans |   Init 4/5: inertia=2.440859
2026-08-19 17:17:23 | DEBUG    | fgvc.clustering.spherical_kmeans |   Init 5/5: inertia=2.304224
2026-08-19 17:17:23 | DEBUG    | fgvc.clustering.spherical_kmeans | K selection: best_k=2 | scores={2: {'silhouette': 0.1677, 'compactness': 0.8791, 'score': 0.3476}, 3: {'silhouette': 0.1063, 'compactness': 0.8913, 'score': 0.2539}, 4: {'silhouette': 0.0699, 'compactness': 0.8989, 'score': 0.1713}, 5: {'silhouette': 0.0979, 'compactness': 0.9078, 'score': 0.1213}}
2026-08-19 17:17:23 | DEBUG    | fgvc.clustering.spherical_kmeans |   Init 1/10: inertia=3.044832
2026-08-19 17:17:23 | DEBUG    | fgvc.clustering.spherical_kmeans |   Init 2/10: inertia=3.022887
2026-08-19 17:17:23 | DEBUG    | fgvc.clustering.spherical_kmeans |   Init 3/10: inertia=3.194850
2026-08-19 17:17:23 | DEBUG    | fgvc.clustering.spherical_kmeans |   Init 4/10: inertia=3.067711
2026-08-19 17:17:23 | DEBUG    | fgvc.clustering.spherical_kmeans |   Init 5/10: inertia=3.035482
2026-08-19 17:17:23 | DEBUG    | fgvc.clustering.spherical_kmeans |   Init 6/10: inertia=2.984234
2026-08-19 17:17:23 | DEBUG    | fgvc.clustering.spherical_kmeans |   Init 7/10: inertia=3.019003
2026-08-19 17:17:23 | DEBUG    | fgvc.clustering.spherical_kmeans |   Init 8/10: inertia=2.990711
2026-08-19 17:17:23 | DEBUG    | fgvc.clustering.spherical_kmeans |   Init 9/10: inertia=2.984234
2026-08-19 17:17:23 | DEBUG    | fgvc.clustering.spherical_kmeans |   Init 10/10: inertia=2.986187
2026-08-19 17:17:23 | INFO     | fgvc.clustering.spherical_kmeans |   [Brown_Thrasher] k_selected=2 | k_effective=2 | min_cluster=6 | max_cluster=19
2026-08-19 17:17:23 | INFO     | fgvc.clustering.spherical_kmeans |   [Cactus_Wren] 25 images
2026-08-19 17:17:23 | DEBUG    | fgvc.clustering.spherical_kmeans |   Init 1/5: inertia=3.140248
2026-08-19 17:17:23 | DEBUG    | fgvc.clustering.spherical_kmeans |   Init 2/5: inertia=3.158556
2026-08-19 17:17:23 | DEBUG    | fgvc.clustering.spherical_kmeans |   Init 3/5: inertia=3.161872
2026-08-19 17:17:23 | DEBUG    | fgvc.clustering.spherical_kmeans |   Init 4/5: inertia=3.135413
2026-08-19 17:17:23 | DEBUG    | fgvc.clustering.spherical_kmeans |   Init 5/5: inertia=3.157603
2026-08-19 17:17:23 | DEBUG    | fgvc.clustering.spherical_kmeans |   Init 1/5: inertia=2.804662
2026-08-19 17:17:23 | DEBUG    | fgvc.clustering.spherical_kmeans |   Init 2/5: inertia=2.908411
2026-08-19 17:17:23 | DEBUG    | fgvc.clustering.spherical_kmeans |   Init 3/5: inertia=2.993605
2026-08-19 17:17:23 | DEBUG    | fgvc.clustering.spherical_kmeans |   Init 4/5: inertia=2.947559
2026-08-19 17:17:23 | DEBUG    | fgvc.clustering.spherical_kmeans |   Init 5/5: inertia=2.916144
2026-08-19 17:17:23 | DEBUG    | fgvc.clustering.spherical_kmeans |   Init 1/5: inertia=2.652133
2026-08-19 17:17:23 | DEBUG    | fgvc.clustering.spherical_kmeans |   Init 2/5: inertia=2.679298
2026-08-19 17:17:23 | DEBUG    | fgvc.clustering.spherical_kmeans |   Init 3/5: inertia=2.707175
2026-08-19 17:17:23 | DEBUG    | fgvc.clustering.spherical_kmeans |   Init 4/5: inertia=2.664672
2026-08-19 17:17:23 | DEBUG    | fgvc.clustering.spherical_kmeans |   Init 5/5: inertia=2.800060
2026-08-19 17:17:23 | DEBUG    | fgvc.clustering.spherical_kmeans |   Init 1/5: inertia=2.510674
2026-08-19 17:17:23 | DEBUG    | fgvc.clustering.spherical_kmeans |   Init 2/5: inertia=2.468755
2026-08-19 17:17:23 | DEBUG    | fgvc.clustering.spherical_kmeans |   Init 3/5: inertia=2.529859
2026-08-19 17:17:23 | DEBUG    | fgvc.clustering.spherical_kmeans |   Init 4/5: inertia=2.542646
2026-08-19 17:17:23 | DEBUG    | fgvc.clustering.spherical_kmeans |   Init 5/5: inertia=2.556912
2026-08-19 17:17:23 | DEBUG    | fgvc.clustering.spherical_kmeans | K selection: best_k=2 | scores={2: {'silhouette': 0.0865, 'compactness': 0.8746, 'score': 0.3056}, 3: {'silhouette': 0.097, 'compactness': 0.8878, 'score': 0.2482}, 4: {'silhouette': 0.0193, 'compactness': 0.8939, 'score': 0.1445}, 5: {'silhouette': 0.0485, 'compactness': 0.9012, 'score': 0.0946}}
2026-08-19 17:17:23 | DEBUG    | fgvc.clustering.spherical_kmeans |   Init 1/10: inertia=3.140248
2026-08-19 17:17:23 | DEBUG    | fgvc.clustering.spherical_kmeans |   Init 2/10: inertia=3.158556
2026-08-19 17:17:23 | DEBUG    | fgvc.clustering.spherical_kmeans |   Init 3/10: inertia=3.161872
2026-08-19 17:17:23 | DEBUG    | fgvc.clustering.spherical_kmeans |   Init 4/10: inertia=3.135413
2026-08-19 17:17:23 | DEBUG    | fgvc.clustering.spherical_kmeans |   Init 5/10: inertia=3.157603
2026-08-19 17:17:23 | DEBUG    | fgvc.clustering.spherical_kmeans |   Init 6/10: inertia=3.188661
2026-08-19 17:17:23 | DEBUG    | fgvc.clustering.spherical_kmeans |   Init 7/10: inertia=3.095487
2026-08-19 17:17:23 | DEBUG    | fgvc.clustering.spherical_kmeans |   Init 8/10: inertia=3.208676
2026-08-19 17:17:23 | DEBUG    | fgvc.clustering.spherical_kmeans |   Init 9/10: inertia=3.149489
2026-08-19 17:17:23 | DEBUG    | fgvc.clustering.spherical_kmeans |   Init 10/10: inertia=3.191379
2026-08-19 17:17:23 | INFO     | fgvc.clustering.spherical_kmeans |   [Cactus_Wren] k_selected=2 | k_effective=2 | min_cluster=5 | max_cluster=20
2026-08-19 17:17:23 | INFO     | fgvc.clustering.spherical_kmeans |   [California_Gull] 25 images
2026-08-19 17:17:23 | DEBUG    | fgvc.clustering.spherical_kmeans |   Init 1/5: inertia=4.013496
2026-08-19 17:17:23 | DEBUG    | fgvc.clustering.spherical_kmeans |   Init 2/5: inertia=4.177503
2026-08-19 17:17:23 | DEBUG    | fgvc.clustering.spherical_kmeans |   Init 3/5: inertia=4.230944
2026-08-19 17:17:23 | DEBUG    | fgvc.clustering.spherical_kmeans |   Init 4/5: inertia=3.918543
2026-08-19 17:17:23 | DEBUG    | fgvc.clustering.spherical_kmeans |   Init 5/5: inertia=3.965782
2026-08-19 17:17:23 | DEBUG    | fgvc.clustering.spherical_kmeans |   Init 1/5: inertia=3.740801
2026-08-19 17:17:23 | DEBUG    | fgvc.clustering.spherical_kmeans |   Init 2/5: inertia=3.474116
2026-08-19 17:17:23 | DEBUG    | fgvc.clustering.spherical_kmeans |   Init 3/5: inertia=3.707237
2026-08-19 17:17:23 | DEBUG    | fgvc.clustering.spherical_kmeans |   Init 4/5: inertia=3.404038
2026-08-19 17:17:23 | DEBUG    | fgvc.clustering.spherical_kmeans |   Init 5/5: inertia=3.654722
2026-08-19 17:17:23 | DEBUG    | fgvc.clustering.spherical_kmeans |   Init 1/5: inertia=3.113031
2026-08-19 17:17:23 | DEBUG    | fgvc.clustering.spherical_kmeans |   Init 2/5: inertia=3.301911
2026-08-19 17:17:23 | DEBUG    | fgvc.clustering.spherical_kmeans |   Init 3/5: inertia=3.196761
2026-08-19 17:17:23 | DEBUG    | fgvc.clustering.spherical_kmeans |   Init 4/5: inertia=3.179878
2026-08-19 17:17:23 | DEBUG    | fgvc.clustering.spherical_kmeans |   Init 5/5: inertia=3.181848
2026-08-19 17:17:23 | DEBUG    | fgvc.clustering.spherical_kmeans |   Init 1/5: inertia=2.856760
2026-08-19 17:17:23 | DEBUG    | fgvc.clustering.spherical_kmeans |   Init 2/5: inertia=3.087343
2026-08-19 17:17:23 | DEBUG    | fgvc.clustering.spherical_kmeans |   Init 3/5: inertia=3.108646
2026-08-19 17:17:23 | DEBUG    | fgvc.clustering.spherical_kmeans |   Init 4/5: inertia=3.167110
2026-08-19 17:17:23 | DEBUG    | fgvc.clustering.spherical_kmeans |   Init 5/5: inertia=3.377158
2026-08-19 17:17:23 | DEBUG    | fgvc.clustering.spherical_kmeans | K selection: best_k=2 | scores={2: {'silhouette': 0.1487, 'compactness': 0.8433, 'score': 0.3273}, 3: {'silhouette': 0.1812, 'compactness': 0.8638, 'score': 0.2831}, 4: {'silhouette': 0.1856, 'compactness': 0.8755, 'score': 0.2221}, 5: {'silhouette': 0.0714, 'compactness': 0.8857, 'score': 0.1014}}
2026-08-19 17:17:23 | DEBUG    | fgvc.clustering.spherical_kmeans |   Init 1/10: inertia=4.013496
2026-08-19 17:17:23 | DEBUG    | fgvc.clustering.spherical_kmeans |   Init 2/10: inertia=4.177503
2026-08-19 17:17:23 | DEBUG    | fgvc.clustering.spherical_kmeans |   Init 3/10: inertia=4.230944
2026-08-19 17:17:23 | DEBUG    | fgvc.clustering.spherical_kmeans |   Init 4/10: inertia=3.918543
2026-08-19 17:17:23 | DEBUG    | fgvc.clustering.spherical_kmeans |   Init 5/10: inertia=3.965782
2026-08-19 17:17:23 | DEBUG    | fgvc.clustering.spherical_kmeans |   Init 6/10: inertia=3.978752
2026-08-19 17:17:23 | DEBUG    | fgvc.clustering.spherical_kmeans |   Init 7/10: inertia=3.967175
2026-08-19 17:17:23 | DEBUG    | fgvc.clustering.spherical_kmeans |   Init 8/10: inertia=3.947130
2026-08-19 17:17:23 | DEBUG    | fgvc.clustering.spherical_kmeans |   Init 9/10: inertia=4.006642
2026-08-19 17:17:23 | DEBUG    | fgvc.clustering.spherical_kmeans |   Init 10/10: inertia=3.933146
2026-08-19 17:17:23 | INFO     | fgvc.clustering.spherical_kmeans |   [California_Gull] k_selected=2 | k_effective=2 | min_cluster=12 | max_cluster=13
2026-08-19 17:17:23 | INFO     | fgvc.clustering.spherical_kmeans |   [Canada_Warbler] 25 images
2026-08-19 17:17:23 | DEBUG    | fgvc.clustering.spherical_kmeans |   Init 1/5: inertia=2.878224
2026-08-19 17:17:23 | DEBUG    | fgvc.clustering.spherical_kmeans |   Init 2/5: inertia=3.005655
2026-08-19 17:17:23 | DEBUG    | fgvc.clustering.spherical_kmeans |   Init 3/5: inertia=2.878548
2026-08-19 17:17:23 | DEBUG    | fgvc.clustering.spherical_kmeans |   Init 4/5: inertia=2.899928
2026-08-19 17:17:23 | DEBUG    | fgvc.clustering.spherical_kmeans |   Init 5/5: inertia=2.818810
2026-08-19 17:17:23 | DEBUG    | fgvc.clustering.spherical_kmeans |   Init 1/5: inertia=2.619976
2026-08-19 17:17:23 | DEBUG    | fgvc.clustering.spherical_kmeans |   Init 2/5: inertia=2.603715
2026-08-19 17:17:23 | DEBUG    | fgvc.clustering.spherical_kmeans |   Init 3/5: inertia=2.572556
2026-08-19 17:17:23 | DEBUG    | fgvc.clustering.spherical_kmeans |   Init 4/5: inertia=2.732810
2026-08-19 17:17:23 | DEBUG    | fgvc.clustering.spherical_kmeans |   Init 5/5: inertia=2.755525
2026-08-19 17:17:23 | DEBUG    | fgvc.clustering.spherical_kmeans |   Init 1/5: inertia=2.455534
2026-08-19 17:17:23 | DEBUG    | fgvc.clustering.spherical_kmeans |   Init 2/5: inertia=2.504010
2026-08-19 17:17:23 | DEBUG    | fgvc.clustering.spherical_kmeans |   Init 3/5: inertia=2.500217
2026-08-19 17:17:23 | DEBUG    | fgvc.clustering.spherical_kmeans |   Init 4/5: inertia=2.446602
2026-08-19 17:17:23 | DEBUG    | fgvc.clustering.spherical_kmeans |   Init 5/5: inertia=2.441086
2026-08-19 17:17:23 | DEBUG    | fgvc.clustering.spherical_kmeans |   Init 1/5: inertia=2.240821
2026-08-19 17:17:23 | DEBUG    | fgvc.clustering.spherical_kmeans |   Init 2/5: inertia=2.304378
2026-08-19 17:17:23 | DEBUG    | fgvc.clustering.spherical_kmeans |   Init 3/5: inertia=2.214836
2026-08-19 17:17:23 | DEBUG    | fgvc.clustering.spherical_kmeans |   Init 4/5: inertia=2.281002
2026-08-19 17:17:23 | DEBUG    | fgvc.clustering.spherical_kmeans |   Init 5/5: inertia=2.323099
2026-08-19 17:17:23 | DEBUG    | fgvc.clustering.spherical_kmeans | K selection: best_k=2 | scores={2: {'silhouette': 0.174, 'compactness': 0.8872, 'score': 0.3532}, 3: {'silhouette': 0.1141, 'compactness': 0.8971, 'score': 0.2595}, 4: {'silhouette': 0.0778, 'compactness': 0.9024, 'score': 0.1763}, 5: {'silhouette': 0.0912, 'compactness': 0.9114, 'score': 0.119}}
2026-08-19 17:17:23 | DEBUG    | fgvc.clustering.spherical_kmeans |   Init 1/10: inertia=2.878224
2026-08-19 17:17:23 | DEBUG    | fgvc.clustering.spherical_kmeans |   Init 2/10: inertia=3.005655
2026-08-19 17:17:23 | DEBUG    | fgvc.clustering.spherical_kmeans |   Init 3/10: inertia=2.878548
2026-08-19 17:17:23 | DEBUG    | fgvc.clustering.spherical_kmeans |   Init 4/10: inertia=2.899928
2026-08-19 17:17:23 | DEBUG    | fgvc.clustering.spherical_kmeans |   Init 5/10: inertia=2.818810
2026-08-19 17:17:23 | DEBUG    | fgvc.clustering.spherical_kmeans |   Init 6/10: inertia=2.866709
2026-08-19 17:17:23 | DEBUG    | fgvc.clustering.spherical_kmeans |   Init 7/10: inertia=2.815221
2026-08-19 17:17:23 | DEBUG    | fgvc.clustering.spherical_kmeans |   Init 8/10: inertia=2.886679
2026-08-19 17:17:23 | DEBUG    | fgvc.clustering.spherical_kmeans |   Init 9/10: inertia=2.869093
2026-08-19 17:17:23 | DEBUG    | fgvc.clustering.spherical_kmeans |   Init 10/10: inertia=2.877068
2026-08-19 17:17:23 | INFO     | fgvc.clustering.spherical_kmeans |   [Canada_Warbler] k_selected=2 | k_effective=2 | min_cluster=7 | max_cluster=18
2026-08-19 17:17:23 | INFO     | fgvc.clustering.spherical_kmeans |   [Cape_Glossy_Starling] 25 images
2026-08-19 17:17:23 | DEBUG    | fgvc.clustering.spherical_kmeans |   Init 1/5: inertia=2.124601
2026-08-19 17:17:23 | DEBUG    | fgvc.clustering.spherical_kmeans |   Init 2/5: inertia=2.194546
2026-08-19 17:17:23 | DEBUG    | fgvc.clustering.spherical_kmeans |   Init 3/5: inertia=2.125256
2026-08-19 17:17:23 | DEBUG    | fgvc.clustering.spherical_kmeans |   Init 4/5: inertia=2.198359
2026-08-19 17:17:23 | DEBUG    | fgvc.clustering.spherical_kmeans |   Init 5/5: inertia=2.216023
2026-08-19 17:17:23 | DEBUG    | fgvc.clustering.spherical_kmeans |   Init 1/5: inertia=1.950674
2026-08-19 17:17:23 | DEBUG    | fgvc.clustering.spherical_kmeans |   Init 2/5: inertia=1.971371
2026-08-19 17:17:23 | DEBUG    | fgvc.clustering.spherical_kmeans |   Init 3/5: inertia=1.944350
2026-08-19 17:17:23 | DEBUG    | fgvc.clustering.spherical_kmeans |   Init 4/5: inertia=2.016644
2026-08-19 17:17:23 | DEBUG    | fgvc.clustering.spherical_kmeans |   Init 5/5: inertia=1.981354
2026-08-19 17:17:23 | DEBUG    | fgvc.clustering.spherical_kmeans |   Init 1/5: inertia=1.819733
2026-08-19 17:17:23 | DEBUG    | fgvc.clustering.spherical_kmeans |   Init 2/5: inertia=1.820248
2026-08-19 17:17:23 | DEBUG    | fgvc.clustering.spherical_kmeans |   Init 3/5: inertia=1.780184
2026-08-19 17:17:23 | DEBUG    | fgvc.clustering.spherical_kmeans |   Init 4/5: inertia=1.810440
2026-08-19 17:17:23 | DEBUG    | fgvc.clustering.spherical_kmeans |   Init 5/5: inertia=1.869042
2026-08-19 17:17:23 | DEBUG    | fgvc.clustering.spherical_kmeans |   Init 1/5: inertia=1.650908
2026-08-19 17:17:23 | DEBUG    | fgvc.clustering.spherical_kmeans |   Init 2/5: inertia=1.708412
2026-08-19 17:17:23 | DEBUG    | fgvc.clustering.spherical_kmeans |   Init 3/5: inertia=1.676545
2026-08-19 17:17:23 | DEBUG    | fgvc.clustering.spherical_kmeans |   Init 4/5: inertia=1.587489
2026-08-19 17:17:23 | DEBUG    | fgvc.clustering.spherical_kmeans |   Init 5/5: inertia=1.641463
2026-08-19 17:17:23 | DEBUG    | fgvc.clustering.spherical_kmeans | K selection: best_k=2 | scores={2: {'silhouette': 0.169, 'compactness': 0.915, 'score': 0.359}, 3: {'silhouette': 0.1253, 'compactness': 0.9222, 'score': 0.2727}, 4: {'silhouette': 0.1064, 'compactness': 0.9288, 'score': 0.1985}, 5: {'silhouette': 0.0917, 'compactness': 0.9365, 'score': 0.1268}}
2026-08-19 17:17:23 | DEBUG    | fgvc.clustering.spherical_kmeans |   Init 1/10: inertia=2.124601
2026-08-19 17:17:23 | DEBUG    | fgvc.clustering.spherical_kmeans |   Init 2/10: inertia=2.194546
2026-08-19 17:17:23 | DEBUG    | fgvc.clustering.spherical_kmeans |   Init 3/10: inertia=2.125256
2026-08-19 17:17:23 | DEBUG    | fgvc.clustering.spherical_kmeans |   Init 4/10: inertia=2.198359
2026-08-19 17:17:23 | DEBUG    | fgvc.clustering.spherical_kmeans |   Init 5/10: inertia=2.216023
2026-08-19 17:17:23 | DEBUG    | fgvc.clustering.spherical_kmeans |   Init 6/10: inertia=2.230049
2026-08-19 17:17:23 | DEBUG    | fgvc.clustering.spherical_kmeans |   Init 7/10: inertia=2.134635
2026-08-19 17:17:23 | DEBUG    | fgvc.clustering.spherical_kmeans |   Init 8/10: inertia=2.140067
2026-08-19 17:17:23 | DEBUG    | fgvc.clustering.spherical_kmeans |   Init 9/10: inertia=2.140067
2026-08-19 17:17:23 | DEBUG    | fgvc.clustering.spherical_kmeans |   Init 10/10: inertia=2.209852
2026-08-19 17:17:23 | INFO     | fgvc.clustering.spherical_kmeans |   [Cape_Glossy_Starling] k_selected=2 | k_effective=2 | min_cluster=6 | max_cluster=19
2026-08-19 17:17:23 | INFO     | fgvc.clustering.spherical_kmeans |   [Cape_May_Warbler] 25 images
2026-08-19 17:17:23 | DEBUG    | fgvc.clustering.spherical_kmeans |   Init 1/5: inertia=3.052830
2026-08-19 17:17:23 | DEBUG    | fgvc.clustering.spherical_kmeans |   Init 2/5: inertia=3.098299
2026-08-19 17:17:23 | DEBUG    | fgvc.clustering.spherical_kmeans |   Init 3/5: inertia=3.027047
2026-08-19 17:17:23 | DEBUG    | fgvc.clustering.spherical_kmeans |   Init 4/5: inertia=2.951005
2026-08-19 17:17:23 | DEBUG    | fgvc.clustering.spherical_kmeans |   Init 5/5: inertia=3.053990
2026-08-19 17:17:23 | DEBUG    | fgvc.clustering.spherical_kmeans |   Init 1/5: inertia=2.917869
2026-08-19 17:17:23 | DEBUG    | fgvc.clustering.spherical_kmeans |   Init 2/5: inertia=2.700823
2026-08-19 17:17:23 | DEBUG    | fgvc.clustering.spherical_kmeans |   Init 3/5: inertia=2.817698
2026-08-19 17:17:23 | DEBUG    | fgvc.clustering.spherical_kmeans |   Init 4/5: inertia=2.802175
2026-08-19 17:17:23 | DEBUG    | fgvc.clustering.spherical_kmeans |   Init 5/5: inertia=2.736485
2026-08-19 17:17:23 | DEBUG    | fgvc.clustering.spherical_kmeans |   Init 1/5: inertia=2.680167
2026-08-19 17:17:23 | DEBUG    | fgvc.clustering.spherical_kmeans |   Init 2/5: inertia=2.613428
2026-08-19 17:17:23 | DEBUG    | fgvc.clustering.spherical_kmeans |   Init 3/5: inertia=2.498605
2026-08-19 17:17:23 | DEBUG    | fgvc.clustering.spherical_kmeans |   Init 4/5: inertia=2.675393
2026-08-19 17:17:23 | DEBUG    | fgvc.clustering.spherical_kmeans |   Init 5/5: inertia=2.725194
2026-08-19 17:17:23 | DEBUG    | fgvc.clustering.spherical_kmeans |   Init 1/5: inertia=2.422233
2026-08-19 17:17:23 | DEBUG    | fgvc.clustering.spherical_kmeans |   Init 2/5: inertia=2.444293
2026-08-19 17:17:23 | DEBUG    | fgvc.clustering.spherical_kmeans |   Init 3/5: inertia=2.400738
2026-08-19 17:17:23 | DEBUG    | fgvc.clustering.spherical_kmeans |   Init 4/5: inertia=2.603498
2026-08-19 17:17:23 | DEBUG    | fgvc.clustering.spherical_kmeans |   Init 5/5: inertia=2.441680
2026-08-19 17:17:23 | DEBUG    | fgvc.clustering.spherical_kmeans | K selection: best_k=2 | scores={2: {'silhouette': 0.2224, 'compactness': 0.882, 'score': 0.3758}, 3: {'silhouette': 0.1138, 'compactness': 0.892, 'score': 0.2578}, 4: {'silhouette': 0.0403, 'compactness': 0.9001, 'score': 0.1568}, 5: {'silhouette': -0.0058, 'compactness': 0.904, 'score': 0.0683}}
2026-08-19 17:17:23 | DEBUG    | fgvc.clustering.spherical_kmeans |   Init 1/10: inertia=3.052830
2026-08-19 17:17:23 | DEBUG    | fgvc.clustering.spherical_kmeans |   Init 2/10: inertia=3.098299
2026-08-19 17:17:23 | DEBUG    | fgvc.clustering.spherical_kmeans |   Init 3/10: inertia=3.027047
2026-08-19 17:17:23 | DEBUG    | fgvc.clustering.spherical_kmeans |   Init 4/10: inertia=2.951005
2026-08-19 17:17:23 | DEBUG    | fgvc.clustering.spherical_kmeans |   Init 5/10: inertia=3.053990
2026-08-19 17:17:23 | DEBUG    | fgvc.clustering.spherical_kmeans |   Init 6/10: inertia=3.027047
2026-08-19 17:17:23 | DEBUG    | fgvc.clustering.spherical_kmeans |   Init 7/10: inertia=2.951293
2026-08-19 17:17:23 | DEBUG    | fgvc.clustering.spherical_kmeans |   Init 8/10: inertia=3.014618
2026-08-19 17:17:23 | DEBUG    | fgvc.clustering.spherical_kmeans |   Init 9/10: inertia=3.020268
2026-08-19 17:17:23 | DEBUG    | fgvc.clustering.spherical_kmeans |   Init 10/10: inertia=3.022712
2026-08-19 17:17:23 | INFO     | fgvc.clustering.spherical_kmeans |   [Cape_May_Warbler] k_selected=2 | k_effective=1 | min_cluster=25 | max_cluster=25
2026-08-19 17:17:23 | INFO     | fgvc.clustering.spherical_kmeans |   [Cardinal] 25 images
2026-08-19 17:17:23 | DEBUG    | fgvc.clustering.spherical_kmeans |   Init 1/5: inertia=2.198225
2026-08-19 17:17:23 | DEBUG    | fgvc.clustering.spherical_kmeans |   Init 2/5: inertia=2.198225
2026-08-19 17:17:23 | DEBUG    | fgvc.clustering.spherical_kmeans |   Init 3/5: inertia=2.424598
2026-08-19 17:17:23 | DEBUG    | fgvc.clustering.spherical_kmeans |   Init 4/5: inertia=2.408766
2026-08-19 17:17:23 | DEBUG    | fgvc.clustering.spherical_kmeans |   Init 5/5: inertia=2.198225
2026-08-19 17:17:23 | DEBUG    | fgvc.clustering.spherical_kmeans |   Init 1/5: inertia=2.048945
2026-08-19 17:17:23 | DEBUG    | fgvc.clustering.spherical_kmeans |   Init 2/5: inertia=2.056595
2026-08-19 17:17:23 | DEBUG    | fgvc.clustering.spherical_kmeans |   Init 3/5: inertia=2.143071
2026-08-19 17:17:23 | DEBUG    | fgvc.clustering.spherical_kmeans |   Init 4/5: inertia=1.918103
2026-08-19 17:17:23 | DEBUG    | fgvc.clustering.spherical_kmeans |   Init 5/5: inertia=2.188147
2026-08-19 17:17:23 | DEBUG    | fgvc.clustering.spherical_kmeans |   Init 1/5: inertia=1.889223
2026-08-19 17:17:23 | DEBUG    | fgvc.clustering.spherical_kmeans |   Init 2/5: inertia=1.795987
2026-08-19 17:17:23 | DEBUG    | fgvc.clustering.spherical_kmeans |   Init 3/5: inertia=1.774534
2026-08-19 17:17:23 | DEBUG    | fgvc.clustering.spherical_kmeans |   Init 4/5: inertia=1.872145
2026-08-19 17:17:23 | DEBUG    | fgvc.clustering.spherical_kmeans |   Init 5/5: inertia=2.063807
2026-08-19 17:17:23 | DEBUG    | fgvc.clustering.spherical_kmeans |   Init 1/5: inertia=1.721656
2026-08-19 17:17:23 | DEBUG    | fgvc.clustering.spherical_kmeans |   Init 2/5: inertia=1.727120
2026-08-19 17:17:23 | DEBUG    | fgvc.clustering.spherical_kmeans |   Init 3/5: inertia=1.626001
2026-08-19 17:17:23 | DEBUG    | fgvc.clustering.spherical_kmeans |   Init 4/5: inertia=1.619391
2026-08-19 17:17:23 | DEBUG    | fgvc.clustering.spherical_kmeans |   Init 5/5: inertia=1.661508
2026-08-19 17:17:23 | DEBUG    | fgvc.clustering.spherical_kmeans | K selection: best_k=2 | scores={2: {'silhouette': 0.3761, 'compactness': 0.9121, 'score': 0.4617}, 3: {'silhouette': 0.3804, 'compactness': 0.9233, 'score': 0.4005}, 4: {'silhouette': 0.3467, 'compactness': 0.929, 'score': 0.3187}, 5: {'silhouette': 0.1021, 'compactness': 0.9352, 'score': 0.1316}}
2026-08-19 17:17:23 | DEBUG    | fgvc.clustering.spherical_kmeans |   Init 1/10: inertia=2.198225
2026-08-19 17:17:23 | DEBUG    | fgvc.clustering.spherical_kmeans |   Init 2/10: inertia=2.198225
2026-08-19 17:17:23 | DEBUG    | fgvc.clustering.spherical_kmeans |   Init 3/10: inertia=2.424598
2026-08-19 17:17:23 | DEBUG    | fgvc.clustering.spherical_kmeans |   Init 4/10: inertia=2.408766
2026-08-19 17:17:23 | DEBUG    | fgvc.clustering.spherical_kmeans |   Init 5/10: inertia=2.198225
2026-08-19 17:17:23 | DEBUG    | fgvc.clustering.spherical_kmeans |   Init 6/10: inertia=2.411314
2026-08-19 17:17:23 | DEBUG    | fgvc.clustering.spherical_kmeans |   Init 7/10: inertia=2.198225
2026-08-19 17:17:23 | DEBUG    | fgvc.clustering.spherical_kmeans |   Init 8/10: inertia=2.198225
2026-08-19 17:17:23 | DEBUG    | fgvc.clustering.spherical_kmeans |   Init 9/10: inertia=2.284255
2026-08-19 17:17:23 | DEBUG    | fgvc.clustering.spherical_kmeans |   Init 10/10: inertia=2.198225
2026-08-19 17:17:23 | INFO     | fgvc.clustering.spherical_kmeans |   [Cardinal] k_selected=2 | k_effective=1 | min_cluster=25 | max_cluster=25
2026-08-19 17:17:23 | INFO     | fgvc.clustering.spherical_kmeans |   [Carolina_Wren] 25 images
2026-08-19 17:17:23 | DEBUG    | fgvc.clustering.spherical_kmeans |   Init 1/5: inertia=2.670620
2026-08-19 17:17:23 | DEBUG    | fgvc.clustering.spherical_kmeans |   Init 2/5: inertia=2.694474
2026-08-19 17:17:23 | DEBUG    | fgvc.clustering.spherical_kmeans |   Init 3/5: inertia=2.722219
2026-08-19 17:17:23 | DEBUG    | fgvc.clustering.spherical_kmeans |   Init 4/5: inertia=2.670380
2026-08-19 17:17:23 | DEBUG    | fgvc.clustering.spherical_kmeans |   Init 5/5: inertia=2.646117
2026-08-19 17:17:23 | DEBUG    | fgvc.clustering.spherical_kmeans |   Init 1/5: inertia=2.539981
2026-08-19 17:17:23 | DEBUG    | fgvc.clustering.spherical_kmeans |   Init 2/5: inertia=2.504135
2026-08-19 17:17:23 | DEBUG    | fgvc.clustering.spherical_kmeans |   Init 3/5: inertia=2.510319
2026-08-19 17:17:23 | DEBUG    | fgvc.clustering.spherical_kmeans |   Init 4/5: inertia=2.518256
2026-08-19 17:17:23 | DEBUG    | fgvc.clustering.spherical_kmeans |   Init 5/5: inertia=2.571470
2026-08-19 17:17:23 | DEBUG    | fgvc.clustering.spherical_kmeans |   Init 1/5: inertia=2.366890
2026-08-19 17:17:23 | DEBUG    | fgvc.clustering.spherical_kmeans |   Init 2/5: inertia=2.323426
2026-08-19 17:17:23 | DEBUG    | fgvc.clustering.spherical_kmeans |   Init 3/5: inertia=2.399419
2026-08-19 17:17:23 | DEBUG    | fgvc.clustering.spherical_kmeans |   Init 4/5: inertia=2.321721
2026-08-19 17:17:23 | DEBUG    | fgvc.clustering.spherical_kmeans |   Init 5/5: inertia=2.402401
2026-08-19 17:17:23 | DEBUG    | fgvc.clustering.spherical_kmeans |   Init 1/5: inertia=2.230363
2026-08-19 17:17:23 | DEBUG    | fgvc.clustering.spherical_kmeans |   Init 2/5: inertia=2.116514
2026-08-19 17:17:23 | DEBUG    | fgvc.clustering.spherical_kmeans |   Init 3/5: inertia=2.149230
2026-08-19 17:17:23 | DEBUG    | fgvc.clustering.spherical_kmeans |   Init 4/5: inertia=2.110476
2026-08-19 17:17:23 | DEBUG    | fgvc.clustering.spherical_kmeans |   Init 5/5: inertia=2.141627
2026-08-19 17:17:23 | DEBUG    | fgvc.clustering.spherical_kmeans | K selection: best_k=2 | scores={2: {'silhouette': 0.1003, 'compactness': 0.8942, 'score': 0.3184}, 3: {'silhouette': 0.0604, 'compactness': 0.8998, 'score': 0.2335}, 4: {'silhouette': 0.0439, 'compactness': 0.9071, 'score': 0.1608}, 5: {'silhouette': 0.051, 'compactness': 0.9156, 'score': 0.1002}}
2026-08-19 17:17:23 | DEBUG    | fgvc.clustering.spherical_kmeans |   Init 1/10: inertia=2.670620
2026-08-19 17:17:23 | DEBUG    | fgvc.clustering.spherical_kmeans |   Init 2/10: inertia=2.694474
2026-08-19 17:17:23 | DEBUG    | fgvc.clustering.spherical_kmeans |   Init 3/10: inertia=2.722219
2026-08-19 17:17:23 | DEBUG    | fgvc.clustering.spherical_kmeans |   Init 4/10: inertia=2.670380
2026-08-19 17:17:23 | DEBUG    | fgvc.clustering.spherical_kmeans |   Init 5/10: inertia=2.646117
2026-08-19 17:17:23 | DEBUG    | fgvc.clustering.spherical_kmeans |   Init 6/10: inertia=2.674508
2026-08-19 17:17:23 | DEBUG    | fgvc.clustering.spherical_kmeans |   Init 7/10: inertia=2.717022
2026-08-19 17:17:23 | DEBUG    | fgvc.clustering.spherical_kmeans |   Init 8/10: inertia=2.636146
2026-08-19 17:17:23 | DEBUG    | fgvc.clustering.spherical_kmeans |   Init 9/10: inertia=2.726902
2026-08-19 17:17:23 | DEBUG    | fgvc.clustering.spherical_kmeans |   Init 10/10: inertia=2.696280
2026-08-19 17:17:23 | INFO     | fgvc.clustering.spherical_kmeans |   [Carolina_Wren] k_selected=2 | k_effective=2 | min_cluster=11 | max_cluster=14
2026-08-19 17:17:23 | INFO     | fgvc.clustering.spherical_kmeans |   [Caspian_Tern] 25 images
2026-08-19 17:17:23 | DEBUG    | fgvc.clustering.spherical_kmeans |   Init 1/5: inertia=3.393994
2026-08-19 17:17:23 | DEBUG    | fgvc.clustering.spherical_kmeans |   Init 2/5: inertia=3.433352
2026-08-19 17:17:23 | DEBUG    | fgvc.clustering.spherical_kmeans |   Init 3/5: inertia=3.331778
2026-08-19 17:17:23 | DEBUG    | fgvc.clustering.spherical_kmeans |   Init 4/5: inertia=3.421676
2026-08-19 17:17:23 | DEBUG    | fgvc.clustering.spherical_kmeans |   Init 5/5: inertia=3.432184
2026-08-19 17:17:23 | DEBUG    | fgvc.clustering.spherical_kmeans |   Init 1/5: inertia=3.224536
2026-08-19 17:17:23 | DEBUG    | fgvc.clustering.spherical_kmeans |   Init 2/5: inertia=3.068306
2026-08-19 17:17:23 | DEBUG    | fgvc.clustering.spherical_kmeans |   Init 3/5: inertia=3.021765
2026-08-19 17:17:23 | DEBUG    | fgvc.clustering.spherical_kmeans |   Init 4/5: inertia=2.790405
2026-08-19 17:17:23 | DEBUG    | fgvc.clustering.spherical_kmeans |   Init 5/5: inertia=3.300893
2026-08-19 17:17:23 | DEBUG    | fgvc.clustering.spherical_kmeans |   Init 1/5: inertia=2.510191
2026-08-19 17:17:23 | DEBUG    | fgvc.clustering.spherical_kmeans |   Init 2/5: inertia=2.911179
2026-08-19 17:17:23 | DEBUG    | fgvc.clustering.spherical_kmeans |   Init 3/5: inertia=2.944643
2026-08-19 17:17:23 | DEBUG    | fgvc.clustering.spherical_kmeans |   Init 4/5: inertia=2.831724
2026-08-19 17:17:23 | DEBUG    | fgvc.clustering.spherical_kmeans |   Init 5/5: inertia=2.654888
2026-08-19 17:17:23 | DEBUG    | fgvc.clustering.spherical_kmeans |   Init 1/5: inertia=2.556221
2026-08-19 17:17:23 | DEBUG    | fgvc.clustering.spherical_kmeans |   Init 2/5: inertia=2.614751
2026-08-19 17:17:23 | DEBUG    | fgvc.clustering.spherical_kmeans |   Init 3/5: inertia=2.822227
2026-08-19 17:17:23 | DEBUG    | fgvc.clustering.spherical_kmeans |   Init 4/5: inertia=2.380956
2026-08-19 17:17:23 | DEBUG    | fgvc.clustering.spherical_kmeans |   Init 5/5: inertia=2.387879
2026-08-19 17:17:23 | DEBUG    | fgvc.clustering.spherical_kmeans | K selection: best_k=2 | scores={2: {'silhouette': 0.1669, 'compactness': 0.8667, 'score': 0.3435}, 3: {'silhouette': 0.1121, 'compactness': 0.8884, 'score': 0.2559}, 4: {'silhouette': 0.0905, 'compactness': 0.8996, 'score': 0.1818}, 5: {'silhouette': 0.0844, 'compactness': 0.9048, 'score': 0.1136}}
2026-08-19 17:17:23 | DEBUG    | fgvc.clustering.spherical_kmeans |   Init 1/10: inertia=3.393994
2026-08-19 17:17:23 | DEBUG    | fgvc.clustering.spherical_kmeans |   Init 2/10: inertia=3.433352
2026-08-19 17:17:23 | DEBUG    | fgvc.clustering.spherical_kmeans |   Init 3/10: inertia=3.331778
2026-08-19 17:17:23 | DEBUG    | fgvc.clustering.spherical_kmeans |   Init 4/10: inertia=3.421676
2026-08-19 17:17:23 | DEBUG    | fgvc.clustering.spherical_kmeans |   Init 5/10: inertia=3.432184
2026-08-19 17:17:23 | DEBUG    | fgvc.clustering.spherical_kmeans |   Init 6/10: inertia=3.580862
2026-08-19 17:17:23 | DEBUG    | fgvc.clustering.spherical_kmeans |   Init 7/10: inertia=3.491016
2026-08-19 17:17:23 | DEBUG    | fgvc.clustering.spherical_kmeans |   Init 8/10: inertia=3.534453
2026-08-19 17:17:23 | DEBUG    | fgvc.clustering.spherical_kmeans |   Init 9/10: inertia=3.369712
2026-08-19 17:17:23 | DEBUG    | fgvc.clustering.spherical_kmeans |   Init 10/10: inertia=3.523803
2026-08-19 17:17:23 | INFO     | fgvc.clustering.spherical_kmeans |   [Caspian_Tern] k_selected=2 | k_effective=2 | min_cluster=9 | max_cluster=16
2026-08-19 17:17:23 | INFO     | fgvc.clustering.spherical_kmeans |   [Cedar_Waxwing] 25 images
2026-08-19 17:17:23 | DEBUG    | fgvc.clustering.spherical_kmeans |   Init 1/5: inertia=2.456085
2026-08-19 17:17:23 | DEBUG    | fgvc.clustering.spherical_kmeans |   Init 2/5: inertia=2.500985
2026-08-19 17:17:23 | DEBUG    | fgvc.clustering.spherical_kmeans |   Init 3/5: inertia=2.444467
2026-08-19 17:17:23 | DEBUG    | fgvc.clustering.spherical_kmeans |   Init 4/5: inertia=2.508315
2026-08-19 17:17:23 | DEBUG    | fgvc.clustering.spherical_kmeans |   Init 5/5: inertia=2.454065
2026-08-19 17:17:23 | DEBUG    | fgvc.clustering.spherical_kmeans |   Init 1/5: inertia=2.324165
2026-08-19 17:17:23 | DEBUG    | fgvc.clustering.spherical_kmeans |   Init 2/5: inertia=2.291002
2026-08-19 17:17:23 | DEBUG    | fgvc.clustering.spherical_kmeans |   Init 3/5: inertia=2.296463
2026-08-19 17:17:23 | DEBUG    | fgvc.clustering.spherical_kmeans |   Init 4/5: inertia=2.251608
2026-08-19 17:17:23 | DEBUG    | fgvc.clustering.spherical_kmeans |   Init 5/5: inertia=2.283832
2026-08-19 17:17:23 | DEBUG    | fgvc.clustering.spherical_kmeans |   Init 1/5: inertia=2.067555
2026-08-19 17:17:23 | DEBUG    | fgvc.clustering.spherical_kmeans |   Init 2/5: inertia=2.100048
2026-08-19 17:17:23 | DEBUG    | fgvc.clustering.spherical_kmeans |   Init 3/5: inertia=2.105060
2026-08-19 17:17:23 | DEBUG    | fgvc.clustering.spherical_kmeans |   Init 4/5: inertia=2.166724
2026-08-19 17:17:23 | DEBUG    | fgvc.clustering.spherical_kmeans |   Init 5/5: inertia=2.210495
2026-08-19 17:17:23 | DEBUG    | fgvc.clustering.spherical_kmeans |   Init 1/5: inertia=1.896856
2026-08-19 17:17:23 | DEBUG    | fgvc.clustering.spherical_kmeans |   Init 2/5: inertia=1.917794
2026-08-19 17:17:23 | DEBUG    | fgvc.clustering.spherical_kmeans |   Init 3/5: inertia=2.030118
2026-08-19 17:17:23 | DEBUG    | fgvc.clustering.spherical_kmeans |   Init 4/5: inertia=1.948974
2026-08-19 17:17:23 | DEBUG    | fgvc.clustering.spherical_kmeans |   Init 5/5: inertia=1.903303
2026-08-19 17:17:23 | DEBUG    | fgvc.clustering.spherical_kmeans | K selection: best_k=2 | scores={2: {'silhouette': 0.0883, 'compactness': 0.9022, 'score': 0.3148}, 3: {'silhouette': 0.0895, 'compactness': 0.9099, 'score': 0.2511}, 4: {'silhouette': 0.0658, 'compactness': 0.9173, 'score': 0.1748}, 5: {'silhouette': 0.0675, 'compactness': 0.9241, 'score': 0.111}}
2026-08-19 17:17:23 | DEBUG    | fgvc.clustering.spherical_kmeans |   Init 1/10: inertia=2.456085
2026-08-19 17:17:23 | DEBUG    | fgvc.clustering.spherical_kmeans |   Init 2/10: inertia=2.500985
2026-08-19 17:17:23 | DEBUG    | fgvc.clustering.spherical_kmeans |   Init 3/10: inertia=2.444467
2026-08-19 17:17:23 | DEBUG    | fgvc.clustering.spherical_kmeans |   Init 4/10: inertia=2.508315
2026-08-19 17:17:23 | DEBUG    | fgvc.clustering.spherical_kmeans |   Init 5/10: inertia=2.454065
2026-08-19 17:17:23 | DEBUG    | fgvc.clustering.spherical_kmeans |   Init 6/10: inertia=2.447791
2026-08-19 17:17:23 | DEBUG    | fgvc.clustering.spherical_kmeans |   Init 7/10: inertia=2.542872
2026-08-19 17:17:23 | DEBUG    | fgvc.clustering.spherical_kmeans |   Init 8/10: inertia=2.424672
2026-08-19 17:17:23 | DEBUG    | fgvc.clustering.spherical_kmeans |   Init 9/10: inertia=2.432353
2026-08-19 17:17:23 | DEBUG    | fgvc.clustering.spherical_kmeans |   Init 10/10: inertia=2.548996
2026-08-19 17:17:23 | INFO     | fgvc.clustering.spherical_kmeans |   [Cedar_Waxwing] k_selected=2 | k_effective=2 | min_cluster=8 | max_cluster=17
2026-08-19 17:17:23 | INFO     | fgvc.clustering.spherical_kmeans |   [Cerulean_Warbler] 25 images
2026-08-19 17:17:23 | DEBUG    | fgvc.clustering.spherical_kmeans |   Init 1/5: inertia=2.754671
2026-08-19 17:17:23 | DEBUG    | fgvc.clustering.spherical_kmeans |   Init 2/5: inertia=2.731787
2026-08-19 17:17:23 | DEBUG    | fgvc.clustering.spherical_kmeans |   Init 3/5: inertia=2.663373
2026-08-19 17:17:23 | DEBUG    | fgvc.clustering.spherical_kmeans |   Init 4/5: inertia=2.694336
2026-08-19 17:17:23 | DEBUG    | fgvc.clustering.spherical_kmeans |   Init 5/5: inertia=2.654105
2026-08-19 17:17:23 | DEBUG    | fgvc.clustering.spherical_kmeans |   Init 1/5: inertia=2.429815
2026-08-19 17:17:23 | DEBUG    | fgvc.clustering.spherical_kmeans |   Init 2/5: inertia=2.494215
2026-08-19 17:17:23 | DEBUG    | fgvc.clustering.spherical_kmeans |   Init 3/5: inertia=2.491000
2026-08-19 17:17:23 | DEBUG    | fgvc.clustering.spherical_kmeans |   Init 4/5: inertia=2.563108
2026-08-19 17:17:23 | DEBUG    | fgvc.clustering.spherical_kmeans |   Init 5/5: inertia=2.421543
2026-08-19 17:17:23 | DEBUG    | fgvc.clustering.spherical_kmeans |   Init 1/5: inertia=2.359279
2026-08-19 17:17:23 | DEBUG    | fgvc.clustering.spherical_kmeans |   Init 2/5: inertia=2.273875
2026-08-19 17:17:23 | DEBUG    | fgvc.clustering.spherical_kmeans |   Init 3/5: inertia=2.322065
2026-08-19 17:17:23 | DEBUG    | fgvc.clustering.spherical_kmeans |   Init 4/5: inertia=2.205502
2026-08-19 17:17:23 | DEBUG    | fgvc.clustering.spherical_kmeans |   Init 5/5: inertia=2.256467
2026-08-19 17:17:23 | DEBUG    | fgvc.clustering.spherical_kmeans |   Init 1/5: inertia=2.207497
2026-08-19 17:17:23 | DEBUG    | fgvc.clustering.spherical_kmeans |   Init 2/5: inertia=2.093313
2026-08-19 17:17:23 | DEBUG    | fgvc.clustering.spherical_kmeans |   Init 3/5: inertia=2.022902
2026-08-19 17:17:23 | DEBUG    | fgvc.clustering.spherical_kmeans |   Init 4/5: inertia=2.181908
2026-08-19 17:17:23 | DEBUG    | fgvc.clustering.spherical_kmeans |   Init 5/5: inertia=2.240427
2026-08-19 17:17:23 | DEBUG    | fgvc.clustering.spherical_kmeans | K selection: best_k=2 | scores={2: {'silhouette': 0.3998, 'compactness': 0.8938, 'score': 0.468}, 3: {'silhouette': 0.0859, 'compactness': 0.9031, 'score': 0.2472}, 4: {'silhouette': 0.2207, 'compactness': 0.9118, 'score': 0.2506}, 5: {'silhouette': 0.066, 'compactness': 0.9191, 'score': 0.1087}}
2026-08-19 17:17:23 | DEBUG    | fgvc.clustering.spherical_kmeans |   Init 1/10: inertia=2.754671
2026-08-19 17:17:23 | DEBUG    | fgvc.clustering.spherical_kmeans |   Init 2/10: inertia=2.731787
2026-08-19 17:17:23 | DEBUG    | fgvc.clustering.spherical_kmeans |   Init 3/10: inertia=2.663373
2026-08-19 17:17:23 | DEBUG    | fgvc.clustering.spherical_kmeans |   Init 4/10: inertia=2.694336
2026-08-19 17:17:23 | DEBUG    | fgvc.clustering.spherical_kmeans |   Init 5/10: inertia=2.654105
2026-08-19 17:17:23 | DEBUG    | fgvc.clustering.spherical_kmeans |   Init 6/10: inertia=2.619228
2026-08-19 17:17:23 | DEBUG    | fgvc.clustering.spherical_kmeans |   Init 7/10: inertia=2.654105
2026-08-19 17:17:23 | DEBUG    | fgvc.clustering.spherical_kmeans |   Init 8/10: inertia=2.594824
2026-08-19 17:17:23 | DEBUG    | fgvc.clustering.spherical_kmeans |   Init 9/10: inertia=2.654105
2026-08-19 17:17:23 | DEBUG    | fgvc.clustering.spherical_kmeans |   Init 10/10: inertia=2.724337
2026-08-19 17:17:23 | INFO     | fgvc.clustering.spherical_kmeans |   [Cerulean_Warbler] k_selected=2 | k_effective=1 | min_cluster=25 | max_cluster=25
2026-08-19 17:17:23 | INFO     | fgvc.clustering.spherical_kmeans |   [Chestnut_sided_Warbler] 25 images
2026-08-19 17:17:23 | DEBUG    | fgvc.clustering.spherical_kmeans |   Init 1/5: inertia=2.990328
2026-08-19 17:17:23 | DEBUG    | fgvc.clustering.spherical_kmeans |   Init 2/5: inertia=2.990328
2026-08-19 17:17:23 | DEBUG    | fgvc.clustering.spherical_kmeans |   Init 3/5: inertia=2.990328
2026-08-19 17:17:23 | DEBUG    | fgvc.clustering.spherical_kmeans |   Init 4/5: inertia=2.990328
2026-08-19 17:17:23 | DEBUG    | fgvc.clustering.spherical_kmeans |   Init 5/5: inertia=2.990328
2026-08-19 17:17:23 | DEBUG    | fgvc.clustering.spherical_kmeans |   Init 1/5: inertia=2.793767
2026-08-19 17:17:23 | DEBUG    | fgvc.clustering.spherical_kmeans |   Init 2/5: inertia=2.826656
2026-08-19 17:17:23 | DEBUG    | fgvc.clustering.spherical_kmeans |   Init 3/5: inertia=2.789857
2026-08-19 17:17:23 | DEBUG    | fgvc.clustering.spherical_kmeans |   Init 4/5: inertia=2.793767
2026-08-19 17:17:23 | DEBUG    | fgvc.clustering.spherical_kmeans |   Init 5/5: inertia=2.783900
2026-08-19 17:17:23 | DEBUG    | fgvc.clustering.spherical_kmeans |   Init 1/5: inertia=2.577230
2026-08-19 17:17:23 | DEBUG    | fgvc.clustering.spherical_kmeans |   Init 2/5: inertia=2.673316
2026-08-19 17:17:23 | DEBUG    | fgvc.clustering.spherical_kmeans |   Init 3/5: inertia=2.593754
2026-08-19 17:17:23 | DEBUG    | fgvc.clustering.spherical_kmeans |   Init 4/5: inertia=2.624933
2026-08-19 17:17:23 | DEBUG    | fgvc.clustering.spherical_kmeans |   Init 5/5: inertia=2.625191
2026-08-19 17:17:23 | DEBUG    | fgvc.clustering.spherical_kmeans |   Init 1/5: inertia=2.406148
2026-08-19 17:17:23 | DEBUG    | fgvc.clustering.spherical_kmeans |   Init 2/5: inertia=2.336796
2026-08-19 17:17:23 | DEBUG    | fgvc.clustering.spherical_kmeans |   Init 3/5: inertia=2.451983
2026-08-19 17:17:23 | DEBUG    | fgvc.clustering.spherical_kmeans |   Init 4/5: inertia=2.438772
2026-08-19 17:17:23 | DEBUG    | fgvc.clustering.spherical_kmeans |   Init 5/5: inertia=2.310309
2026-08-19 17:17:23 | DEBUG    | fgvc.clustering.spherical_kmeans | K selection: best_k=2 | scores={2: {'silhouette': 0.3768, 'compactness': 0.8804, 'score': 0.4525}, 3: {'silhouette': 0.1095, 'compactness': 0.8886, 'score': 0.2547}, 4: {'silhouette': 0.1358, 'compactness': 0.8969, 'score': 0.2036}, 5: {'silhouette': 0.1042, 'compactness': 0.9076, 'score': 0.1244}}
2026-08-19 17:17:23 | DEBUG    | fgvc.clustering.spherical_kmeans |   Init 1/10: inertia=2.990328
2026-08-19 17:17:23 | DEBUG    | fgvc.clustering.spherical_kmeans |   Init 2/10: inertia=2.990328
2026-08-19 17:17:23 | DEBUG    | fgvc.clustering.spherical_kmeans |   Init 3/10: inertia=2.990328
2026-08-19 17:17:23 | DEBUG    | fgvc.clustering.spherical_kmeans |   Init 4/10: inertia=2.990328
2026-08-19 17:17:23 | DEBUG    | fgvc.clustering.spherical_kmeans |   Init 5/10: inertia=2.990328
2026-08-19 17:17:23 | DEBUG    | fgvc.clustering.spherical_kmeans |   Init 6/10: inertia=2.990328
2026-08-19 17:17:23 | DEBUG    | fgvc.clustering.spherical_kmeans |   Init 7/10: inertia=2.990328
2026-08-19 17:17:23 | DEBUG    | fgvc.clustering.spherical_kmeans |   Init 8/10: inertia=2.990328
2026-08-19 17:17:23 | DEBUG    | fgvc.clustering.spherical_kmeans |   Init 9/10: inertia=2.990328
2026-08-19 17:17:23 | DEBUG    | fgvc.clustering.spherical_kmeans |   Init 10/10: inertia=3.720001
2026-08-19 17:17:23 | INFO     | fgvc.clustering.spherical_kmeans |   [Chestnut_sided_Warbler] k_selected=2 | k_effective=2 | min_cluster=7 | max_cluster=18
2026-08-19 17:17:23 | INFO     | fgvc.clustering.spherical_kmeans |   [Chipping_Sparrow] 25 images
2026-08-19 17:17:23 | DEBUG    | fgvc.clustering.spherical_kmeans |   Init 1/5: inertia=4.109942
2026-08-19 17:17:23 | DEBUG    | fgvc.clustering.spherical_kmeans |   Init 2/5: inertia=3.904370
2026-08-19 17:17:23 | DEBUG    | fgvc.clustering.spherical_kmeans |   Init 3/5: inertia=3.978855
2026-08-19 17:17:23 | DEBUG    | fgvc.clustering.spherical_kmeans |   Init 4/5: inertia=3.961483
2026-08-19 17:17:23 | DEBUG    | fgvc.clustering.spherical_kmeans |   Init 5/5: inertia=3.969706
2026-08-19 17:17:23 | DEBUG    | fgvc.clustering.spherical_kmeans |   Init 1/5: inertia=3.656753
2026-08-19 17:17:23 | DEBUG    | fgvc.clustering.spherical_kmeans |   Init 2/5: inertia=3.497785
2026-08-19 17:17:23 | DEBUG    | fgvc.clustering.spherical_kmeans |   Init 3/5: inertia=3.493720
2026-08-19 17:17:23 | DEBUG    | fgvc.clustering.spherical_kmeans |   Init 4/5: inertia=3.516629
2026-08-19 17:17:23 | DEBUG    | fgvc.clustering.spherical_kmeans |   Init 5/5: inertia=3.577235
2026-08-19 17:17:23 | DEBUG    | fgvc.clustering.spherical_kmeans |   Init 1/5: inertia=3.279660
2026-08-19 17:17:23 | DEBUG    | fgvc.clustering.spherical_kmeans |   Init 2/5: inertia=3.237768
2026-08-19 17:17:23 | DEBUG    | fgvc.clustering.spherical_kmeans |   Init 3/5: inertia=3.456263
2026-08-19 17:17:23 | DEBUG    | fgvc.clustering.spherical_kmeans |   Init 4/5: inertia=3.216592
2026-08-19 17:17:23 | DEBUG    | fgvc.clustering.spherical_kmeans |   Init 5/5: inertia=3.390953
2026-08-19 17:17:23 | DEBUG    | fgvc.clustering.spherical_kmeans |   Init 1/5: inertia=3.020133
2026-08-19 17:17:23 | DEBUG    | fgvc.clustering.spherical_kmeans |   Init 2/5: inertia=3.093225
2026-08-19 17:17:23 | DEBUG    | fgvc.clustering.spherical_kmeans |   Init 3/5: inertia=3.002124
2026-08-19 17:17:23 | DEBUG    | fgvc.clustering.spherical_kmeans |   Init 4/5: inertia=3.180187
2026-08-19 17:17:23 | DEBUG    | fgvc.clustering.spherical_kmeans |   Init 5/5: inertia=3.031876
2026-08-19 17:17:23 | DEBUG    | fgvc.clustering.spherical_kmeans | K selection: best_k=2 | scores={2: {'silhouette': 0.1757, 'compactness': 0.8438, 'score': 0.341}, 3: {'silhouette': 0.1827, 'compactness': 0.8603, 'score': 0.2828}, 4: {'silhouette': 0.0878, 'compactness': 0.8713, 'score': 0.172}, 5: {'silhouette': 0.0326, 'compactness': 0.8799, 'score': 0.0803}}
2026-08-19 17:17:23 | DEBUG    | fgvc.clustering.spherical_kmeans |   Init 1/10: inertia=4.109942
2026-08-19 17:17:23 | DEBUG    | fgvc.clustering.spherical_kmeans |   Init 2/10: inertia=3.904370
2026-08-19 17:17:23 | DEBUG    | fgvc.clustering.spherical_kmeans |   Init 3/10: inertia=3.978855
2026-08-19 17:17:23 | DEBUG    | fgvc.clustering.spherical_kmeans |   Init 4/10: inertia=3.961483
2026-08-19 17:17:23 | DEBUG    | fgvc.clustering.spherical_kmeans |   Init 5/10: inertia=3.969706
2026-08-19 17:17:23 | DEBUG    | fgvc.clustering.spherical_kmeans |   Init 6/10: inertia=3.920578
2026-08-19 17:17:23 | DEBUG    | fgvc.clustering.spherical_kmeans |   Init 7/10: inertia=4.124477
2026-08-19 17:17:23 | DEBUG    | fgvc.clustering.spherical_kmeans |   Init 8/10: inertia=3.938054
2026-08-19 17:17:23 | DEBUG    | fgvc.clustering.spherical_kmeans |   Init 9/10: inertia=3.929594
2026-08-19 17:17:23 | DEBUG    | fgvc.clustering.spherical_kmeans |   Init 10/10: inertia=3.920578
2026-08-19 17:17:23 | INFO     | fgvc.clustering.spherical_kmeans |   [Chipping_Sparrow] k_selected=2 | k_effective=2 | min_cluster=10 | max_cluster=15
2026-08-19 17:17:23 | INFO     | fgvc.clustering.spherical_kmeans |   [Chuck_will_Widow] 25 images
2026-08-19 17:17:23 | DEBUG    | fgvc.clustering.spherical_kmeans |   Init 1/5: inertia=3.619349
2026-08-19 17:17:23 | DEBUG    | fgvc.clustering.spherical_kmeans |   Init 2/5: inertia=3.528261
2026-08-19 17:17:23 | DEBUG    | fgvc.clustering.spherical_kmeans |   Init 3/5: inertia=3.420295
2026-08-19 17:17:23 | DEBUG    | fgvc.clustering.spherical_kmeans |   Init 4/5: inertia=3.672826
2026-08-19 17:17:23 | DEBUG    | fgvc.clustering.spherical_kmeans |   Init 5/5: inertia=3.601322
2026-08-19 17:17:23 | DEBUG    | fgvc.clustering.spherical_kmeans |   Init 1/5: inertia=3.192880
2026-08-19 17:17:23 | DEBUG    | fgvc.clustering.spherical_kmeans |   Init 2/5: inertia=3.245050
2026-08-19 17:17:23 | DEBUG    | fgvc.clustering.spherical_kmeans |   Init 3/5: inertia=3.353507
2026-08-19 17:17:23 | DEBUG    | fgvc.clustering.spherical_kmeans |   Init 4/5: inertia=3.444522
2026-08-19 17:17:23 | DEBUG    | fgvc.clustering.spherical_kmeans |   Init 5/5: inertia=3.265965
2026-08-19 17:17:23 | DEBUG    | fgvc.clustering.spherical_kmeans |   Init 1/5: inertia=3.015893
2026-08-19 17:17:23 | DEBUG    | fgvc.clustering.spherical_kmeans |   Init 2/5: inertia=2.976125
2026-08-19 17:17:23 | DEBUG    | fgvc.clustering.spherical_kmeans |   Init 3/5: inertia=3.189408
2026-08-19 17:17:23 | DEBUG    | fgvc.clustering.spherical_kmeans |   Init 4/5: inertia=2.969601
2026-08-19 17:17:23 | DEBUG    | fgvc.clustering.spherical_kmeans |   Init 5/5: inertia=2.997323
2026-08-19 17:17:23 | DEBUG    | fgvc.clustering.spherical_kmeans |   Init 1/5: inertia=2.824484
2026-08-19 17:17:23 | DEBUG    | fgvc.clustering.spherical_kmeans |   Init 2/5: inertia=2.852834
2026-08-19 17:17:23 | DEBUG    | fgvc.clustering.spherical_kmeans |   Init 3/5: inertia=2.822411
2026-08-19 17:17:23 | DEBUG    | fgvc.clustering.spherical_kmeans |   Init 4/5: inertia=2.857142
2026-08-19 17:17:23 | DEBUG    | fgvc.clustering.spherical_kmeans |   Init 5/5: inertia=2.845655
2026-08-19 17:17:23 | DEBUG    | fgvc.clustering.spherical_kmeans | K selection: best_k=2 | scores={2: {'silhouette': 0.1885, 'compactness': 0.8632, 'score': 0.3532}, 3: {'silhouette': 0.0957, 'compactness': 0.8723, 'score': 0.2429}, 4: {'silhouette': 0.0662, 'compactness': 0.8812, 'score': 0.1641}, 5: {'silhouette': 0.0571, 'compactness': 0.8871, 'score': 0.0947}}
2026-08-19 17:17:23 | DEBUG    | fgvc.clustering.spherical_kmeans |   Init 1/10: inertia=3.619349
2026-08-19 17:17:23 | DEBUG    | fgvc.clustering.spherical_kmeans |   Init 2/10: inertia=3.528261
2026-08-19 17:17:23 | DEBUG    | fgvc.clustering.spherical_kmeans |   Init 3/10: inertia=3.420295
2026-08-19 17:17:23 | DEBUG    | fgvc.clustering.spherical_kmeans |   Init 4/10: inertia=3.672826
2026-08-19 17:17:23 | DEBUG    | fgvc.clustering.spherical_kmeans |   Init 5/10: inertia=3.601322
2026-08-19 17:17:23 | DEBUG    | fgvc.clustering.spherical_kmeans |   Init 6/10: inertia=3.522453
2026-08-19 17:17:23 | DEBUG    | fgvc.clustering.spherical_kmeans |   Init 7/10: inertia=3.607727
2026-08-19 17:17:23 | DEBUG    | fgvc.clustering.spherical_kmeans |   Init 8/10: inertia=3.428903
2026-08-19 17:17:23 | DEBUG    | fgvc.clustering.spherical_kmeans |   Init 9/10: inertia=3.586138
2026-08-19 17:17:23 | DEBUG    | fgvc.clustering.spherical_kmeans |   Init 10/10: inertia=3.515800
2026-08-19 17:17:23 | INFO     | fgvc.clustering.spherical_kmeans |   [Chuck_will_Widow] k_selected=2 | k_effective=2 | min_cluster=5 | max_cluster=20
2026-08-19 17:17:23 | INFO     | fgvc.clustering.spherical_kmeans |   [Clark_Nutcracker] 25 images
2026-08-19 17:17:23 | DEBUG    | fgvc.clustering.spherical_kmeans |   Init 1/5: inertia=3.142808
2026-08-19 17:17:23 | DEBUG    | fgvc.clustering.spherical_kmeans |   Init 2/5: inertia=3.076433
2026-08-19 17:17:23 | DEBUG    | fgvc.clustering.spherical_kmeans |   Init 3/5: inertia=3.128199
2026-08-19 17:17:23 | DEBUG    | fgvc.clustering.spherical_kmeans |   Init 4/5: inertia=3.042177
2026-08-19 17:17:23 | DEBUG    | fgvc.clustering.spherical_kmeans |   Init 5/5: inertia=3.109876
2026-08-19 17:17:23 | DEBUG    | fgvc.clustering.spherical_kmeans |   Init 1/5: inertia=2.893700
2026-08-19 17:17:23 | DEBUG    | fgvc.clustering.spherical_kmeans |   Init 2/5: inertia=2.928143
2026-08-19 17:17:23 | DEBUG    | fgvc.clustering.spherical_kmeans |   Init 3/5: inertia=2.808635
2026-08-19 17:17:23 | DEBUG    | fgvc.clustering.spherical_kmeans |   Init 4/5: inertia=2.891617
2026-08-19 17:17:23 | DEBUG    | fgvc.clustering.spherical_kmeans |   Init 5/5: inertia=2.931045
2026-08-19 17:17:23 | DEBUG    | fgvc.clustering.spherical_kmeans |   Init 1/5: inertia=2.719463
2026-08-19 17:17:23 | DEBUG    | fgvc.clustering.spherical_kmeans |   Init 2/5: inertia=2.581350
2026-08-19 17:17:23 | DEBUG    | fgvc.clustering.spherical_kmeans |   Init 3/5: inertia=2.689229
2026-08-19 17:17:23 | DEBUG    | fgvc.clustering.spherical_kmeans |   Init 4/5: inertia=2.669408
2026-08-19 17:17:23 | DEBUG    | fgvc.clustering.spherical_kmeans |   Init 5/5: inertia=2.634550
2026-08-19 17:17:23 | DEBUG    | fgvc.clustering.spherical_kmeans |   Init 1/5: inertia=2.599019
2026-08-19 17:17:23 | DEBUG    | fgvc.clustering.spherical_kmeans |   Init 2/5: inertia=2.477370
2026-08-19 17:17:23 | DEBUG    | fgvc.clustering.spherical_kmeans |   Init 3/5: inertia=2.384578
2026-08-19 17:17:23 | DEBUG    | fgvc.clustering.spherical_kmeans |   Init 4/5: inertia=2.490907
2026-08-19 17:17:23 | DEBUG    | fgvc.clustering.spherical_kmeans |   Init 5/5: inertia=2.426748
2026-08-19 17:17:23 | DEBUG    | fgvc.clustering.spherical_kmeans | K selection: best_k=2 | scores={2: {'silhouette': 0.098, 'compactness': 0.8783, 'score': 0.3125}, 3: {'silhouette': 0.0886, 'compactness': 0.8877, 'score': 0.2439}, 4: {'silhouette': 0.0444, 'compactness': 0.8967, 'score': 0.1579}, 5: {'silhouette': 0.0454, 'compactness': 0.9046, 'score': 0.0941}}
2026-08-19 17:17:23 | DEBUG    | fgvc.clustering.spherical_kmeans |   Init 1/10: inertia=3.142808
2026-08-19 17:17:23 | DEBUG    | fgvc.clustering.spherical_kmeans |   Init 2/10: inertia=3.076433
2026-08-19 17:17:23 | DEBUG    | fgvc.clustering.spherical_kmeans |   Init 3/10: inertia=3.128199
2026-08-19 17:17:23 | DEBUG    | fgvc.clustering.spherical_kmeans |   Init 4/10: inertia=3.042177
2026-08-19 17:17:23 | DEBUG    | fgvc.clustering.spherical_kmeans |   Init 5/10: inertia=3.109876
2026-08-19 17:17:23 | DEBUG    | fgvc.clustering.spherical_kmeans |   Init 6/10: inertia=3.079165
2026-08-19 17:17:23 | DEBUG    | fgvc.clustering.spherical_kmeans |   Init 7/10: inertia=3.015998
2026-08-19 17:17:23 | DEBUG    | fgvc.clustering.spherical_kmeans |   Init 8/10: inertia=3.054781
2026-08-19 17:17:23 | DEBUG    | fgvc.clustering.spherical_kmeans |   Init 9/10: inertia=3.122534
2026-08-19 17:17:23 | DEBUG    | fgvc.clustering.spherical_kmeans |   Init 10/10: inertia=3.095879
2026-08-19 17:17:23 | INFO     | fgvc.clustering.spherical_kmeans |   [Clark_Nutcracker] k_selected=2 | k_effective=1 | min_cluster=25 | max_cluster=25
2026-08-19 17:17:23 | INFO     | fgvc.clustering.spherical_kmeans |   [Clay_colored_Sparrow] 25 images
2026-08-19 17:17:23 | DEBUG    | fgvc.clustering.spherical_kmeans |   Init 1/5: inertia=3.665329
2026-08-19 17:17:23 | DEBUG    | fgvc.clustering.spherical_kmeans |   Init 2/5: inertia=3.646017
2026-08-19 17:17:23 | DEBUG    | fgvc.clustering.spherical_kmeans |   Init 3/5: inertia=3.815945
2026-08-19 17:17:23 | DEBUG    | fgvc.clustering.spherical_kmeans |   Init 4/5: inertia=3.612884
2026-08-19 17:17:23 | DEBUG    | fgvc.clustering.spherical_kmeans |   Init 5/5: inertia=3.641349
2026-08-19 17:17:23 | DEBUG    | fgvc.clustering.spherical_kmeans |   Init 1/5: inertia=3.230614
2026-08-19 17:17:23 | DEBUG    | fgvc.clustering.spherical_kmeans |   Init 2/5: inertia=3.302080
2026-08-19 17:17:23 | DEBUG    | fgvc.clustering.spherical_kmeans |   Init 3/5: inertia=3.354769
2026-08-19 17:17:23 | DEBUG    | fgvc.clustering.spherical_kmeans |   Init 4/5: inertia=3.328145
2026-08-19 17:17:23 | DEBUG    | fgvc.clustering.spherical_kmeans |   Init 5/5: inertia=3.395912
2026-08-19 17:17:23 | DEBUG    | fgvc.clustering.spherical_kmeans |   Init 1/5: inertia=3.000816
2026-08-19 17:17:23 | DEBUG    | fgvc.clustering.spherical_kmeans |   Init 2/5: inertia=3.061029
2026-08-19 17:17:23 | DEBUG    | fgvc.clustering.spherical_kmeans |   Init 3/5: inertia=3.235446
2026-08-19 17:17:23 | DEBUG    | fgvc.clustering.spherical_kmeans |   Init 4/5: inertia=3.162220
2026-08-19 17:17:23 | DEBUG    | fgvc.clustering.spherical_kmeans |   Init 5/5: inertia=3.067529
2026-08-19 17:17:23 | DEBUG    | fgvc.clustering.spherical_kmeans |   Init 1/5: inertia=2.835103
2026-08-19 17:17:23 | DEBUG    | fgvc.clustering.spherical_kmeans |   Init 2/5: inertia=2.933117
2026-08-19 17:17:23 | DEBUG    | fgvc.clustering.spherical_kmeans |   Init 3/5: inertia=2.904888
2026-08-19 17:17:23 | DEBUG    | fgvc.clustering.spherical_kmeans |   Init 4/5: inertia=2.837998
2026-08-19 17:17:23 | DEBUG    | fgvc.clustering.spherical_kmeans |   Init 5/5: inertia=2.820791
2026-08-19 17:17:23 | DEBUG    | fgvc.clustering.spherical_kmeans | K selection: best_k=2 | scores={2: {'silhouette': 0.1261, 'compactness': 0.8555, 'score': 0.3197}, 3: {'silhouette': 0.129, 'compactness': 0.8708, 'score': 0.2591}, 4: {'silhouette': 0.0542, 'compactness': 0.88, 'score': 0.1578}, 5: {'silhouette': 0.0749, 'compactness': 0.8872, 'score': 0.1036}}
2026-08-19 17:17:23 | DEBUG    | fgvc.clustering.spherical_kmeans |   Init 1/10: inertia=3.665329
2026-08-19 17:17:23 | DEBUG    | fgvc.clustering.spherical_kmeans |   Init 2/10: inertia=3.646017
2026-08-19 17:17:23 | DEBUG    | fgvc.clustering.spherical_kmeans |   Init 3/10: inertia=3.815945
2026-08-19 17:17:23 | DEBUG    | fgvc.clustering.spherical_kmeans |   Init 4/10: inertia=3.612884
2026-08-19 17:17:23 | DEBUG    | fgvc.clustering.spherical_kmeans |   Init 5/10: inertia=3.641349
2026-08-19 17:17:23 | DEBUG    | fgvc.clustering.spherical_kmeans |   Init 6/10: inertia=3.718725
2026-08-19 17:17:23 | DEBUG    | fgvc.clustering.spherical_kmeans |   Init 7/10: inertia=3.642743
2026-08-19 17:17:23 | DEBUG    | fgvc.clustering.spherical_kmeans |   Init 8/10: inertia=3.661830
2026-08-19 17:17:23 | DEBUG    | fgvc.clustering.spherical_kmeans |   Init 9/10: inertia=3.646017
2026-08-19 17:17:23 | DEBUG    | fgvc.clustering.spherical_kmeans |   Init 10/10: inertia=3.706120
2026-08-19 17:17:23 | INFO     | fgvc.clustering.spherical_kmeans |   [Clay_colored_Sparrow] k_selected=2 | k_effective=2 | min_cluster=8 | max_cluster=17
2026-08-19 17:17:23 | INFO     | fgvc.clustering.spherical_kmeans |   [Cliff_Swallow] 25 images
2026-08-19 17:17:23 | DEBUG    | fgvc.clustering.spherical_kmeans |   Init 1/5: inertia=4.428161
2026-08-19 17:17:23 | DEBUG    | fgvc.clustering.spherical_kmeans |   Init 2/5: inertia=4.484930
2026-08-19 17:17:23 | DEBUG    | fgvc.clustering.spherical_kmeans |   Init 3/5: inertia=4.414403
2026-08-19 17:17:23 | DEBUG    | fgvc.clustering.spherical_kmeans |   Init 4/5: inertia=4.461321
2026-08-19 17:17:23 | DEBUG    | fgvc.clustering.spherical_kmeans |   Init 5/5: inertia=4.462931
2026-08-19 17:17:23 | DEBUG    | fgvc.clustering.spherical_kmeans |   Init 1/5: inertia=4.235011
2026-08-19 17:17:23 | DEBUG    | fgvc.clustering.spherical_kmeans |   Init 2/5: inertia=4.204122
2026-08-19 17:17:23 | DEBUG    | fgvc.clustering.spherical_kmeans |   Init 3/5: inertia=4.078281
2026-08-19 17:17:23 | DEBUG    | fgvc.clustering.spherical_kmeans |   Init 4/5: inertia=4.193315
2026-08-19 17:17:23 | DEBUG    | fgvc.clustering.spherical_kmeans |   Init 5/5: inertia=4.113392
2026-08-19 17:17:23 | DEBUG    | fgvc.clustering.spherical_kmeans |   Init 1/5: inertia=4.026690
2026-08-19 17:17:23 | DEBUG    | fgvc.clustering.spherical_kmeans |   Init 2/5: inertia=3.905583
2026-08-19 17:17:23 | DEBUG    | fgvc.clustering.spherical_kmeans |   Init 3/5: inertia=3.986557
2026-08-19 17:17:23 | DEBUG    | fgvc.clustering.spherical_kmeans |   Init 4/5: inertia=3.916141
2026-08-19 17:17:23 | DEBUG    | fgvc.clustering.spherical_kmeans |   Init 5/5: inertia=3.876204
2026-08-19 17:17:23 | DEBUG    | fgvc.clustering.spherical_kmeans |   Init 1/5: inertia=3.721884
2026-08-19 17:17:23 | DEBUG    | fgvc.clustering.spherical_kmeans |   Init 2/5: inertia=3.741210
2026-08-19 17:17:23 | DEBUG    | fgvc.clustering.spherical_kmeans |   Init 3/5: inertia=3.693568
2026-08-19 17:17:23 | DEBUG    | fgvc.clustering.spherical_kmeans |   Init 4/5: inertia=3.517409
2026-08-19 17:17:23 | DEBUG    | fgvc.clustering.spherical_kmeans |   Init 5/5: inertia=3.675400
2026-08-19 17:17:23 | DEBUG    | fgvc.clustering.spherical_kmeans | K selection: best_k=2 | scores={2: {'silhouette': 0.0972, 'compactness': 0.8234, 'score': 0.2956}, 3: {'silhouette': 0.0619, 'compactness': 0.8369, 'score': 0.2154}, 4: {'silhouette': 0.0229, 'compactness': 0.845, 'score': 0.1316}, 5: {'silhouette': 0.0645, 'compactness': 0.8593, 'score': 0.0901}}
2026-08-19 17:17:23 | DEBUG    | fgvc.clustering.spherical_kmeans |   Init 1/10: inertia=4.428161
2026-08-19 17:17:23 | DEBUG    | fgvc.clustering.spherical_kmeans |   Init 2/10: inertia=4.484930
2026-08-19 17:17:23 | DEBUG    | fgvc.clustering.spherical_kmeans |   Init 3/10: inertia=4.414403
2026-08-19 17:17:23 | DEBUG    | fgvc.clustering.spherical_kmeans |   Init 4/10: inertia=4.461321
2026-08-19 17:17:23 | DEBUG    | fgvc.clustering.spherical_kmeans |   Init 5/10: inertia=4.462931
2026-08-19 17:17:23 | DEBUG    | fgvc.clustering.spherical_kmeans |   Init 6/10: inertia=4.474318
2026-08-19 17:17:23 | DEBUG    | fgvc.clustering.spherical_kmeans |   Init 7/10: inertia=4.469821
2026-08-19 17:17:23 | DEBUG    | fgvc.clustering.spherical_kmeans |   Init 8/10: inertia=4.446228
2026-08-19 17:17:23 | DEBUG    | fgvc.clustering.spherical_kmeans |   Init 9/10: inertia=4.507586
2026-08-19 17:17:23 | DEBUG    | fgvc.clustering.spherical_kmeans |   Init 10/10: inertia=4.470336
2026-08-19 17:17:23 | INFO     | fgvc.clustering.spherical_kmeans |   [Cliff_Swallow] k_selected=2 | k_effective=2 | min_cluster=6 | max_cluster=19
2026-08-19 17:17:23 | INFO     | fgvc.clustering.spherical_kmeans |   [Common_Raven] 25 images
2026-08-19 17:17:23 | DEBUG    | fgvc.clustering.spherical_kmeans |   Init 1/5: inertia=3.417209
2026-08-19 17:17:23 | DEBUG    | fgvc.clustering.spherical_kmeans |   Init 2/5: inertia=3.407538
2026-08-19 17:17:23 | DEBUG    | fgvc.clustering.spherical_kmeans |   Init 3/5: inertia=3.389819
2026-08-19 17:17:23 | DEBUG    | fgvc.clustering.spherical_kmeans |   Init 4/5: inertia=3.266877
2026-08-19 17:17:23 | DEBUG    | fgvc.clustering.spherical_kmeans |   Init 5/5: inertia=3.419800
2026-08-19 17:17:23 | DEBUG    | fgvc.clustering.spherical_kmeans |   Init 1/5: inertia=3.084105
2026-08-19 17:17:23 | DEBUG    | fgvc.clustering.spherical_kmeans |   Init 2/5: inertia=3.176863
2026-08-19 17:17:23 | DEBUG    | fgvc.clustering.spherical_kmeans |   Init 3/5: inertia=3.057293
2026-08-19 17:17:23 | DEBUG    | fgvc.clustering.spherical_kmeans |   Init 4/5: inertia=3.107837
2026-08-19 17:17:23 | DEBUG    | fgvc.clustering.spherical_kmeans |   Init 5/5: inertia=3.107979
2026-08-19 17:17:23 | DEBUG    | fgvc.clustering.spherical_kmeans |   Init 1/5: inertia=2.905765
2026-08-19 17:17:23 | DEBUG    | fgvc.clustering.spherical_kmeans |   Init 2/5: inertia=2.845889
2026-08-19 17:17:23 | DEBUG    | fgvc.clustering.spherical_kmeans |   Init 3/5: inertia=2.783224
2026-08-19 17:17:23 | DEBUG    | fgvc.clustering.spherical_kmeans |   Init 4/5: inertia=3.022014
2026-08-19 17:17:23 | DEBUG    | fgvc.clustering.spherical_kmeans |   Init 5/5: inertia=2.882829
2026-08-19 17:17:23 | DEBUG    | fgvc.clustering.spherical_kmeans |   Init 1/5: inertia=2.767326
2026-08-19 17:17:23 | DEBUG    | fgvc.clustering.spherical_kmeans |   Init 2/5: inertia=2.664181
2026-08-19 17:17:23 | DEBUG    | fgvc.clustering.spherical_kmeans |   Init 3/5: inertia=2.793330
2026-08-19 17:17:23 | DEBUG    | fgvc.clustering.spherical_kmeans |   Init 4/5: inertia=2.703669
2026-08-19 17:17:23 | DEBUG    | fgvc.clustering.spherical_kmeans |   Init 5/5: inertia=2.682656
2026-08-19 17:17:23 | DEBUG    | fgvc.clustering.spherical_kmeans | K selection: best_k=2 | scores={2: {'silhouette': 0.1091, 'compactness': 0.8693, 'score': 0.3153}, 3: {'silhouette': 0.087, 'compactness': 0.8777, 'score': 0.2401}, 4: {'silhouette': 0.0744, 'compactness': 0.8887, 'score': 0.1705}, 5: {'silhouette': 0.0215, 'compactness': 0.8934, 'score': 0.0788}}
2026-08-19 17:17:23 | DEBUG    | fgvc.clustering.spherical_kmeans |   Init 1/10: inertia=3.417209
2026-08-19 17:17:23 | DEBUG    | fgvc.clustering.spherical_kmeans |   Init 2/10: inertia=3.407538
2026-08-19 17:17:23 | DEBUG    | fgvc.clustering.spherical_kmeans |   Init 3/10: inertia=3.389819
2026-08-19 17:17:23 | DEBUG    | fgvc.clustering.spherical_kmeans |   Init 4/10: inertia=3.266877
2026-08-19 17:17:23 | DEBUG    | fgvc.clustering.spherical_kmeans |   Init 5/10: inertia=3.419800
2026-08-19 17:17:23 | DEBUG    | fgvc.clustering.spherical_kmeans |   Init 6/10: inertia=3.349380
2026-08-19 17:17:23 | DEBUG    | fgvc.clustering.spherical_kmeans |   Init 7/10: inertia=3.398330
2026-08-19 17:17:23 | DEBUG    | fgvc.clustering.spherical_kmeans |   Init 8/10: inertia=3.340915
2026-08-19 17:17:23 | DEBUG    | fgvc.clustering.spherical_kmeans |   Init 9/10: inertia=3.407538
2026-08-19 17:17:23 | DEBUG    | fgvc.clustering.spherical_kmeans |   Init 10/10: inertia=3.352066
2026-08-19 17:17:23 | INFO     | fgvc.clustering.spherical_kmeans |   [Common_Raven] k_selected=2 | k_effective=2 | min_cluster=10 | max_cluster=15
2026-08-19 17:17:23 | INFO     | fgvc.clustering.spherical_kmeans |   [Common_Tern] 25 images
2026-08-19 17:17:23 | DEBUG    | fgvc.clustering.spherical_kmeans |   Init 1/5: inertia=3.284051
2026-08-19 17:17:23 | DEBUG    | fgvc.clustering.spherical_kmeans |   Init 2/5: inertia=3.542878
2026-08-19 17:17:23 | DEBUG    | fgvc.clustering.spherical_kmeans |   Init 3/5: inertia=3.309242
2026-08-19 17:17:23 | DEBUG    | fgvc.clustering.spherical_kmeans |   Init 4/5: inertia=3.337439
2026-08-19 17:17:23 | DEBUG    | fgvc.clustering.spherical_kmeans |   Init 5/5: inertia=3.439125
2026-08-19 17:17:23 | DEBUG    | fgvc.clustering.spherical_kmeans |   Init 1/5: inertia=3.092545
2026-08-19 17:17:23 | DEBUG    | fgvc.clustering.spherical_kmeans |   Init 2/5: inertia=3.160230
2026-08-19 17:17:23 | DEBUG    | fgvc.clustering.spherical_kmeans |   Init 3/5: inertia=3.090351
2026-08-19 17:17:23 | DEBUG    | fgvc.clustering.spherical_kmeans |   Init 4/5: inertia=3.080670
2026-08-19 17:17:23 | DEBUG    | fgvc.clustering.spherical_kmeans |   Init 5/5: inertia=3.287788
2026-08-19 17:17:23 | DEBUG    | fgvc.clustering.spherical_kmeans |   Init 1/5: inertia=2.971968
2026-08-19 17:17:23 | DEBUG    | fgvc.clustering.spherical_kmeans |   Init 2/5: inertia=2.991071
2026-08-19 17:17:23 | DEBUG    | fgvc.clustering.spherical_kmeans |   Init 3/5: inertia=2.944946
2026-08-19 17:17:23 | DEBUG    | fgvc.clustering.spherical_kmeans |   Init 4/5: inertia=2.941505
2026-08-19 17:17:23 | DEBUG    | fgvc.clustering.spherical_kmeans |   Init 5/5: inertia=2.968576
2026-08-19 17:17:23 | DEBUG    | fgvc.clustering.spherical_kmeans |   Init 1/5: inertia=2.744742
2026-08-19 17:17:23 | DEBUG    | fgvc.clustering.spherical_kmeans |   Init 2/5: inertia=2.750849
2026-08-19 17:17:23 | DEBUG    | fgvc.clustering.spherical_kmeans |   Init 3/5: inertia=2.709446
2026-08-19 17:17:23 | DEBUG    | fgvc.clustering.spherical_kmeans |   Init 4/5: inertia=2.683969
2026-08-19 17:17:23 | DEBUG    | fgvc.clustering.spherical_kmeans |   Init 5/5: inertia=2.616562
2026-08-19 17:17:23 | DEBUG    | fgvc.clustering.spherical_kmeans | K selection: best_k=2 | scores={2: {'silhouette': 0.1928, 'compactness': 0.8686, 'score': 0.357}, 3: {'silhouette': 0.1175, 'compactness': 0.8768, 'score': 0.2551}, 4: {'silhouette': 0.0429, 'compactness': 0.8823, 'score': 0.1528}, 5: {'silhouette': 0.0741, 'compactness': 0.8953, 'score': 0.1057}}
2026-08-19 17:17:23 | DEBUG    | fgvc.clustering.spherical_kmeans |   Init 1/10: inertia=3.284051
2026-08-19 17:17:23 | DEBUG    | fgvc.clustering.spherical_kmeans |   Init 2/10: inertia=3.542878
2026-08-19 17:17:23 | DEBUG    | fgvc.clustering.spherical_kmeans |   Init 3/10: inertia=3.309242
2026-08-19 17:17:23 | DEBUG    | fgvc.clustering.spherical_kmeans |   Init 4/10: inertia=3.337439
2026-08-19 17:17:23 | DEBUG    | fgvc.clustering.spherical_kmeans |   Init 5/10: inertia=3.439125
2026-08-19 17:17:23 | DEBUG    | fgvc.clustering.spherical_kmeans |   Init 6/10: inertia=3.363065
2026-08-19 17:17:23 | DEBUG    | fgvc.clustering.spherical_kmeans |   Init 7/10: inertia=3.517003
2026-08-19 17:17:23 | DEBUG    | fgvc.clustering.spherical_kmeans |   Init 8/10: inertia=3.309384
2026-08-19 17:17:23 | DEBUG    | fgvc.clustering.spherical_kmeans |   Init 9/10: inertia=3.350449
2026-08-19 17:17:23 | DEBUG    | fgvc.clustering.spherical_kmeans |   Init 10/10: inertia=3.365949
2026-08-19 17:17:23 | INFO     | fgvc.clustering.spherical_kmeans |   [Common_Tern] k_selected=2 | k_effective=2 | min_cluster=9 | max_cluster=16
2026-08-19 17:17:23 | INFO     | fgvc.clustering.spherical_kmeans |   [Common_Yellowthroat] 25 images
2026-08-19 17:17:23 | DEBUG    | fgvc.clustering.spherical_kmeans |   Init 1/5: inertia=2.565968
2026-08-19 17:17:23 | DEBUG    | fgvc.clustering.spherical_kmeans |   Init 2/5: inertia=2.458280
2026-08-19 17:17:23 | DEBUG    | fgvc.clustering.spherical_kmeans |   Init 3/5: inertia=2.300040
2026-08-19 17:17:23 | DEBUG    | fgvc.clustering.spherical_kmeans |   Init 4/5: inertia=2.336356
2026-08-19 17:17:23 | DEBUG    | fgvc.clustering.spherical_kmeans |   Init 5/5: inertia=2.448745
2026-08-19 17:17:23 | DEBUG    | fgvc.clustering.spherical_kmeans |   Init 1/5: inertia=2.386867
2026-08-19 17:17:23 | DEBUG    | fgvc.clustering.spherical_kmeans |   Init 2/5: inertia=2.124735
2026-08-19 17:17:23 | DEBUG    | fgvc.clustering.spherical_kmeans |   Init 3/5: inertia=2.216138
2026-08-19 17:17:23 | DEBUG    | fgvc.clustering.spherical_kmeans |   Init 4/5: inertia=2.074341
2026-08-19 17:17:23 | DEBUG    | fgvc.clustering.spherical_kmeans |   Init 5/5: inertia=2.070536
2026-08-19 17:17:23 | DEBUG    | fgvc.clustering.spherical_kmeans |   Init 1/5: inertia=2.208688
2026-08-19 17:17:23 | DEBUG    | fgvc.clustering.spherical_kmeans |   Init 2/5: inertia=2.013007
2026-08-19 17:17:23 | DEBUG    | fgvc.clustering.spherical_kmeans |   Init 3/5: inertia=1.916403
2026-08-19 17:17:23 | DEBUG    | fgvc.clustering.spherical_kmeans |   Init 4/5: inertia=2.050729
2026-08-19 17:17:23 | DEBUG    | fgvc.clustering.spherical_kmeans |   Init 5/5: inertia=1.938422
2026-08-19 17:17:23 | DEBUG    | fgvc.clustering.spherical_kmeans |   Init 1/5: inertia=1.818487
2026-08-19 17:17:23 | DEBUG    | fgvc.clustering.spherical_kmeans |   Init 2/5: inertia=1.884069
2026-08-19 17:17:23 | DEBUG    | fgvc.clustering.spherical_kmeans |   Init 3/5: inertia=1.876334
2026-08-19 17:17:23 | DEBUG    | fgvc.clustering.spherical_kmeans |   Init 4/5: inertia=1.774047
2026-08-19 17:17:23 | DEBUG    | fgvc.clustering.spherical_kmeans |   Init 5/5: inertia=1.935680
2026-08-19 17:17:23 | DEBUG    | fgvc.clustering.spherical_kmeans | K selection: best_k=2 | scores={2: {'silhouette': 0.282, 'compactness': 0.908, 'score': 0.4134}, 3: {'silhouette': 0.1405, 'compactness': 0.9172, 'score': 0.2787}, 4: {'silhouette': 0.0606, 'compactness': 0.9233, 'score': 0.174}, 5: {'silhouette': 0.0565, 'compactness': 0.929, 'score': 0.107}}
2026-08-19 17:17:23 | DEBUG    | fgvc.clustering.spherical_kmeans |   Init 1/10: inertia=2.565968
2026-08-19 17:17:23 | DEBUG    | fgvc.clustering.spherical_kmeans |   Init 2/10: inertia=2.458280
2026-08-19 17:17:23 | DEBUG    | fgvc.clustering.spherical_kmeans |   Init 3/10: inertia=2.300040
2026-08-19 17:17:23 | DEBUG    | fgvc.clustering.spherical_kmeans |   Init 4/10: inertia=2.336356
2026-08-19 17:17:23 | DEBUG    | fgvc.clustering.spherical_kmeans |   Init 5/10: inertia=2.448745
2026-08-19 17:17:23 | DEBUG    | fgvc.clustering.spherical_kmeans |   Init 6/10: inertia=2.289011
2026-08-19 17:17:23 | DEBUG    | fgvc.clustering.spherical_kmeans |   Init 7/10: inertia=2.329757
2026-08-19 17:17:23 | DEBUG    | fgvc.clustering.spherical_kmeans |   Init 8/10: inertia=2.557123
2026-08-19 17:17:23 | DEBUG    | fgvc.clustering.spherical_kmeans |   Init 9/10: inertia=2.458280
2026-08-19 17:17:23 | DEBUG    | fgvc.clustering.spherical_kmeans |   Init 10/10: inertia=2.359917
2026-08-19 17:17:23 | INFO     | fgvc.clustering.spherical_kmeans |   [Common_Yellowthroat] k_selected=2 | k_effective=1 | min_cluster=25 | max_cluster=25
2026-08-19 17:17:23 | INFO     | fgvc.clustering.spherical_kmeans |   [Crested_Auklet] 25 images
2026-08-19 17:17:23 | DEBUG    | fgvc.clustering.spherical_kmeans |   Init 1/5: inertia=3.853947
2026-08-19 17:17:23 | DEBUG    | fgvc.clustering.spherical_kmeans |   Init 2/5: inertia=3.889050
2026-08-19 17:17:23 | DEBUG    | fgvc.clustering.spherical_kmeans |   Init 3/5: inertia=3.841542
2026-08-19 17:17:23 | DEBUG    | fgvc.clustering.spherical_kmeans |   Init 4/5: inertia=3.825978
2026-08-19 17:17:23 | DEBUG    | fgvc.clustering.spherical_kmeans |   Init 5/5: inertia=3.848903
2026-08-19 17:17:23 | DEBUG    | fgvc.clustering.spherical_kmeans |   Init 1/5: inertia=3.562871
2026-08-19 17:17:23 | DEBUG    | fgvc.clustering.spherical_kmeans |   Init 2/5: inertia=3.641164
2026-08-19 17:17:23 | DEBUG    | fgvc.clustering.spherical_kmeans |   Init 3/5: inertia=3.520681
2026-08-19 17:17:23 | DEBUG    | fgvc.clustering.spherical_kmeans |   Init 4/5: inertia=3.547703
2026-08-19 17:17:23 | DEBUG    | fgvc.clustering.spherical_kmeans |   Init 5/5: inertia=3.571226
2026-08-19 17:17:23 | DEBUG    | fgvc.clustering.spherical_kmeans |   Init 1/5: inertia=3.239499
2026-08-19 17:17:23 | DEBUG    | fgvc.clustering.spherical_kmeans |   Init 2/5: inertia=3.288263
2026-08-19 17:17:23 | DEBUG    | fgvc.clustering.spherical_kmeans |   Init 3/5: inertia=3.318946
2026-08-19 17:17:23 | DEBUG    | fgvc.clustering.spherical_kmeans |   Init 4/5: inertia=3.363896
2026-08-19 17:17:23 | DEBUG    | fgvc.clustering.spherical_kmeans |   Init 5/5: inertia=3.128358
2026-08-19 17:17:23 | DEBUG    | fgvc.clustering.spherical_kmeans |   Init 1/5: inertia=2.952222
2026-08-19 17:17:23 | DEBUG    | fgvc.clustering.spherical_kmeans |   Init 2/5: inertia=3.120302
2026-08-19 17:17:23 | DEBUG    | fgvc.clustering.spherical_kmeans |   Init 3/5: inertia=2.951507
2026-08-19 17:17:23 | DEBUG    | fgvc.clustering.spherical_kmeans |   Init 4/5: inertia=3.012582
2026-08-19 17:17:23 | DEBUG    | fgvc.clustering.spherical_kmeans |   Init 5/5: inertia=3.203142
2026-08-19 17:17:23 | DEBUG    | fgvc.clustering.spherical_kmeans | K selection: best_k=2 | scores={2: {'silhouette': 0.0686, 'compactness': 0.847, 'score': 0.2884}, 3: {'silhouette': 0.0686, 'compactness': 0.8592, 'score': 0.2254}, 4: {'silhouette': 0.1104, 'compactness': 0.8749, 'score': 0.1843}, 5: {'silhouette': 0.0769, 'compactness': 0.8819, 'score': 0.103}}
2026-08-19 17:17:23 | DEBUG    | fgvc.clustering.spherical_kmeans |   Init 1/10: inertia=3.853947
2026-08-19 17:17:23 | DEBUG    | fgvc.clustering.spherical_kmeans |   Init 2/10: inertia=3.889050
2026-08-19 17:17:23 | DEBUG    | fgvc.clustering.spherical_kmeans |   Init 3/10: inertia=3.841542
2026-08-19 17:17:23 | DEBUG    | fgvc.clustering.spherical_kmeans |   Init 4/10: inertia=3.825978
2026-08-19 17:17:23 | DEBUG    | fgvc.clustering.spherical_kmeans |   Init 5/10: inertia=3.848903
2026-08-19 17:17:23 | DEBUG    | fgvc.clustering.spherical_kmeans |   Init 6/10: inertia=3.869246
2026-08-19 17:17:23 | DEBUG    | fgvc.clustering.spherical_kmeans |   Init 7/10: inertia=3.926215
2026-08-19 17:17:23 | DEBUG    | fgvc.clustering.spherical_kmeans |   Init 8/10: inertia=3.961684
2026-08-19 17:17:23 | DEBUG    | fgvc.clustering.spherical_kmeans |   Init 9/10: inertia=3.889050
2026-08-19 17:17:23 | DEBUG    | fgvc.clustering.spherical_kmeans |   Init 10/10: inertia=3.876842
2026-08-19 17:17:23 | INFO     | fgvc.clustering.spherical_kmeans |   [Crested_Auklet] k_selected=2 | k_effective=2 | min_cluster=10 | max_cluster=15
2026-08-19 17:17:23 | INFO     | fgvc.clustering.spherical_kmeans |   [Dark_eyed_Junco] 25 images
2026-08-19 17:17:23 | DEBUG    | fgvc.clustering.spherical_kmeans |   Init 1/5: inertia=3.118847
2026-08-19 17:17:23 | DEBUG    | fgvc.clustering.spherical_kmeans |   Init 2/5: inertia=3.226026
2026-08-19 17:17:23 | DEBUG    | fgvc.clustering.spherical_kmeans |   Init 3/5: inertia=3.172992
2026-08-19 17:17:23 | DEBUG    | fgvc.clustering.spherical_kmeans |   Init 4/5: inertia=3.149809
2026-08-19 17:17:23 | DEBUG    | fgvc.clustering.spherical_kmeans |   Init 5/5: inertia=3.143055
2026-08-19 17:17:23 | DEBUG    | fgvc.clustering.spherical_kmeans |   Init 1/5: inertia=2.783862
2026-08-19 17:17:23 | DEBUG    | fgvc.clustering.spherical_kmeans |   Init 2/5: inertia=3.044474
2026-08-19 17:17:23 | DEBUG    | fgvc.clustering.spherical_kmeans |   Init 3/5: inertia=2.860657
2026-08-19 17:17:23 | DEBUG    | fgvc.clustering.spherical_kmeans |   Init 4/5: inertia=2.828953
2026-08-19 17:17:23 | DEBUG    | fgvc.clustering.spherical_kmeans |   Init 5/5: inertia=2.917703
2026-08-19 17:17:23 | DEBUG    | fgvc.clustering.spherical_kmeans |   Init 1/5: inertia=2.578512
2026-08-19 17:17:23 | DEBUG    | fgvc.clustering.spherical_kmeans |   Init 2/5: inertia=2.776910
2026-08-19 17:17:23 | DEBUG    | fgvc.clustering.spherical_kmeans |   Init 3/5: inertia=2.639585
2026-08-19 17:17:23 | DEBUG    | fgvc.clustering.spherical_kmeans |   Init 4/5: inertia=2.568242
2026-08-19 17:17:23 | DEBUG    | fgvc.clustering.spherical_kmeans |   Init 5/5: inertia=2.717655
2026-08-19 17:17:23 | DEBUG    | fgvc.clustering.spherical_kmeans |   Init 1/5: inertia=2.443642
2026-08-19 17:17:23 | DEBUG    | fgvc.clustering.spherical_kmeans |   Init 2/5: inertia=2.515751
2026-08-19 17:17:23 | DEBUG    | fgvc.clustering.spherical_kmeans |   Init 3/5: inertia=2.304325
2026-08-19 17:17:23 | DEBUG    | fgvc.clustering.spherical_kmeans |   Init 4/5: inertia=2.625451
2026-08-19 17:17:23 | DEBUG    | fgvc.clustering.spherical_kmeans |   Init 5/5: inertia=2.371861
2026-08-19 17:17:23 | DEBUG    | fgvc.clustering.spherical_kmeans | K selection: best_k=2 | scores={2: {'silhouette': 0.1411, 'compactness': 0.8752, 'score': 0.3331}, 3: {'silhouette': 0.1136, 'compactness': 0.8886, 'score': 0.2567}, 4: {'silhouette': 0.1361, 'compactness': 0.8973, 'score': 0.2039}, 5: {'silhouette': 0.1285, 'compactness': 0.9078, 'score': 0.1366}}
2026-08-19 17:17:23 | DEBUG    | fgvc.clustering.spherical_kmeans |   Init 1/10: inertia=3.118847
2026-08-19 17:17:23 | DEBUG    | fgvc.clustering.spherical_kmeans |   Init 2/10: inertia=3.226026
2026-08-19 17:17:23 | DEBUG    | fgvc.clustering.spherical_kmeans |   Init 3/10: inertia=3.172992
2026-08-19 17:17:23 | DEBUG    | fgvc.clustering.spherical_kmeans |   Init 4/10: inertia=3.149809
2026-08-19 17:17:23 | DEBUG    | fgvc.clustering.spherical_kmeans |   Init 5/10: inertia=3.143055
2026-08-19 17:17:23 | DEBUG    | fgvc.clustering.spherical_kmeans |   Init 6/10: inertia=3.167896
2026-08-19 17:17:23 | DEBUG    | fgvc.clustering.spherical_kmeans |   Init 7/10: inertia=3.282984
2026-08-19 17:17:23 | DEBUG    | fgvc.clustering.spherical_kmeans |   Init 8/10: inertia=3.185690
2026-08-19 17:17:23 | DEBUG    | fgvc.clustering.spherical_kmeans |   Init 9/10: inertia=3.141442
2026-08-19 17:17:23 | DEBUG    | fgvc.clustering.spherical_kmeans |   Init 10/10: inertia=3.293305
2026-08-19 17:17:23 | INFO     | fgvc.clustering.spherical_kmeans |   [Dark_eyed_Junco] k_selected=2 | k_effective=2 | min_cluster=9 | max_cluster=16
2026-08-19 17:17:23 | INFO     | fgvc.clustering.spherical_kmeans |   [Downy_Woodpecker] 25 images
2026-08-19 17:17:23 | DEBUG    | fgvc.clustering.spherical_kmeans |   Init 1/5: inertia=2.260309
2026-08-19 17:17:23 | DEBUG    | fgvc.clustering.spherical_kmeans |   Init 2/5: inertia=2.518692
2026-08-19 17:17:23 | DEBUG    | fgvc.clustering.spherical_kmeans |   Init 3/5: inertia=2.229599
2026-08-19 17:17:23 | DEBUG    | fgvc.clustering.spherical_kmeans |   Init 4/5: inertia=2.454412
2026-08-19 17:17:23 | DEBUG    | fgvc.clustering.spherical_kmeans |   Init 5/5: inertia=2.581110
2026-08-19 17:17:23 | DEBUG    | fgvc.clustering.spherical_kmeans |   Init 1/5: inertia=2.118748
2026-08-19 17:17:23 | DEBUG    | fgvc.clustering.spherical_kmeans |   Init 2/5: inertia=2.052793
2026-08-19 17:17:23 | DEBUG    | fgvc.clustering.spherical_kmeans |   Init 3/5: inertia=2.114375
2026-08-19 17:17:23 | DEBUG    | fgvc.clustering.spherical_kmeans |   Init 4/5: inertia=2.112723
2026-08-19 17:17:23 | DEBUG    | fgvc.clustering.spherical_kmeans |   Init 5/5: inertia=2.052507
2026-08-19 17:17:23 | DEBUG    | fgvc.clustering.spherical_kmeans |   Init 1/5: inertia=1.899736
2026-08-19 17:17:23 | DEBUG    | fgvc.clustering.spherical_kmeans |   Init 2/5: inertia=1.958460
2026-08-19 17:17:23 | DEBUG    | fgvc.clustering.spherical_kmeans |   Init 3/5: inertia=1.794147
2026-08-19 17:17:23 | DEBUG    | fgvc.clustering.spherical_kmeans |   Init 4/5: inertia=1.989829
2026-08-19 17:17:23 | DEBUG    | fgvc.clustering.spherical_kmeans |   Init 5/5: inertia=1.976486
2026-08-19 17:17:23 | DEBUG    | fgvc.clustering.spherical_kmeans |   Init 1/5: inertia=1.800232
2026-08-19 17:17:23 | DEBUG    | fgvc.clustering.spherical_kmeans |   Init 2/5: inertia=1.921478
2026-08-19 17:17:23 | DEBUG    | fgvc.clustering.spherical_kmeans |   Init 3/5: inertia=1.808324
2026-08-19 17:17:23 | DEBUG    | fgvc.clustering.spherical_kmeans |   Init 4/5: inertia=1.716409
2026-08-19 17:17:23 | DEBUG    | fgvc.clustering.spherical_kmeans |   Init 5/5: inertia=1.905231
2026-08-19 17:17:23 | DEBUG    | fgvc.clustering.spherical_kmeans | K selection: best_k=2 | scores={2: {'silhouette': 0.3269, 'compactness': 0.9108, 'score': 0.4367}, 3: {'silhouette': 0.1325, 'compactness': 0.9179, 'score': 0.2749}, 4: {'silhouette': 0.1657, 'compactness': 0.9282, 'score': 0.228}, 5: {'silhouette': 0.1267, 'compactness': 0.9313, 'score': 0.1427}}
2026-08-19 17:17:23 | DEBUG    | fgvc.clustering.spherical_kmeans |   Init 1/10: inertia=2.260309
2026-08-19 17:17:23 | DEBUG    | fgvc.clustering.spherical_kmeans |   Init 2/10: inertia=2.518692
2026-08-19 17:17:23 | DEBUG    | fgvc.clustering.spherical_kmeans |   Init 3/10: inertia=2.229599
2026-08-19 17:17:23 | DEBUG    | fgvc.clustering.spherical_kmeans |   Init 4/10: inertia=2.454412
2026-08-19 17:17:23 | DEBUG    | fgvc.clustering.spherical_kmeans |   Init 5/10: inertia=2.581110
2026-08-19 17:17:23 | DEBUG    | fgvc.clustering.spherical_kmeans |   Init 6/10: inertia=2.508398
2026-08-19 17:17:23 | DEBUG    | fgvc.clustering.spherical_kmeans |   Init 7/10: inertia=2.299267
2026-08-19 17:17:23 | DEBUG    | fgvc.clustering.spherical_kmeans |   Init 8/10: inertia=2.229599
2026-08-19 17:17:23 | DEBUG    | fgvc.clustering.spherical_kmeans |   Init 9/10: inertia=2.415552
2026-08-19 17:17:23 | DEBUG    | fgvc.clustering.spherical_kmeans |   Init 10/10: inertia=2.474172
2026-08-19 17:17:23 | INFO     | fgvc.clustering.spherical_kmeans |   [Downy_Woodpecker] k_selected=2 | k_effective=1 | min_cluster=25 | max_cluster=25
2026-08-19 17:17:23 | INFO     | fgvc.clustering.spherical_kmeans |   [Eared_Grebe] 25 images
2026-08-19 17:17:23 | DEBUG    | fgvc.clustering.spherical_kmeans |   Init 1/5: inertia=2.912316
2026-08-19 17:17:23 | DEBUG    | fgvc.clustering.spherical_kmeans |   Init 2/5: inertia=2.912316
2026-08-19 17:17:23 | DEBUG    | fgvc.clustering.spherical_kmeans |   Init 3/5: inertia=2.942765
2026-08-19 17:17:23 | DEBUG    | fgvc.clustering.spherical_kmeans |   Init 4/5: inertia=2.942765
2026-08-19 17:17:23 | DEBUG    | fgvc.clustering.spherical_kmeans |   Init 5/5: inertia=3.620588
2026-08-19 17:17:23 | DEBUG    | fgvc.clustering.spherical_kmeans |   Init 1/5: inertia=2.732340
2026-08-19 17:17:23 | DEBUG    | fgvc.clustering.spherical_kmeans |   Init 2/5: inertia=2.755619
2026-08-19 17:17:23 | DEBUG    | fgvc.clustering.spherical_kmeans |   Init 3/5: inertia=2.726764
2026-08-19 17:17:23 | DEBUG    | fgvc.clustering.spherical_kmeans |   Init 4/5: inertia=2.746733
2026-08-19 17:17:23 | DEBUG    | fgvc.clustering.spherical_kmeans |   Init 5/5: inertia=2.688303
2026-08-19 17:17:23 | DEBUG    | fgvc.clustering.spherical_kmeans |   Init 1/5: inertia=2.559997
2026-08-19 17:17:23 | DEBUG    | fgvc.clustering.spherical_kmeans |   Init 2/5: inertia=2.543824
2026-08-19 17:17:23 | DEBUG    | fgvc.clustering.spherical_kmeans |   Init 3/5: inertia=2.447383
2026-08-19 17:17:23 | DEBUG    | fgvc.clustering.spherical_kmeans |   Init 4/5: inertia=3.083866
2026-08-19 17:17:23 | DEBUG    | fgvc.clustering.spherical_kmeans |   Init 5/5: inertia=2.449176
2026-08-19 17:17:23 | DEBUG    | fgvc.clustering.spherical_kmeans |   Init 1/5: inertia=2.350013
2026-08-19 17:17:23 | DEBUG    | fgvc.clustering.spherical_kmeans |   Init 2/5: inertia=2.336056
2026-08-19 17:17:23 | DEBUG    | fgvc.clustering.spherical_kmeans |   Init 3/5: inertia=2.309079
2026-08-19 17:17:23 | DEBUG    | fgvc.clustering.spherical_kmeans |   Init 4/5: inertia=2.312277
2026-08-19 17:17:23 | DEBUG    | fgvc.clustering.spherical_kmeans |   Init 5/5: inertia=2.397905
2026-08-19 17:17:23 | DEBUG    | fgvc.clustering.spherical_kmeans | K selection: best_k=2 | scores={2: {'silhouette': 0.334, 'compactness': 0.8835, 'score': 0.432}, 3: {'silhouette': 0.2107, 'compactness': 0.8925, 'score': 0.3064}, 4: {'silhouette': 0.196, 'compactness': 0.9021, 'score': 0.2353}, 5: {'silhouette': 0.1491, 'compactness': 0.9076, 'score': 0.1468}}
2026-08-19 17:17:23 | DEBUG    | fgvc.clustering.spherical_kmeans |   Init 1/10: inertia=2.912316
2026-08-19 17:17:23 | DEBUG    | fgvc.clustering.spherical_kmeans |   Init 2/10: inertia=2.912316
2026-08-19 17:17:23 | DEBUG    | fgvc.clustering.spherical_kmeans |   Init 3/10: inertia=2.942765
2026-08-19 17:17:23 | DEBUG    | fgvc.clustering.spherical_kmeans |   Init 4/10: inertia=2.942765
2026-08-19 17:17:23 | DEBUG    | fgvc.clustering.spherical_kmeans |   Init 5/10: inertia=3.620588
2026-08-19 17:17:23 | DEBUG    | fgvc.clustering.spherical_kmeans |   Init 6/10: inertia=2.942765
2026-08-19 17:17:23 | DEBUG    | fgvc.clustering.spherical_kmeans |   Init 7/10: inertia=2.942765
2026-08-19 17:17:23 | DEBUG    | fgvc.clustering.spherical_kmeans |   Init 8/10: inertia=2.912316
2026-08-19 17:17:23 | DEBUG    | fgvc.clustering.spherical_kmeans |   Init 9/10: inertia=2.912316
2026-08-19 17:17:23 | DEBUG    | fgvc.clustering.spherical_kmeans |   Init 10/10: inertia=2.942765
2026-08-19 17:17:23 | INFO     | fgvc.clustering.spherical_kmeans |   [Eared_Grebe] k_selected=2 | k_effective=2 | min_cluster=9 | max_cluster=16
2026-08-19 17:17:23 | INFO     | fgvc.clustering.spherical_kmeans |   [Eastern_Towhee] 25 images
2026-08-19 17:17:23 | DEBUG    | fgvc.clustering.spherical_kmeans |   Init 1/5: inertia=2.749023
2026-08-19 17:17:23 | DEBUG    | fgvc.clustering.spherical_kmeans |   Init 2/5: inertia=2.752387
2026-08-19 17:17:23 | DEBUG    | fgvc.clustering.spherical_kmeans |   Init 3/5: inertia=2.758779
2026-08-19 17:17:23 | DEBUG    | fgvc.clustering.spherical_kmeans |   Init 4/5: inertia=2.850646
2026-08-19 17:17:23 | DEBUG    | fgvc.clustering.spherical_kmeans |   Init 5/5: inertia=2.861624
2026-08-19 17:17:23 | DEBUG    | fgvc.clustering.spherical_kmeans |   Init 1/5: inertia=2.555367
2026-08-19 17:17:23 | DEBUG    | fgvc.clustering.spherical_kmeans |   Init 2/5: inertia=2.599624
2026-08-19 17:17:23 | DEBUG    | fgvc.clustering.spherical_kmeans |   Init 3/5: inertia=2.486040
2026-08-19 17:17:23 | DEBUG    | fgvc.clustering.spherical_kmeans |   Init 4/5: inertia=2.511875
2026-08-19 17:17:23 | DEBUG    | fgvc.clustering.spherical_kmeans |   Init 5/5: inertia=2.477939
2026-08-19 17:17:23 | DEBUG    | fgvc.clustering.spherical_kmeans |   Init 1/5: inertia=2.333573
2026-08-19 17:17:23 | DEBUG    | fgvc.clustering.spherical_kmeans |   Init 2/5: inertia=2.387305
2026-08-19 17:17:23 | DEBUG    | fgvc.clustering.spherical_kmeans |   Init 3/5: inertia=2.256556
2026-08-19 17:17:23 | DEBUG    | fgvc.clustering.spherical_kmeans |   Init 4/5: inertia=2.354037
2026-08-19 17:17:23 | DEBUG    | fgvc.clustering.spherical_kmeans |   Init 5/5: inertia=2.352365
2026-08-19 17:17:23 | DEBUG    | fgvc.clustering.spherical_kmeans |   Init 1/5: inertia=2.133341
2026-08-19 17:17:23 | DEBUG    | fgvc.clustering.spherical_kmeans |   Init 2/5: inertia=2.242525
2026-08-19 17:17:23 | DEBUG    | fgvc.clustering.spherical_kmeans |   Init 3/5: inertia=2.234904
2026-08-19 17:17:23 | DEBUG    | fgvc.clustering.spherical_kmeans |   Init 4/5: inertia=2.286041
2026-08-19 17:17:23 | DEBUG    | fgvc.clustering.spherical_kmeans |   Init 5/5: inertia=2.137638
2026-08-19 17:17:23 | DEBUG    | fgvc.clustering.spherical_kmeans | K selection: best_k=2 | scores={2: {'silhouette': 0.142, 'compactness': 0.89, 'score': 0.338}, 3: {'silhouette': 0.0784, 'compactness': 0.9009, 'score': 0.2428}, 4: {'silhouette': 0.112, 'compactness': 0.9097, 'score': 0.1956}, 5: {'silhouette': 0.0592, 'compactness': 0.9147, 'score': 0.104}}
2026-08-19 17:17:23 | DEBUG    | fgvc.clustering.spherical_kmeans |   Init 1/10: inertia=2.749023
2026-08-19 17:17:23 | DEBUG    | fgvc.clustering.spherical_kmeans |   Init 2/10: inertia=2.752387
2026-08-19 17:17:23 | DEBUG    | fgvc.clustering.spherical_kmeans |   Init 3/10: inertia=2.758779
2026-08-19 17:17:23 | DEBUG    | fgvc.clustering.spherical_kmeans |   Init 4/10: inertia=2.850646
2026-08-19 17:17:23 | DEBUG    | fgvc.clustering.spherical_kmeans |   Init 5/10: inertia=2.861624
2026-08-19 17:17:23 | DEBUG    | fgvc.clustering.spherical_kmeans |   Init 6/10: inertia=2.790339
2026-08-19 17:17:23 | DEBUG    | fgvc.clustering.spherical_kmeans |   Init 7/10: inertia=2.758593
2026-08-19 17:17:23 | DEBUG    | fgvc.clustering.spherical_kmeans |   Init 8/10: inertia=2.719412
2026-08-19 17:17:23 | DEBUG    | fgvc.clustering.spherical_kmeans |   Init 9/10: inertia=2.726282
2026-08-19 17:17:23 | DEBUG    | fgvc.clustering.spherical_kmeans |   Init 10/10: inertia=2.763977
2026-08-19 17:17:23 | INFO     | fgvc.clustering.spherical_kmeans |   [Eastern_Towhee] k_selected=2 | k_effective=2 | min_cluster=7 | max_cluster=18
2026-08-19 17:17:23 | INFO     | fgvc.clustering.spherical_kmeans |   [Elegant_Tern] 25 images
2026-08-19 17:17:23 | DEBUG    | fgvc.clustering.spherical_kmeans |   Init 1/5: inertia=3.450414
2026-08-19 17:17:23 | DEBUG    | fgvc.clustering.spherical_kmeans |   Init 2/5: inertia=3.443932
2026-08-19 17:17:23 | DEBUG    | fgvc.clustering.spherical_kmeans |   Init 3/5: inertia=3.354320
2026-08-19 17:17:23 | DEBUG    | fgvc.clustering.spherical_kmeans |   Init 4/5: inertia=3.316127
2026-08-19 17:17:23 | DEBUG    | fgvc.clustering.spherical_kmeans |   Init 5/5: inertia=3.322331
2026-08-19 17:17:23 | DEBUG    | fgvc.clustering.spherical_kmeans |   Init 1/5: inertia=3.035272
2026-08-19 17:17:23 | DEBUG    | fgvc.clustering.spherical_kmeans |   Init 2/5: inertia=3.044794
2026-08-19 17:17:23 | DEBUG    | fgvc.clustering.spherical_kmeans |   Init 3/5: inertia=3.134353
2026-08-19 17:17:23 | DEBUG    | fgvc.clustering.spherical_kmeans |   Init 4/5: inertia=3.102523
2026-08-19 17:17:23 | DEBUG    | fgvc.clustering.spherical_kmeans |   Init 5/5: inertia=3.019442
2026-08-19 17:17:23 | DEBUG    | fgvc.clustering.spherical_kmeans |   Init 1/5: inertia=2.881244
2026-08-19 17:17:23 | DEBUG    | fgvc.clustering.spherical_kmeans |   Init 2/5: inertia=2.727696
2026-08-19 17:17:23 | DEBUG    | fgvc.clustering.spherical_kmeans |   Init 3/5: inertia=2.817424
2026-08-19 17:17:23 | DEBUG    | fgvc.clustering.spherical_kmeans |   Init 4/5: inertia=3.039632
2026-08-19 17:17:23 | DEBUG    | fgvc.clustering.spherical_kmeans |   Init 5/5: inertia=2.784590
2026-08-19 17:17:23 | DEBUG    | fgvc.clustering.spherical_kmeans |   Init 1/5: inertia=2.470157
2026-08-19 17:17:23 | DEBUG    | fgvc.clustering.spherical_kmeans |   Init 2/5: inertia=2.576568
2026-08-19 17:17:23 | DEBUG    | fgvc.clustering.spherical_kmeans |   Init 3/5: inertia=2.588092
2026-08-19 17:17:23 | DEBUG    | fgvc.clustering.spherical_kmeans |   Init 4/5: inertia=2.623974
2026-08-19 17:17:23 | DEBUG    | fgvc.clustering.spherical_kmeans |   Init 5/5: inertia=2.735672
2026-08-19 17:17:23 | DEBUG    | fgvc.clustering.spherical_kmeans | K selection: best_k=2 | scores={2: {'silhouette': 0.1338, 'compactness': 0.8674, 'score': 0.3271}, 3: {'silhouette': 0.1631, 'compactness': 0.8792, 'score': 0.2786}, 4: {'silhouette': 0.0759, 'compactness': 0.8909, 'score': 0.1719}, 5: {'silhouette': 0.0938, 'compactness': 0.9012, 'score': 0.1173}}
2026-08-19 17:17:23 | DEBUG    | fgvc.clustering.spherical_kmeans |   Init 1/10: inertia=3.450414
2026-08-19 17:17:23 | DEBUG    | fgvc.clustering.spherical_kmeans |   Init 2/10: inertia=3.443932
2026-08-19 17:17:23 | DEBUG    | fgvc.clustering.spherical_kmeans |   Init 3/10: inertia=3.354320
2026-08-19 17:17:23 | DEBUG    | fgvc.clustering.spherical_kmeans |   Init 4/10: inertia=3.316127
2026-08-19 17:17:23 | DEBUG    | fgvc.clustering.spherical_kmeans |   Init 5/10: inertia=3.322331
2026-08-19 17:17:23 | DEBUG    | fgvc.clustering.spherical_kmeans |   Init 6/10: inertia=3.450414
2026-08-19 17:17:23 | DEBUG    | fgvc.clustering.spherical_kmeans |   Init 7/10: inertia=3.278583
2026-08-19 17:17:23 | DEBUG    | fgvc.clustering.spherical_kmeans |   Init 8/10: inertia=3.497029
2026-08-19 17:17:23 | DEBUG    | fgvc.clustering.spherical_kmeans |   Init 9/10: inertia=3.443932
2026-08-19 17:17:23 | DEBUG    | fgvc.clustering.spherical_kmeans |   Init 10/10: inertia=3.418188
2026-08-19 17:17:23 | INFO     | fgvc.clustering.spherical_kmeans |   [Elegant_Tern] k_selected=2 | k_effective=2 | min_cluster=6 | max_cluster=19
2026-08-19 17:17:23 | INFO     | fgvc.clustering.spherical_kmeans |   [European_Goldfinch] 25 images
2026-08-19 17:17:23 | DEBUG    | fgvc.clustering.spherical_kmeans |   Init 1/5: inertia=2.237921
2026-08-19 17:17:23 | DEBUG    | fgvc.clustering.spherical_kmeans |   Init 2/5: inertia=2.195592
2026-08-19 17:17:23 | DEBUG    | fgvc.clustering.spherical_kmeans |   Init 3/5: inertia=2.218959
2026-08-19 17:17:23 | DEBUG    | fgvc.clustering.spherical_kmeans |   Init 4/5: inertia=2.206374
2026-08-19 17:17:23 | DEBUG    | fgvc.clustering.spherical_kmeans |   Init 5/5: inertia=2.210849
2026-08-19 17:17:23 | DEBUG    | fgvc.clustering.spherical_kmeans |   Init 1/5: inertia=2.085997
2026-08-19 17:17:23 | DEBUG    | fgvc.clustering.spherical_kmeans |   Init 2/5: inertia=2.109238
2026-08-19 17:17:24 | DEBUG    | fgvc.clustering.spherical_kmeans |   Init 3/5: inertia=2.083130
2026-08-19 17:17:24 | DEBUG    | fgvc.clustering.spherical_kmeans |   Init 4/5: inertia=2.065759
2026-08-19 17:17:24 | DEBUG    | fgvc.clustering.spherical_kmeans |   Init 5/5: inertia=2.049217
2026-08-19 17:17:24 | DEBUG    | fgvc.clustering.spherical_kmeans |   Init 1/5: inertia=1.955702
2026-08-19 17:17:24 | DEBUG    | fgvc.clustering.spherical_kmeans |   Init 2/5: inertia=1.949237
2026-08-19 17:17:24 | DEBUG    | fgvc.clustering.spherical_kmeans |   Init 3/5: inertia=1.937347
2026-08-19 17:17:24 | DEBUG    | fgvc.clustering.spherical_kmeans |   Init 4/5: inertia=1.942036
2026-08-19 17:17:24 | DEBUG    | fgvc.clustering.spherical_kmeans |   Init 5/5: inertia=1.818201
2026-08-19 17:17:24 | DEBUG    | fgvc.clustering.spherical_kmeans |   Init 1/5: inertia=1.825923
2026-08-19 17:17:24 | DEBUG    | fgvc.clustering.spherical_kmeans |   Init 2/5: inertia=1.805735
2026-08-19 17:17:24 | DEBUG    | fgvc.clustering.spherical_kmeans |   Init 3/5: inertia=1.690529
2026-08-19 17:17:24 | DEBUG    | fgvc.clustering.spherical_kmeans |   Init 4/5: inertia=1.786140
2026-08-19 17:17:24 | DEBUG    | fgvc.clustering.spherical_kmeans |   Init 5/5: inertia=1.706821
2026-08-19 17:17:24 | DEBUG    | fgvc.clustering.spherical_kmeans | K selection: best_k=2 | scores={2: {'silhouette': 0.0338, 'compactness': 0.9122, 'score': 0.2906}, 3: {'silhouette': 0.0121, 'compactness': 0.918, 'score': 0.2148}, 4: {'silhouette': 0.0873, 'compactness': 0.9273, 'score': 0.1885}, 5: {'silhouette': 0.0158, 'compactness': 0.9324, 'score': 0.0876}}
2026-08-19 17:17:24 | DEBUG    | fgvc.clustering.spherical_kmeans |   Init 1/10: inertia=2.237921
2026-08-19 17:17:24 | DEBUG    | fgvc.clustering.spherical_kmeans |   Init 2/10: inertia=2.195592
2026-08-19 17:17:24 | DEBUG    | fgvc.clustering.spherical_kmeans |   Init 3/10: inertia=2.218959
2026-08-19 17:17:24 | DEBUG    | fgvc.clustering.spherical_kmeans |   Init 4/10: inertia=2.206374
2026-08-19 17:17:24 | DEBUG    | fgvc.clustering.spherical_kmeans |   Init 5/10: inertia=2.210849
2026-08-19 17:17:24 | DEBUG    | fgvc.clustering.spherical_kmeans |   Init 6/10: inertia=2.210655
2026-08-19 17:17:24 | DEBUG    | fgvc.clustering.spherical_kmeans |   Init 7/10: inertia=2.125010
2026-08-19 17:17:24 | DEBUG    | fgvc.clustering.spherical_kmeans |   Init 8/10: inertia=2.224500
2026-08-19 17:17:24 | DEBUG    | fgvc.clustering.spherical_kmeans |   Init 9/10: inertia=2.213758
2026-08-19 17:17:24 | DEBUG    | fgvc.clustering.spherical_kmeans |   Init 10/10: inertia=2.223479
2026-08-19 17:17:24 | INFO     | fgvc.clustering.spherical_kmeans |   [European_Goldfinch] k_selected=2 | k_effective=1 | min_cluster=25 | max_cluster=25
2026-08-19 17:17:24 | INFO     | fgvc.clustering.spherical_kmeans |   [Evening_Grosbeak] 25 images
2026-08-19 17:17:24 | DEBUG    | fgvc.clustering.spherical_kmeans |   Init 1/5: inertia=2.198148
2026-08-19 17:17:24 | DEBUG    | fgvc.clustering.spherical_kmeans |   Init 2/5: inertia=2.172876
2026-08-19 17:17:24 | DEBUG    | fgvc.clustering.spherical_kmeans |   Init 3/5: inertia=2.102991
2026-08-19 17:17:24 | DEBUG    | fgvc.clustering.spherical_kmeans |   Init 4/5: inertia=2.149701
2026-08-19 17:17:24 | DEBUG    | fgvc.clustering.spherical_kmeans |   Init 5/5: inertia=2.172756
2026-08-19 17:17:24 | DEBUG    | fgvc.clustering.spherical_kmeans |   Init 1/5: inertia=2.000468
2026-08-19 17:17:24 | DEBUG    | fgvc.clustering.spherical_kmeans |   Init 2/5: inertia=1.948648
2026-08-19 17:17:24 | DEBUG    | fgvc.clustering.spherical_kmeans |   Init 3/5: inertia=2.039886
2026-08-19 17:17:24 | DEBUG    | fgvc.clustering.spherical_kmeans |   Init 4/5: inertia=1.965446
2026-08-19 17:17:24 | DEBUG    | fgvc.clustering.spherical_kmeans |   Init 5/5: inertia=2.029850
2026-08-19 17:17:24 | DEBUG    | fgvc.clustering.spherical_kmeans |   Init 1/5: inertia=1.850055
2026-08-19 17:17:24 | DEBUG    | fgvc.clustering.spherical_kmeans |   Init 2/5: inertia=1.757226
2026-08-19 17:17:24 | DEBUG    | fgvc.clustering.spherical_kmeans |   Init 3/5: inertia=1.940294
2026-08-19 17:17:24 | DEBUG    | fgvc.clustering.spherical_kmeans |   Init 4/5: inertia=1.908370
2026-08-19 17:17:24 | DEBUG    | fgvc.clustering.spherical_kmeans |   Init 5/5: inertia=1.753925
2026-08-19 17:17:24 | DEBUG    | fgvc.clustering.spherical_kmeans |   Init 1/5: inertia=1.614671
2026-08-19 17:17:24 | DEBUG    | fgvc.clustering.spherical_kmeans |   Init 2/5: inertia=1.782138
2026-08-19 17:17:24 | DEBUG    | fgvc.clustering.spherical_kmeans |   Init 3/5: inertia=1.792725
2026-08-19 17:17:24 | DEBUG    | fgvc.clustering.spherical_kmeans |   Init 4/5: inertia=1.662045
2026-08-19 17:17:24 | DEBUG    | fgvc.clustering.spherical_kmeans |   Init 5/5: inertia=1.607995
2026-08-19 17:17:24 | DEBUG    | fgvc.clustering.spherical_kmeans | K selection: best_k=2 | scores={2: {'silhouette': 0.4232, 'compactness': 0.9159, 'score': 0.4864}, 3: {'silhouette': 0.1363, 'compactness': 0.9221, 'score': 0.2781}, 4: {'silhouette': 0.0312, 'compactness': 0.9298, 'score': 0.1612}, 5: {'silhouette': 0.09, 'compactness': 0.9357, 'score': 0.1257}}
2026-08-19 17:17:24 | DEBUG    | fgvc.clustering.spherical_kmeans |   Init 1/10: inertia=2.198148
2026-08-19 17:17:24 | DEBUG    | fgvc.clustering.spherical_kmeans |   Init 2/10: inertia=2.172876
2026-08-19 17:17:24 | DEBUG    | fgvc.clustering.spherical_kmeans |   Init 3/10: inertia=2.102991
2026-08-19 17:17:24 | DEBUG    | fgvc.clustering.spherical_kmeans |   Init 4/10: inertia=2.149701
2026-08-19 17:17:24 | DEBUG    | fgvc.clustering.spherical_kmeans |   Init 5/10: inertia=2.172756
2026-08-19 17:17:24 | DEBUG    | fgvc.clustering.spherical_kmeans |   Init 6/10: inertia=2.198309
2026-08-19 17:17:24 | DEBUG    | fgvc.clustering.spherical_kmeans |   Init 7/10: inertia=2.149465
2026-08-19 17:17:24 | DEBUG    | fgvc.clustering.spherical_kmeans |   Init 8/10: inertia=2.051922
2026-08-19 17:17:24 | DEBUG    | fgvc.clustering.spherical_kmeans |   Init 9/10: inertia=2.166296
2026-08-19 17:17:24 | DEBUG    | fgvc.clustering.spherical_kmeans |   Init 10/10: inertia=2.193378
2026-08-19 17:17:24 | INFO     | fgvc.clustering.spherical_kmeans |   [Evening_Grosbeak] k_selected=2 | k_effective=1 | min_cluster=25 | max_cluster=25
2026-08-19 17:17:24 | INFO     | fgvc.clustering.spherical_kmeans |   [Field_Sparrow] 25 images
2026-08-19 17:17:24 | DEBUG    | fgvc.clustering.spherical_kmeans |   Init 1/5: inertia=3.340373
2026-08-19 17:17:24 | DEBUG    | fgvc.clustering.spherical_kmeans |   Init 2/5: inertia=3.668423
2026-08-19 17:17:24 | DEBUG    | fgvc.clustering.spherical_kmeans |   Init 3/5: inertia=3.458436
2026-08-19 17:17:24 | DEBUG    | fgvc.clustering.spherical_kmeans |   Init 4/5: inertia=3.557994
2026-08-19 17:17:24 | DEBUG    | fgvc.clustering.spherical_kmeans |   Init 5/5: inertia=3.644136
2026-08-19 17:17:24 | DEBUG    | fgvc.clustering.spherical_kmeans |   Init 1/5: inertia=3.164178
2026-08-19 17:17:24 | DEBUG    | fgvc.clustering.spherical_kmeans |   Init 2/5: inertia=3.096607
2026-08-19 17:17:24 | DEBUG    | fgvc.clustering.spherical_kmeans |   Init 3/5: inertia=3.183372
2026-08-19 17:17:24 | DEBUG    | fgvc.clustering.spherical_kmeans |   Init 4/5: inertia=3.247990
2026-08-19 17:17:24 | DEBUG    | fgvc.clustering.spherical_kmeans |   Init 5/5: inertia=3.289324
2026-08-19 17:17:24 | DEBUG    | fgvc.clustering.spherical_kmeans |   Init 1/5: inertia=3.026722
2026-08-19 17:17:24 | DEBUG    | fgvc.clustering.spherical_kmeans |   Init 2/5: inertia=3.165622
2026-08-19 17:17:24 | DEBUG    | fgvc.clustering.spherical_kmeans |   Init 3/5: inertia=3.011170
2026-08-19 17:17:24 | DEBUG    | fgvc.clustering.spherical_kmeans |   Init 4/5: inertia=2.971232
2026-08-19 17:17:24 | DEBUG    | fgvc.clustering.spherical_kmeans |   Init 5/5: inertia=3.003357
2026-08-19 17:17:24 | DEBUG    | fgvc.clustering.spherical_kmeans |   Init 1/5: inertia=2.792994
2026-08-19 17:17:24 | DEBUG    | fgvc.clustering.spherical_kmeans |   Init 2/5: inertia=2.977562
2026-08-19 17:17:24 | DEBUG    | fgvc.clustering.spherical_kmeans |   Init 3/5: inertia=2.734545
2026-08-19 17:17:24 | DEBUG    | fgvc.clustering.spherical_kmeans |   Init 4/5: inertia=2.523553
2026-08-19 17:17:24 | DEBUG    | fgvc.clustering.spherical_kmeans |   Init 5/5: inertia=2.821627
2026-08-19 17:17:24 | DEBUG    | fgvc.clustering.spherical_kmeans | K selection: best_k=2 | scores={2: {'silhouette': 0.2565, 'compactness': 0.8664, 'score': 0.3882}, 3: {'silhouette': 0.2219, 'compactness': 0.8761, 'score': 0.3071}, 4: {'silhouette': 0.0505, 'compactness': 0.8812, 'score': 0.1562}, 5: {'silhouette': 0.1446, 'compactness': 0.8991, 'score': 0.142}}
2026-08-19 17:17:24 | DEBUG    | fgvc.clustering.spherical_kmeans |   Init 1/10: inertia=3.340373
2026-08-19 17:17:24 | DEBUG    | fgvc.clustering.spherical_kmeans |   Init 2/10: inertia=3.668423
2026-08-19 17:17:24 | DEBUG    | fgvc.clustering.spherical_kmeans |   Init 3/10: inertia=3.458436
2026-08-19 17:17:24 | DEBUG    | fgvc.clustering.spherical_kmeans |   Init 4/10: inertia=3.557994
2026-08-19 17:17:24 | DEBUG    | fgvc.clustering.spherical_kmeans |   Init 5/10: inertia=3.644136
2026-08-19 17:17:24 | DEBUG    | fgvc.clustering.spherical_kmeans |   Init 6/10: inertia=3.569381
2026-08-19 17:17:24 | DEBUG    | fgvc.clustering.spherical_kmeans |   Init 7/10: inertia=3.433232
2026-08-19 17:17:24 | DEBUG    | fgvc.clustering.spherical_kmeans |   Init 8/10: inertia=3.340373
2026-08-19 17:17:24 | DEBUG    | fgvc.clustering.spherical_kmeans |   Init 9/10: inertia=3.340373
2026-08-19 17:17:24 | DEBUG    | fgvc.clustering.spherical_kmeans |   Init 10/10: inertia=3.433232
2026-08-19 17:17:24 | INFO     | fgvc.clustering.spherical_kmeans |   [Field_Sparrow] k_selected=2 | k_effective=2 | min_cluster=5 | max_cluster=20
2026-08-19 17:17:24 | INFO     | fgvc.clustering.spherical_kmeans |   [Fish_Crow] 25 images
2026-08-19 17:17:24 | DEBUG    | fgvc.clustering.spherical_kmeans |   Init 1/5: inertia=3.781515
2026-08-19 17:17:24 | DEBUG    | fgvc.clustering.spherical_kmeans |   Init 2/5: inertia=3.734328
2026-08-19 17:17:24 | DEBUG    | fgvc.clustering.spherical_kmeans |   Init 3/5: inertia=3.778307
2026-08-19 17:17:24 | DEBUG    | fgvc.clustering.spherical_kmeans |   Init 4/5: inertia=3.808502
2026-08-19 17:17:24 | DEBUG    | fgvc.clustering.spherical_kmeans |   Init 5/5: inertia=3.775257
2026-08-19 17:17:24 | DEBUG    | fgvc.clustering.spherical_kmeans |   Init 1/5: inertia=3.492234
2026-08-19 17:17:24 | DEBUG    | fgvc.clustering.spherical_kmeans |   Init 2/5: inertia=3.627940
2026-08-19 17:17:24 | DEBUG    | fgvc.clustering.spherical_kmeans |   Init 3/5: inertia=3.516563
2026-08-19 17:17:24 | DEBUG    | fgvc.clustering.spherical_kmeans |   Init 4/5: inertia=3.529350
2026-08-19 17:17:24 | DEBUG    | fgvc.clustering.spherical_kmeans |   Init 5/5: inertia=3.625842
2026-08-19 17:17:24 | DEBUG    | fgvc.clustering.spherical_kmeans |   Init 1/5: inertia=3.241096
2026-08-19 17:17:24 | DEBUG    | fgvc.clustering.spherical_kmeans |   Init 2/5: inertia=3.370236
2026-08-19 17:17:24 | DEBUG    | fgvc.clustering.spherical_kmeans |   Init 3/5: inertia=3.364179
2026-08-19 17:17:24 | DEBUG    | fgvc.clustering.spherical_kmeans |   Init 4/5: inertia=3.327285
2026-08-19 17:17:24 | DEBUG    | fgvc.clustering.spherical_kmeans |   Init 5/5: inertia=3.278604
2026-08-19 17:17:24 | DEBUG    | fgvc.clustering.spherical_kmeans |   Init 1/5: inertia=3.055903
2026-08-19 17:17:24 | DEBUG    | fgvc.clustering.spherical_kmeans |   Init 2/5: inertia=3.009200
2026-08-19 17:17:24 | DEBUG    | fgvc.clustering.spherical_kmeans |   Init 3/5: inertia=3.100767
2026-08-19 17:17:24 | DEBUG    | fgvc.clustering.spherical_kmeans |   Init 4/5: inertia=3.130890
2026-08-19 17:17:24 | DEBUG    | fgvc.clustering.spherical_kmeans |   Init 5/5: inertia=3.062106
2026-08-19 17:17:24 | DEBUG    | fgvc.clustering.spherical_kmeans | K selection: best_k=2 | scores={2: {'silhouette': 0.064, 'compactness': 0.8506, 'score': 0.2872}, 3: {'silhouette': 0.0565, 'compactness': 0.8603, 'score': 0.2197}, 4: {'silhouette': 0.0653, 'compactness': 0.8704, 'score': 0.1604}, 5: {'silhouette': 0.0294, 'compactness': 0.8796, 'score': 0.0786}}
2026-08-19 17:17:24 | DEBUG    | fgvc.clustering.spherical_kmeans |   Init 1/10: inertia=3.781515
2026-08-19 17:17:24 | DEBUG    | fgvc.clustering.spherical_kmeans |   Init 2/10: inertia=3.734328
2026-08-19 17:17:24 | DEBUG    | fgvc.clustering.spherical_kmeans |   Init 3/10: inertia=3.778307
2026-08-19 17:17:24 | DEBUG    | fgvc.clustering.spherical_kmeans |   Init 4/10: inertia=3.808502
2026-08-19 17:17:24 | DEBUG    | fgvc.clustering.spherical_kmeans |   Init 5/10: inertia=3.775257
2026-08-19 17:17:24 | DEBUG    | fgvc.clustering.spherical_kmeans |   Init 6/10: inertia=3.727789
2026-08-19 17:17:24 | DEBUG    | fgvc.clustering.spherical_kmeans |   Init 7/10: inertia=3.791720
2026-08-19 17:17:24 | DEBUG    | fgvc.clustering.spherical_kmeans |   Init 8/10: inertia=3.765713
2026-08-19 17:17:24 | DEBUG    | fgvc.clustering.spherical_kmeans |   Init 9/10: inertia=3.734328
2026-08-19 17:17:24 | DEBUG    | fgvc.clustering.spherical_kmeans |   Init 10/10: inertia=3.804353
2026-08-19 17:17:24 | INFO     | fgvc.clustering.spherical_kmeans |   [Fish_Crow] k_selected=2 | k_effective=2 | min_cluster=8 | max_cluster=17
2026-08-19 17:17:24 | INFO     | fgvc.clustering.spherical_kmeans |   [Florida_Jay] 25 images
2026-08-19 17:17:24 | DEBUG    | fgvc.clustering.spherical_kmeans |   Init 1/5: inertia=3.112481
2026-08-19 17:17:24 | DEBUG    | fgvc.clustering.spherical_kmeans |   Init 2/5: inertia=3.173415
2026-08-19 17:17:24 | DEBUG    | fgvc.clustering.spherical_kmeans |   Init 3/5: inertia=3.198072
2026-08-19 17:17:24 | DEBUG    | fgvc.clustering.spherical_kmeans |   Init 4/5: inertia=3.092982
2026-08-19 17:17:24 | DEBUG    | fgvc.clustering.spherical_kmeans |   Init 5/5: inertia=3.064548
2026-08-19 17:17:24 | DEBUG    | fgvc.clustering.spherical_kmeans |   Init 1/5: inertia=2.832204
2026-08-19 17:17:24 | DEBUG    | fgvc.clustering.spherical_kmeans |   Init 2/5: inertia=2.820552
2026-08-19 17:17:24 | DEBUG    | fgvc.clustering.spherical_kmeans |   Init 3/5: inertia=2.885510
2026-08-19 17:17:24 | DEBUG    | fgvc.clustering.spherical_kmeans |   Init 4/5: inertia=2.763529
2026-08-19 17:17:24 | DEBUG    | fgvc.clustering.spherical_kmeans |   Init 5/5: inertia=2.883674
2026-08-19 17:17:24 | DEBUG    | fgvc.clustering.spherical_kmeans |   Init 1/5: inertia=2.696114
2026-08-19 17:17:24 | DEBUG    | fgvc.clustering.spherical_kmeans |   Init 2/5: inertia=2.712979
2026-08-19 17:17:24 | DEBUG    | fgvc.clustering.spherical_kmeans |   Init 3/5: inertia=2.750547
2026-08-19 17:17:24 | DEBUG    | fgvc.clustering.spherical_kmeans |   Init 4/5: inertia=2.584167
2026-08-19 17:17:24 | DEBUG    | fgvc.clustering.spherical_kmeans |   Init 5/5: inertia=2.815584
2026-08-19 17:17:24 | DEBUG    | fgvc.clustering.spherical_kmeans |   Init 1/5: inertia=2.498241
2026-08-19 17:17:24 | DEBUG    | fgvc.clustering.spherical_kmeans |   Init 2/5: inertia=2.474521
2026-08-19 17:17:24 | DEBUG    | fgvc.clustering.spherical_kmeans |   Init 3/5: inertia=2.489897
2026-08-19 17:17:24 | DEBUG    | fgvc.clustering.spherical_kmeans |   Init 4/5: inertia=2.617414
2026-08-19 17:17:24 | DEBUG    | fgvc.clustering.spherical_kmeans |   Init 5/5: inertia=2.497917
2026-08-19 17:17:24 | DEBUG    | fgvc.clustering.spherical_kmeans | K selection: best_k=2 | scores={2: {'silhouette': 0.1163, 'compactness': 0.8774, 'score': 0.3214}, 3: {'silhouette': 0.1006, 'compactness': 0.8895, 'score': 0.2505}, 4: {'silhouette': 0.0821, 'compactness': 0.8966, 'score': 0.1767}, 5: {'silhouette': 0.0306, 'compactness': 0.901, 'score': 0.0856}}
2026-08-19 17:17:24 | DEBUG    | fgvc.clustering.spherical_kmeans |   Init 1/10: inertia=3.112481
2026-08-19 17:17:24 | DEBUG    | fgvc.clustering.spherical_kmeans |   Init 2/10: inertia=3.173415
2026-08-19 17:17:24 | DEBUG    | fgvc.clustering.spherical_kmeans |   Init 3/10: inertia=3.198072
2026-08-19 17:17:24 | DEBUG    | fgvc.clustering.spherical_kmeans |   Init 4/10: inertia=3.092982
2026-08-19 17:17:24 | DEBUG    | fgvc.clustering.spherical_kmeans |   Init 5/10: inertia=3.064548
2026-08-19 17:17:24 | DEBUG    | fgvc.clustering.spherical_kmeans |   Init 6/10: inertia=3.062794
2026-08-19 17:17:24 | DEBUG    | fgvc.clustering.spherical_kmeans |   Init 7/10: inertia=3.132517
2026-08-19 17:17:24 | DEBUG    | fgvc.clustering.spherical_kmeans |   Init 8/10: inertia=3.057477
2026-08-19 17:17:24 | DEBUG    | fgvc.clustering.spherical_kmeans |   Init 9/10: inertia=3.082404
2026-08-19 17:17:24 | DEBUG    | fgvc.clustering.spherical_kmeans |   Init 10/10: inertia=3.107532
2026-08-19 17:17:24 | INFO     | fgvc.clustering.spherical_kmeans |   [Florida_Jay] k_selected=2 | k_effective=2 | min_cluster=8 | max_cluster=17
2026-08-19 17:17:24 | INFO     | fgvc.clustering.spherical_kmeans |   [Forsters_Tern] 25 images
2026-08-19 17:17:24 | DEBUG    | fgvc.clustering.spherical_kmeans |   Init 1/5: inertia=3.143771
2026-08-19 17:17:24 | DEBUG    | fgvc.clustering.spherical_kmeans |   Init 2/5: inertia=3.018224
2026-08-19 17:17:24 | DEBUG    | fgvc.clustering.spherical_kmeans |   Init 3/5: inertia=3.031067
2026-08-19 17:17:24 | DEBUG    | fgvc.clustering.spherical_kmeans |   Init 4/5: inertia=3.135465
2026-08-19 17:17:24 | DEBUG    | fgvc.clustering.spherical_kmeans |   Init 5/5: inertia=3.139659
2026-08-19 17:17:24 | DEBUG    | fgvc.clustering.spherical_kmeans |   Init 1/5: inertia=2.856518
2026-08-19 17:17:24 | DEBUG    | fgvc.clustering.spherical_kmeans |   Init 2/5: inertia=2.847427
2026-08-19 17:17:24 | DEBUG    | fgvc.clustering.spherical_kmeans |   Init 3/5: inertia=2.717991
2026-08-19 17:17:24 | DEBUG    | fgvc.clustering.spherical_kmeans |   Init 4/5: inertia=2.795124
2026-08-19 17:17:24 | DEBUG    | fgvc.clustering.spherical_kmeans |   Init 5/5: inertia=2.779229
2026-08-19 17:17:24 | DEBUG    | fgvc.clustering.spherical_kmeans |   Init 1/5: inertia=2.612199
2026-08-19 17:17:24 | DEBUG    | fgvc.clustering.spherical_kmeans |   Init 2/5: inertia=2.523974
2026-08-19 17:17:24 | DEBUG    | fgvc.clustering.spherical_kmeans |   Init 3/5: inertia=2.611735
2026-08-19 17:17:24 | DEBUG    | fgvc.clustering.spherical_kmeans |   Init 4/5: inertia=2.658966
2026-08-19 17:17:24 | DEBUG    | fgvc.clustering.spherical_kmeans |   Init 5/5: inertia=2.690971
2026-08-19 17:17:24 | DEBUG    | fgvc.clustering.spherical_kmeans |   Init 1/5: inertia=2.298909
2026-08-19 17:17:24 | DEBUG    | fgvc.clustering.spherical_kmeans |   Init 2/5: inertia=2.475194
2026-08-19 17:17:24 | DEBUG    | fgvc.clustering.spherical_kmeans |   Init 3/5: inertia=2.411294
2026-08-19 17:17:24 | DEBUG    | fgvc.clustering.spherical_kmeans |   Init 4/5: inertia=2.353020
2026-08-19 17:17:24 | DEBUG    | fgvc.clustering.spherical_kmeans |   Init 5/5: inertia=2.302350
2026-08-19 17:17:24 | DEBUG    | fgvc.clustering.spherical_kmeans | K selection: best_k=2 | scores={2: {'silhouette': 0.1771, 'compactness': 0.8793, 'score': 0.3523}, 3: {'silhouette': 0.1593, 'compactness': 0.8913, 'score': 0.2804}, 4: {'silhouette': 0.1399, 'compactness': 0.899, 'score': 0.2063}, 5: {'silhouette': 0.0943, 'compactness': 0.908, 'score': 0.1196}}
2026-08-19 17:17:24 | DEBUG    | fgvc.clustering.spherical_kmeans |   Init 1/10: inertia=3.143771
2026-08-19 17:17:24 | DEBUG    | fgvc.clustering.spherical_kmeans |   Init 2/10: inertia=3.018224
2026-08-19 17:17:24 | DEBUG    | fgvc.clustering.spherical_kmeans |   Init 3/10: inertia=3.031067
2026-08-19 17:17:24 | DEBUG    | fgvc.clustering.spherical_kmeans |   Init 4/10: inertia=3.135465
2026-08-19 17:17:24 | DEBUG    | fgvc.clustering.spherical_kmeans |   Init 5/10: inertia=3.139659
2026-08-19 17:17:24 | DEBUG    | fgvc.clustering.spherical_kmeans |   Init 6/10: inertia=2.996690
2026-08-19 17:17:24 | DEBUG    | fgvc.clustering.spherical_kmeans |   Init 7/10: inertia=3.166660
2026-08-19 17:17:24 | DEBUG    | fgvc.clustering.spherical_kmeans |   Init 8/10: inertia=2.984107
2026-08-19 17:17:24 | DEBUG    | fgvc.clustering.spherical_kmeans |   Init 9/10: inertia=3.018224
2026-08-19 17:17:24 | DEBUG    | fgvc.clustering.spherical_kmeans |   Init 10/10: inertia=3.076678
2026-08-19 17:17:24 | INFO     | fgvc.clustering.spherical_kmeans |   [Forsters_Tern] k_selected=2 | k_effective=2 | min_cluster=7 | max_cluster=18
2026-08-19 17:17:24 | INFO     | fgvc.clustering.spherical_kmeans |   [Fox_Sparrow] 25 images
2026-08-19 17:17:24 | DEBUG    | fgvc.clustering.spherical_kmeans |   Init 1/5: inertia=2.242290
2026-08-19 17:17:24 | DEBUG    | fgvc.clustering.spherical_kmeans |   Init 2/5: inertia=2.548847
2026-08-19 17:17:24 | DEBUG    | fgvc.clustering.spherical_kmeans |   Init 3/5: inertia=2.242290
2026-08-19 17:17:24 | DEBUG    | fgvc.clustering.spherical_kmeans |   Init 4/5: inertia=2.289356
2026-08-19 17:17:24 | DEBUG    | fgvc.clustering.spherical_kmeans |   Init 5/5: inertia=2.274399
2026-08-19 17:17:24 | DEBUG    | fgvc.clustering.spherical_kmeans |   Init 1/5: inertia=2.151295
2026-08-19 17:17:24 | DEBUG    | fgvc.clustering.spherical_kmeans |   Init 2/5: inertia=2.060901
2026-08-19 17:17:24 | DEBUG    | fgvc.clustering.spherical_kmeans |   Init 3/5: inertia=2.108306
2026-08-19 17:17:24 | DEBUG    | fgvc.clustering.spherical_kmeans |   Init 4/5: inertia=2.085080
2026-08-19 17:17:24 | DEBUG    | fgvc.clustering.spherical_kmeans |   Init 5/5: inertia=2.049773
2026-08-19 17:17:24 | DEBUG    | fgvc.clustering.spherical_kmeans |   Init 1/5: inertia=1.908128
2026-08-19 17:17:24 | DEBUG    | fgvc.clustering.spherical_kmeans |   Init 2/5: inertia=1.976258
2026-08-19 17:17:24 | DEBUG    | fgvc.clustering.spherical_kmeans |   Init 3/5: inertia=1.973772
2026-08-19 17:17:24 | DEBUG    | fgvc.clustering.spherical_kmeans |   Init 4/5: inertia=1.994495
2026-08-19 17:17:24 | DEBUG    | fgvc.clustering.spherical_kmeans |   Init 5/5: inertia=1.803976
2026-08-19 17:17:24 | DEBUG    | fgvc.clustering.spherical_kmeans |   Init 1/5: inertia=1.618968
2026-08-19 17:17:24 | DEBUG    | fgvc.clustering.spherical_kmeans |   Init 2/5: inertia=1.796881
2026-08-19 17:17:24 | DEBUG    | fgvc.clustering.spherical_kmeans |   Init 3/5: inertia=1.810930
2026-08-19 17:17:24 | DEBUG    | fgvc.clustering.spherical_kmeans |   Init 4/5: inertia=1.717718
2026-08-19 17:17:24 | DEBUG    | fgvc.clustering.spherical_kmeans |   Init 5/5: inertia=1.863406
2026-08-19 17:17:24 | DEBUG    | fgvc.clustering.spherical_kmeans | K selection: best_k=2 | scores={2: {'silhouette': 0.2505, 'compactness': 0.9103, 'score': 0.3983}, 3: {'silhouette': 0.2341, 'compactness': 0.918, 'score': 0.3258}, 4: {'silhouette': 0.2447, 'compactness': 0.9278, 'score': 0.2674}, 5: {'silhouette': 0.1824, 'compactness': 0.9352, 'score': 0.1718}}
2026-08-19 17:17:24 | DEBUG    | fgvc.clustering.spherical_kmeans |   Init 1/10: inertia=2.242290
2026-08-19 17:17:24 | DEBUG    | fgvc.clustering.spherical_kmeans |   Init 2/10: inertia=2.548847
2026-08-19 17:17:24 | DEBUG    | fgvc.clustering.spherical_kmeans |   Init 3/10: inertia=2.242290
2026-08-19 17:17:24 | DEBUG    | fgvc.clustering.spherical_kmeans |   Init 4/10: inertia=2.289356
2026-08-19 17:17:24 | DEBUG    | fgvc.clustering.spherical_kmeans |   Init 5/10: inertia=2.274399
2026-08-19 17:17:24 | DEBUG    | fgvc.clustering.spherical_kmeans |   Init 6/10: inertia=2.274399
2026-08-19 17:17:24 | DEBUG    | fgvc.clustering.spherical_kmeans |   Init 7/10: inertia=2.242290
2026-08-19 17:17:24 | DEBUG    | fgvc.clustering.spherical_kmeans |   Init 8/10: inertia=2.242290
2026-08-19 17:17:24 | DEBUG    | fgvc.clustering.spherical_kmeans |   Init 9/10: inertia=2.242290
2026-08-19 17:17:24 | DEBUG    | fgvc.clustering.spherical_kmeans |   Init 10/10: inertia=2.552202
2026-08-19 17:17:24 | INFO     | fgvc.clustering.spherical_kmeans |   [Fox_Sparrow] k_selected=2 | k_effective=2 | min_cluster=10 | max_cluster=15
2026-08-19 17:17:24 | INFO     | fgvc.clustering.spherical_kmeans |   [Frigatebird] 25 images
2026-08-19 17:17:24 | DEBUG    | fgvc.clustering.spherical_kmeans |   Init 1/5: inertia=3.485816
2026-08-19 17:17:24 | DEBUG    | fgvc.clustering.spherical_kmeans |   Init 2/5: inertia=3.547128
2026-08-19 17:17:24 | DEBUG    | fgvc.clustering.spherical_kmeans |   Init 3/5: inertia=3.485816
2026-08-19 17:17:24 | DEBUG    | fgvc.clustering.spherical_kmeans |   Init 4/5: inertia=3.523160
2026-08-19 17:17:24 | DEBUG    | fgvc.clustering.spherical_kmeans |   Init 5/5: inertia=3.505245
2026-08-19 17:17:24 | DEBUG    | fgvc.clustering.spherical_kmeans |   Init 1/5: inertia=3.098331
2026-08-19 17:17:24 | DEBUG    | fgvc.clustering.spherical_kmeans |   Init 2/5: inertia=3.196038
2026-08-19 17:17:24 | DEBUG    | fgvc.clustering.spherical_kmeans |   Init 3/5: inertia=3.192052
2026-08-19 17:17:24 | DEBUG    | fgvc.clustering.spherical_kmeans |   Init 4/5: inertia=3.223319
2026-08-19 17:17:24 | DEBUG    | fgvc.clustering.spherical_kmeans |   Init 5/5: inertia=3.212372
2026-08-19 17:17:24 | DEBUG    | fgvc.clustering.spherical_kmeans |   Init 1/5: inertia=2.951669
2026-08-19 17:17:24 | DEBUG    | fgvc.clustering.spherical_kmeans |   Init 2/5: inertia=3.068634
2026-08-19 17:17:24 | DEBUG    | fgvc.clustering.spherical_kmeans |   Init 3/5: inertia=2.903678
2026-08-19 17:17:24 | DEBUG    | fgvc.clustering.spherical_kmeans |   Init 4/5: inertia=3.118283
2026-08-19 17:17:24 | DEBUG    | fgvc.clustering.spherical_kmeans |   Init 5/5: inertia=2.894549
2026-08-19 17:17:24 | DEBUG    | fgvc.clustering.spherical_kmeans |   Init 1/5: inertia=2.790719
2026-08-19 17:17:24 | DEBUG    | fgvc.clustering.spherical_kmeans |   Init 2/5: inertia=2.708298
2026-08-19 17:17:24 | DEBUG    | fgvc.clustering.spherical_kmeans |   Init 3/5: inertia=2.575965
2026-08-19 17:17:24 | DEBUG    | fgvc.clustering.spherical_kmeans |   Init 4/5: inertia=2.733489
2026-08-19 17:17:24 | DEBUG    | fgvc.clustering.spherical_kmeans |   Init 5/5: inertia=2.865697
2026-08-19 17:17:24 | DEBUG    | fgvc.clustering.spherical_kmeans | K selection: best_k=2 | scores={2: {'silhouette': 0.2828, 'compactness': 0.8606, 'score': 0.3996}, 3: {'silhouette': 0.1947, 'compactness': 0.8761, 'score': 0.2935}, 4: {'silhouette': 0.1454, 'compactness': 0.8842, 'score': 0.2047}, 5: {'silhouette': 0.2066, 'compactness': 0.897, 'score': 0.1724}}
2026-08-19 17:17:24 | DEBUG    | fgvc.clustering.spherical_kmeans |   Init 1/10: inertia=3.485816
2026-08-19 17:17:24 | DEBUG    | fgvc.clustering.spherical_kmeans |   Init 2/10: inertia=3.547128
2026-08-19 17:17:24 | DEBUG    | fgvc.clustering.spherical_kmeans |   Init 3/10: inertia=3.485816
2026-08-19 17:17:24 | DEBUG    | fgvc.clustering.spherical_kmeans |   Init 4/10: inertia=3.523160
2026-08-19 17:17:24 | DEBUG    | fgvc.clustering.spherical_kmeans |   Init 5/10: inertia=3.505245
2026-08-19 17:17:24 | DEBUG    | fgvc.clustering.spherical_kmeans |   Init 6/10: inertia=3.519350
2026-08-19 17:17:24 | DEBUG    | fgvc.clustering.spherical_kmeans |   Init 7/10: inertia=3.547128
2026-08-19 17:17:24 | DEBUG    | fgvc.clustering.spherical_kmeans |   Init 8/10: inertia=3.505245
2026-08-19 17:17:24 | DEBUG    | fgvc.clustering.spherical_kmeans |   Init 9/10: inertia=3.523160
2026-08-19 17:17:24 | DEBUG    | fgvc.clustering.spherical_kmeans |   Init 10/10: inertia=3.488763
2026-08-19 17:17:24 | INFO     | fgvc.clustering.spherical_kmeans |   [Frigatebird] k_selected=2 | k_effective=2 | min_cluster=9 | max_cluster=16
2026-08-19 17:17:24 | INFO     | fgvc.clustering.spherical_kmeans |   [Gadwall] 25 images
2026-08-19 17:17:24 | DEBUG    | fgvc.clustering.spherical_kmeans |   Init 1/5: inertia=2.789676
2026-08-19 17:17:24 | DEBUG    | fgvc.clustering.spherical_kmeans |   Init 2/5: inertia=2.767118
2026-08-19 17:17:24 | DEBUG    | fgvc.clustering.spherical_kmeans |   Init 3/5: inertia=2.820392
2026-08-19 17:17:24 | DEBUG    | fgvc.clustering.spherical_kmeans |   Init 4/5: inertia=2.743155
2026-08-19 17:17:24 | DEBUG    | fgvc.clustering.spherical_kmeans |   Init 5/5: inertia=2.844355
2026-08-19 17:17:24 | DEBUG    | fgvc.clustering.spherical_kmeans |   Init 1/5: inertia=2.416160
2026-08-19 17:17:24 | DEBUG    | fgvc.clustering.spherical_kmeans |   Init 2/5: inertia=2.558599
2026-08-19 17:17:24 | DEBUG    | fgvc.clustering.spherical_kmeans |   Init 3/5: inertia=2.607727
2026-08-19 17:17:24 | DEBUG    | fgvc.clustering.spherical_kmeans |   Init 4/5: inertia=2.643267
2026-08-19 17:17:24 | DEBUG    | fgvc.clustering.spherical_kmeans |   Init 5/5: inertia=2.630408
2026-08-19 17:17:24 | DEBUG    | fgvc.clustering.spherical_kmeans |   Init 1/5: inertia=2.143261
2026-08-19 17:17:24 | DEBUG    | fgvc.clustering.spherical_kmeans |   Init 2/5: inertia=2.135133
2026-08-19 17:17:24 | DEBUG    | fgvc.clustering.spherical_kmeans |   Init 3/5: inertia=2.285781
2026-08-19 17:17:24 | DEBUG    | fgvc.clustering.spherical_kmeans |   Init 4/5: inertia=2.337359
2026-08-19 17:17:24 | DEBUG    | fgvc.clustering.spherical_kmeans |   Init 5/5: inertia=2.373534
2026-08-19 17:17:24 | DEBUG    | fgvc.clustering.spherical_kmeans |   Init 1/5: inertia=1.994996
2026-08-19 17:17:24 | DEBUG    | fgvc.clustering.spherical_kmeans |   Init 2/5: inertia=1.999661
2026-08-19 17:17:24 | DEBUG    | fgvc.clustering.spherical_kmeans |   Init 3/5: inertia=2.299041
2026-08-19 17:17:24 | DEBUG    | fgvc.clustering.spherical_kmeans |   Init 4/5: inertia=2.107607
2026-08-19 17:17:24 | DEBUG    | fgvc.clustering.spherical_kmeans |   Init 5/5: inertia=2.113238
2026-08-19 17:17:24 | DEBUG    | fgvc.clustering.spherical_kmeans | K selection: best_k=2 | scores={2: {'silhouette': 0.2225, 'compactness': 0.8903, 'score': 0.3783}, 3: {'silhouette': 0.297, 'compactness': 0.9034, 'score': 0.3528}, 4: {'silhouette': 0.277, 'compactness': 0.9146, 'score': 0.2795}, 5: {'silhouette': 0.222, 'compactness': 0.9202, 'score': 0.1871}}
2026-08-19 17:17:24 | DEBUG    | fgvc.clustering.spherical_kmeans |   Init 1/10: inertia=2.789676
2026-08-19 17:17:24 | DEBUG    | fgvc.clustering.spherical_kmeans |   Init 2/10: inertia=2.767118
2026-08-19 17:17:24 | DEBUG    | fgvc.clustering.spherical_kmeans |   Init 3/10: inertia=2.820392
2026-08-19 17:17:24 | DEBUG    | fgvc.clustering.spherical_kmeans |   Init 4/10: inertia=2.743155
2026-08-19 17:17:24 | DEBUG    | fgvc.clustering.spherical_kmeans |   Init 5/10: inertia=2.844355
2026-08-19 17:17:24 | DEBUG    | fgvc.clustering.spherical_kmeans |   Init 6/10: inertia=2.789676
2026-08-19 17:17:24 | DEBUG    | fgvc.clustering.spherical_kmeans |   Init 7/10: inertia=2.678684
2026-08-19 17:17:24 | DEBUG    | fgvc.clustering.spherical_kmeans |   Init 8/10: inertia=2.743155
2026-08-19 17:17:24 | DEBUG    | fgvc.clustering.spherical_kmeans |   Init 9/10: inertia=2.712473
2026-08-19 17:17:24 | DEBUG    | fgvc.clustering.spherical_kmeans |   Init 10/10: inertia=2.789882
2026-08-19 17:17:24 | INFO     | fgvc.clustering.spherical_kmeans |   [Gadwall] k_selected=2 | k_effective=2 | min_cluster=9 | max_cluster=16
2026-08-19 17:17:24 | INFO     | fgvc.clustering.spherical_kmeans |   [Geococcyx] 25 images
2026-08-19 17:17:24 | DEBUG    | fgvc.clustering.spherical_kmeans |   Init 1/5: inertia=2.682577
2026-08-19 17:17:24 | DEBUG    | fgvc.clustering.spherical_kmeans |   Init 2/5: inertia=2.708954
2026-08-19 17:17:24 | DEBUG    | fgvc.clustering.spherical_kmeans |   Init 3/5: inertia=2.688471
2026-08-19 17:17:24 | DEBUG    | fgvc.clustering.spherical_kmeans |   Init 4/5: inertia=2.740113
2026-08-19 17:17:24 | DEBUG    | fgvc.clustering.spherical_kmeans |   Init 5/5: inertia=2.642743
2026-08-19 17:17:24 | DEBUG    | fgvc.clustering.spherical_kmeans |   Init 1/5: inertia=2.423132
2026-08-19 17:17:24 | DEBUG    | fgvc.clustering.spherical_kmeans |   Init 2/5: inertia=2.513651
2026-08-19 17:17:24 | DEBUG    | fgvc.clustering.spherical_kmeans |   Init 3/5: inertia=2.418919
2026-08-19 17:17:24 | DEBUG    | fgvc.clustering.spherical_kmeans |   Init 4/5: inertia=2.560767
2026-08-19 17:17:24 | DEBUG    | fgvc.clustering.spherical_kmeans |   Init 5/5: inertia=2.534187
2026-08-19 17:17:24 | DEBUG    | fgvc.clustering.spherical_kmeans |   Init 1/5: inertia=2.263502
2026-08-19 17:17:24 | DEBUG    | fgvc.clustering.spherical_kmeans |   Init 2/5: inertia=2.355725
2026-08-19 17:17:24 | DEBUG    | fgvc.clustering.spherical_kmeans |   Init 3/5: inertia=2.286863
2026-08-19 17:17:24 | DEBUG    | fgvc.clustering.spherical_kmeans |   Init 4/5: inertia=2.330734
2026-08-19 17:17:24 | DEBUG    | fgvc.clustering.spherical_kmeans |   Init 5/5: inertia=2.296303
2026-08-19 17:17:24 | DEBUG    | fgvc.clustering.spherical_kmeans |   Init 1/5: inertia=2.005493
2026-08-19 17:17:24 | DEBUG    | fgvc.clustering.spherical_kmeans |   Init 2/5: inertia=2.184849
2026-08-19 17:17:24 | DEBUG    | fgvc.clustering.spherical_kmeans |   Init 3/5: inertia=2.138619
2026-08-19 17:17:24 | DEBUG    | fgvc.clustering.spherical_kmeans |   Init 4/5: inertia=2.100006
2026-08-19 17:17:24 | DEBUG    | fgvc.clustering.spherical_kmeans |   Init 5/5: inertia=2.181634
2026-08-19 17:17:24 | DEBUG    | fgvc.clustering.spherical_kmeans | K selection: best_k=2 | scores={2: {'silhouette': 0.2358, 'compactness': 0.8943, 'score': 0.3862}, 3: {'silhouette': 0.1003, 'compactness': 0.9032, 'score': 0.2545}, 4: {'silhouette': 0.0707, 'compactness': 0.9095, 'score': 0.1749}, 5: {'silhouette': 0.0968, 'compactness': 0.9198, 'score': 0.1243}}
2026-08-19 17:17:24 | DEBUG    | fgvc.clustering.spherical_kmeans |   Init 1/10: inertia=2.682577
2026-08-19 17:17:24 | DEBUG    | fgvc.clustering.spherical_kmeans |   Init 2/10: inertia=2.708954
2026-08-19 17:17:24 | DEBUG    | fgvc.clustering.spherical_kmeans |   Init 3/10: inertia=2.688471
2026-08-19 17:17:24 | DEBUG    | fgvc.clustering.spherical_kmeans |   Init 4/10: inertia=2.740113
2026-08-19 17:17:24 | DEBUG    | fgvc.clustering.spherical_kmeans |   Init 5/10: inertia=2.642743
2026-08-19 17:17:24 | DEBUG    | fgvc.clustering.spherical_kmeans |   Init 6/10: inertia=2.688471
2026-08-19 17:17:24 | DEBUG    | fgvc.clustering.spherical_kmeans |   Init 7/10: inertia=2.681385
2026-08-19 17:17:24 | DEBUG    | fgvc.clustering.spherical_kmeans |   Init 8/10: inertia=2.623274
2026-08-19 17:17:24 | DEBUG    | fgvc.clustering.spherical_kmeans |   Init 9/10: inertia=2.728902
2026-08-19 17:17:24 | DEBUG    | fgvc.clustering.spherical_kmeans |   Init 10/10: inertia=2.677239
2026-08-19 17:17:24 | INFO     | fgvc.clustering.spherical_kmeans |   [Geococcyx] k_selected=2 | k_effective=2 | min_cluster=7 | max_cluster=18
2026-08-19 17:17:24 | INFO     | fgvc.clustering.spherical_kmeans |   [Glaucous_winged_Gull] 25 images
2026-08-19 17:17:24 | DEBUG    | fgvc.clustering.spherical_kmeans |   Init 1/5: inertia=3.945496
2026-08-19 17:17:24 | DEBUG    | fgvc.clustering.spherical_kmeans |   Init 2/5: inertia=4.171752
2026-08-19 17:17:24 | DEBUG    | fgvc.clustering.spherical_kmeans |   Init 3/5: inertia=3.981505
2026-08-19 17:17:24 | DEBUG    | fgvc.clustering.spherical_kmeans |   Init 4/5: inertia=4.190887
2026-08-19 17:17:24 | DEBUG    | fgvc.clustering.spherical_kmeans |   Init 5/5: inertia=4.156421
2026-08-19 17:17:24 | DEBUG    | fgvc.clustering.spherical_kmeans |   Init 1/5: inertia=3.580724
2026-08-19 17:17:24 | DEBUG    | fgvc.clustering.spherical_kmeans |   Init 2/5: inertia=3.723768
2026-08-19 17:17:24 | DEBUG    | fgvc.clustering.spherical_kmeans |   Init 3/5: inertia=3.931723
2026-08-19 17:17:24 | DEBUG    | fgvc.clustering.spherical_kmeans |   Init 4/5: inertia=3.565188
2026-08-19 17:17:24 | DEBUG    | fgvc.clustering.spherical_kmeans |   Init 5/5: inertia=3.685138
2026-08-19 17:17:24 | DEBUG    | fgvc.clustering.spherical_kmeans |   Init 1/5: inertia=3.224786
2026-08-19 17:17:24 | DEBUG    | fgvc.clustering.spherical_kmeans |   Init 2/5: inertia=3.630941
2026-08-19 17:17:24 | DEBUG    | fgvc.clustering.spherical_kmeans |   Init 3/5: inertia=3.407146
2026-08-19 17:17:24 | DEBUG    | fgvc.clustering.spherical_kmeans |   Init 4/5: inertia=3.509646
2026-08-19 17:17:24 | DEBUG    | fgvc.clustering.spherical_kmeans |   Init 5/5: inertia=3.403460
2026-08-19 17:17:24 | DEBUG    | fgvc.clustering.spherical_kmeans |   Init 1/5: inertia=3.056725
2026-08-19 17:17:24 | DEBUG    | fgvc.clustering.spherical_kmeans |   Init 2/5: inertia=3.401737
2026-08-19 17:17:24 | DEBUG    | fgvc.clustering.spherical_kmeans |   Init 3/5: inertia=3.239217
2026-08-19 17:17:24 | DEBUG    | fgvc.clustering.spherical_kmeans |   Init 4/5: inertia=2.955898
2026-08-19 17:17:24 | DEBUG    | fgvc.clustering.spherical_kmeans |   Init 5/5: inertia=3.437599
2026-08-19 17:17:24 | DEBUG    | fgvc.clustering.spherical_kmeans | K selection: best_k=2 | scores={2: {'silhouette': 0.4395, 'compactness': 0.8422, 'score': 0.4724}, 3: {'silhouette': 0.0934, 'compactness': 0.8574, 'score': 0.2373}, 4: {'silhouette': 0.0648, 'compactness': 0.871, 'score': 0.1604}, 5: {'silhouette': 0.0837, 'compactness': 0.8818, 'score': 0.1064}}
2026-08-19 17:17:24 | DEBUG    | fgvc.clustering.spherical_kmeans |   Init 1/10: inertia=3.945496
2026-08-19 17:17:24 | DEBUG    | fgvc.clustering.spherical_kmeans |   Init 2/10: inertia=4.171752
2026-08-19 17:17:24 | DEBUG    | fgvc.clustering.spherical_kmeans |   Init 3/10: inertia=3.981505
2026-08-19 17:17:24 | DEBUG    | fgvc.clustering.spherical_kmeans |   Init 4/10: inertia=4.190887
2026-08-19 17:17:24 | DEBUG    | fgvc.clustering.spherical_kmeans |   Init 5/10: inertia=4.156421
2026-08-19 17:17:24 | DEBUG    | fgvc.clustering.spherical_kmeans |   Init 6/10: inertia=4.169316
2026-08-19 17:17:24 | DEBUG    | fgvc.clustering.spherical_kmeans |   Init 7/10: inertia=4.121569
2026-08-19 17:17:24 | DEBUG    | fgvc.clustering.spherical_kmeans |   Init 8/10: inertia=3.945496
2026-08-19 17:17:24 | DEBUG    | fgvc.clustering.spherical_kmeans |   Init 9/10: inertia=4.021965
2026-08-19 17:17:24 | DEBUG    | fgvc.clustering.spherical_kmeans |   Init 10/10: inertia=3.945496
2026-08-19 17:17:24 | INFO     | fgvc.clustering.spherical_kmeans |   [Glaucous_winged_Gull] k_selected=2 | k_effective=1 | min_cluster=25 | max_cluster=25
2026-08-19 17:17:24 | INFO     | fgvc.clustering.spherical_kmeans |   [Golden_winged_Warbler] 25 images
2026-08-19 17:17:24 | DEBUG    | fgvc.clustering.spherical_kmeans |   Init 1/5: inertia=1.929451
2026-08-19 17:17:24 | DEBUG    | fgvc.clustering.spherical_kmeans |   Init 2/5: inertia=1.854080
2026-08-19 17:17:24 | DEBUG    | fgvc.clustering.spherical_kmeans |   Init 3/5: inertia=1.820678
2026-08-19 17:17:24 | DEBUG    | fgvc.clustering.spherical_kmeans |   Init 4/5: inertia=1.890426
2026-08-19 17:17:24 | DEBUG    | fgvc.clustering.spherical_kmeans |   Init 5/5: inertia=1.890885
2026-08-19 17:17:24 | DEBUG    | fgvc.clustering.spherical_kmeans |   Init 1/5: inertia=1.713343
2026-08-19 17:17:24 | DEBUG    | fgvc.clustering.spherical_kmeans |   Init 2/5: inertia=1.793206
2026-08-19 17:17:24 | DEBUG    | fgvc.clustering.spherical_kmeans |   Init 3/5: inertia=1.736128
2026-08-19 17:17:24 | DEBUG    | fgvc.clustering.spherical_kmeans |   Init 4/5: inertia=1.674824
2026-08-19 17:17:24 | DEBUG    | fgvc.clustering.spherical_kmeans |   Init 5/5: inertia=1.620223
2026-08-19 17:17:24 | DEBUG    | fgvc.clustering.spherical_kmeans |   Init 1/5: inertia=1.472825
2026-08-19 17:17:24 | DEBUG    | fgvc.clustering.spherical_kmeans |   Init 2/5: inertia=1.629697
2026-08-19 17:17:24 | DEBUG    | fgvc.clustering.spherical_kmeans |   Init 3/5: inertia=1.532870
2026-08-19 17:17:24 | DEBUG    | fgvc.clustering.spherical_kmeans |   Init 4/5: inertia=1.543719
2026-08-19 17:17:24 | DEBUG    | fgvc.clustering.spherical_kmeans |   Init 5/5: inertia=1.537745
2026-08-19 17:17:24 | DEBUG    | fgvc.clustering.spherical_kmeans |   Init 1/5: inertia=1.340186
2026-08-19 17:17:24 | DEBUG    | fgvc.clustering.spherical_kmeans |   Init 2/5: inertia=1.431163
2026-08-19 17:17:24 | DEBUG    | fgvc.clustering.spherical_kmeans |   Init 3/5: inertia=1.363587
2026-08-19 17:17:24 | DEBUG    | fgvc.clustering.spherical_kmeans |   Init 4/5: inertia=1.435943
2026-08-19 17:17:24 | DEBUG    | fgvc.clustering.spherical_kmeans |   Init 5/5: inertia=1.408409
2026-08-19 17:17:24 | DEBUG    | fgvc.clustering.spherical_kmeans | K selection: best_k=2 | scores={2: {'silhouette': 0.2122, 'compactness': 0.9272, 'score': 0.3842}, 3: {'silhouette': 0.1513, 'compactness': 0.9352, 'score': 0.2895}, 4: {'silhouette': 0.1636, 'compactness': 0.9411, 'score': 0.2308}, 5: {'silhouette': 0.0998, 'compactness': 0.9464, 'score': 0.1338}}
2026-08-19 17:17:24 | DEBUG    | fgvc.clustering.spherical_kmeans |   Init 1/10: inertia=1.929451
2026-08-19 17:17:24 | DEBUG    | fgvc.clustering.spherical_kmeans |   Init 2/10: inertia=1.854080
2026-08-19 17:17:24 | DEBUG    | fgvc.clustering.spherical_kmeans |   Init 3/10: inertia=1.820678
2026-08-19 17:17:24 | DEBUG    | fgvc.clustering.spherical_kmeans |   Init 4/10: inertia=1.890426
2026-08-19 17:17:24 | DEBUG    | fgvc.clustering.spherical_kmeans |   Init 5/10: inertia=1.890885
2026-08-19 17:17:24 | DEBUG    | fgvc.clustering.spherical_kmeans |   Init 6/10: inertia=1.923238
2026-08-19 17:17:24 | DEBUG    | fgvc.clustering.spherical_kmeans |   Init 7/10: inertia=1.893742
2026-08-19 17:17:24 | DEBUG    | fgvc.clustering.spherical_kmeans |   Init 8/10: inertia=1.854080
2026-08-19 17:17:24 | DEBUG    | fgvc.clustering.spherical_kmeans |   Init 9/10: inertia=1.838239
2026-08-19 17:17:24 | DEBUG    | fgvc.clustering.spherical_kmeans |   Init 10/10: inertia=1.815320
2026-08-19 17:17:24 | INFO     | fgvc.clustering.spherical_kmeans |   [Golden_winged_Warbler] k_selected=2 | k_effective=2 | min_cluster=7 | max_cluster=18
2026-08-19 17:17:24 | INFO     | fgvc.clustering.spherical_kmeans |   [Grasshopper_Sparrow] 25 images
2026-08-19 17:17:24 | DEBUG    | fgvc.clustering.spherical_kmeans |   Init 1/5: inertia=3.851940
2026-08-19 17:17:24 | DEBUG    | fgvc.clustering.spherical_kmeans |   Init 2/5: inertia=3.879226
2026-08-19 17:17:24 | DEBUG    | fgvc.clustering.spherical_kmeans |   Init 3/5: inertia=3.888584
2026-08-19 17:17:24 | DEBUG    | fgvc.clustering.spherical_kmeans |   Init 4/5: inertia=3.910609
2026-08-19 17:17:24 | DEBUG    | fgvc.clustering.spherical_kmeans |   Init 5/5: inertia=3.980221
2026-08-19 17:17:24 | DEBUG    | fgvc.clustering.spherical_kmeans |   Init 1/5: inertia=3.641195
2026-08-19 17:17:24 | DEBUG    | fgvc.clustering.spherical_kmeans |   Init 2/5: inertia=3.593026
2026-08-19 17:17:24 | DEBUG    | fgvc.clustering.spherical_kmeans |   Init 3/5: inertia=3.624496
2026-08-19 17:17:24 | DEBUG    | fgvc.clustering.spherical_kmeans |   Init 4/5: inertia=3.615088
2026-08-19 17:17:24 | DEBUG    | fgvc.clustering.spherical_kmeans |   Init 5/5: inertia=3.730940
2026-08-19 17:17:24 | DEBUG    | fgvc.clustering.spherical_kmeans |   Init 1/5: inertia=3.328858
2026-08-19 17:17:24 | DEBUG    | fgvc.clustering.spherical_kmeans |   Init 2/5: inertia=3.527950
2026-08-19 17:17:24 | DEBUG    | fgvc.clustering.spherical_kmeans |   Init 3/5: inertia=3.234451
2026-08-19 17:17:24 | DEBUG    | fgvc.clustering.spherical_kmeans |   Init 4/5: inertia=3.398750
2026-08-19 17:17:24 | DEBUG    | fgvc.clustering.spherical_kmeans |   Init 5/5: inertia=3.405614
2026-08-19 17:17:24 | DEBUG    | fgvc.clustering.spherical_kmeans |   Init 1/5: inertia=3.026968
2026-08-19 17:17:24 | DEBUG    | fgvc.clustering.spherical_kmeans |   Init 2/5: inertia=3.277526
2026-08-19 17:17:24 | DEBUG    | fgvc.clustering.spherical_kmeans |   Init 3/5: inertia=3.073922
2026-08-19 17:17:24 | DEBUG    | fgvc.clustering.spherical_kmeans |   Init 4/5: inertia=3.130275
2026-08-19 17:17:24 | DEBUG    | fgvc.clustering.spherical_kmeans |   Init 5/5: inertia=3.092449
2026-08-19 17:17:24 | DEBUG    | fgvc.clustering.spherical_kmeans | K selection: best_k=2 | scores={2: {'silhouette': 0.1071, 'compactness': 0.8459, 'score': 0.3073}, 3: {'silhouette': 0.0682, 'compactness': 0.8563, 'score': 0.2243}, 4: {'silhouette': 0.0943, 'compactness': 0.8706, 'score': 0.175}, 5: {'silhouette': 0.087, 'compactness': 0.8789, 'score': 0.1072}}
2026-08-19 17:17:24 | DEBUG    | fgvc.clustering.spherical_kmeans |   Init 1/10: inertia=3.851940
2026-08-19 17:17:24 | DEBUG    | fgvc.clustering.spherical_kmeans |   Init 2/10: inertia=3.879226
2026-08-19 17:17:24 | DEBUG    | fgvc.clustering.spherical_kmeans |   Init 3/10: inertia=3.888584
2026-08-19 17:17:24 | DEBUG    | fgvc.clustering.spherical_kmeans |   Init 4/10: inertia=3.910609
2026-08-19 17:17:24 | DEBUG    | fgvc.clustering.spherical_kmeans |   Init 5/10: inertia=3.980221
2026-08-19 17:17:24 | DEBUG    | fgvc.clustering.spherical_kmeans |   Init 6/10: inertia=3.971972
2026-08-19 17:17:24 | DEBUG    | fgvc.clustering.spherical_kmeans |   Init 7/10: inertia=3.876095
2026-08-19 17:17:24 | DEBUG    | fgvc.clustering.spherical_kmeans |   Init 8/10: inertia=3.862134
2026-08-19 17:17:24 | DEBUG    | fgvc.clustering.spherical_kmeans |   Init 9/10: inertia=3.882497
2026-08-19 17:17:24 | DEBUG    | fgvc.clustering.spherical_kmeans |   Init 10/10: inertia=3.850753
2026-08-19 17:17:24 | INFO     | fgvc.clustering.spherical_kmeans |   [Grasshopper_Sparrow] k_selected=2 | k_effective=2 | min_cluster=11 | max_cluster=14
2026-08-19 17:17:24 | INFO     | fgvc.clustering.spherical_kmeans |   [Gray_Catbird] 25 images
2026-08-19 17:17:24 | DEBUG    | fgvc.clustering.spherical_kmeans |   Init 1/5: inertia=3.107239
2026-08-19 17:17:24 | DEBUG    | fgvc.clustering.spherical_kmeans |   Init 2/5: inertia=3.101991
2026-08-19 17:17:24 | DEBUG    | fgvc.clustering.spherical_kmeans |   Init 3/5: inertia=3.135814
2026-08-19 17:17:24 | DEBUG    | fgvc.clustering.spherical_kmeans |   Init 4/5: inertia=3.150814
2026-08-19 17:17:24 | DEBUG    | fgvc.clustering.spherical_kmeans |   Init 5/5: inertia=3.120539
2026-08-19 17:17:24 | DEBUG    | fgvc.clustering.spherical_kmeans |   Init 1/5: inertia=2.879340
2026-08-19 17:17:24 | DEBUG    | fgvc.clustering.spherical_kmeans |   Init 2/5: inertia=2.853759
2026-08-19 17:17:24 | DEBUG    | fgvc.clustering.spherical_kmeans |   Init 3/5: inertia=2.910019
2026-08-19 17:17:24 | DEBUG    | fgvc.clustering.spherical_kmeans |   Init 4/5: inertia=2.954288
2026-08-19 17:17:24 | DEBUG    | fgvc.clustering.spherical_kmeans |   Init 5/5: inertia=2.916764
2026-08-19 17:17:24 | DEBUG    | fgvc.clustering.spherical_kmeans |   Init 1/5: inertia=2.787525
2026-08-19 17:17:24 | DEBUG    | fgvc.clustering.spherical_kmeans |   Init 2/5: inertia=2.686113
2026-08-19 17:17:24 | DEBUG    | fgvc.clustering.spherical_kmeans |   Init 3/5: inertia=2.643227
2026-08-19 17:17:24 | DEBUG    | fgvc.clustering.spherical_kmeans |   Init 4/5: inertia=2.721725
2026-08-19 17:17:24 | DEBUG    | fgvc.clustering.spherical_kmeans |   Init 5/5: inertia=2.671782
2026-08-19 17:17:24 | DEBUG    | fgvc.clustering.spherical_kmeans |   Init 1/5: inertia=2.545079
2026-08-19 17:17:24 | DEBUG    | fgvc.clustering.spherical_kmeans |   Init 2/5: inertia=2.442479
2026-08-19 17:17:24 | DEBUG    | fgvc.clustering.spherical_kmeans |   Init 3/5: inertia=2.543096
2026-08-19 17:17:24 | DEBUG    | fgvc.clustering.spherical_kmeans |   Init 4/5: inertia=2.466346
2026-08-19 17:17:24 | DEBUG    | fgvc.clustering.spherical_kmeans |   Init 5/5: inertia=2.478234
2026-08-19 17:17:24 | DEBUG    | fgvc.clustering.spherical_kmeans | K selection: best_k=2 | scores={2: {'silhouette': 0.1065, 'compactness': 0.8759, 'score': 0.316}, 3: {'silhouette': 0.0671, 'compactness': 0.8858, 'score': 0.2327}, 4: {'silhouette': 0.0766, 'compactness': 0.8943, 'score': 0.1732}, 5: {'silhouette': 0.06, 'compactness': 0.9023, 'score': 0.1007}}
2026-08-19 17:17:24 | DEBUG    | fgvc.clustering.spherical_kmeans |   Init 1/10: inertia=3.107239
2026-08-19 17:17:24 | DEBUG    | fgvc.clustering.spherical_kmeans |   Init 2/10: inertia=3.101991
2026-08-19 17:17:24 | DEBUG    | fgvc.clustering.spherical_kmeans |   Init 3/10: inertia=3.135814
2026-08-19 17:17:24 | DEBUG    | fgvc.clustering.spherical_kmeans |   Init 4/10: inertia=3.150814
2026-08-19 17:17:24 | DEBUG    | fgvc.clustering.spherical_kmeans |   Init 5/10: inertia=3.120539
2026-08-19 17:17:24 | DEBUG    | fgvc.clustering.spherical_kmeans |   Init 6/10: inertia=3.049478
2026-08-19 17:17:24 | DEBUG    | fgvc.clustering.spherical_kmeans |   Init 7/10: inertia=3.125031
2026-08-19 17:17:24 | DEBUG    | fgvc.clustering.spherical_kmeans |   Init 8/10: inertia=3.164366
2026-08-19 17:17:24 | DEBUG    | fgvc.clustering.spherical_kmeans |   Init 9/10: inertia=3.101991
2026-08-19 17:17:24 | DEBUG    | fgvc.clustering.spherical_kmeans |   Init 10/10: inertia=3.071906
2026-08-19 17:17:24 | INFO     | fgvc.clustering.spherical_kmeans |   [Gray_Catbird] k_selected=2 | k_effective=2 | min_cluster=10 | max_cluster=15
2026-08-19 17:17:24 | INFO     | fgvc.clustering.spherical_kmeans |   [Gray_Kingbird] 25 images
2026-08-19 17:17:24 | DEBUG    | fgvc.clustering.spherical_kmeans |   Init 1/5: inertia=3.548294
2026-08-19 17:17:24 | DEBUG    | fgvc.clustering.spherical_kmeans |   Init 2/5: inertia=3.628617
2026-08-19 17:17:24 | DEBUG    | fgvc.clustering.spherical_kmeans |   Init 3/5: inertia=3.480940
2026-08-19 17:17:24 | DEBUG    | fgvc.clustering.spherical_kmeans |   Init 4/5: inertia=3.497549
2026-08-19 17:17:24 | DEBUG    | fgvc.clustering.spherical_kmeans |   Init 5/5: inertia=3.594486
2026-08-19 17:17:24 | DEBUG    | fgvc.clustering.spherical_kmeans |   Init 1/5: inertia=3.346955
2026-08-19 17:17:24 | DEBUG    | fgvc.clustering.spherical_kmeans |   Init 2/5: inertia=3.293561
2026-08-19 17:17:24 | DEBUG    | fgvc.clustering.spherical_kmeans |   Init 3/5: inertia=3.397799
2026-08-19 17:17:24 | DEBUG    | fgvc.clustering.spherical_kmeans |   Init 4/5: inertia=3.324289
2026-08-19 17:17:24 | DEBUG    | fgvc.clustering.spherical_kmeans |   Init 5/5: inertia=3.196551
2026-08-19 17:17:24 | DEBUG    | fgvc.clustering.spherical_kmeans |   Init 1/5: inertia=3.084884
2026-08-19 17:17:24 | DEBUG    | fgvc.clustering.spherical_kmeans |   Init 2/5: inertia=3.021645
2026-08-19 17:17:24 | DEBUG    | fgvc.clustering.spherical_kmeans |   Init 3/5: inertia=3.123982
2026-08-19 17:17:24 | DEBUG    | fgvc.clustering.spherical_kmeans |   Init 4/5: inertia=3.059860
2026-08-19 17:17:24 | DEBUG    | fgvc.clustering.spherical_kmeans |   Init 5/5: inertia=3.055442
2026-08-19 17:17:24 | DEBUG    | fgvc.clustering.spherical_kmeans |   Init 1/5: inertia=2.880670
2026-08-19 17:17:24 | DEBUG    | fgvc.clustering.spherical_kmeans |   Init 2/5: inertia=2.856307
2026-08-19 17:17:24 | DEBUG    | fgvc.clustering.spherical_kmeans |   Init 3/5: inertia=2.707585
2026-08-19 17:17:24 | DEBUG    | fgvc.clustering.spherical_kmeans |   Init 4/5: inertia=2.852371
2026-08-19 17:17:24 | DEBUG    | fgvc.clustering.spherical_kmeans |   Init 5/5: inertia=2.924273
2026-08-19 17:17:24 | DEBUG    | fgvc.clustering.spherical_kmeans | K selection: best_k=2 | scores={2: {'silhouette': 0.102, 'compactness': 0.8608, 'score': 0.3092}, 3: {'silhouette': 0.1093, 'compactness': 0.8721, 'score': 0.2496}, 4: {'silhouette': 0.0565, 'compactness': 0.8791, 'score': 0.1586}, 5: {'silhouette': 0.066, 'compactness': 0.8917, 'score': 0.1005}}
2026-08-19 17:17:24 | DEBUG    | fgvc.clustering.spherical_kmeans |   Init 1/10: inertia=3.548294
2026-08-19 17:17:24 | DEBUG    | fgvc.clustering.spherical_kmeans |   Init 2/10: inertia=3.628617
2026-08-19 17:17:24 | DEBUG    | fgvc.clustering.spherical_kmeans |   Init 3/10: inertia=3.480940
2026-08-19 17:17:24 | DEBUG    | fgvc.clustering.spherical_kmeans |   Init 4/10: inertia=3.497549
2026-08-19 17:17:24 | DEBUG    | fgvc.clustering.spherical_kmeans |   Init 5/10: inertia=3.594486
2026-08-19 17:17:24 | DEBUG    | fgvc.clustering.spherical_kmeans |   Init 6/10: inertia=3.615491
2026-08-19 17:17:24 | DEBUG    | fgvc.clustering.spherical_kmeans |   Init 7/10: inertia=3.553028
2026-08-19 17:17:24 | DEBUG    | fgvc.clustering.spherical_kmeans |   Init 8/10: inertia=3.724400
2026-08-19 17:17:24 | DEBUG    | fgvc.clustering.spherical_kmeans |   Init 9/10: inertia=3.569861
2026-08-19 17:17:24 | DEBUG    | fgvc.clustering.spherical_kmeans |   Init 10/10: inertia=3.572965
2026-08-19 17:17:24 | INFO     | fgvc.clustering.spherical_kmeans |   [Gray_Kingbird] k_selected=2 | k_effective=2 | min_cluster=11 | max_cluster=14
2026-08-19 17:17:24 | INFO     | fgvc.clustering.spherical_kmeans |   [Gray_crowned_Rosy_Finch] 25 images
2026-08-19 17:17:24 | DEBUG    | fgvc.clustering.spherical_kmeans |   Init 1/5: inertia=3.229990
2026-08-19 17:17:24 | DEBUG    | fgvc.clustering.spherical_kmeans |   Init 2/5: inertia=3.355838
2026-08-19 17:17:24 | DEBUG    | fgvc.clustering.spherical_kmeans |   Init 3/5: inertia=3.229423
2026-08-19 17:17:24 | DEBUG    | fgvc.clustering.spherical_kmeans |   Init 4/5: inertia=3.214512
2026-08-19 17:17:24 | DEBUG    | fgvc.clustering.spherical_kmeans |   Init 5/5: inertia=3.116193
2026-08-19 17:17:24 | DEBUG    | fgvc.clustering.spherical_kmeans |   Init 1/5: inertia=2.974746
2026-08-19 17:17:24 | DEBUG    | fgvc.clustering.spherical_kmeans |   Init 2/5: inertia=3.091260
2026-08-19 17:17:24 | DEBUG    | fgvc.clustering.spherical_kmeans |   Init 3/5: inertia=2.868987
2026-08-19 17:17:24 | DEBUG    | fgvc.clustering.spherical_kmeans |   Init 4/5: inertia=2.883058
2026-08-19 17:17:24 | DEBUG    | fgvc.clustering.spherical_kmeans |   Init 5/5: inertia=3.006719
2026-08-19 17:17:24 | DEBUG    | fgvc.clustering.spherical_kmeans |   Init 1/5: inertia=2.706877
2026-08-19 17:17:24 | DEBUG    | fgvc.clustering.spherical_kmeans |   Init 2/5: inertia=2.697783
2026-08-19 17:17:24 | DEBUG    | fgvc.clustering.spherical_kmeans |   Init 3/5: inertia=2.695732
2026-08-19 17:17:24 | DEBUG    | fgvc.clustering.spherical_kmeans |   Init 4/5: inertia=2.683962
2026-08-19 17:17:24 | DEBUG    | fgvc.clustering.spherical_kmeans |   Init 5/5: inertia=2.781501
2026-08-19 17:17:24 | DEBUG    | fgvc.clustering.spherical_kmeans |   Init 1/5: inertia=2.512766
2026-08-19 17:17:24 | DEBUG    | fgvc.clustering.spherical_kmeans |   Init 2/5: inertia=2.506032
2026-08-19 17:17:24 | DEBUG    | fgvc.clustering.spherical_kmeans |   Init 3/5: inertia=2.375877
2026-08-19 17:17:24 | DEBUG    | fgvc.clustering.spherical_kmeans |   Init 4/5: inertia=2.650965
2026-08-19 17:17:24 | DEBUG    | fgvc.clustering.spherical_kmeans |   Init 5/5: inertia=2.482483
2026-08-19 17:17:24 | DEBUG    | fgvc.clustering.spherical_kmeans | K selection: best_k=2 | scores={2: {'silhouette': 0.2711, 'compactness': 0.8754, 'score': 0.3981}, 3: {'silhouette': 0.1409, 'compactness': 0.8852, 'score': 0.2694}, 4: {'silhouette': 0.1188, 'compactness': 0.8926, 'score': 0.1939}, 5: {'silhouette': 0.105, 'compactness': 0.905, 'score': 0.124}}
2026-08-19 17:17:24 | DEBUG    | fgvc.clustering.spherical_kmeans |   Init 1/10: inertia=3.229990
2026-08-19 17:17:24 | DEBUG    | fgvc.clustering.spherical_kmeans |   Init 2/10: inertia=3.355838
2026-08-19 17:17:24 | DEBUG    | fgvc.clustering.spherical_kmeans |   Init 3/10: inertia=3.229423
2026-08-19 17:17:24 | DEBUG    | fgvc.clustering.spherical_kmeans |   Init 4/10: inertia=3.214512
2026-08-19 17:17:24 | DEBUG    | fgvc.clustering.spherical_kmeans |   Init 5/10: inertia=3.116193
2026-08-19 17:17:24 | DEBUG    | fgvc.clustering.spherical_kmeans |   Init 6/10: inertia=3.202797
2026-08-19 17:17:24 | DEBUG    | fgvc.clustering.spherical_kmeans |   Init 7/10: inertia=3.116193
2026-08-19 17:17:24 | DEBUG    | fgvc.clustering.spherical_kmeans |   Init 8/10: inertia=3.214512
2026-08-19 17:17:24 | DEBUG    | fgvc.clustering.spherical_kmeans |   Init 9/10: inertia=3.252708
2026-08-19 17:17:24 | DEBUG    | fgvc.clustering.spherical_kmeans |   Init 10/10: inertia=3.240961
2026-08-19 17:17:24 | INFO     | fgvc.clustering.spherical_kmeans |   [Gray_crowned_Rosy_Finch] k_selected=2 | k_effective=1 | min_cluster=25 | max_cluster=25
2026-08-19 17:17:24 | INFO     | fgvc.clustering.spherical_kmeans |   [Great_Crested_Flycatcher] 25 images
2026-08-19 17:17:24 | DEBUG    | fgvc.clustering.spherical_kmeans |   Init 1/5: inertia=3.429160
2026-08-19 17:17:24 | DEBUG    | fgvc.clustering.spherical_kmeans |   Init 2/5: inertia=3.386243
2026-08-19 17:17:24 | DEBUG    | fgvc.clustering.spherical_kmeans |   Init 3/5: inertia=3.423124
2026-08-19 17:17:24 | DEBUG    | fgvc.clustering.spherical_kmeans |   Init 4/5: inertia=3.415300
2026-08-19 17:17:24 | DEBUG    | fgvc.clustering.spherical_kmeans |   Init 5/5: inertia=3.505574
2026-08-19 17:17:24 | DEBUG    | fgvc.clustering.spherical_kmeans |   Init 1/5: inertia=3.162849
2026-08-19 17:17:24 | DEBUG    | fgvc.clustering.spherical_kmeans |   Init 2/5: inertia=3.204375
2026-08-19 17:17:24 | DEBUG    | fgvc.clustering.spherical_kmeans |   Init 3/5: inertia=3.154675
2026-08-19 17:17:24 | DEBUG    | fgvc.clustering.spherical_kmeans |   Init 4/5: inertia=3.215760
2026-08-19 17:17:24 | DEBUG    | fgvc.clustering.spherical_kmeans |   Init 5/5: inertia=3.205551
2026-08-19 17:17:24 | DEBUG    | fgvc.clustering.spherical_kmeans |   Init 1/5: inertia=2.945033
2026-08-19 17:17:24 | DEBUG    | fgvc.clustering.spherical_kmeans |   Init 2/5: inertia=2.946664
2026-08-19 17:17:24 | DEBUG    | fgvc.clustering.spherical_kmeans |   Init 3/5: inertia=2.963032
2026-08-19 17:17:24 | DEBUG    | fgvc.clustering.spherical_kmeans |   Init 4/5: inertia=3.076615
2026-08-19 17:17:24 | DEBUG    | fgvc.clustering.spherical_kmeans |   Init 5/5: inertia=2.903918
2026-08-19 17:17:24 | DEBUG    | fgvc.clustering.spherical_kmeans |   Init 1/5: inertia=2.722222
2026-08-19 17:17:24 | DEBUG    | fgvc.clustering.spherical_kmeans |   Init 2/5: inertia=2.781181
2026-08-19 17:17:24 | DEBUG    | fgvc.clustering.spherical_kmeans |   Init 3/5: inertia=2.693285
2026-08-19 17:17:24 | DEBUG    | fgvc.clustering.spherical_kmeans |   Init 4/5: inertia=2.724429
2026-08-19 17:17:24 | DEBUG    | fgvc.clustering.spherical_kmeans |   Init 5/5: inertia=2.821587
2026-08-19 17:17:24 | DEBUG    | fgvc.clustering.spherical_kmeans | K selection: best_k=2 | scores={2: {'silhouette': 0.0742, 'compactness': 0.8646, 'score': 0.2965}, 3: {'silhouette': 0.0544, 'compactness': 0.8738, 'score': 0.2227}, 4: {'silhouette': 0.0518, 'compactness': 0.8838, 'score': 0.1577}, 5: {'silhouette': 0.0363, 'compactness': 0.8923, 'score': 0.0859}}
2026-08-19 17:17:24 | DEBUG    | fgvc.clustering.spherical_kmeans |   Init 1/10: inertia=3.429160
2026-08-19 17:17:24 | DEBUG    | fgvc.clustering.spherical_kmeans |   Init 2/10: inertia=3.386243
2026-08-19 17:17:24 | DEBUG    | fgvc.clustering.spherical_kmeans |   Init 3/10: inertia=3.423124
2026-08-19 17:17:24 | DEBUG    | fgvc.clustering.spherical_kmeans |   Init 4/10: inertia=3.415300
2026-08-19 17:17:24 | DEBUG    | fgvc.clustering.spherical_kmeans |   Init 5/10: inertia=3.505574
2026-08-19 17:17:24 | DEBUG    | fgvc.clustering.spherical_kmeans |   Init 6/10: inertia=3.424321
2026-08-19 17:17:24 | DEBUG    | fgvc.clustering.spherical_kmeans |   Init 7/10: inertia=3.342700
2026-08-19 17:17:24 | DEBUG    | fgvc.clustering.spherical_kmeans |   Init 8/10: inertia=3.408631
2026-08-19 17:17:24 | DEBUG    | fgvc.clustering.spherical_kmeans |   Init 9/10: inertia=3.346508
2026-08-19 17:17:24 | DEBUG    | fgvc.clustering.spherical_kmeans |   Init 10/10: inertia=3.345405
2026-08-19 17:17:24 | INFO     | fgvc.clustering.spherical_kmeans |   [Great_Crested_Flycatcher] k_selected=2 | k_effective=2 | min_cluster=7 | max_cluster=18
2026-08-19 17:17:24 | INFO     | fgvc.clustering.spherical_kmeans |   [Great_Grey_Shrike] 25 images
2026-08-19 17:17:24 | DEBUG    | fgvc.clustering.spherical_kmeans |   Init 1/5: inertia=3.557860
2026-08-19 17:17:24 | DEBUG    | fgvc.clustering.spherical_kmeans |   Init 2/5: inertia=3.608030
2026-08-19 17:17:24 | DEBUG    | fgvc.clustering.spherical_kmeans |   Init 3/5: inertia=3.626637
2026-08-19 17:17:24 | DEBUG    | fgvc.clustering.spherical_kmeans |   Init 4/5: inertia=3.558315
2026-08-19 17:17:24 | DEBUG    | fgvc.clustering.spherical_kmeans |   Init 5/5: inertia=3.653733
2026-08-19 17:17:24 | DEBUG    | fgvc.clustering.spherical_kmeans |   Init 1/5: inertia=3.414055
2026-08-19 17:17:24 | DEBUG    | fgvc.clustering.spherical_kmeans |   Init 2/5: inertia=3.199208
2026-08-19 17:17:24 | DEBUG    | fgvc.clustering.spherical_kmeans |   Init 3/5: inertia=3.315559
2026-08-19 17:17:24 | DEBUG    | fgvc.clustering.spherical_kmeans |   Init 4/5: inertia=3.231905
2026-08-19 17:17:24 | DEBUG    | fgvc.clustering.spherical_kmeans |   Init 5/5: inertia=3.226185
2026-08-19 17:17:24 | DEBUG    | fgvc.clustering.spherical_kmeans |   Init 1/5: inertia=3.165532
2026-08-19 17:17:24 | DEBUG    | fgvc.clustering.spherical_kmeans |   Init 2/5: inertia=3.144141
2026-08-19 17:17:24 | DEBUG    | fgvc.clustering.spherical_kmeans |   Init 3/5: inertia=3.154464
2026-08-19 17:17:24 | DEBUG    | fgvc.clustering.spherical_kmeans |   Init 4/5: inertia=3.073427
2026-08-19 17:17:24 | DEBUG    | fgvc.clustering.spherical_kmeans |   Init 5/5: inertia=3.239140
2026-08-19 17:17:24 | DEBUG    | fgvc.clustering.spherical_kmeans |   Init 1/5: inertia=2.918388
2026-08-19 17:17:24 | DEBUG    | fgvc.clustering.spherical_kmeans |   Init 2/5: inertia=2.961838
2026-08-19 17:17:24 | DEBUG    | fgvc.clustering.spherical_kmeans |   Init 3/5: inertia=2.813600
2026-08-19 17:17:24 | DEBUG    | fgvc.clustering.spherical_kmeans |   Init 4/5: inertia=2.696986
2026-08-19 17:17:24 | DEBUG    | fgvc.clustering.spherical_kmeans |   Init 5/5: inertia=2.837409
2026-08-19 17:17:24 | DEBUG    | fgvc.clustering.spherical_kmeans | K selection: best_k=2 | scores={2: {'silhouette': 0.1041, 'compactness': 0.8577, 'score': 0.3094}, 3: {'silhouette': 0.1365, 'compactness': 0.872, 'score': 0.2632}, 4: {'silhouette': 0.023, 'compactness': 0.8771, 'score': 0.1413}, 5: {'silhouette': 0.0782, 'compactness': 0.8921, 'score': 0.1068}}
2026-08-19 17:17:24 | DEBUG    | fgvc.clustering.spherical_kmeans |   Init 1/10: inertia=3.557860
2026-08-19 17:17:24 | DEBUG    | fgvc.clustering.spherical_kmeans |   Init 2/10: inertia=3.608030
2026-08-19 17:17:24 | DEBUG    | fgvc.clustering.spherical_kmeans |   Init 3/10: inertia=3.626637
2026-08-19 17:17:24 | DEBUG    | fgvc.clustering.spherical_kmeans |   Init 4/10: inertia=3.558315
2026-08-19 17:17:24 | DEBUG    | fgvc.clustering.spherical_kmeans |   Init 5/10: inertia=3.653733
2026-08-19 17:17:24 | DEBUG    | fgvc.clustering.spherical_kmeans |   Init 6/10: inertia=3.600553
2026-08-19 17:17:24 | DEBUG    | fgvc.clustering.spherical_kmeans |   Init 7/10: inertia=3.616569
2026-08-19 17:17:24 | DEBUG    | fgvc.clustering.spherical_kmeans |   Init 8/10: inertia=3.530851
2026-08-19 17:17:24 | DEBUG    | fgvc.clustering.spherical_kmeans |   Init 9/10: inertia=3.636404
2026-08-19 17:17:24 | DEBUG    | fgvc.clustering.spherical_kmeans |   Init 10/10: inertia=3.440203
2026-08-19 17:17:24 | INFO     | fgvc.clustering.spherical_kmeans |   [Great_Grey_Shrike] k_selected=2 | k_effective=1 | min_cluster=25 | max_cluster=25
2026-08-19 17:17:24 | INFO     | fgvc.clustering.spherical_kmeans |   [Green_Jay] 25 images
2026-08-19 17:17:24 | DEBUG    | fgvc.clustering.spherical_kmeans |   Init 1/5: inertia=2.604168
2026-08-19 17:17:24 | DEBUG    | fgvc.clustering.spherical_kmeans |   Init 2/5: inertia=2.590092
2026-08-19 17:17:24 | DEBUG    | fgvc.clustering.spherical_kmeans |   Init 3/5: inertia=2.679557
2026-08-19 17:17:24 | DEBUG    | fgvc.clustering.spherical_kmeans |   Init 4/5: inertia=2.590873
2026-08-19 17:17:24 | DEBUG    | fgvc.clustering.spherical_kmeans |   Init 5/5: inertia=2.702146
2026-08-19 17:17:24 | DEBUG    | fgvc.clustering.spherical_kmeans |   Init 1/5: inertia=2.371081
2026-08-19 17:17:24 | DEBUG    | fgvc.clustering.spherical_kmeans |   Init 2/5: inertia=2.336202
2026-08-19 17:17:24 | DEBUG    | fgvc.clustering.spherical_kmeans |   Init 3/5: inertia=2.374895
2026-08-19 17:17:24 | DEBUG    | fgvc.clustering.spherical_kmeans |   Init 4/5: inertia=2.426343
2026-08-19 17:17:24 | DEBUG    | fgvc.clustering.spherical_kmeans |   Init 5/5: inertia=2.443537
2026-08-19 17:17:24 | DEBUG    | fgvc.clustering.spherical_kmeans |   Init 1/5: inertia=2.117555
2026-08-19 17:17:24 | DEBUG    | fgvc.clustering.spherical_kmeans |   Init 2/5: inertia=2.121343
2026-08-19 17:17:24 | DEBUG    | fgvc.clustering.spherical_kmeans |   Init 3/5: inertia=2.260484
2026-08-19 17:17:24 | DEBUG    | fgvc.clustering.spherical_kmeans |   Init 4/5: inertia=2.233216
2026-08-19 17:17:24 | DEBUG    | fgvc.clustering.spherical_kmeans |   Init 5/5: inertia=2.130230
2026-08-19 17:17:24 | DEBUG    | fgvc.clustering.spherical_kmeans |   Init 1/5: inertia=1.915076
2026-08-19 17:17:24 | DEBUG    | fgvc.clustering.spherical_kmeans |   Init 2/5: inertia=1.964074
2026-08-19 17:17:24 | DEBUG    | fgvc.clustering.spherical_kmeans |   Init 3/5: inertia=1.988264
2026-08-19 17:17:24 | DEBUG    | fgvc.clustering.spherical_kmeans |   Init 4/5: inertia=2.046584
2026-08-19 17:17:24 | DEBUG    | fgvc.clustering.spherical_kmeans |   Init 5/5: inertia=2.188768
2026-08-19 17:17:24 | DEBUG    | fgvc.clustering.spherical_kmeans | K selection: best_k=2 | scores={2: {'silhouette': 0.1465, 'compactness': 0.8964, 'score': 0.3421}, 3: {'silhouette': 0.0598, 'compactness': 0.9066, 'score': 0.2352}, 4: {'silhouette': 0.0693, 'compactness': 0.9153, 'score': 0.1759}, 5: {'silhouette': 0.0955, 'compactness': 0.9234, 'score': 0.1248}}
2026-08-19 17:17:24 | DEBUG    | fgvc.clustering.spherical_kmeans |   Init 1/10: inertia=2.604168
2026-08-19 17:17:24 | DEBUG    | fgvc.clustering.spherical_kmeans |   Init 2/10: inertia=2.590092
2026-08-19 17:17:24 | DEBUG    | fgvc.clustering.spherical_kmeans |   Init 3/10: inertia=2.679557
2026-08-19 17:17:24 | DEBUG    | fgvc.clustering.spherical_kmeans |   Init 4/10: inertia=2.590873
2026-08-19 17:17:24 | DEBUG    | fgvc.clustering.spherical_kmeans |   Init 5/10: inertia=2.702146
2026-08-19 17:17:24 | DEBUG    | fgvc.clustering.spherical_kmeans |   Init 6/10: inertia=2.594843
2026-08-19 17:17:24 | DEBUG    | fgvc.clustering.spherical_kmeans |   Init 7/10: inertia=2.514133
2026-08-19 17:17:24 | DEBUG    | fgvc.clustering.spherical_kmeans |   Init 8/10: inertia=2.659136
2026-08-19 17:17:24 | DEBUG    | fgvc.clustering.spherical_kmeans |   Init 9/10: inertia=2.631879
2026-08-19 17:17:24 | DEBUG    | fgvc.clustering.spherical_kmeans |   Init 10/10: inertia=2.546808
2026-08-19 17:17:24 | INFO     | fgvc.clustering.spherical_kmeans |   [Green_Jay] k_selected=2 | k_effective=2 | min_cluster=9 | max_cluster=16
2026-08-19 17:17:24 | INFO     | fgvc.clustering.spherical_kmeans |   [Green_Kingfisher] 25 images
2026-08-19 17:17:24 | DEBUG    | fgvc.clustering.spherical_kmeans |   Init 1/5: inertia=3.084874
2026-08-19 17:17:24 | DEBUG    | fgvc.clustering.spherical_kmeans |   Init 2/5: inertia=3.084874
2026-08-19 17:17:24 | DEBUG    | fgvc.clustering.spherical_kmeans |   Init 3/5: inertia=3.057651
2026-08-19 17:17:24 | DEBUG    | fgvc.clustering.spherical_kmeans |   Init 4/5: inertia=3.084874
2026-08-19 17:17:24 | DEBUG    | fgvc.clustering.spherical_kmeans |   Init 5/5: inertia=3.442160
2026-08-19 17:17:24 | DEBUG    | fgvc.clustering.spherical_kmeans |   Init 1/5: inertia=2.918001
2026-08-19 17:17:24 | DEBUG    | fgvc.clustering.spherical_kmeans |   Init 2/5: inertia=2.901953
2026-08-19 17:17:24 | DEBUG    | fgvc.clustering.spherical_kmeans |   Init 3/5: inertia=3.051087
2026-08-19 17:17:24 | DEBUG    | fgvc.clustering.spherical_kmeans |   Init 4/5: inertia=2.803993
2026-08-19 17:17:24 | DEBUG    | fgvc.clustering.spherical_kmeans |   Init 5/5: inertia=2.941812
2026-08-19 17:17:24 | DEBUG    | fgvc.clustering.spherical_kmeans |   Init 1/5: inertia=2.763996
2026-08-19 17:17:24 | DEBUG    | fgvc.clustering.spherical_kmeans |   Init 2/5: inertia=2.843740
2026-08-19 17:17:24 | DEBUG    | fgvc.clustering.spherical_kmeans |   Init 3/5: inertia=2.605165
2026-08-19 17:17:24 | DEBUG    | fgvc.clustering.spherical_kmeans |   Init 4/5: inertia=2.674250
2026-08-19 17:17:24 | DEBUG    | fgvc.clustering.spherical_kmeans |   Init 5/5: inertia=2.530847
2026-08-19 17:17:24 | DEBUG    | fgvc.clustering.spherical_kmeans |   Init 1/5: inertia=2.605352
2026-08-19 17:17:24 | DEBUG    | fgvc.clustering.spherical_kmeans |   Init 2/5: inertia=2.673104
2026-08-19 17:17:24 | DEBUG    | fgvc.clustering.spherical_kmeans |   Init 3/5: inertia=2.465177
2026-08-19 17:17:24 | DEBUG    | fgvc.clustering.spherical_kmeans |   Init 4/5: inertia=2.508438
2026-08-19 17:17:24 | DEBUG    | fgvc.clustering.spherical_kmeans |   Init 5/5: inertia=2.559911
2026-08-19 17:17:24 | DEBUG    | fgvc.clustering.spherical_kmeans | K selection: best_k=2 | scores={2: {'silhouette': 0.2255, 'compactness': 0.8777, 'score': 0.3761}, 3: {'silhouette': 0.1741, 'compactness': 0.8878, 'score': 0.2868}, 4: {'silhouette': 0.1777, 'compactness': 0.8988, 'score': 0.2251}, 5: {'silhouette': 0.087, 'compactness': 0.9014, 'score': 0.1139}}
2026-08-19 17:17:24 | DEBUG    | fgvc.clustering.spherical_kmeans |   Init 1/10: inertia=3.084874
2026-08-19 17:17:24 | DEBUG    | fgvc.clustering.spherical_kmeans |   Init 2/10: inertia=3.084874
2026-08-19 17:17:24 | DEBUG    | fgvc.clustering.spherical_kmeans |   Init 3/10: inertia=3.057651
2026-08-19 17:17:24 | DEBUG    | fgvc.clustering.spherical_kmeans |   Init 4/10: inertia=3.084874
2026-08-19 17:17:24 | DEBUG    | fgvc.clustering.spherical_kmeans |   Init 5/10: inertia=3.442160
2026-08-19 17:17:24 | DEBUG    | fgvc.clustering.spherical_kmeans |   Init 6/10: inertia=3.084874
2026-08-19 17:17:24 | DEBUG    | fgvc.clustering.spherical_kmeans |   Init 7/10: inertia=3.057651
2026-08-19 17:17:24 | DEBUG    | fgvc.clustering.spherical_kmeans |   Init 8/10: inertia=3.084874
2026-08-19 17:17:24 | DEBUG    | fgvc.clustering.spherical_kmeans |   Init 9/10: inertia=3.362108
2026-08-19 17:17:24 | DEBUG    | fgvc.clustering.spherical_kmeans |   Init 10/10: inertia=3.153439
2026-08-19 17:17:24 | INFO     | fgvc.clustering.spherical_kmeans |   [Green_Kingfisher] k_selected=2 | k_effective=2 | min_cluster=11 | max_cluster=14
2026-08-19 17:17:24 | INFO     | fgvc.clustering.spherical_kmeans |   [Green_Violetear] 25 images
2026-08-19 17:17:24 | DEBUG    | fgvc.clustering.spherical_kmeans |   Init 1/5: inertia=1.492687
2026-08-19 17:17:24 | DEBUG    | fgvc.clustering.spherical_kmeans |   Init 2/5: inertia=1.575076
2026-08-19 17:17:24 | DEBUG    | fgvc.clustering.spherical_kmeans |   Init 3/5: inertia=1.588951
2026-08-19 17:17:24 | DEBUG    | fgvc.clustering.spherical_kmeans |   Init 4/5: inertia=1.495505
2026-08-19 17:17:24 | DEBUG    | fgvc.clustering.spherical_kmeans |   Init 5/5: inertia=1.632175
2026-08-19 17:17:24 | DEBUG    | fgvc.clustering.spherical_kmeans |   Init 1/5: inertia=1.412715
2026-08-19 17:17:24 | DEBUG    | fgvc.clustering.spherical_kmeans |   Init 2/5: inertia=1.458458
2026-08-19 17:17:24 | DEBUG    | fgvc.clustering.spherical_kmeans |   Init 3/5: inertia=1.516490
2026-08-19 17:17:24 | DEBUG    | fgvc.clustering.spherical_kmeans |   Init 4/5: inertia=1.429450
2026-08-19 17:17:24 | DEBUG    | fgvc.clustering.spherical_kmeans |   Init 5/5: inertia=1.349187
2026-08-19 17:17:24 | DEBUG    | fgvc.clustering.spherical_kmeans |   Init 1/5: inertia=1.324016
2026-08-19 17:17:24 | DEBUG    | fgvc.clustering.spherical_kmeans |   Init 2/5: inertia=1.423684
2026-08-19 17:17:24 | DEBUG    | fgvc.clustering.spherical_kmeans |   Init 3/5: inertia=1.228569
2026-08-19 17:17:24 | DEBUG    | fgvc.clustering.spherical_kmeans |   Init 4/5: inertia=1.403410
2026-08-19 17:17:24 | DEBUG    | fgvc.clustering.spherical_kmeans |   Init 5/5: inertia=1.254928
2026-08-19 17:17:24 | DEBUG    | fgvc.clustering.spherical_kmeans |   Init 1/5: inertia=1.224410
2026-08-19 17:17:24 | DEBUG    | fgvc.clustering.spherical_kmeans |   Init 2/5: inertia=1.281150
2026-08-19 17:17:24 | DEBUG    | fgvc.clustering.spherical_kmeans |   Init 3/5: inertia=1.248754
2026-08-19 17:17:24 | DEBUG    | fgvc.clustering.spherical_kmeans |   Init 4/5: inertia=1.226173
2026-08-19 17:17:24 | DEBUG    | fgvc.clustering.spherical_kmeans |   Init 5/5: inertia=1.314086
2026-08-19 17:17:24 | DEBUG    | fgvc.clustering.spherical_kmeans | K selection: best_k=2 | scores={2: {'silhouette': 0.2671, 'compactness': 0.9403, 'score': 0.4157}, 3: {'silhouette': 0.1724, 'compactness': 0.946, 'score': 0.3034}, 4: {'silhouette': 0.0917, 'compactness': 0.9509, 'score': 0.1978}, 5: {'silhouette': -0.0144, 'compactness': 0.951, 'score': 0.0781}}
2026-08-19 17:17:24 | DEBUG    | fgvc.clustering.spherical_kmeans |   Init 1/10: inertia=1.492687
2026-08-19 17:17:24 | DEBUG    | fgvc.clustering.spherical_kmeans |   Init 2/10: inertia=1.575076
2026-08-19 17:17:24 | DEBUG    | fgvc.clustering.spherical_kmeans |   Init 3/10: inertia=1.588951
2026-08-19 17:17:24 | DEBUG    | fgvc.clustering.spherical_kmeans |   Init 4/10: inertia=1.495505
2026-08-19 17:17:24 | DEBUG    | fgvc.clustering.spherical_kmeans |   Init 5/10: inertia=1.632175
2026-08-19 17:17:24 | DEBUG    | fgvc.clustering.spherical_kmeans |   Init 6/10: inertia=1.589775
2026-08-19 17:17:24 | DEBUG    | fgvc.clustering.spherical_kmeans |   Init 7/10: inertia=1.445350
2026-08-19 17:17:24 | DEBUG    | fgvc.clustering.spherical_kmeans |   Init 8/10: inertia=1.622643
2026-08-19 17:17:24 | DEBUG    | fgvc.clustering.spherical_kmeans |   Init 9/10: inertia=1.637747
2026-08-19 17:17:24 | DEBUG    | fgvc.clustering.spherical_kmeans |   Init 10/10: inertia=1.445350
2026-08-19 17:17:24 | INFO     | fgvc.clustering.spherical_kmeans |   [Green_Violetear] k_selected=2 | k_effective=1 | min_cluster=25 | max_cluster=25
2026-08-19 17:17:24 | INFO     | fgvc.clustering.spherical_kmeans |   [Green_tailed_Towhee] 25 images
2026-08-19 17:17:24 | DEBUG    | fgvc.clustering.spherical_kmeans |   Init 1/5: inertia=2.760134
2026-08-19 17:17:24 | DEBUG    | fgvc.clustering.spherical_kmeans |   Init 2/5: inertia=2.772374
2026-08-19 17:17:24 | DEBUG    | fgvc.clustering.spherical_kmeans |   Init 3/5: inertia=2.801992
2026-08-19 17:17:24 | DEBUG    | fgvc.clustering.spherical_kmeans |   Init 4/5: inertia=2.775803
2026-08-19 17:17:24 | DEBUG    | fgvc.clustering.spherical_kmeans |   Init 5/5: inertia=2.725704
2026-08-19 17:17:24 | DEBUG    | fgvc.clustering.spherical_kmeans |   Init 1/5: inertia=2.524013
2026-08-19 17:17:24 | DEBUG    | fgvc.clustering.spherical_kmeans |   Init 2/5: inertia=2.579658
2026-08-19 17:17:24 | DEBUG    | fgvc.clustering.spherical_kmeans |   Init 3/5: inertia=2.523266
2026-08-19 17:17:24 | DEBUG    | fgvc.clustering.spherical_kmeans |   Init 4/5: inertia=2.503849
2026-08-19 17:17:24 | DEBUG    | fgvc.clustering.spherical_kmeans |   Init 5/5: inertia=2.514133
2026-08-19 17:17:24 | DEBUG    | fgvc.clustering.spherical_kmeans |   Init 1/5: inertia=2.343749
2026-08-19 17:17:24 | DEBUG    | fgvc.clustering.spherical_kmeans |   Init 2/5: inertia=2.310633
2026-08-19 17:17:24 | DEBUG    | fgvc.clustering.spherical_kmeans |   Init 3/5: inertia=2.330487
2026-08-19 17:17:24 | DEBUG    | fgvc.clustering.spherical_kmeans |   Init 4/5: inertia=2.403147
2026-08-19 17:17:24 | DEBUG    | fgvc.clustering.spherical_kmeans |   Init 5/5: inertia=2.293184
2026-08-19 17:17:24 | DEBUG    | fgvc.clustering.spherical_kmeans |   Init 1/5: inertia=2.116673
2026-08-19 17:17:24 | DEBUG    | fgvc.clustering.spherical_kmeans |   Init 2/5: inertia=2.167536
2026-08-19 17:17:24 | DEBUG    | fgvc.clustering.spherical_kmeans |   Init 3/5: inertia=2.236157
2026-08-19 17:17:24 | DEBUG    | fgvc.clustering.spherical_kmeans |   Init 4/5: inertia=2.187428
2026-08-19 17:17:24 | DEBUG    | fgvc.clustering.spherical_kmeans |   Init 5/5: inertia=2.268002
2026-08-19 17:17:24 | DEBUG    | fgvc.clustering.spherical_kmeans | K selection: best_k=2 | scores={2: {'silhouette': 0.1231, 'compactness': 0.891, 'score': 0.3289}, 3: {'silhouette': 0.0593, 'compactness': 0.8998, 'score': 0.2329}, 4: {'silhouette': 0.047, 'compactness': 0.9083, 'score': 0.1626}, 5: {'silhouette': 0.0516, 'compactness': 0.9153, 'score': 0.1004}}
2026-08-19 17:17:24 | DEBUG    | fgvc.clustering.spherical_kmeans |   Init 1/10: inertia=2.760134
2026-08-19 17:17:24 | DEBUG    | fgvc.clustering.spherical_kmeans |   Init 2/10: inertia=2.772374
2026-08-19 17:17:24 | DEBUG    | fgvc.clustering.spherical_kmeans |   Init 3/10: inertia=2.801992
2026-08-19 17:17:24 | DEBUG    | fgvc.clustering.spherical_kmeans |   Init 4/10: inertia=2.775803
2026-08-19 17:17:24 | DEBUG    | fgvc.clustering.spherical_kmeans |   Init 5/10: inertia=2.725704
2026-08-19 17:17:24 | DEBUG    | fgvc.clustering.spherical_kmeans |   Init 6/10: inertia=2.717226
2026-08-19 17:17:24 | DEBUG    | fgvc.clustering.spherical_kmeans |   Init 7/10: inertia=2.709857
2026-08-19 17:17:24 | DEBUG    | fgvc.clustering.spherical_kmeans |   Init 8/10: inertia=2.842482
2026-08-19 17:17:24 | DEBUG    | fgvc.clustering.spherical_kmeans |   Init 9/10: inertia=2.741342
2026-08-19 17:17:24 | DEBUG    | fgvc.clustering.spherical_kmeans |   Init 10/10: inertia=2.690586
2026-08-19 17:17:24 | INFO     | fgvc.clustering.spherical_kmeans |   [Green_tailed_Towhee] k_selected=2 | k_effective=2 | min_cluster=10 | max_cluster=15
2026-08-19 17:17:24 | INFO     | fgvc.clustering.spherical_kmeans |   [Groove_billed_Ani] 25 images
2026-08-19 17:17:24 | DEBUG    | fgvc.clustering.spherical_kmeans |   Init 1/5: inertia=3.685121
2026-08-19 17:17:24 | DEBUG    | fgvc.clustering.spherical_kmeans |   Init 2/5: inertia=3.565962
2026-08-19 17:17:24 | DEBUG    | fgvc.clustering.spherical_kmeans |   Init 3/5: inertia=3.562997
2026-08-19 17:17:24 | DEBUG    | fgvc.clustering.spherical_kmeans |   Init 4/5: inertia=3.526880
2026-08-19 17:17:24 | DEBUG    | fgvc.clustering.spherical_kmeans |   Init 5/5: inertia=3.663107
2026-08-19 17:17:24 | DEBUG    | fgvc.clustering.spherical_kmeans |   Init 1/5: inertia=3.405950
2026-08-19 17:17:24 | DEBUG    | fgvc.clustering.spherical_kmeans |   Init 2/5: inertia=3.349751
2026-08-19 17:17:24 | DEBUG    | fgvc.clustering.spherical_kmeans |   Init 3/5: inertia=3.410583
2026-08-19 17:17:24 | DEBUG    | fgvc.clustering.spherical_kmeans |   Init 4/5: inertia=3.344875
2026-08-19 17:17:24 | DEBUG    | fgvc.clustering.spherical_kmeans |   Init 5/5: inertia=3.335079
2026-08-19 17:17:24 | DEBUG    | fgvc.clustering.spherical_kmeans |   Init 1/5: inertia=3.172474
2026-08-19 17:17:24 | DEBUG    | fgvc.clustering.spherical_kmeans |   Init 2/5: inertia=3.118494
2026-08-19 17:17:24 | DEBUG    | fgvc.clustering.spherical_kmeans |   Init 3/5: inertia=3.225991
2026-08-19 17:17:24 | DEBUG    | fgvc.clustering.spherical_kmeans |   Init 4/5: inertia=3.022096
2026-08-19 17:17:24 | DEBUG    | fgvc.clustering.spherical_kmeans |   Init 5/5: inertia=3.110273
2026-08-19 17:17:24 | DEBUG    | fgvc.clustering.spherical_kmeans |   Init 1/5: inertia=2.897106
2026-08-19 17:17:24 | DEBUG    | fgvc.clustering.spherical_kmeans |   Init 2/5: inertia=2.933190
2026-08-19 17:17:24 | DEBUG    | fgvc.clustering.spherical_kmeans |   Init 3/5: inertia=2.877834
2026-08-19 17:17:24 | DEBUG    | fgvc.clustering.spherical_kmeans |   Init 4/5: inertia=2.940462
2026-08-19 17:17:24 | DEBUG    | fgvc.clustering.spherical_kmeans |   Init 5/5: inertia=2.845926
2026-08-19 17:17:24 | DEBUG    | fgvc.clustering.spherical_kmeans | K selection: best_k=2 | scores={2: {'silhouette': 0.1943, 'compactness': 0.8589, 'score': 0.3548}, 3: {'silhouette': 0.0327, 'compactness': 0.8666, 'score': 0.2096}, 4: {'silhouette': 0.0693, 'compactness': 0.8791, 'score': 0.1651}, 5: {'silhouette': 0.0469, 'compactness': 0.8862, 'score': 0.0893}}
2026-08-19 17:17:24 | DEBUG    | fgvc.clustering.spherical_kmeans |   Init 1/10: inertia=3.685121
2026-08-19 17:17:24 | DEBUG    | fgvc.clustering.spherical_kmeans |   Init 2/10: inertia=3.565962
2026-08-19 17:17:24 | DEBUG    | fgvc.clustering.spherical_kmeans |   Init 3/10: inertia=3.562997
2026-08-19 17:17:24 | DEBUG    | fgvc.clustering.spherical_kmeans |   Init 4/10: inertia=3.526880
2026-08-19 17:17:24 | DEBUG    | fgvc.clustering.spherical_kmeans |   Init 5/10: inertia=3.663107
2026-08-19 17:17:24 | DEBUG    | fgvc.clustering.spherical_kmeans |   Init 6/10: inertia=3.599743
2026-08-19 17:17:24 | DEBUG    | fgvc.clustering.spherical_kmeans |   Init 7/10: inertia=3.627752
2026-08-19 17:17:24 | DEBUG    | fgvc.clustering.spherical_kmeans |   Init 8/10: inertia=3.686698
2026-08-19 17:17:24 | DEBUG    | fgvc.clustering.spherical_kmeans |   Init 9/10: inertia=3.565962
2026-08-19 17:17:24 | DEBUG    | fgvc.clustering.spherical_kmeans |   Init 10/10: inertia=3.746139
2026-08-19 17:17:24 | INFO     | fgvc.clustering.spherical_kmeans |   [Groove_billed_Ani] k_selected=2 | k_effective=2 | min_cluster=6 | max_cluster=19
2026-08-19 17:17:24 | INFO     | fgvc.clustering.spherical_kmeans |   [Harris_Sparrow] 25 images
2026-08-19 17:17:24 | DEBUG    | fgvc.clustering.spherical_kmeans |   Init 1/5: inertia=3.052280
2026-08-19 17:17:24 | DEBUG    | fgvc.clustering.spherical_kmeans |   Init 2/5: inertia=2.796418
2026-08-19 17:17:24 | DEBUG    | fgvc.clustering.spherical_kmeans |   Init 3/5: inertia=2.870483
2026-08-19 17:17:24 | DEBUG    | fgvc.clustering.spherical_kmeans |   Init 4/5: inertia=2.966918
2026-08-19 17:17:24 | DEBUG    | fgvc.clustering.spherical_kmeans |   Init 5/5: inertia=2.808656
2026-08-19 17:17:24 | DEBUG    | fgvc.clustering.spherical_kmeans |   Init 1/5: inertia=2.761910
2026-08-19 17:17:24 | DEBUG    | fgvc.clustering.spherical_kmeans |   Init 2/5: inertia=2.800684
2026-08-19 17:17:24 | DEBUG    | fgvc.clustering.spherical_kmeans |   Init 3/5: inertia=2.628654
2026-08-19 17:17:24 | DEBUG    | fgvc.clustering.spherical_kmeans |   Init 4/5: inertia=2.600308
2026-08-19 17:17:24 | DEBUG    | fgvc.clustering.spherical_kmeans |   Init 5/5: inertia=2.627908
2026-08-19 17:17:24 | DEBUG    | fgvc.clustering.spherical_kmeans |   Init 1/5: inertia=2.549148
2026-08-19 17:17:24 | DEBUG    | fgvc.clustering.spherical_kmeans |   Init 2/5: inertia=2.331478
2026-08-19 17:17:24 | DEBUG    | fgvc.clustering.spherical_kmeans |   Init 3/5: inertia=2.485083
2026-08-19 17:17:24 | DEBUG    | fgvc.clustering.spherical_kmeans |   Init 4/5: inertia=2.435472
2026-08-19 17:17:24 | DEBUG    | fgvc.clustering.spherical_kmeans |   Init 5/5: inertia=2.403664
2026-08-19 17:17:24 | DEBUG    | fgvc.clustering.spherical_kmeans |   Init 1/5: inertia=2.399689
2026-08-19 17:17:24 | DEBUG    | fgvc.clustering.spherical_kmeans |   Init 2/5: inertia=2.192442
2026-08-19 17:17:24 | DEBUG    | fgvc.clustering.spherical_kmeans |   Init 3/5: inertia=2.180989
2026-08-19 17:17:24 | DEBUG    | fgvc.clustering.spherical_kmeans |   Init 4/5: inertia=2.299439
2026-08-19 17:17:24 | DEBUG    | fgvc.clustering.spherical_kmeans |   Init 5/5: inertia=2.267998
2026-08-19 17:17:24 | DEBUG    | fgvc.clustering.spherical_kmeans | K selection: best_k=2 | scores={2: {'silhouette': 0.1685, 'compactness': 0.8881, 'score': 0.3507}, 3: {'silhouette': 0.1143, 'compactness': 0.896, 'score': 0.2593}, 4: {'silhouette': 0.1307, 'compactness': 0.9067, 'score': 0.204}, 5: {'silhouette': 0.1189, 'compactness': 0.9128, 'score': 0.1333}}
2026-08-19 17:17:24 | DEBUG    | fgvc.clustering.spherical_kmeans |   Init 1/10: inertia=3.052280
2026-08-19 17:17:24 | DEBUG    | fgvc.clustering.spherical_kmeans |   Init 2/10: inertia=2.796418
2026-08-19 17:17:24 | DEBUG    | fgvc.clustering.spherical_kmeans |   Init 3/10: inertia=2.870483
2026-08-19 17:17:24 | DEBUG    | fgvc.clustering.spherical_kmeans |   Init 4/10: inertia=2.966918
2026-08-19 17:17:24 | DEBUG    | fgvc.clustering.spherical_kmeans |   Init 5/10: inertia=2.808656
2026-08-19 17:17:24 | DEBUG    | fgvc.clustering.spherical_kmeans |   Init 6/10: inertia=2.846971
2026-08-19 17:17:24 | DEBUG    | fgvc.clustering.spherical_kmeans |   Init 7/10: inertia=2.870483
2026-08-19 17:17:24 | DEBUG    | fgvc.clustering.spherical_kmeans |   Init 8/10: inertia=2.808940
2026-08-19 17:17:24 | DEBUG    | fgvc.clustering.spherical_kmeans |   Init 9/10: inertia=2.796418
2026-08-19 17:17:24 | DEBUG    | fgvc.clustering.spherical_kmeans |   Init 10/10: inertia=2.815733
2026-08-19 17:17:24 | INFO     | fgvc.clustering.spherical_kmeans |   [Harris_Sparrow] k_selected=2 | k_effective=2 | min_cluster=11 | max_cluster=14
2026-08-19 17:17:24 | INFO     | fgvc.clustering.spherical_kmeans |   [Heermann_Gull] 25 images
2026-08-19 17:17:24 | DEBUG    | fgvc.clustering.spherical_kmeans |   Init 1/5: inertia=2.831296
2026-08-19 17:17:24 | DEBUG    | fgvc.clustering.spherical_kmeans |   Init 2/5: inertia=2.661138
2026-08-19 17:17:24 | DEBUG    | fgvc.clustering.spherical_kmeans |   Init 3/5: inertia=2.633515
2026-08-19 17:17:24 | DEBUG    | fgvc.clustering.spherical_kmeans |   Init 4/5: inertia=2.757034
2026-08-19 17:17:24 | DEBUG    | fgvc.clustering.spherical_kmeans |   Init 5/5: inertia=2.681139
2026-08-19 17:17:24 | DEBUG    | fgvc.clustering.spherical_kmeans |   Init 1/5: inertia=2.608616
2026-08-19 17:17:24 | DEBUG    | fgvc.clustering.spherical_kmeans |   Init 2/5: inertia=2.360775
2026-08-19 17:17:24 | DEBUG    | fgvc.clustering.spherical_kmeans |   Init 3/5: inertia=2.447112
2026-08-19 17:17:24 | DEBUG    | fgvc.clustering.spherical_kmeans |   Init 4/5: inertia=2.619991
2026-08-19 17:17:24 | DEBUG    | fgvc.clustering.spherical_kmeans |   Init 5/5: inertia=2.637740
2026-08-19 17:17:24 | DEBUG    | fgvc.clustering.spherical_kmeans |   Init 1/5: inertia=2.417120
2026-08-19 17:17:24 | DEBUG    | fgvc.clustering.spherical_kmeans |   Init 2/5: inertia=2.313479
2026-08-19 17:17:24 | DEBUG    | fgvc.clustering.spherical_kmeans |   Init 3/5: inertia=2.281276
2026-08-19 17:17:24 | DEBUG    | fgvc.clustering.spherical_kmeans |   Init 4/5: inertia=2.304260
2026-08-19 17:17:24 | DEBUG    | fgvc.clustering.spherical_kmeans |   Init 5/5: inertia=2.174420
2026-08-19 17:17:24 | DEBUG    | fgvc.clustering.spherical_kmeans |   Init 1/5: inertia=2.028180
2026-08-19 17:17:24 | DEBUG    | fgvc.clustering.spherical_kmeans |   Init 2/5: inertia=2.080542
2026-08-19 17:17:24 | DEBUG    | fgvc.clustering.spherical_kmeans |   Init 3/5: inertia=2.203711
2026-08-19 17:17:24 | DEBUG    | fgvc.clustering.spherical_kmeans |   Init 4/5: inertia=2.001137
2026-08-19 17:17:24 | DEBUG    | fgvc.clustering.spherical_kmeans |   Init 5/5: inertia=2.115820
2026-08-19 17:17:24 | DEBUG    | fgvc.clustering.spherical_kmeans | K selection: best_k=2 | scores={2: {'silhouette': 0.1968, 'compactness': 0.8947, 'score': 0.3668}, 3: {'silhouette': 0.1769, 'compactness': 0.9056, 'score': 0.2934}, 4: {'silhouette': 0.1412, 'compactness': 0.913, 'score': 0.2112}, 5: {'silhouette': 0.1279, 'compactness': 0.92, 'score': 0.14}}
2026-08-19 17:17:24 | DEBUG    | fgvc.clustering.spherical_kmeans |   Init 1/10: inertia=2.831296
2026-08-19 17:17:24 | DEBUG    | fgvc.clustering.spherical_kmeans |   Init 2/10: inertia=2.661138
2026-08-19 17:17:24 | DEBUG    | fgvc.clustering.spherical_kmeans |   Init 3/10: inertia=2.633515
2026-08-19 17:17:24 | DEBUG    | fgvc.clustering.spherical_kmeans |   Init 4/10: inertia=2.757034
2026-08-19 17:17:24 | DEBUG    | fgvc.clustering.spherical_kmeans |   Init 5/10: inertia=2.681139
2026-08-19 17:17:24 | DEBUG    | fgvc.clustering.spherical_kmeans |   Init 6/10: inertia=2.797637
2026-08-19 17:17:24 | DEBUG    | fgvc.clustering.spherical_kmeans |   Init 7/10: inertia=2.681139
2026-08-19 17:17:24 | DEBUG    | fgvc.clustering.spherical_kmeans |   Init 8/10: inertia=2.784845
2026-08-19 17:17:24 | DEBUG    | fgvc.clustering.spherical_kmeans |   Init 9/10: inertia=2.681139
2026-08-19 17:17:24 | DEBUG    | fgvc.clustering.spherical_kmeans |   Init 10/10: inertia=2.814056
2026-08-19 17:17:24 | INFO     | fgvc.clustering.spherical_kmeans |   [Heermann_Gull] k_selected=2 | k_effective=2 | min_cluster=7 | max_cluster=18
2026-08-19 17:17:24 | INFO     | fgvc.clustering.spherical_kmeans |   [Henslow_Sparrow] 25 images
2026-08-19 17:17:24 | DEBUG    | fgvc.clustering.spherical_kmeans |   Init 1/5: inertia=2.889202
2026-08-19 17:17:24 | DEBUG    | fgvc.clustering.spherical_kmeans |   Init 2/5: inertia=2.984790
2026-08-19 17:17:24 | DEBUG    | fgvc.clustering.spherical_kmeans |   Init 3/5: inertia=2.959476
2026-08-19 17:17:24 | DEBUG    | fgvc.clustering.spherical_kmeans |   Init 4/5: inertia=2.990768
2026-08-19 17:17:24 | DEBUG    | fgvc.clustering.spherical_kmeans |   Init 5/5: inertia=2.944567
2026-08-19 17:17:24 | DEBUG    | fgvc.clustering.spherical_kmeans |   Init 1/5: inertia=2.705041
2026-08-19 17:17:24 | DEBUG    | fgvc.clustering.spherical_kmeans |   Init 2/5: inertia=2.730777
2026-08-19 17:17:24 | DEBUG    | fgvc.clustering.spherical_kmeans |   Init 3/5: inertia=2.732807
2026-08-19 17:17:24 | DEBUG    | fgvc.clustering.spherical_kmeans |   Init 4/5: inertia=2.684569
2026-08-19 17:17:24 | DEBUG    | fgvc.clustering.spherical_kmeans |   Init 5/5: inertia=2.754684
2026-08-19 17:17:24 | DEBUG    | fgvc.clustering.spherical_kmeans |   Init 1/5: inertia=2.529232
2026-08-19 17:17:24 | DEBUG    | fgvc.clustering.spherical_kmeans |   Init 2/5: inertia=2.572771
2026-08-19 17:17:24 | DEBUG    | fgvc.clustering.spherical_kmeans |   Init 3/5: inertia=2.548581
2026-08-19 17:17:24 | DEBUG    | fgvc.clustering.spherical_kmeans |   Init 4/5: inertia=2.534672
2026-08-19 17:17:24 | DEBUG    | fgvc.clustering.spherical_kmeans |   Init 5/5: inertia=2.601562
2026-08-19 17:17:24 | DEBUG    | fgvc.clustering.spherical_kmeans |   Init 1/5: inertia=2.352136
2026-08-19 17:17:24 | DEBUG    | fgvc.clustering.spherical_kmeans |   Init 2/5: inertia=2.377470
2026-08-19 17:17:24 | DEBUG    | fgvc.clustering.spherical_kmeans |   Init 3/5: inertia=2.401578
2026-08-19 17:17:24 | DEBUG    | fgvc.clustering.spherical_kmeans |   Init 4/5: inertia=2.327199
2026-08-19 17:17:24 | DEBUG    | fgvc.clustering.spherical_kmeans |   Init 5/5: inertia=2.424059
2026-08-19 17:17:24 | DEBUG    | fgvc.clustering.spherical_kmeans | K selection: best_k=2 | scores={2: {'silhouette': 0.1118, 'compactness': 0.8844, 'score': 0.3212}, 3: {'silhouette': 0.103, 'compactness': 0.8926, 'score': 0.2526}, 4: {'silhouette': 0.0235, 'compactness': 0.8988, 'score': 0.1481}, 5: {'silhouette': 0.0545, 'compactness': 0.9069, 'score': 0.0993}}
2026-08-19 17:17:24 | DEBUG    | fgvc.clustering.spherical_kmeans |   Init 1/10: inertia=2.889202
2026-08-19 17:17:24 | DEBUG    | fgvc.clustering.spherical_kmeans |   Init 2/10: inertia=2.984790
2026-08-19 17:17:24 | DEBUG    | fgvc.clustering.spherical_kmeans |   Init 3/10: inertia=2.959476
2026-08-19 17:17:24 | DEBUG    | fgvc.clustering.spherical_kmeans |   Init 4/10: inertia=2.990768
2026-08-19 17:17:24 | DEBUG    | fgvc.clustering.spherical_kmeans |   Init 5/10: inertia=2.944567
2026-08-19 17:17:24 | DEBUG    | fgvc.clustering.spherical_kmeans |   Init 6/10: inertia=2.972062
2026-08-19 17:17:24 | DEBUG    | fgvc.clustering.spherical_kmeans |   Init 7/10: inertia=2.909833
2026-08-19 17:17:24 | DEBUG    | fgvc.clustering.spherical_kmeans |   Init 8/10: inertia=3.003788
2026-08-19 17:17:24 | DEBUG    | fgvc.clustering.spherical_kmeans |   Init 9/10: inertia=2.944567
2026-08-19 17:17:24 | DEBUG    | fgvc.clustering.spherical_kmeans |   Init 10/10: inertia=2.980272
2026-08-19 17:17:24 | INFO     | fgvc.clustering.spherical_kmeans |   [Henslow_Sparrow] k_selected=2 | k_effective=2 | min_cluster=8 | max_cluster=17
2026-08-19 17:17:24 | INFO     | fgvc.clustering.spherical_kmeans |   [Herring_Gull] 25 images
2026-08-19 17:17:24 | DEBUG    | fgvc.clustering.spherical_kmeans |   Init 1/5: inertia=4.755938
2026-08-19 17:17:24 | DEBUG    | fgvc.clustering.spherical_kmeans |   Init 2/5: inertia=4.902592
2026-08-19 17:17:24 | DEBUG    | fgvc.clustering.spherical_kmeans |   Init 3/5: inertia=4.782874
2026-08-19 17:17:24 | DEBUG    | fgvc.clustering.spherical_kmeans |   Init 4/5: inertia=4.996213
2026-08-19 17:17:24 | DEBUG    | fgvc.clustering.spherical_kmeans |   Init 5/5: inertia=4.827013
2026-08-19 17:17:24 | DEBUG    | fgvc.clustering.spherical_kmeans |   Init 1/5: inertia=4.242573
2026-08-19 17:17:24 | DEBUG    | fgvc.clustering.spherical_kmeans |   Init 2/5: inertia=4.617845
2026-08-19 17:17:24 | DEBUG    | fgvc.clustering.spherical_kmeans |   Init 3/5: inertia=4.654441
2026-08-19 17:17:24 | DEBUG    | fgvc.clustering.spherical_kmeans |   Init 4/5: inertia=4.470936
2026-08-19 17:17:24 | DEBUG    | fgvc.clustering.spherical_kmeans |   Init 5/5: inertia=4.401583
2026-08-19 17:17:24 | DEBUG    | fgvc.clustering.spherical_kmeans |   Init 1/5: inertia=3.922208
2026-08-19 17:17:24 | DEBUG    | fgvc.clustering.spherical_kmeans |   Init 2/5: inertia=4.204683
2026-08-19 17:17:24 | DEBUG    | fgvc.clustering.spherical_kmeans |   Init 3/5: inertia=4.010521
2026-08-19 17:17:24 | DEBUG    | fgvc.clustering.spherical_kmeans |   Init 4/5: inertia=4.360837
2026-08-19 17:17:24 | DEBUG    | fgvc.clustering.spherical_kmeans |   Init 5/5: inertia=3.873314
2026-08-19 17:17:24 | DEBUG    | fgvc.clustering.spherical_kmeans |   Init 1/5: inertia=3.643433
2026-08-19 17:17:24 | DEBUG    | fgvc.clustering.spherical_kmeans |   Init 2/5: inertia=3.775757
2026-08-19 17:17:24 | DEBUG    | fgvc.clustering.spherical_kmeans |   Init 3/5: inertia=3.457964
2026-08-19 17:17:24 | DEBUG    | fgvc.clustering.spherical_kmeans |   Init 4/5: inertia=3.730189
2026-08-19 17:17:24 | DEBUG    | fgvc.clustering.spherical_kmeans |   Init 5/5: inertia=3.799202
2026-08-19 17:17:24 | DEBUG    | fgvc.clustering.spherical_kmeans | K selection: best_k=2 | scores={2: {'silhouette': 0.1262, 'compactness': 0.8098, 'score': 0.306}, 3: {'silhouette': 0.1092, 'compactness': 0.8303, 'score': 0.237}, 4: {'silhouette': 0.1023, 'compactness': 0.8451, 'score': 0.1713}, 5: {'silhouette': 0.1283, 'compactness': 0.8617, 'score': 0.1227}}
2026-08-19 17:17:24 | DEBUG    | fgvc.clustering.spherical_kmeans |   Init 1/10: inertia=4.755938
2026-08-19 17:17:24 | DEBUG    | fgvc.clustering.spherical_kmeans |   Init 2/10: inertia=4.902592
2026-08-19 17:17:24 | DEBUG    | fgvc.clustering.spherical_kmeans |   Init 3/10: inertia=4.782874
2026-08-19 17:17:24 | DEBUG    | fgvc.clustering.spherical_kmeans |   Init 4/10: inertia=4.996213
2026-08-19 17:17:24 | DEBUG    | fgvc.clustering.spherical_kmeans |   Init 5/10: inertia=4.827013
2026-08-19 17:17:24 | DEBUG    | fgvc.clustering.spherical_kmeans |   Init 6/10: inertia=4.661489
2026-08-19 17:17:24 | DEBUG    | fgvc.clustering.spherical_kmeans |   Init 7/10: inertia=4.894009
2026-08-19 17:17:24 | DEBUG    | fgvc.clustering.spherical_kmeans |   Init 8/10: inertia=4.708363
2026-08-19 17:17:24 | DEBUG    | fgvc.clustering.spherical_kmeans |   Init 9/10: inertia=4.972306
2026-08-19 17:17:24 | DEBUG    | fgvc.clustering.spherical_kmeans |   Init 10/10: inertia=4.829456
2026-08-19 17:17:24 | INFO     | fgvc.clustering.spherical_kmeans |   [Herring_Gull] k_selected=2 | k_effective=2 | min_cluster=5 | max_cluster=20
2026-08-19 17:17:24 | INFO     | fgvc.clustering.spherical_kmeans |   [Hooded_Merganser] 25 images
2026-08-19 17:17:24 | DEBUG    | fgvc.clustering.spherical_kmeans |   Init 1/5: inertia=2.868114
2026-08-19 17:17:24 | DEBUG    | fgvc.clustering.spherical_kmeans |   Init 2/5: inertia=2.852776
2026-08-19 17:17:24 | DEBUG    | fgvc.clustering.spherical_kmeans |   Init 3/5: inertia=2.811983
2026-08-19 17:17:24 | DEBUG    | fgvc.clustering.spherical_kmeans |   Init 4/5: inertia=2.890576
2026-08-19 17:17:24 | DEBUG    | fgvc.clustering.spherical_kmeans |   Init 5/5: inertia=2.852776
2026-08-19 17:17:24 | DEBUG    | fgvc.clustering.spherical_kmeans |   Init 1/5: inertia=2.700250
2026-08-19 17:17:24 | DEBUG    | fgvc.clustering.spherical_kmeans |   Init 2/5: inertia=2.491540
2026-08-19 17:17:24 | DEBUG    | fgvc.clustering.spherical_kmeans |   Init 3/5: inertia=2.496948
2026-08-19 17:17:24 | DEBUG    | fgvc.clustering.spherical_kmeans |   Init 4/5: inertia=2.646213
2026-08-19 17:17:24 | DEBUG    | fgvc.clustering.spherical_kmeans |   Init 5/5: inertia=2.597056
2026-08-19 17:17:24 | DEBUG    | fgvc.clustering.spherical_kmeans |   Init 1/5: inertia=2.530486
2026-08-19 17:17:24 | DEBUG    | fgvc.clustering.spherical_kmeans |   Init 2/5: inertia=2.481786
2026-08-19 17:17:24 | DEBUG    | fgvc.clustering.spherical_kmeans |   Init 3/5: inertia=2.476175
2026-08-19 17:17:24 | DEBUG    | fgvc.clustering.spherical_kmeans |   Init 4/5: inertia=2.335287
2026-08-19 17:17:24 | DEBUG    | fgvc.clustering.spherical_kmeans |   Init 5/5: inertia=2.279945
2026-08-19 17:17:24 | DEBUG    | fgvc.clustering.spherical_kmeans |   Init 1/5: inertia=2.358219
2026-08-19 17:17:24 | DEBUG    | fgvc.clustering.spherical_kmeans |   Init 2/5: inertia=2.301535
2026-08-19 17:17:24 | DEBUG    | fgvc.clustering.spherical_kmeans |   Init 3/5: inertia=2.130441
2026-08-19 17:17:24 | DEBUG    | fgvc.clustering.spherical_kmeans |   Init 4/5: inertia=2.142366
2026-08-19 17:17:24 | DEBUG    | fgvc.clustering.spherical_kmeans |   Init 5/5: inertia=2.217491
2026-08-19 17:17:24 | DEBUG    | fgvc.clustering.spherical_kmeans | K selection: best_k=2 | scores={2: {'silhouette': 0.2736, 'compactness': 0.8875, 'score': 0.4031}, 3: {'silhouette': 0.2088, 'compactness': 0.9003, 'score': 0.3079}, 4: {'silhouette': 0.0822, 'compactness': 0.9088, 'score': 0.1804}, 5: {'silhouette': 0.0805, 'compactness': 0.9148, 'score': 0.1147}}
2026-08-19 17:17:24 | DEBUG    | fgvc.clustering.spherical_kmeans |   Init 1/10: inertia=2.868114
2026-08-19 17:17:24 | DEBUG    | fgvc.clustering.spherical_kmeans |   Init 2/10: inertia=2.852776
2026-08-19 17:17:24 | DEBUG    | fgvc.clustering.spherical_kmeans |   Init 3/10: inertia=2.811983
2026-08-19 17:17:24 | DEBUG    | fgvc.clustering.spherical_kmeans |   Init 4/10: inertia=2.890576
2026-08-19 17:17:24 | DEBUG    | fgvc.clustering.spherical_kmeans |   Init 5/10: inertia=2.852776
2026-08-19 17:17:24 | DEBUG    | fgvc.clustering.spherical_kmeans |   Init 6/10: inertia=2.769255
2026-08-19 17:17:24 | DEBUG    | fgvc.clustering.spherical_kmeans |   Init 7/10: inertia=2.827121
2026-08-19 17:17:24 | DEBUG    | fgvc.clustering.spherical_kmeans |   Init 8/10: inertia=2.904258
2026-08-19 17:17:24 | DEBUG    | fgvc.clustering.spherical_kmeans |   Init 9/10: inertia=2.782806
2026-08-19 17:17:24 | DEBUG    | fgvc.clustering.spherical_kmeans |   Init 10/10: inertia=2.820534
2026-08-19 17:17:24 | INFO     | fgvc.clustering.spherical_kmeans |   [Hooded_Merganser] k_selected=2 | k_effective=1 | min_cluster=25 | max_cluster=25
2026-08-19 17:17:24 | INFO     | fgvc.clustering.spherical_kmeans |   [Hooded_Oriole] 25 images
2026-08-19 17:17:24 | DEBUG    | fgvc.clustering.spherical_kmeans |   Init 1/5: inertia=2.620795
2026-08-19 17:17:24 | DEBUG    | fgvc.clustering.spherical_kmeans |   Init 2/5: inertia=2.620795
2026-08-19 17:17:24 | DEBUG    | fgvc.clustering.spherical_kmeans |   Init 3/5: inertia=2.620795
2026-08-19 17:17:24 | DEBUG    | fgvc.clustering.spherical_kmeans |   Init 4/5: inertia=2.620795
2026-08-19 17:17:24 | DEBUG    | fgvc.clustering.spherical_kmeans |   Init 5/5: inertia=2.620795
2026-08-19 17:17:24 | DEBUG    | fgvc.clustering.spherical_kmeans |   Init 1/5: inertia=2.430614
2026-08-19 17:17:24 | DEBUG    | fgvc.clustering.spherical_kmeans |   Init 2/5: inertia=2.451912
2026-08-19 17:17:24 | DEBUG    | fgvc.clustering.spherical_kmeans |   Init 3/5: inertia=2.422698
2026-08-19 17:17:24 | DEBUG    | fgvc.clustering.spherical_kmeans |   Init 4/5: inertia=2.415410
2026-08-19 17:17:24 | DEBUG    | fgvc.clustering.spherical_kmeans |   Init 5/5: inertia=2.480023
2026-08-19 17:17:24 | DEBUG    | fgvc.clustering.spherical_kmeans |   Init 1/5: inertia=2.310259
2026-08-19 17:17:24 | DEBUG    | fgvc.clustering.spherical_kmeans |   Init 2/5: inertia=2.329923
2026-08-19 17:17:24 | DEBUG    | fgvc.clustering.spherical_kmeans |   Init 3/5: inertia=2.241503
2026-08-19 17:17:24 | DEBUG    | fgvc.clustering.spherical_kmeans |   Init 4/5: inertia=2.266747
2026-08-19 17:17:24 | DEBUG    | fgvc.clustering.spherical_kmeans |   Init 5/5: inertia=2.313305
2026-08-19 17:17:24 | DEBUG    | fgvc.clustering.spherical_kmeans |   Init 1/5: inertia=2.107906
2026-08-19 17:17:24 | DEBUG    | fgvc.clustering.spherical_kmeans |   Init 2/5: inertia=2.101091
2026-08-19 17:17:24 | DEBUG    | fgvc.clustering.spherical_kmeans |   Init 3/5: inertia=2.039900
2026-08-19 17:17:24 | DEBUG    | fgvc.clustering.spherical_kmeans |   Init 4/5: inertia=2.175370
2026-08-19 17:17:24 | DEBUG    | fgvc.clustering.spherical_kmeans |   Init 5/5: inertia=2.068599
2026-08-19 17:17:24 | DEBUG    | fgvc.clustering.spherical_kmeans | K selection: best_k=2 | scores={2: {'silhouette': 0.4682, 'compactness': 0.8952, 'score': 0.5027}, 3: {'silhouette': 0.1724, 'compactness': 0.9034, 'score': 0.2905}, 4: {'silhouette': 0.0923, 'compactness': 0.9103, 'score': 0.1859}, 5: {'silhouette': 0.1339, 'compactness': 0.9184, 'score': 0.1425}}
2026-08-19 17:17:24 | DEBUG    | fgvc.clustering.spherical_kmeans |   Init 1/10: inertia=2.620795
2026-08-19 17:17:24 | DEBUG    | fgvc.clustering.spherical_kmeans |   Init 2/10: inertia=2.620795
2026-08-19 17:17:24 | DEBUG    | fgvc.clustering.spherical_kmeans |   Init 3/10: inertia=2.620795
2026-08-19 17:17:24 | DEBUG    | fgvc.clustering.spherical_kmeans |   Init 4/10: inertia=2.620795
2026-08-19 17:17:24 | DEBUG    | fgvc.clustering.spherical_kmeans |   Init 5/10: inertia=2.620795
2026-08-19 17:17:24 | DEBUG    | fgvc.clustering.spherical_kmeans |   Init 6/10: inertia=2.620795
2026-08-19 17:17:24 | DEBUG    | fgvc.clustering.spherical_kmeans |   Init 7/10: inertia=2.620795
2026-08-19 17:17:24 | DEBUG    | fgvc.clustering.spherical_kmeans |   Init 8/10: inertia=3.680605
2026-08-19 17:17:24 | DEBUG    | fgvc.clustering.spherical_kmeans |   Init 9/10: inertia=2.620795
2026-08-19 17:17:24 | DEBUG    | fgvc.clustering.spherical_kmeans |   Init 10/10: inertia=2.620795
2026-08-19 17:17:24 | INFO     | fgvc.clustering.spherical_kmeans |   [Hooded_Oriole] k_selected=2 | k_effective=2 | min_cluster=7 | max_cluster=18
2026-08-19 17:17:24 | INFO     | fgvc.clustering.spherical_kmeans |   [Hooded_Warbler] 25 images
2026-08-19 17:17:24 | DEBUG    | fgvc.clustering.spherical_kmeans |   Init 1/5: inertia=2.593324
2026-08-19 17:17:24 | DEBUG    | fgvc.clustering.spherical_kmeans |   Init 2/5: inertia=2.613358
2026-08-19 17:17:24 | DEBUG    | fgvc.clustering.spherical_kmeans |   Init 3/5: inertia=2.947712
2026-08-19 17:17:24 | DEBUG    | fgvc.clustering.spherical_kmeans |   Init 4/5: inertia=2.613358
2026-08-19 17:17:24 | DEBUG    | fgvc.clustering.spherical_kmeans |   Init 5/5: inertia=3.083942
2026-08-19 17:17:24 | DEBUG    | fgvc.clustering.spherical_kmeans |   Init 1/5: inertia=2.307089
2026-08-19 17:17:24 | DEBUG    | fgvc.clustering.spherical_kmeans |   Init 2/5: inertia=2.487734
2026-08-19 17:17:24 | DEBUG    | fgvc.clustering.spherical_kmeans |   Init 3/5: inertia=2.487611
2026-08-19 17:17:24 | DEBUG    | fgvc.clustering.spherical_kmeans |   Init 4/5: inertia=2.307089
2026-08-19 17:17:24 | DEBUG    | fgvc.clustering.spherical_kmeans |   Init 5/5: inertia=2.356489
2026-08-19 17:17:24 | DEBUG    | fgvc.clustering.spherical_kmeans |   Init 1/5: inertia=2.023098
2026-08-19 17:17:24 | DEBUG    | fgvc.clustering.spherical_kmeans |   Init 2/5: inertia=2.287264
2026-08-19 17:17:24 | DEBUG    | fgvc.clustering.spherical_kmeans |   Init 3/5: inertia=2.156705
2026-08-19 17:17:24 | DEBUG    | fgvc.clustering.spherical_kmeans |   Init 4/5: inertia=2.276687
2026-08-19 17:17:24 | DEBUG    | fgvc.clustering.spherical_kmeans |   Init 5/5: inertia=2.124008
2026-08-19 17:17:24 | DEBUG    | fgvc.clustering.spherical_kmeans |   Init 1/5: inertia=1.800260
2026-08-19 17:17:24 | DEBUG    | fgvc.clustering.spherical_kmeans |   Init 2/5: inertia=2.137188
2026-08-19 17:17:24 | DEBUG    | fgvc.clustering.spherical_kmeans |   Init 3/5: inertia=2.151540
2026-08-19 17:17:24 | DEBUG    | fgvc.clustering.spherical_kmeans |   Init 4/5: inertia=2.004209
2026-08-19 17:17:24 | DEBUG    | fgvc.clustering.spherical_kmeans |   Init 5/5: inertia=2.291346
2026-08-19 17:17:24 | DEBUG    | fgvc.clustering.spherical_kmeans | K selection: best_k=2 | scores={2: {'silhouette': 0.4163, 'compactness': 0.8963, 'score': 0.477}, 3: {'silhouette': 0.4591, 'compactness': 0.9077, 'score': 0.4352}, 4: {'silhouette': 0.3591, 'compactness': 0.9191, 'score': 0.3219}, 5: {'silhouette': 0.3456, 'compactness': 0.928, 'score': 0.2512}}
2026-08-19 17:17:24 | DEBUG    | fgvc.clustering.spherical_kmeans |   Init 1/10: inertia=2.593324
2026-08-19 17:17:24 | DEBUG    | fgvc.clustering.spherical_kmeans |   Init 2/10: inertia=2.613358
2026-08-19 17:17:24 | DEBUG    | fgvc.clustering.spherical_kmeans |   Init 3/10: inertia=2.947712
2026-08-19 17:17:24 | DEBUG    | fgvc.clustering.spherical_kmeans |   Init 4/10: inertia=2.613358
2026-08-19 17:17:24 | DEBUG    | fgvc.clustering.spherical_kmeans |   Init 5/10: inertia=3.083942
2026-08-19 17:17:24 | DEBUG    | fgvc.clustering.spherical_kmeans |   Init 6/10: inertia=2.947712
2026-08-19 17:17:24 | DEBUG    | fgvc.clustering.spherical_kmeans |   Init 7/10: inertia=2.573668
2026-08-19 17:17:24 | DEBUG    | fgvc.clustering.spherical_kmeans |   Init 8/10: inertia=2.657751
2026-08-19 17:17:24 | DEBUG    | fgvc.clustering.spherical_kmeans |   Init 9/10: inertia=2.573668
2026-08-19 17:17:24 | DEBUG    | fgvc.clustering.spherical_kmeans |   Init 10/10: inertia=2.652297
2026-08-19 17:17:24 | INFO     | fgvc.clustering.spherical_kmeans |   [Hooded_Warbler] k_selected=2 | k_effective=2 | min_cluster=6 | max_cluster=19
2026-08-19 17:17:24 | INFO     | fgvc.clustering.spherical_kmeans |   [Horned_Grebe] 25 images
2026-08-19 17:17:24 | DEBUG    | fgvc.clustering.spherical_kmeans |   Init 1/5: inertia=3.084469
2026-08-19 17:17:24 | DEBUG    | fgvc.clustering.spherical_kmeans |   Init 2/5: inertia=3.103587
2026-08-19 17:17:24 | DEBUG    | fgvc.clustering.spherical_kmeans |   Init 3/5: inertia=2.580982
2026-08-19 17:17:24 | DEBUG    | fgvc.clustering.spherical_kmeans |   Init 4/5: inertia=2.632456
2026-08-19 17:17:24 | DEBUG    | fgvc.clustering.spherical_kmeans |   Init 5/5: inertia=2.632456
2026-08-19 17:17:24 | DEBUG    | fgvc.clustering.spherical_kmeans |   Init 1/5: inertia=2.884978
2026-08-19 17:17:24 | DEBUG    | fgvc.clustering.spherical_kmeans |   Init 2/5: inertia=2.371536
2026-08-19 17:17:24 | DEBUG    | fgvc.clustering.spherical_kmeans |   Init 3/5: inertia=2.484586
2026-08-19 17:17:24 | DEBUG    | fgvc.clustering.spherical_kmeans |   Init 4/5: inertia=2.302201
2026-08-19 17:17:24 | DEBUG    | fgvc.clustering.spherical_kmeans |   Init 5/5: inertia=2.369720
2026-08-19 17:17:24 | DEBUG    | fgvc.clustering.spherical_kmeans |   Init 1/5: inertia=2.231752
2026-08-19 17:17:24 | DEBUG    | fgvc.clustering.spherical_kmeans |   Init 2/5: inertia=2.329316
2026-08-19 17:17:24 | DEBUG    | fgvc.clustering.spherical_kmeans |   Init 3/5: inertia=2.265922
2026-08-19 17:17:24 | DEBUG    | fgvc.clustering.spherical_kmeans |   Init 4/5: inertia=2.211935
2026-08-19 17:17:24 | DEBUG    | fgvc.clustering.spherical_kmeans |   Init 5/5: inertia=2.235588
2026-08-19 17:17:24 | DEBUG    | fgvc.clustering.spherical_kmeans |   Init 1/5: inertia=2.062881
2026-08-19 17:17:24 | DEBUG    | fgvc.clustering.spherical_kmeans |   Init 2/5: inertia=2.182078
2026-08-19 17:17:24 | DEBUG    | fgvc.clustering.spherical_kmeans |   Init 3/5: inertia=2.067096
2026-08-19 17:17:24 | DEBUG    | fgvc.clustering.spherical_kmeans |   Init 4/5: inertia=1.976364
2026-08-19 17:17:24 | DEBUG    | fgvc.clustering.spherical_kmeans |   Init 5/5: inertia=2.122976
2026-08-19 17:17:24 | DEBUG    | fgvc.clustering.spherical_kmeans | K selection: best_k=2 | scores={2: {'silhouette': 0.2812, 'compactness': 0.8968, 'score': 0.4096}, 3: {'silhouette': 0.2466, 'compactness': 0.9079, 'score': 0.329}, 4: {'silhouette': 0.1552, 'compactness': 0.9115, 'score': 0.2177}, 5: {'silhouette': 0.2196, 'compactness': 0.9209, 'score': 0.1861}}
2026-08-19 17:17:24 | DEBUG    | fgvc.clustering.spherical_kmeans |   Init 1/10: inertia=3.084469
2026-08-19 17:17:24 | DEBUG    | fgvc.clustering.spherical_kmeans |   Init 2/10: inertia=3.103587
2026-08-19 17:17:24 | DEBUG    | fgvc.clustering.spherical_kmeans |   Init 3/10: inertia=2.580982
2026-08-19 17:17:24 | DEBUG    | fgvc.clustering.spherical_kmeans |   Init 4/10: inertia=2.632456
2026-08-19 17:17:24 | DEBUG    | fgvc.clustering.spherical_kmeans |   Init 5/10: inertia=2.632456
2026-08-19 17:17:24 | DEBUG    | fgvc.clustering.spherical_kmeans |   Init 6/10: inertia=2.584043
2026-08-19 17:17:24 | DEBUG    | fgvc.clustering.spherical_kmeans |   Init 7/10: inertia=2.584043
2026-08-19 17:17:24 | DEBUG    | fgvc.clustering.spherical_kmeans |   Init 8/10: inertia=2.584043
2026-08-19 17:17:24 | DEBUG    | fgvc.clustering.spherical_kmeans |   Init 9/10: inertia=2.584043
2026-08-19 17:17:24 | DEBUG    | fgvc.clustering.spherical_kmeans |   Init 10/10: inertia=2.580982
2026-08-19 17:17:24 | INFO     | fgvc.clustering.spherical_kmeans |   [Horned_Grebe] k_selected=2 | k_effective=2 | min_cluster=12 | max_cluster=13
2026-08-19 17:17:24 | INFO     | fgvc.clustering.spherical_kmeans |   [Horned_Lark] 25 images
2026-08-19 17:17:24 | DEBUG    | fgvc.clustering.spherical_kmeans |   Init 1/5: inertia=2.955177
2026-08-19 17:17:24 | DEBUG    | fgvc.clustering.spherical_kmeans |   Init 2/5: inertia=2.973708
2026-08-19 17:17:24 | DEBUG    | fgvc.clustering.spherical_kmeans |   Init 3/5: inertia=2.852210
2026-08-19 17:17:24 | DEBUG    | fgvc.clustering.spherical_kmeans |   Init 4/5: inertia=2.999264
2026-08-19 17:17:24 | DEBUG    | fgvc.clustering.spherical_kmeans |   Init 5/5: inertia=2.906360
2026-08-19 17:17:24 | DEBUG    | fgvc.clustering.spherical_kmeans |   Init 1/5: inertia=2.672717
2026-08-19 17:17:24 | DEBUG    | fgvc.clustering.spherical_kmeans |   Init 2/5: inertia=2.835617
2026-08-19 17:17:24 | DEBUG    | fgvc.clustering.spherical_kmeans |   Init 3/5: inertia=2.680454
2026-08-19 17:17:24 | DEBUG    | fgvc.clustering.spherical_kmeans |   Init 4/5: inertia=2.619370
2026-08-19 17:17:24 | DEBUG    | fgvc.clustering.spherical_kmeans |   Init 5/5: inertia=2.728434
2026-08-19 17:17:24 | DEBUG    | fgvc.clustering.spherical_kmeans |   Init 1/5: inertia=2.440031
2026-08-19 17:17:24 | DEBUG    | fgvc.clustering.spherical_kmeans |   Init 2/5: inertia=2.425615
2026-08-19 17:17:24 | DEBUG    | fgvc.clustering.spherical_kmeans |   Init 3/5: inertia=2.425406
2026-08-19 17:17:24 | DEBUG    | fgvc.clustering.spherical_kmeans |   Init 4/5: inertia=2.447458
2026-08-19 17:17:24 | DEBUG    | fgvc.clustering.spherical_kmeans |   Init 5/5: inertia=2.419365
2026-08-19 17:17:24 | DEBUG    | fgvc.clustering.spherical_kmeans |   Init 1/5: inertia=2.196321
2026-08-19 17:17:24 | DEBUG    | fgvc.clustering.spherical_kmeans |   Init 2/5: inertia=2.246753
2026-08-19 17:17:24 | DEBUG    | fgvc.clustering.spherical_kmeans |   Init 3/5: inertia=2.240468
2026-08-19 17:17:24 | DEBUG    | fgvc.clustering.spherical_kmeans |   Init 4/5: inertia=2.285192
2026-08-19 17:17:24 | DEBUG    | fgvc.clustering.spherical_kmeans |   Init 5/5: inertia=2.243289
2026-08-19 17:17:24 | DEBUG    | fgvc.clustering.spherical_kmeans | K selection: best_k=2 | scores={2: {'silhouette': 0.1554, 'compactness': 0.8859, 'score': 0.3435}, 3: {'silhouette': 0.1203, 'compactness': 0.8952, 'score': 0.262}, 4: {'silhouette': 0.1165, 'compactness': 0.9032, 'score': 0.1959}, 5: {'silhouette': 0.0954, 'compactness': 0.9121, 'score': 0.1213}}
2026-08-19 17:17:24 | DEBUG    | fgvc.clustering.spherical_kmeans |   Init 1/10: inertia=2.955177
2026-08-19 17:17:24 | DEBUG    | fgvc.clustering.spherical_kmeans |   Init 2/10: inertia=2.973708
2026-08-19 17:17:24 | DEBUG    | fgvc.clustering.spherical_kmeans |   Init 3/10: inertia=2.852210
2026-08-19 17:17:24 | DEBUG    | fgvc.clustering.spherical_kmeans |   Init 4/10: inertia=2.999264
2026-08-19 17:17:24 | DEBUG    | fgvc.clustering.spherical_kmeans |   Init 5/10: inertia=2.906360
2026-08-19 17:17:24 | DEBUG    | fgvc.clustering.spherical_kmeans |   Init 6/10: inertia=2.861639
2026-08-19 17:17:24 | DEBUG    | fgvc.clustering.spherical_kmeans |   Init 7/10: inertia=2.961656
2026-08-19 17:17:24 | DEBUG    | fgvc.clustering.spherical_kmeans |   Init 8/10: inertia=2.957489
2026-08-19 17:17:24 | DEBUG    | fgvc.clustering.spherical_kmeans |   Init 9/10: inertia=2.906360
2026-08-19 17:17:24 | DEBUG    | fgvc.clustering.spherical_kmeans |   Init 10/10: inertia=2.884854
2026-08-19 17:17:24 | INFO     | fgvc.clustering.spherical_kmeans |   [Horned_Lark] k_selected=2 | k_effective=2 | min_cluster=9 | max_cluster=16
2026-08-19 17:17:24 | INFO     | fgvc.clustering.spherical_kmeans |   [Horned_Puffin] 25 images
2026-08-19 17:17:24 | DEBUG    | fgvc.clustering.spherical_kmeans |   Init 1/5: inertia=2.416342
2026-08-19 17:17:24 | DEBUG    | fgvc.clustering.spherical_kmeans |   Init 2/5: inertia=2.506053
2026-08-19 17:17:24 | DEBUG    | fgvc.clustering.spherical_kmeans |   Init 3/5: inertia=2.460019
2026-08-19 17:17:24 | DEBUG    | fgvc.clustering.spherical_kmeans |   Init 4/5: inertia=2.513644
2026-08-19 17:17:24 | DEBUG    | fgvc.clustering.spherical_kmeans |   Init 5/5: inertia=2.379495
2026-08-19 17:17:24 | DEBUG    | fgvc.clustering.spherical_kmeans |   Init 1/5: inertia=2.165380
2026-08-19 17:17:24 | DEBUG    | fgvc.clustering.spherical_kmeans |   Init 2/5: inertia=2.238397
2026-08-19 17:17:24 | DEBUG    | fgvc.clustering.spherical_kmeans |   Init 3/5: inertia=2.189014
2026-08-19 17:17:24 | DEBUG    | fgvc.clustering.spherical_kmeans |   Init 4/5: inertia=2.163759
2026-08-19 17:17:24 | DEBUG    | fgvc.clustering.spherical_kmeans |   Init 5/5: inertia=2.255677
2026-08-19 17:17:24 | DEBUG    | fgvc.clustering.spherical_kmeans |   Init 1/5: inertia=2.052288
2026-08-19 17:17:24 | DEBUG    | fgvc.clustering.spherical_kmeans |   Init 2/5: inertia=2.077085
2026-08-19 17:17:24 | DEBUG    | fgvc.clustering.spherical_kmeans |   Init 3/5: inertia=2.132053
2026-08-19 17:17:24 | DEBUG    | fgvc.clustering.spherical_kmeans |   Init 4/5: inertia=2.074025
2026-08-19 17:17:24 | DEBUG    | fgvc.clustering.spherical_kmeans |   Init 5/5: inertia=2.085553
2026-08-19 17:17:24 | DEBUG    | fgvc.clustering.spherical_kmeans |   Init 1/5: inertia=1.904636
2026-08-19 17:17:24 | DEBUG    | fgvc.clustering.spherical_kmeans |   Init 2/5: inertia=1.965520
2026-08-19 17:17:24 | DEBUG    | fgvc.clustering.spherical_kmeans |   Init 3/5: inertia=1.848135
2026-08-19 17:17:24 | DEBUG    | fgvc.clustering.spherical_kmeans |   Init 4/5: inertia=1.900723
2026-08-19 17:17:24 | DEBUG    | fgvc.clustering.spherical_kmeans |   Init 5/5: inertia=1.892353
2026-08-19 17:17:24 | DEBUG    | fgvc.clustering.spherical_kmeans | K selection: best_k=2 | scores={2: {'silhouette': 0.1228, 'compactness': 0.9048, 'score': 0.3328}, 3: {'silhouette': 0.1408, 'compactness': 0.9134, 'score': 0.2778}, 4: {'silhouette': 0.0654, 'compactness': 0.9179, 'score': 0.1748}, 5: {'silhouette': 0.0963, 'compactness': 0.9261, 'score': 0.126}}
2026-08-19 17:17:24 | DEBUG    | fgvc.clustering.spherical_kmeans |   Init 1/10: inertia=2.416342
2026-08-19 17:17:24 | DEBUG    | fgvc.clustering.spherical_kmeans |   Init 2/10: inertia=2.506053
2026-08-19 17:17:24 | DEBUG    | fgvc.clustering.spherical_kmeans |   Init 3/10: inertia=2.460019
2026-08-19 17:17:24 | DEBUG    | fgvc.clustering.spherical_kmeans |   Init 4/10: inertia=2.513644
2026-08-19 17:17:24 | DEBUG    | fgvc.clustering.spherical_kmeans |   Init 5/10: inertia=2.379495
2026-08-19 17:17:24 | DEBUG    | fgvc.clustering.spherical_kmeans |   Init 6/10: inertia=2.470140
2026-08-19 17:17:24 | DEBUG    | fgvc.clustering.spherical_kmeans |   Init 7/10: inertia=2.510728
2026-08-19 17:17:24 | DEBUG    | fgvc.clustering.spherical_kmeans |   Init 8/10: inertia=2.330044
2026-08-19 17:17:24 | DEBUG    | fgvc.clustering.spherical_kmeans |   Init 9/10: inertia=2.379495
2026-08-19 17:17:24 | DEBUG    | fgvc.clustering.spherical_kmeans |   Init 10/10: inertia=2.486167
2026-08-19 17:17:24 | INFO     | fgvc.clustering.spherical_kmeans |   [Horned_Puffin] k_selected=2 | k_effective=2 | min_cluster=9 | max_cluster=16
2026-08-19 17:17:24 | INFO     | fgvc.clustering.spherical_kmeans |   [House_Sparrow] 25 images
2026-08-19 17:17:24 | DEBUG    | fgvc.clustering.spherical_kmeans |   Init 1/5: inertia=3.825827
2026-08-19 17:17:24 | DEBUG    | fgvc.clustering.spherical_kmeans |   Init 2/5: inertia=3.396374
2026-08-19 17:17:24 | DEBUG    | fgvc.clustering.spherical_kmeans |   Init 3/5: inertia=3.388662
2026-08-19 17:17:24 | DEBUG    | fgvc.clustering.spherical_kmeans |   Init 4/5: inertia=3.401546
2026-08-19 17:17:24 | DEBUG    | fgvc.clustering.spherical_kmeans |   Init 5/5: inertia=3.401546
2026-08-19 17:17:24 | DEBUG    | fgvc.clustering.spherical_kmeans |   Init 1/5: inertia=3.244815
2026-08-19 17:17:24 | DEBUG    | fgvc.clustering.spherical_kmeans |   Init 2/5: inertia=3.096916
2026-08-19 17:17:24 | DEBUG    | fgvc.clustering.spherical_kmeans |   Init 3/5: inertia=3.155568
2026-08-19 17:17:24 | DEBUG    | fgvc.clustering.spherical_kmeans |   Init 4/5: inertia=3.208459
2026-08-19 17:17:24 | DEBUG    | fgvc.clustering.spherical_kmeans |   Init 5/5: inertia=3.032979
2026-08-19 17:17:24 | DEBUG    | fgvc.clustering.spherical_kmeans |   Init 1/5: inertia=2.951220
2026-08-19 17:17:24 | DEBUG    | fgvc.clustering.spherical_kmeans |   Init 2/5: inertia=2.968409
2026-08-19 17:17:24 | DEBUG    | fgvc.clustering.spherical_kmeans |   Init 3/5: inertia=2.937691
2026-08-19 17:17:24 | DEBUG    | fgvc.clustering.spherical_kmeans |   Init 4/5: inertia=2.775630
2026-08-19 17:17:24 | DEBUG    | fgvc.clustering.spherical_kmeans |   Init 5/5: inertia=2.898466
2026-08-19 17:17:24 | DEBUG    | fgvc.clustering.spherical_kmeans |   Init 1/5: inertia=2.672197
2026-08-19 17:17:24 | DEBUG    | fgvc.clustering.spherical_kmeans |   Init 2/5: inertia=2.720704
2026-08-19 17:17:24 | DEBUG    | fgvc.clustering.spherical_kmeans |   Init 3/5: inertia=2.641504
2026-08-19 17:17:24 | DEBUG    | fgvc.clustering.spherical_kmeans |   Init 4/5: inertia=2.723204
2026-08-19 17:17:24 | DEBUG    | fgvc.clustering.spherical_kmeans |   Init 5/5: inertia=2.815883
2026-08-19 17:17:24 | DEBUG    | fgvc.clustering.spherical_kmeans | K selection: best_k=2 | scores={2: {'silhouette': 0.261, 'compactness': 0.8645, 'score': 0.3898}, 3: {'silhouette': 0.1347, 'compactness': 0.8787, 'score': 0.2643}, 4: {'silhouette': 0.1368, 'compactness': 0.889, 'score': 0.2017}, 5: {'silhouette': 0.1172, 'compactness': 0.8943, 'score': 0.1269}}
2026-08-19 17:17:24 | DEBUG    | fgvc.clustering.spherical_kmeans |   Init 1/10: inertia=3.825827
2026-08-19 17:17:24 | DEBUG    | fgvc.clustering.spherical_kmeans |   Init 2/10: inertia=3.396374
2026-08-19 17:17:24 | DEBUG    | fgvc.clustering.spherical_kmeans |   Init 3/10: inertia=3.388662
2026-08-19 17:17:24 | DEBUG    | fgvc.clustering.spherical_kmeans |   Init 4/10: inertia=3.401546
2026-08-19 17:17:24 | DEBUG    | fgvc.clustering.spherical_kmeans |   Init 5/10: inertia=3.401546
2026-08-19 17:17:24 | DEBUG    | fgvc.clustering.spherical_kmeans |   Init 6/10: inertia=3.396374
2026-08-19 17:17:24 | DEBUG    | fgvc.clustering.spherical_kmeans |   Init 7/10: inertia=3.439930
2026-08-19 17:17:24 | DEBUG    | fgvc.clustering.spherical_kmeans |   Init 8/10: inertia=3.388662
2026-08-19 17:17:24 | DEBUG    | fgvc.clustering.spherical_kmeans |   Init 9/10: inertia=3.355005
2026-08-19 17:17:24 | DEBUG    | fgvc.clustering.spherical_kmeans |   Init 10/10: inertia=3.355005
2026-08-19 17:17:24 | INFO     | fgvc.clustering.spherical_kmeans |   [House_Sparrow] k_selected=2 | k_effective=2 | min_cluster=7 | max_cluster=18
2026-08-19 17:17:24 | INFO     | fgvc.clustering.spherical_kmeans |   [House_Wren] 25 images
2026-08-19 17:17:24 | DEBUG    | fgvc.clustering.spherical_kmeans |   Init 1/5: inertia=3.662322
2026-08-19 17:17:24 | DEBUG    | fgvc.clustering.spherical_kmeans |   Init 2/5: inertia=3.658494
2026-08-19 17:17:24 | DEBUG    | fgvc.clustering.spherical_kmeans |   Init 3/5: inertia=3.580508
2026-08-19 17:17:24 | DEBUG    | fgvc.clustering.spherical_kmeans |   Init 4/5: inertia=3.589995
2026-08-19 17:17:24 | DEBUG    | fgvc.clustering.spherical_kmeans |   Init 5/5: inertia=3.627376
2026-08-19 17:17:24 | DEBUG    | fgvc.clustering.spherical_kmeans |   Init 1/5: inertia=3.356912
2026-08-19 17:17:24 | DEBUG    | fgvc.clustering.spherical_kmeans |   Init 2/5: inertia=3.363553
2026-08-19 17:17:24 | DEBUG    | fgvc.clustering.spherical_kmeans |   Init 3/5: inertia=3.373669
2026-08-19 17:17:24 | DEBUG    | fgvc.clustering.spherical_kmeans |   Init 4/5: inertia=3.369668
2026-08-19 17:17:24 | DEBUG    | fgvc.clustering.spherical_kmeans |   Init 5/5: inertia=3.431209
2026-08-19 17:17:24 | DEBUG    | fgvc.clustering.spherical_kmeans |   Init 1/5: inertia=3.196213
2026-08-19 17:17:24 | DEBUG    | fgvc.clustering.spherical_kmeans |   Init 2/5: inertia=3.229398
2026-08-19 17:17:24 | DEBUG    | fgvc.clustering.spherical_kmeans |   Init 3/5: inertia=3.078427
2026-08-19 17:17:24 | DEBUG    | fgvc.clustering.spherical_kmeans |   Init 4/5: inertia=3.193077
2026-08-19 17:17:24 | DEBUG    | fgvc.clustering.spherical_kmeans |   Init 5/5: inertia=3.117245
2026-08-19 17:17:24 | DEBUG    | fgvc.clustering.spherical_kmeans |   Init 1/5: inertia=3.007255
2026-08-19 17:17:24 | DEBUG    | fgvc.clustering.spherical_kmeans |   Init 2/5: inertia=2.878558
2026-08-19 17:17:24 | DEBUG    | fgvc.clustering.spherical_kmeans |   Init 3/5: inertia=2.875061
2026-08-19 17:17:24 | DEBUG    | fgvc.clustering.spherical_kmeans |   Init 4/5: inertia=2.996325
2026-08-19 17:17:24 | DEBUG    | fgvc.clustering.spherical_kmeans |   Init 5/5: inertia=2.957981
2026-08-19 17:17:24 | DEBUG    | fgvc.clustering.spherical_kmeans | K selection: best_k=2 | scores={2: {'silhouette': 0.0892, 'compactness': 0.8568, 'score': 0.3016}, 3: {'silhouette': 0.0432, 'compactness': 0.8657, 'score': 0.2147}, 4: {'silhouette': 0.029, 'compactness': 0.8769, 'score': 0.1442}, 5: {'silhouette': 0.0382, 'compactness': 0.885, 'score': 0.0846}}
2026-08-19 17:17:24 | DEBUG    | fgvc.clustering.spherical_kmeans |   Init 1/10: inertia=3.662322
2026-08-19 17:17:24 | DEBUG    | fgvc.clustering.spherical_kmeans |   Init 2/10: inertia=3.658494
2026-08-19 17:17:24 | DEBUG    | fgvc.clustering.spherical_kmeans |   Init 3/10: inertia=3.580508
2026-08-19 17:17:24 | DEBUG    | fgvc.clustering.spherical_kmeans |   Init 4/10: inertia=3.589995
2026-08-19 17:17:24 | DEBUG    | fgvc.clustering.spherical_kmeans |   Init 5/10: inertia=3.627376
2026-08-19 17:17:24 | DEBUG    | fgvc.clustering.spherical_kmeans |   Init 6/10: inertia=3.689183
2026-08-19 17:17:24 | DEBUG    | fgvc.clustering.spherical_kmeans |   Init 7/10: inertia=3.597865
2026-08-19 17:17:24 | DEBUG    | fgvc.clustering.spherical_kmeans |   Init 8/10: inertia=3.646918
2026-08-19 17:17:24 | DEBUG    | fgvc.clustering.spherical_kmeans |   Init 9/10: inertia=3.694595
2026-08-19 17:17:24 | DEBUG    | fgvc.clustering.spherical_kmeans |   Init 10/10: inertia=3.634026
2026-08-19 17:17:24 | INFO     | fgvc.clustering.spherical_kmeans |   [House_Wren] k_selected=2 | k_effective=2 | min_cluster=11 | max_cluster=14
2026-08-19 17:17:24 | INFO     | fgvc.clustering.spherical_kmeans |   [Indigo_Bunting] 25 images
2026-08-19 17:17:24 | DEBUG    | fgvc.clustering.spherical_kmeans |   Init 1/5: inertia=2.572926
2026-08-19 17:17:24 | DEBUG    | fgvc.clustering.spherical_kmeans |   Init 2/5: inertia=2.432558
2026-08-19 17:17:24 | DEBUG    | fgvc.clustering.spherical_kmeans |   Init 3/5: inertia=2.526171
2026-08-19 17:17:24 | DEBUG    | fgvc.clustering.spherical_kmeans |   Init 4/5: inertia=2.518512
2026-08-19 17:17:24 | DEBUG    | fgvc.clustering.spherical_kmeans |   Init 5/5: inertia=2.430312
2026-08-19 17:17:24 | DEBUG    | fgvc.clustering.spherical_kmeans |   Init 1/5: inertia=2.462389
2026-08-19 17:17:24 | DEBUG    | fgvc.clustering.spherical_kmeans |   Init 2/5: inertia=2.262055
2026-08-19 17:17:24 | DEBUG    | fgvc.clustering.spherical_kmeans |   Init 3/5: inertia=2.293211
2026-08-19 17:17:24 | DEBUG    | fgvc.clustering.spherical_kmeans |   Init 4/5: inertia=2.432105
2026-08-19 17:17:24 | DEBUG    | fgvc.clustering.spherical_kmeans |   Init 5/5: inertia=2.255798
2026-08-19 17:17:24 | DEBUG    | fgvc.clustering.spherical_kmeans |   Init 1/5: inertia=2.278034
2026-08-19 17:17:24 | DEBUG    | fgvc.clustering.spherical_kmeans |   Init 2/5: inertia=2.089322
2026-08-19 17:17:24 | DEBUG    | fgvc.clustering.spherical_kmeans |   Init 3/5: inertia=2.162687
2026-08-19 17:17:24 | DEBUG    | fgvc.clustering.spherical_kmeans |   Init 4/5: inertia=2.090739
2026-08-19 17:17:24 | DEBUG    | fgvc.clustering.spherical_kmeans |   Init 5/5: inertia=2.230985
2026-08-19 17:17:24 | DEBUG    | fgvc.clustering.spherical_kmeans |   Init 1/5: inertia=2.126991
2026-08-19 17:17:24 | DEBUG    | fgvc.clustering.spherical_kmeans |   Init 2/5: inertia=1.973274
2026-08-19 17:17:24 | DEBUG    | fgvc.clustering.spherical_kmeans |   Init 3/5: inertia=1.920825
2026-08-19 17:17:24 | DEBUG    | fgvc.clustering.spherical_kmeans |   Init 4/5: inertia=2.073122
2026-08-19 17:17:24 | DEBUG    | fgvc.clustering.spherical_kmeans |   Init 5/5: inertia=2.078705
2026-08-19 17:17:24 | DEBUG    | fgvc.clustering.spherical_kmeans | K selection: best_k=2 | scores={2: {'silhouette': 0.1072, 'compactness': 0.9028, 'score': 0.3244}, 3: {'silhouette': 0.0895, 'compactness': 0.9098, 'score': 0.251}, 4: {'silhouette': 0.0653, 'compactness': 0.9164, 'score': 0.1742}, 5: {'silhouette': 0.0654, 'compactness': 0.9232, 'score': 0.1096}}
2026-08-19 17:17:24 | DEBUG    | fgvc.clustering.spherical_kmeans |   Init 1/10: inertia=2.572926
2026-08-19 17:17:24 | DEBUG    | fgvc.clustering.spherical_kmeans |   Init 2/10: inertia=2.432558
2026-08-19 17:17:24 | DEBUG    | fgvc.clustering.spherical_kmeans |   Init 3/10: inertia=2.526171
2026-08-19 17:17:24 | DEBUG    | fgvc.clustering.spherical_kmeans |   Init 4/10: inertia=2.518512
2026-08-19 17:17:24 | DEBUG    | fgvc.clustering.spherical_kmeans |   Init 5/10: inertia=2.430312
2026-08-19 17:17:24 | DEBUG    | fgvc.clustering.spherical_kmeans |   Init 6/10: inertia=2.497128
2026-08-19 17:17:24 | DEBUG    | fgvc.clustering.spherical_kmeans |   Init 7/10: inertia=2.453109
2026-08-19 17:17:24 | DEBUG    | fgvc.clustering.spherical_kmeans |   Init 8/10: inertia=2.515057
2026-08-19 17:17:24 | DEBUG    | fgvc.clustering.spherical_kmeans |   Init 9/10: inertia=2.533752
2026-08-19 17:17:24 | DEBUG    | fgvc.clustering.spherical_kmeans |   Init 10/10: inertia=2.515979
2026-08-19 17:17:24 | INFO     | fgvc.clustering.spherical_kmeans |   [Indigo_Bunting] k_selected=2 | k_effective=2 | min_cluster=7 | max_cluster=18
2026-08-19 17:17:24 | INFO     | fgvc.clustering.spherical_kmeans |   [Ivory_Gull] 25 images
2026-08-19 17:17:24 | DEBUG    | fgvc.clustering.spherical_kmeans |   Init 1/5: inertia=2.770039
2026-08-19 17:17:24 | DEBUG    | fgvc.clustering.spherical_kmeans |   Init 2/5: inertia=2.749570
2026-08-19 17:17:24 | DEBUG    | fgvc.clustering.spherical_kmeans |   Init 3/5: inertia=2.834450
2026-08-19 17:17:24 | DEBUG    | fgvc.clustering.spherical_kmeans |   Init 4/5: inertia=2.836382
2026-08-19 17:17:24 | DEBUG    | fgvc.clustering.spherical_kmeans |   Init 5/5: inertia=2.737340
2026-08-19 17:17:24 | DEBUG    | fgvc.clustering.spherical_kmeans |   Init 1/5: inertia=2.479482
2026-08-19 17:17:24 | DEBUG    | fgvc.clustering.spherical_kmeans |   Init 2/5: inertia=2.515086
2026-08-19 17:17:24 | DEBUG    | fgvc.clustering.spherical_kmeans |   Init 3/5: inertia=2.642347
2026-08-19 17:17:24 | DEBUG    | fgvc.clustering.spherical_kmeans |   Init 4/5: inertia=2.491252
2026-08-19 17:17:24 | DEBUG    | fgvc.clustering.spherical_kmeans |   Init 5/5: inertia=2.640449
2026-08-19 17:17:24 | DEBUG    | fgvc.clustering.spherical_kmeans |   Init 1/5: inertia=2.360787
2026-08-19 17:17:24 | DEBUG    | fgvc.clustering.spherical_kmeans |   Init 2/5: inertia=2.404171
2026-08-19 17:17:24 | DEBUG    | fgvc.clustering.spherical_kmeans |   Init 3/5: inertia=2.288949
2026-08-19 17:17:24 | DEBUG    | fgvc.clustering.spherical_kmeans |   Init 4/5: inertia=2.345354
2026-08-19 17:17:24 | DEBUG    | fgvc.clustering.spherical_kmeans |   Init 5/5: inertia=2.406700
2026-08-19 17:17:24 | DEBUG    | fgvc.clustering.spherical_kmeans |   Init 1/5: inertia=2.194123
2026-08-19 17:17:24 | DEBUG    | fgvc.clustering.spherical_kmeans |   Init 2/5: inertia=2.204354
2026-08-19 17:17:24 | DEBUG    | fgvc.clustering.spherical_kmeans |   Init 3/5: inertia=2.179636
2026-08-19 17:17:24 | DEBUG    | fgvc.clustering.spherical_kmeans |   Init 4/5: inertia=2.103820
2026-08-19 17:17:24 | DEBUG    | fgvc.clustering.spherical_kmeans |   Init 5/5: inertia=2.211098
2026-08-19 17:17:24 | DEBUG    | fgvc.clustering.spherical_kmeans | K selection: best_k=2 | scores={2: {'silhouette': 0.1024, 'compactness': 0.8905, 'score': 0.3184}, 3: {'silhouette': 0.1068, 'compactness': 0.9008, 'score': 0.257}, 4: {'silhouette': 0.0958, 'compactness': 0.9084, 'score': 0.1871}, 5: {'silhouette': 0.1087, 'compactness': 0.9158, 'score': 0.1291}}
2026-08-19 17:17:24 | DEBUG    | fgvc.clustering.spherical_kmeans |   Init 1/10: inertia=2.770039
2026-08-19 17:17:24 | DEBUG    | fgvc.clustering.spherical_kmeans |   Init 2/10: inertia=2.749570
2026-08-19 17:17:24 | DEBUG    | fgvc.clustering.spherical_kmeans |   Init 3/10: inertia=2.834450
2026-08-19 17:17:24 | DEBUG    | fgvc.clustering.spherical_kmeans |   Init 4/10: inertia=2.836382
2026-08-19 17:17:24 | DEBUG    | fgvc.clustering.spherical_kmeans |   Init 5/10: inertia=2.737340
2026-08-19 17:17:24 | DEBUG    | fgvc.clustering.spherical_kmeans |   Init 6/10: inertia=2.777934
2026-08-19 17:17:24 | DEBUG    | fgvc.clustering.spherical_kmeans |   Init 7/10: inertia=2.779607
2026-08-19 17:17:24 | DEBUG    | fgvc.clustering.spherical_kmeans |   Init 8/10: inertia=2.770039
2026-08-19 17:17:24 | DEBUG    | fgvc.clustering.spherical_kmeans |   Init 9/10: inertia=2.806604
2026-08-19 17:17:24 | DEBUG    | fgvc.clustering.spherical_kmeans |   Init 10/10: inertia=2.760547
2026-08-19 17:17:24 | INFO     | fgvc.clustering.spherical_kmeans |   [Ivory_Gull] k_selected=2 | k_effective=2 | min_cluster=11 | max_cluster=14
2026-08-19 17:17:24 | INFO     | fgvc.clustering.spherical_kmeans |   [Kentucky_Warbler] 25 images
2026-08-19 17:17:24 | DEBUG    | fgvc.clustering.spherical_kmeans |   Init 1/5: inertia=2.803047
2026-08-19 17:17:24 | DEBUG    | fgvc.clustering.spherical_kmeans |   Init 2/5: inertia=2.832565
2026-08-19 17:17:24 | DEBUG    | fgvc.clustering.spherical_kmeans |   Init 3/5: inertia=2.857652
2026-08-19 17:17:24 | DEBUG    | fgvc.clustering.spherical_kmeans |   Init 4/5: inertia=2.837003
2026-08-19 17:17:24 | DEBUG    | fgvc.clustering.spherical_kmeans |   Init 5/5: inertia=2.891969
2026-08-19 17:17:24 | DEBUG    | fgvc.clustering.spherical_kmeans |   Init 1/5: inertia=2.607296
2026-08-19 17:17:24 | DEBUG    | fgvc.clustering.spherical_kmeans |   Init 2/5: inertia=2.787414
2026-08-19 17:17:24 | DEBUG    | fgvc.clustering.spherical_kmeans |   Init 3/5: inertia=2.668707
2026-08-19 17:17:24 | DEBUG    | fgvc.clustering.spherical_kmeans |   Init 4/5: inertia=2.765933
2026-08-19 17:17:24 | DEBUG    | fgvc.clustering.spherical_kmeans |   Init 5/5: inertia=2.608999
2026-08-19 17:17:24 | DEBUG    | fgvc.clustering.spherical_kmeans |   Init 1/5: inertia=2.414944
2026-08-19 17:17:24 | DEBUG    | fgvc.clustering.spherical_kmeans |   Init 2/5: inertia=2.496297
2026-08-19 17:17:24 | DEBUG    | fgvc.clustering.spherical_kmeans |   Init 3/5: inertia=2.510770
2026-08-19 17:17:24 | DEBUG    | fgvc.clustering.spherical_kmeans |   Init 4/5: inertia=2.422539
2026-08-19 17:17:24 | DEBUG    | fgvc.clustering.spherical_kmeans |   Init 5/5: inertia=2.187382
2026-08-19 17:17:24 | DEBUG    | fgvc.clustering.spherical_kmeans |   Init 1/5: inertia=2.410357
2026-08-19 17:17:24 | DEBUG    | fgvc.clustering.spherical_kmeans |   Init 2/5: inertia=2.174284
2026-08-19 17:17:24 | DEBUG    | fgvc.clustering.spherical_kmeans |   Init 3/5: inertia=2.310043
2026-08-19 17:17:24 | DEBUG    | fgvc.clustering.spherical_kmeans |   Init 4/5: inertia=2.075580
2026-08-19 17:17:24 | DEBUG    | fgvc.clustering.spherical_kmeans |   Init 5/5: inertia=2.202327
2026-08-19 17:17:24 | DEBUG    | fgvc.clustering.spherical_kmeans | K selection: best_k=2 | scores={2: {'silhouette': 0.1384, 'compactness': 0.8879, 'score': 0.3355}, 3: {'silhouette': 0.0618, 'compactness': 0.8957, 'score': 0.2329}, 4: {'silhouette': 0.0724, 'compactness': 0.9125, 'score': 0.1766}, 5: {'silhouette': 0.0452, 'compactness': 0.917, 'score': 0.0977}}
2026-08-19 17:17:24 | DEBUG    | fgvc.clustering.spherical_kmeans |   Init 1/10: inertia=2.803047
2026-08-19 17:17:24 | DEBUG    | fgvc.clustering.spherical_kmeans |   Init 2/10: inertia=2.832565
2026-08-19 17:17:24 | DEBUG    | fgvc.clustering.spherical_kmeans |   Init 3/10: inertia=2.857652
2026-08-19 17:17:24 | DEBUG    | fgvc.clustering.spherical_kmeans |   Init 4/10: inertia=2.837003
2026-08-19 17:17:24 | DEBUG    | fgvc.clustering.spherical_kmeans |   Init 5/10: inertia=2.891969
2026-08-19 17:17:24 | DEBUG    | fgvc.clustering.spherical_kmeans |   Init 6/10: inertia=2.832258
2026-08-19 17:17:24 | DEBUG    | fgvc.clustering.spherical_kmeans |   Init 7/10: inertia=2.915056
2026-08-19 17:17:24 | DEBUG    | fgvc.clustering.spherical_kmeans |   Init 8/10: inertia=2.690245
2026-08-19 17:17:24 | DEBUG    | fgvc.clustering.spherical_kmeans |   Init 9/10: inertia=2.832565
2026-08-19 17:17:24 | DEBUG    | fgvc.clustering.spherical_kmeans |   Init 10/10: inertia=2.866973
2026-08-19 17:17:24 | INFO     | fgvc.clustering.spherical_kmeans |   [Kentucky_Warbler] k_selected=2 | k_effective=1 | min_cluster=25 | max_cluster=25
2026-08-19 17:17:24 | INFO     | fgvc.clustering.spherical_kmeans |   [Laysan_Albatross] 25 images
2026-08-19 17:17:24 | DEBUG    | fgvc.clustering.spherical_kmeans |   Init 1/5: inertia=3.124864
2026-08-19 17:17:24 | DEBUG    | fgvc.clustering.spherical_kmeans |   Init 2/5: inertia=3.222069
2026-08-19 17:17:24 | DEBUG    | fgvc.clustering.spherical_kmeans |   Init 3/5: inertia=3.310709
2026-08-19 17:17:24 | DEBUG    | fgvc.clustering.spherical_kmeans |   Init 4/5: inertia=3.301448
2026-08-19 17:17:24 | DEBUG    | fgvc.clustering.spherical_kmeans |   Init 5/5: inertia=3.329893
2026-08-19 17:17:24 | DEBUG    | fgvc.clustering.spherical_kmeans |   Init 1/5: inertia=2.872025
2026-08-19 17:17:24 | DEBUG    | fgvc.clustering.spherical_kmeans |   Init 2/5: inertia=2.983086
2026-08-19 17:17:24 | DEBUG    | fgvc.clustering.spherical_kmeans |   Init 3/5: inertia=3.021111
2026-08-19 17:17:24 | DEBUG    | fgvc.clustering.spherical_kmeans |   Init 4/5: inertia=2.894161
2026-08-19 17:17:24 | DEBUG    | fgvc.clustering.spherical_kmeans |   Init 5/5: inertia=3.086370
2026-08-19 17:17:24 | DEBUG    | fgvc.clustering.spherical_kmeans |   Init 1/5: inertia=2.577351
2026-08-19 17:17:24 | DEBUG    | fgvc.clustering.spherical_kmeans |   Init 2/5: inertia=2.696065
2026-08-19 17:17:24 | DEBUG    | fgvc.clustering.spherical_kmeans |   Init 3/5: inertia=2.639075
2026-08-19 17:17:24 | DEBUG    | fgvc.clustering.spherical_kmeans |   Init 4/5: inertia=2.784528
2026-08-19 17:17:24 | DEBUG    | fgvc.clustering.spherical_kmeans |   Init 5/5: inertia=2.744567
2026-08-19 17:17:24 | DEBUG    | fgvc.clustering.spherical_kmeans |   Init 1/5: inertia=2.439598
2026-08-19 17:17:24 | DEBUG    | fgvc.clustering.spherical_kmeans |   Init 2/5: inertia=2.505847
2026-08-19 17:17:24 | DEBUG    | fgvc.clustering.spherical_kmeans |   Init 3/5: inertia=2.395010
2026-08-19 17:17:24 | DEBUG    | fgvc.clustering.spherical_kmeans |   Init 4/5: inertia=2.684530
2026-08-19 17:17:24 | DEBUG    | fgvc.clustering.spherical_kmeans |   Init 5/5: inertia=2.458658
2026-08-19 17:17:24 | DEBUG    | fgvc.clustering.spherical_kmeans | K selection: best_k=2 | scores={2: {'silhouette': 0.1599, 'compactness': 0.875, 'score': 0.3425}, 3: {'silhouette': 0.1338, 'compactness': 0.8851, 'score': 0.2657}, 4: {'silhouette': 0.1436, 'compactness': 0.8969, 'score': 0.2076}, 5: {'silhouette': 0.1093, 'compactness': 0.9042, 'score': 0.1259}}
2026-08-19 17:17:24 | DEBUG    | fgvc.clustering.spherical_kmeans |   Init 1/10: inertia=3.124864
2026-08-19 17:17:24 | DEBUG    | fgvc.clustering.spherical_kmeans |   Init 2/10: inertia=3.222069
2026-08-19 17:17:24 | DEBUG    | fgvc.clustering.spherical_kmeans |   Init 3/10: inertia=3.310709
2026-08-19 17:17:24 | DEBUG    | fgvc.clustering.spherical_kmeans |   Init 4/10: inertia=3.301448
2026-08-19 17:17:24 | DEBUG    | fgvc.clustering.spherical_kmeans |   Init 5/10: inertia=3.329893
2026-08-19 17:17:24 | DEBUG    | fgvc.clustering.spherical_kmeans |   Init 6/10: inertia=3.249578
2026-08-19 17:17:24 | DEBUG    | fgvc.clustering.spherical_kmeans |   Init 7/10: inertia=3.296609
2026-08-19 17:17:24 | DEBUG    | fgvc.clustering.spherical_kmeans |   Init 8/10: inertia=3.156690
2026-08-19 17:17:24 | DEBUG    | fgvc.clustering.spherical_kmeans |   Init 9/10: inertia=3.222069
2026-08-19 17:17:24 | DEBUG    | fgvc.clustering.spherical_kmeans |   Init 10/10: inertia=3.252947
2026-08-19 17:17:24 | INFO     | fgvc.clustering.spherical_kmeans |   [Laysan_Albatross] k_selected=2 | k_effective=2 | min_cluster=12 | max_cluster=13
2026-08-19 17:17:24 | INFO     | fgvc.clustering.spherical_kmeans |   [Lazuli_Bunting] 25 images
2026-08-19 17:17:24 | DEBUG    | fgvc.clustering.spherical_kmeans |   Init 1/5: inertia=2.514261
2026-08-19 17:17:24 | DEBUG    | fgvc.clustering.spherical_kmeans |   Init 2/5: inertia=2.606320
2026-08-19 17:17:24 | DEBUG    | fgvc.clustering.spherical_kmeans |   Init 3/5: inertia=2.547711
2026-08-19 17:17:24 | DEBUG    | fgvc.clustering.spherical_kmeans |   Init 4/5: inertia=2.523111
2026-08-19 17:17:24 | DEBUG    | fgvc.clustering.spherical_kmeans |   Init 5/5: inertia=2.547733
2026-08-19 17:17:24 | DEBUG    | fgvc.clustering.spherical_kmeans |   Init 1/5: inertia=2.280437
2026-08-19 17:17:24 | DEBUG    | fgvc.clustering.spherical_kmeans |   Init 2/5: inertia=2.329612
2026-08-19 17:17:24 | DEBUG    | fgvc.clustering.spherical_kmeans |   Init 3/5: inertia=2.338819
2026-08-19 17:17:24 | DEBUG    | fgvc.clustering.spherical_kmeans |   Init 4/5: inertia=2.318683
2026-08-19 17:17:24 | DEBUG    | fgvc.clustering.spherical_kmeans |   Init 5/5: inertia=2.340532
2026-08-19 17:17:24 | DEBUG    | fgvc.clustering.spherical_kmeans |   Init 1/5: inertia=2.111340
2026-08-19 17:17:24 | DEBUG    | fgvc.clustering.spherical_kmeans |   Init 2/5: inertia=2.121445
2026-08-19 17:17:24 | DEBUG    | fgvc.clustering.spherical_kmeans |   Init 3/5: inertia=2.119799
2026-08-19 17:17:24 | DEBUG    | fgvc.clustering.spherical_kmeans |   Init 4/5: inertia=2.168718
2026-08-19 17:17:24 | DEBUG    | fgvc.clustering.spherical_kmeans |   Init 5/5: inertia=2.265805
2026-08-19 17:17:24 | DEBUG    | fgvc.clustering.spherical_kmeans |   Init 1/5: inertia=1.943581
2026-08-19 17:17:24 | DEBUG    | fgvc.clustering.spherical_kmeans |   Init 2/5: inertia=1.978614
2026-08-19 17:17:24 | DEBUG    | fgvc.clustering.spherical_kmeans |   Init 3/5: inertia=2.062057
2026-08-19 17:17:24 | DEBUG    | fgvc.clustering.spherical_kmeans |   Init 4/5: inertia=2.078926
2026-08-19 17:17:24 | DEBUG    | fgvc.clustering.spherical_kmeans |   Init 5/5: inertia=2.053736
2026-08-19 17:17:24 | DEBUG    | fgvc.clustering.spherical_kmeans | K selection: best_k=2 | scores={2: {'silhouette': 0.1019, 'compactness': 0.8994, 'score': 0.3208}, 3: {'silhouette': 0.0922, 'compactness': 0.9088, 'score': 0.2521}, 4: {'silhouette': 0.087, 'compactness': 0.9155, 'score': 0.1848}, 5: {'silhouette': 0.093, 'compactness': 0.9223, 'score': 0.1232}}
2026-08-19 17:17:24 | DEBUG    | fgvc.clustering.spherical_kmeans |   Init 1/10: inertia=2.514261
2026-08-19 17:17:24 | DEBUG    | fgvc.clustering.spherical_kmeans |   Init 2/10: inertia=2.606320
2026-08-19 17:17:24 | DEBUG    | fgvc.clustering.spherical_kmeans |   Init 3/10: inertia=2.547711
2026-08-19 17:17:24 | DEBUG    | fgvc.clustering.spherical_kmeans |   Init 4/10: inertia=2.523111
2026-08-19 17:17:24 | DEBUG    | fgvc.clustering.spherical_kmeans |   Init 5/10: inertia=2.547733
2026-08-19 17:17:24 | DEBUG    | fgvc.clustering.spherical_kmeans |   Init 6/10: inertia=2.547748
2026-08-19 17:17:24 | DEBUG    | fgvc.clustering.spherical_kmeans |   Init 7/10: inertia=2.589177
2026-08-19 17:17:24 | DEBUG    | fgvc.clustering.spherical_kmeans |   Init 8/10: inertia=2.549408
2026-08-19 17:17:24 | DEBUG    | fgvc.clustering.spherical_kmeans |   Init 9/10: inertia=2.606320
2026-08-19 17:17:24 | DEBUG    | fgvc.clustering.spherical_kmeans |   Init 10/10: inertia=2.569975
2026-08-19 17:17:24 | INFO     | fgvc.clustering.spherical_kmeans |   [Lazuli_Bunting] k_selected=2 | k_effective=2 | min_cluster=9 | max_cluster=16
2026-08-19 17:17:24 | INFO     | fgvc.clustering.spherical_kmeans |   [Le_Conte_Sparrow] 25 images
2026-08-19 17:17:24 | DEBUG    | fgvc.clustering.spherical_kmeans |   Init 1/5: inertia=3.436586
2026-08-19 17:17:24 | DEBUG    | fgvc.clustering.spherical_kmeans |   Init 2/5: inertia=3.503150
2026-08-19 17:17:24 | DEBUG    | fgvc.clustering.spherical_kmeans |   Init 3/5: inertia=3.418224
2026-08-19 17:17:24 | DEBUG    | fgvc.clustering.spherical_kmeans |   Init 4/5: inertia=3.444679
2026-08-19 17:17:24 | DEBUG    | fgvc.clustering.spherical_kmeans |   Init 5/5: inertia=3.399163
2026-08-19 17:17:24 | DEBUG    | fgvc.clustering.spherical_kmeans |   Init 1/5: inertia=3.112784
2026-08-19 17:17:24 | DEBUG    | fgvc.clustering.spherical_kmeans |   Init 2/5: inertia=3.209457
2026-08-19 17:17:24 | DEBUG    | fgvc.clustering.spherical_kmeans |   Init 3/5: inertia=3.113782
2026-08-19 17:17:24 | DEBUG    | fgvc.clustering.spherical_kmeans |   Init 4/5: inertia=3.141067
2026-08-19 17:17:24 | DEBUG    | fgvc.clustering.spherical_kmeans |   Init 5/5: inertia=3.126862
2026-08-19 17:17:24 | DEBUG    | fgvc.clustering.spherical_kmeans |   Init 1/5: inertia=2.889639
2026-08-19 17:17:24 | DEBUG    | fgvc.clustering.spherical_kmeans |   Init 2/5: inertia=2.910346
2026-08-19 17:17:24 | DEBUG    | fgvc.clustering.spherical_kmeans |   Init 3/5: inertia=2.943110
2026-08-19 17:17:24 | DEBUG    | fgvc.clustering.spherical_kmeans |   Init 4/5: inertia=2.970318
2026-08-19 17:17:24 | DEBUG    | fgvc.clustering.spherical_kmeans |   Init 5/5: inertia=2.941303
2026-08-19 17:17:24 | DEBUG    | fgvc.clustering.spherical_kmeans |   Init 1/5: inertia=2.628326
2026-08-19 17:17:24 | DEBUG    | fgvc.clustering.spherical_kmeans |   Init 2/5: inertia=2.720599
2026-08-19 17:17:24 | DEBUG    | fgvc.clustering.spherical_kmeans |   Init 3/5: inertia=2.690754
2026-08-19 17:17:24 | DEBUG    | fgvc.clustering.spherical_kmeans |   Init 4/5: inertia=2.745674
2026-08-19 17:17:24 | DEBUG    | fgvc.clustering.spherical_kmeans |   Init 5/5: inertia=2.810853
2026-08-19 17:17:24 | DEBUG    | fgvc.clustering.spherical_kmeans | K selection: best_k=2 | scores={2: {'silhouette': 0.1021, 'compactness': 0.864, 'score': 0.3103}, 3: {'silhouette': 0.0684, 'compactness': 0.8755, 'score': 0.2302}, 4: {'silhouette': 0.0591, 'compactness': 0.8844, 'score': 0.1616}, 5: {'silhouette': 0.0773, 'compactness': 0.8949, 'score': 0.1071}}
2026-08-19 17:17:24 | DEBUG    | fgvc.clustering.spherical_kmeans |   Init 1/10: inertia=3.436586
2026-08-19 17:17:24 | DEBUG    | fgvc.clustering.spherical_kmeans |   Init 2/10: inertia=3.503150
2026-08-19 17:17:24 | DEBUG    | fgvc.clustering.spherical_kmeans |   Init 3/10: inertia=3.418224
2026-08-19 17:17:24 | DEBUG    | fgvc.clustering.spherical_kmeans |   Init 4/10: inertia=3.444679
2026-08-19 17:17:24 | DEBUG    | fgvc.clustering.spherical_kmeans |   Init 5/10: inertia=3.399163
2026-08-19 17:17:24 | DEBUG    | fgvc.clustering.spherical_kmeans |   Init 6/10: inertia=3.449526
2026-08-19 17:17:24 | DEBUG    | fgvc.clustering.spherical_kmeans |   Init 7/10: inertia=3.428320
2026-08-19 17:17:24 | DEBUG    | fgvc.clustering.spherical_kmeans |   Init 8/10: inertia=3.407662
2026-08-19 17:17:24 | DEBUG    | fgvc.clustering.spherical_kmeans |   Init 9/10: inertia=3.463305
2026-08-19 17:17:24 | DEBUG    | fgvc.clustering.spherical_kmeans |   Init 10/10: inertia=3.436227
2026-08-19 17:17:24 | INFO     | fgvc.clustering.spherical_kmeans |   [Le_Conte_Sparrow] k_selected=2 | k_effective=2 | min_cluster=9 | max_cluster=16
2026-08-19 17:17:24 | INFO     | fgvc.clustering.spherical_kmeans |   [Least_Auklet] 25 images
2026-08-19 17:17:24 | DEBUG    | fgvc.clustering.spherical_kmeans |   Init 1/5: inertia=3.494665
2026-08-19 17:17:24 | DEBUG    | fgvc.clustering.spherical_kmeans |   Init 2/5: inertia=3.339955
2026-08-19 17:17:24 | DEBUG    | fgvc.clustering.spherical_kmeans |   Init 3/5: inertia=3.389225
2026-08-19 17:17:24 | DEBUG    | fgvc.clustering.spherical_kmeans |   Init 4/5: inertia=3.377897
2026-08-19 17:17:24 | DEBUG    | fgvc.clustering.spherical_kmeans |   Init 5/5: inertia=3.489784
2026-08-19 17:17:24 | DEBUG    | fgvc.clustering.spherical_kmeans |   Init 1/5: inertia=3.177378
2026-08-19 17:17:24 | DEBUG    | fgvc.clustering.spherical_kmeans |   Init 2/5: inertia=3.092331
2026-08-19 17:17:24 | DEBUG    | fgvc.clustering.spherical_kmeans |   Init 3/5: inertia=3.120357
2026-08-19 17:17:24 | DEBUG    | fgvc.clustering.spherical_kmeans |   Init 4/5: inertia=3.091314
2026-08-19 17:17:24 | DEBUG    | fgvc.clustering.spherical_kmeans |   Init 5/5: inertia=3.349332
2026-08-19 17:17:24 | DEBUG    | fgvc.clustering.spherical_kmeans |   Init 1/5: inertia=2.874007
2026-08-19 17:17:24 | DEBUG    | fgvc.clustering.spherical_kmeans |   Init 2/5: inertia=2.945378
2026-08-19 17:17:24 | DEBUG    | fgvc.clustering.spherical_kmeans |   Init 3/5: inertia=2.927410
2026-08-19 17:17:24 | DEBUG    | fgvc.clustering.spherical_kmeans |   Init 4/5: inertia=2.754672
2026-08-19 17:17:24 | DEBUG    | fgvc.clustering.spherical_kmeans |   Init 5/5: inertia=2.945181
2026-08-19 17:17:24 | DEBUG    | fgvc.clustering.spherical_kmeans |   Init 1/5: inertia=2.737506
2026-08-19 17:17:24 | DEBUG    | fgvc.clustering.spherical_kmeans |   Init 2/5: inertia=2.759648
2026-08-19 17:17:24 | DEBUG    | fgvc.clustering.spherical_kmeans |   Init 3/5: inertia=2.683186
2026-08-19 17:17:24 | DEBUG    | fgvc.clustering.spherical_kmeans |   Init 4/5: inertia=2.662125
2026-08-19 17:17:24 | DEBUG    | fgvc.clustering.spherical_kmeans |   Init 5/5: inertia=2.716848
2026-08-19 17:17:24 | DEBUG    | fgvc.clustering.spherical_kmeans | K selection: best_k=2 | scores={2: {'silhouette': 0.1706, 'compactness': 0.8664, 'score': 0.3452}, 3: {'silhouette': 0.089, 'compactness': 0.8763, 'score': 0.2408}, 4: {'silhouette': 0.1422, 'compactness': 0.8898, 'score': 0.2047}, 5: {'silhouette': 0.0693, 'compactness': 0.8935, 'score': 0.1027}}
2026-08-19 17:17:24 | DEBUG    | fgvc.clustering.spherical_kmeans |   Init 1/10: inertia=3.494665
2026-08-19 17:17:24 | DEBUG    | fgvc.clustering.spherical_kmeans |   Init 2/10: inertia=3.339955
2026-08-19 17:17:24 | DEBUG    | fgvc.clustering.spherical_kmeans |   Init 3/10: inertia=3.389225
2026-08-19 17:17:24 | DEBUG    | fgvc.clustering.spherical_kmeans |   Init 4/10: inertia=3.377897
2026-08-19 17:17:24 | DEBUG    | fgvc.clustering.spherical_kmeans |   Init 5/10: inertia=3.489784
2026-08-19 17:17:24 | DEBUG    | fgvc.clustering.spherical_kmeans |   Init 6/10: inertia=3.386295
2026-08-19 17:17:24 | DEBUG    | fgvc.clustering.spherical_kmeans |   Init 7/10: inertia=3.554051
2026-08-19 17:17:24 | DEBUG    | fgvc.clustering.spherical_kmeans |   Init 8/10: inertia=3.634269
2026-08-19 17:17:24 | DEBUG    | fgvc.clustering.spherical_kmeans |   Init 9/10: inertia=3.336961
2026-08-19 17:17:24 | DEBUG    | fgvc.clustering.spherical_kmeans |   Init 10/10: inertia=3.355549
2026-08-19 17:17:24 | INFO     | fgvc.clustering.spherical_kmeans |   [Least_Auklet] k_selected=2 | k_effective=2 | min_cluster=7 | max_cluster=18
2026-08-19 17:17:24 | INFO     | fgvc.clustering.spherical_kmeans |   [Least_Flycatcher] 25 images
2026-08-19 17:17:24 | DEBUG    | fgvc.clustering.spherical_kmeans |   Init 1/5: inertia=3.700857
2026-08-19 17:17:24 | DEBUG    | fgvc.clustering.spherical_kmeans |   Init 2/5: inertia=3.650437
2026-08-19 17:17:24 | DEBUG    | fgvc.clustering.spherical_kmeans |   Init 3/5: inertia=3.658451
2026-08-19 17:17:24 | DEBUG    | fgvc.clustering.spherical_kmeans |   Init 4/5: inertia=3.665381
2026-08-19 17:17:24 | DEBUG    | fgvc.clustering.spherical_kmeans |   Init 5/5: inertia=3.701776
2026-08-19 17:17:24 | DEBUG    | fgvc.clustering.spherical_kmeans |   Init 1/5: inertia=3.360335
2026-08-19 17:17:24 | DEBUG    | fgvc.clustering.spherical_kmeans |   Init 2/5: inertia=3.402449
2026-08-19 17:17:24 | DEBUG    | fgvc.clustering.spherical_kmeans |   Init 3/5: inertia=3.428160
2026-08-19 17:17:24 | DEBUG    | fgvc.clustering.spherical_kmeans |   Init 4/5: inertia=3.399021
2026-08-19 17:17:24 | DEBUG    | fgvc.clustering.spherical_kmeans |   Init 5/5: inertia=3.493305
2026-08-19 17:17:24 | DEBUG    | fgvc.clustering.spherical_kmeans |   Init 1/5: inertia=3.120504
2026-08-19 17:17:24 | DEBUG    | fgvc.clustering.spherical_kmeans |   Init 2/5: inertia=3.161013
2026-08-19 17:17:24 | DEBUG    | fgvc.clustering.spherical_kmeans |   Init 3/5: inertia=3.129202
2026-08-19 17:17:24 | DEBUG    | fgvc.clustering.spherical_kmeans |   Init 4/5: inertia=3.165037
2026-08-19 17:17:24 | DEBUG    | fgvc.clustering.spherical_kmeans |   Init 5/5: inertia=3.250011
2026-08-19 17:17:24 | DEBUG    | fgvc.clustering.spherical_kmeans |   Init 1/5: inertia=2.895469
2026-08-19 17:17:24 | DEBUG    | fgvc.clustering.spherical_kmeans |   Init 2/5: inertia=2.956156
2026-08-19 17:17:24 | DEBUG    | fgvc.clustering.spherical_kmeans |   Init 3/5: inertia=3.017239
2026-08-19 17:17:24 | DEBUG    | fgvc.clustering.spherical_kmeans |   Init 4/5: inertia=3.016315
2026-08-19 17:17:24 | DEBUG    | fgvc.clustering.spherical_kmeans |   Init 5/5: inertia=3.001072
2026-08-19 17:17:24 | DEBUG    | fgvc.clustering.spherical_kmeans | K selection: best_k=2 | scores={2: {'silhouette': 0.091, 'compactness': 0.854, 'score': 0.3017}, 3: {'silhouette': 0.0763, 'compactness': 0.8656, 'score': 0.2311}, 4: {'silhouette': 0.0641, 'compactness': 0.8752, 'score': 0.1613}, 5: {'silhouette': 0.0549, 'compactness': 0.8842, 'score': 0.0927}}
2026-08-19 17:17:24 | DEBUG    | fgvc.clustering.spherical_kmeans |   Init 1/10: inertia=3.700857
2026-08-19 17:17:24 | DEBUG    | fgvc.clustering.spherical_kmeans |   Init 2/10: inertia=3.650437
2026-08-19 17:17:24 | DEBUG    | fgvc.clustering.spherical_kmeans |   Init 3/10: inertia=3.658451
2026-08-19 17:17:24 | DEBUG    | fgvc.clustering.spherical_kmeans |   Init 4/10: inertia=3.665381
2026-08-19 17:17:24 | DEBUG    | fgvc.clustering.spherical_kmeans |   Init 5/10: inertia=3.701776
2026-08-19 17:17:24 | DEBUG    | fgvc.clustering.spherical_kmeans |   Init 6/10: inertia=3.610273
2026-08-19 17:17:24 | DEBUG    | fgvc.clustering.spherical_kmeans |   Init 7/10: inertia=3.679510
2026-08-19 17:17:24 | DEBUG    | fgvc.clustering.spherical_kmeans |   Init 8/10: inertia=3.732796
2026-08-19 17:17:24 | DEBUG    | fgvc.clustering.spherical_kmeans |   Init 9/10: inertia=3.663145
2026-08-19 17:17:24 | DEBUG    | fgvc.clustering.spherical_kmeans |   Init 10/10: inertia=3.638021
2026-08-19 17:17:24 | INFO     | fgvc.clustering.spherical_kmeans |   [Least_Flycatcher] k_selected=2 | k_effective=2 | min_cluster=10 | max_cluster=15
2026-08-19 17:17:24 | INFO     | fgvc.clustering.spherical_kmeans |   [Least_Tern] 25 images
2026-08-19 17:17:24 | DEBUG    | fgvc.clustering.spherical_kmeans |   Init 1/5: inertia=3.547124
2026-08-19 17:17:24 | DEBUG    | fgvc.clustering.spherical_kmeans |   Init 2/5: inertia=3.422321
2026-08-19 17:17:24 | DEBUG    | fgvc.clustering.spherical_kmeans |   Init 3/5: inertia=3.542859
2026-08-19 17:17:24 | DEBUG    | fgvc.clustering.spherical_kmeans |   Init 4/5: inertia=3.598903
2026-08-19 17:17:24 | DEBUG    | fgvc.clustering.spherical_kmeans |   Init 5/5: inertia=3.490925
2026-08-19 17:17:24 | DEBUG    | fgvc.clustering.spherical_kmeans |   Init 1/5: inertia=3.071431
2026-08-19 17:17:24 | DEBUG    | fgvc.clustering.spherical_kmeans |   Init 2/5: inertia=3.124390
2026-08-19 17:17:24 | DEBUG    | fgvc.clustering.spherical_kmeans |   Init 3/5: inertia=3.418382
2026-08-19 17:17:24 | DEBUG    | fgvc.clustering.spherical_kmeans |   Init 4/5: inertia=3.334085
2026-08-19 17:17:24 | DEBUG    | fgvc.clustering.spherical_kmeans |   Init 5/5: inertia=3.141859
2026-08-19 17:17:24 | DEBUG    | fgvc.clustering.spherical_kmeans |   Init 1/5: inertia=2.918229
2026-08-19 17:17:24 | DEBUG    | fgvc.clustering.spherical_kmeans |   Init 2/5: inertia=3.043466
2026-08-19 17:17:24 | DEBUG    | fgvc.clustering.spherical_kmeans |   Init 3/5: inertia=2.905334
2026-08-19 17:17:24 | DEBUG    | fgvc.clustering.spherical_kmeans |   Init 4/5: inertia=3.021643
2026-08-19 17:17:24 | DEBUG    | fgvc.clustering.spherical_kmeans |   Init 5/5: inertia=2.777738
2026-08-19 17:17:24 | DEBUG    | fgvc.clustering.spherical_kmeans |   Init 1/5: inertia=2.718061
2026-08-19 17:17:24 | DEBUG    | fgvc.clustering.spherical_kmeans |   Init 2/5: inertia=2.733750
2026-08-19 17:17:24 | DEBUG    | fgvc.clustering.spherical_kmeans |   Init 3/5: inertia=2.628236
2026-08-19 17:17:24 | DEBUG    | fgvc.clustering.spherical_kmeans |   Init 4/5: inertia=2.620355
2026-08-19 17:17:24 | DEBUG    | fgvc.clustering.spherical_kmeans |   Init 5/5: inertia=2.758287
2026-08-19 17:17:24 | DEBUG    | fgvc.clustering.spherical_kmeans | K selection: best_k=2 | scores={2: {'silhouette': 0.1887, 'compactness': 0.8631, 'score': 0.3533}, 3: {'silhouette': 0.2293, 'compactness': 0.8771, 'score': 0.3111}, 4: {'silhouette': 0.2028, 'compactness': 0.8889, 'score': 0.2347}, 5: {'silhouette': 0.0926, 'compactness': 0.8952, 'score': 0.1149}}
2026-08-19 17:17:24 | DEBUG    | fgvc.clustering.spherical_kmeans |   Init 1/10: inertia=3.547124
2026-08-19 17:17:24 | DEBUG    | fgvc.clustering.spherical_kmeans |   Init 2/10: inertia=3.422321
2026-08-19 17:17:24 | DEBUG    | fgvc.clustering.spherical_kmeans |   Init 3/10: inertia=3.542859
2026-08-19 17:17:24 | DEBUG    | fgvc.clustering.spherical_kmeans |   Init 4/10: inertia=3.598903
2026-08-19 17:17:24 | DEBUG    | fgvc.clustering.spherical_kmeans |   Init 5/10: inertia=3.490925
2026-08-19 17:17:24 | DEBUG    | fgvc.clustering.spherical_kmeans |   Init 6/10: inertia=3.549958
2026-08-19 17:17:24 | DEBUG    | fgvc.clustering.spherical_kmeans |   Init 7/10: inertia=3.511770
2026-08-19 17:17:24 | DEBUG    | fgvc.clustering.spherical_kmeans |   Init 8/10: inertia=3.581323
2026-08-19 17:17:24 | DEBUG    | fgvc.clustering.spherical_kmeans |   Init 9/10: inertia=3.583614
2026-08-19 17:17:24 | DEBUG    | fgvc.clustering.spherical_kmeans |   Init 10/10: inertia=3.447292
2026-08-19 17:17:24 | INFO     | fgvc.clustering.spherical_kmeans |   [Least_Tern] k_selected=2 | k_effective=2 | min_cluster=7 | max_cluster=18
2026-08-19 17:17:24 | INFO     | fgvc.clustering.spherical_kmeans |   [Lincoln_Sparrow] 25 images
2026-08-19 17:17:24 | DEBUG    | fgvc.clustering.spherical_kmeans |   Init 1/5: inertia=3.459848
2026-08-19 17:17:24 | DEBUG    | fgvc.clustering.spherical_kmeans |   Init 2/5: inertia=3.418265
2026-08-19 17:17:24 | DEBUG    | fgvc.clustering.spherical_kmeans |   Init 3/5: inertia=3.571914
2026-08-19 17:17:24 | DEBUG    | fgvc.clustering.spherical_kmeans |   Init 4/5: inertia=3.656364
2026-08-19 17:17:24 | DEBUG    | fgvc.clustering.spherical_kmeans |   Init 5/5: inertia=3.532403
2026-08-19 17:17:24 | DEBUG    | fgvc.clustering.spherical_kmeans |   Init 1/5: inertia=3.312297
2026-08-19 17:17:24 | DEBUG    | fgvc.clustering.spherical_kmeans |   Init 2/5: inertia=3.242621
2026-08-19 17:17:24 | DEBUG    | fgvc.clustering.spherical_kmeans |   Init 3/5: inertia=3.355897
2026-08-19 17:17:24 | DEBUG    | fgvc.clustering.spherical_kmeans |   Init 4/5: inertia=3.212765
2026-08-19 17:17:24 | DEBUG    | fgvc.clustering.spherical_kmeans |   Init 5/5: inertia=3.250978
2026-08-19 17:17:24 | DEBUG    | fgvc.clustering.spherical_kmeans |   Init 1/5: inertia=3.126348
2026-08-19 17:17:24 | DEBUG    | fgvc.clustering.spherical_kmeans |   Init 2/5: inertia=2.994170
2026-08-19 17:17:24 | DEBUG    | fgvc.clustering.spherical_kmeans |   Init 3/5: inertia=3.023651
2026-08-19 17:17:24 | DEBUG    | fgvc.clustering.spherical_kmeans |   Init 4/5: inertia=3.016109
2026-08-19 17:17:24 | DEBUG    | fgvc.clustering.spherical_kmeans |   Init 5/5: inertia=2.946299
2026-08-19 17:17:24 | DEBUG    | fgvc.clustering.spherical_kmeans |   Init 1/5: inertia=2.874094
2026-08-19 17:17:24 | DEBUG    | fgvc.clustering.spherical_kmeans |   Init 2/5: inertia=2.820569
2026-08-19 17:17:24 | DEBUG    | fgvc.clustering.spherical_kmeans |   Init 3/5: inertia=2.844580
2026-08-19 17:17:24 | DEBUG    | fgvc.clustering.spherical_kmeans |   Init 4/5: inertia=2.802303
2026-08-19 17:17:24 | DEBUG    | fgvc.clustering.spherical_kmeans |   Init 5/5: inertia=2.846349
2026-08-19 17:17:24 | DEBUG    | fgvc.clustering.spherical_kmeans | K selection: best_k=2 | scores={2: {'silhouette': 0.1101, 'compactness': 0.8633, 'score': 0.314}, 3: {'silhouette': 0.057, 'compactness': 0.8715, 'score': 0.2233}, 4: {'silhouette': 0.0748, 'compactness': 0.8821, 'score': 0.1687}, 5: {'silhouette': 0.0582, 'compactness': 0.8879, 'score': 0.0955}}
2026-08-19 17:17:24 | DEBUG    | fgvc.clustering.spherical_kmeans |   Init 1/10: inertia=3.459848
2026-08-19 17:17:24 | DEBUG    | fgvc.clustering.spherical_kmeans |   Init 2/10: inertia=3.418265
2026-08-19 17:17:24 | DEBUG    | fgvc.clustering.spherical_kmeans |   Init 3/10: inertia=3.571914
2026-08-19 17:17:24 | DEBUG    | fgvc.clustering.spherical_kmeans |   Init 4/10: inertia=3.656364
2026-08-19 17:17:24 | DEBUG    | fgvc.clustering.spherical_kmeans |   Init 5/10: inertia=3.532403
2026-08-19 17:17:24 | DEBUG    | fgvc.clustering.spherical_kmeans |   Init 6/10: inertia=3.517956
2026-08-19 17:17:24 | DEBUG    | fgvc.clustering.spherical_kmeans |   Init 7/10: inertia=3.614700
2026-08-19 17:17:24 | DEBUG    | fgvc.clustering.spherical_kmeans |   Init 8/10: inertia=3.540655
2026-08-19 17:17:24 | DEBUG    | fgvc.clustering.spherical_kmeans |   Init 9/10: inertia=3.583290
2026-08-19 17:17:24 | DEBUG    | fgvc.clustering.spherical_kmeans |   Init 10/10: inertia=3.495963
2026-08-19 17:17:24 | INFO     | fgvc.clustering.spherical_kmeans |   [Lincoln_Sparrow] k_selected=2 | k_effective=2 | min_cluster=11 | max_cluster=14
2026-08-19 17:17:24 | INFO     | fgvc.clustering.spherical_kmeans |   [Loggerhead_Shrike] 25 images
2026-08-19 17:17:24 | DEBUG    | fgvc.clustering.spherical_kmeans |   Init 1/5: inertia=2.804436
2026-08-19 17:17:24 | DEBUG    | fgvc.clustering.spherical_kmeans |   Init 2/5: inertia=2.955142
2026-08-19 17:17:24 | DEBUG    | fgvc.clustering.spherical_kmeans |   Init 3/5: inertia=2.804436
2026-08-19 17:17:24 | DEBUG    | fgvc.clustering.spherical_kmeans |   Init 4/5: inertia=2.851508
2026-08-19 17:17:24 | DEBUG    | fgvc.clustering.spherical_kmeans |   Init 5/5: inertia=2.866307
2026-08-19 17:17:24 | DEBUG    | fgvc.clustering.spherical_kmeans |   Init 1/5: inertia=2.596553
2026-08-19 17:17:24 | DEBUG    | fgvc.clustering.spherical_kmeans |   Init 2/5: inertia=2.607957
2026-08-19 17:17:24 | DEBUG    | fgvc.clustering.spherical_kmeans |   Init 3/5: inertia=2.640064
2026-08-19 17:17:24 | DEBUG    | fgvc.clustering.spherical_kmeans |   Init 4/5: inertia=2.551758
2026-08-19 17:17:24 | DEBUG    | fgvc.clustering.spherical_kmeans |   Init 5/5: inertia=2.683795
2026-08-19 17:17:24 | DEBUG    | fgvc.clustering.spherical_kmeans |   Init 1/5: inertia=2.431682
2026-08-19 17:17:24 | DEBUG    | fgvc.clustering.spherical_kmeans |   Init 2/5: inertia=2.388963
2026-08-19 17:17:24 | DEBUG    | fgvc.clustering.spherical_kmeans |   Init 3/5: inertia=2.452989
2026-08-19 17:17:24 | DEBUG    | fgvc.clustering.spherical_kmeans |   Init 4/5: inertia=2.563260
2026-08-19 17:17:24 | DEBUG    | fgvc.clustering.spherical_kmeans |   Init 5/5: inertia=2.412066
2026-08-19 17:17:24 | DEBUG    | fgvc.clustering.spherical_kmeans |   Init 1/5: inertia=2.243948
2026-08-19 17:17:24 | DEBUG    | fgvc.clustering.spherical_kmeans |   Init 2/5: inertia=2.219488
2026-08-19 17:17:24 | DEBUG    | fgvc.clustering.spherical_kmeans |   Init 3/5: inertia=2.228461
2026-08-19 17:17:24 | DEBUG    | fgvc.clustering.spherical_kmeans |   Init 4/5: inertia=2.421467
2026-08-19 17:17:24 | DEBUG    | fgvc.clustering.spherical_kmeans |   Init 5/5: inertia=2.258380
2026-08-19 17:17:24 | DEBUG    | fgvc.clustering.spherical_kmeans | K selection: best_k=2 | scores={2: {'silhouette': 0.123, 'compactness': 0.8878, 'score': 0.3278}, 3: {'silhouette': 0.1142, 'compactness': 0.8979, 'score': 0.2598}, 4: {'silhouette': 0.1216, 'compactness': 0.9044, 'score': 0.1988}, 5: {'silhouette': 0.0611, 'compactness': 0.9112, 'score': 0.1039}}
2026-08-19 17:17:24 | DEBUG    | fgvc.clustering.spherical_kmeans |   Init 1/10: inertia=2.804436
2026-08-19 17:17:24 | DEBUG    | fgvc.clustering.spherical_kmeans |   Init 2/10: inertia=2.955142
2026-08-19 17:17:24 | DEBUG    | fgvc.clustering.spherical_kmeans |   Init 3/10: inertia=2.804436
2026-08-19 17:17:24 | DEBUG    | fgvc.clustering.spherical_kmeans |   Init 4/10: inertia=2.851508
2026-08-19 17:17:24 | DEBUG    | fgvc.clustering.spherical_kmeans |   Init 5/10: inertia=2.866307
2026-08-19 17:17:24 | DEBUG    | fgvc.clustering.spherical_kmeans |   Init 6/10: inertia=2.909375
2026-08-19 17:17:24 | DEBUG    | fgvc.clustering.spherical_kmeans |   Init 7/10: inertia=2.815474
2026-08-19 17:17:24 | DEBUG    | fgvc.clustering.spherical_kmeans |   Init 8/10: inertia=2.910555
2026-08-19 17:17:24 | DEBUG    | fgvc.clustering.spherical_kmeans |   Init 9/10: inertia=2.971105
2026-08-19 17:17:24 | DEBUG    | fgvc.clustering.spherical_kmeans |   Init 10/10: inertia=2.826211
2026-08-19 17:17:24 | INFO     | fgvc.clustering.spherical_kmeans |   [Loggerhead_Shrike] k_selected=2 | k_effective=2 | min_cluster=12 | max_cluster=13
2026-08-19 17:17:24 | INFO     | fgvc.clustering.spherical_kmeans |   [Long_tailed_Jaeger] 25 images
2026-08-19 17:17:24 | DEBUG    | fgvc.clustering.spherical_kmeans |   Init 1/5: inertia=4.367528
2026-08-19 17:17:24 | DEBUG    | fgvc.clustering.spherical_kmeans |   Init 2/5: inertia=4.971582
2026-08-19 17:17:24 | DEBUG    | fgvc.clustering.spherical_kmeans |   Init 3/5: inertia=4.720303
2026-08-19 17:17:24 | DEBUG    | fgvc.clustering.spherical_kmeans |   Init 4/5: inertia=4.404601
2026-08-19 17:17:24 | DEBUG    | fgvc.clustering.spherical_kmeans |   Init 5/5: inertia=4.908233
2026-08-19 17:17:24 | DEBUG    | fgvc.clustering.spherical_kmeans |   Init 1/5: inertia=3.911302
2026-08-19 17:17:24 | DEBUG    | fgvc.clustering.spherical_kmeans |   Init 2/5: inertia=4.167428
2026-08-19 17:17:24 | DEBUG    | fgvc.clustering.spherical_kmeans |   Init 3/5: inertia=4.002405
2026-08-19 17:17:24 | DEBUG    | fgvc.clustering.spherical_kmeans |   Init 4/5: inertia=4.699768
2026-08-19 17:17:24 | DEBUG    | fgvc.clustering.spherical_kmeans |   Init 5/5: inertia=4.035720
2026-08-19 17:17:24 | DEBUG    | fgvc.clustering.spherical_kmeans |   Init 1/5: inertia=3.774784
2026-08-19 17:17:24 | DEBUG    | fgvc.clustering.spherical_kmeans |   Init 2/5: inertia=3.743887
2026-08-19 17:17:24 | DEBUG    | fgvc.clustering.spherical_kmeans |   Init 3/5: inertia=3.861745
2026-08-19 17:17:24 | DEBUG    | fgvc.clustering.spherical_kmeans |   Init 4/5: inertia=3.835497
2026-08-19 17:17:24 | DEBUG    | fgvc.clustering.spherical_kmeans |   Init 5/5: inertia=3.644446
2026-08-19 17:17:24 | DEBUG    | fgvc.clustering.spherical_kmeans |   Init 1/5: inertia=3.423702
2026-08-19 17:17:24 | DEBUG    | fgvc.clustering.spherical_kmeans |   Init 2/5: inertia=3.600644
2026-08-19 17:17:24 | DEBUG    | fgvc.clustering.spherical_kmeans |   Init 3/5: inertia=3.423028
2026-08-19 17:17:24 | DEBUG    | fgvc.clustering.spherical_kmeans |   Init 4/5: inertia=3.330995
2026-08-19 17:17:24 | DEBUG    | fgvc.clustering.spherical_kmeans |   Init 5/5: inertia=3.469545
2026-08-19 17:17:24 | DEBUG    | fgvc.clustering.spherical_kmeans | K selection: best_k=2 | scores={2: {'silhouette': 0.3667, 'compactness': 0.8253, 'score': 0.4309}, 3: {'silhouette': 0.1372, 'compactness': 0.8435, 'score': 0.255}, 4: {'silhouette': 0.1143, 'compactness': 0.8542, 'score': 0.1801}, 5: {'silhouette': 0.1315, 'compactness': 0.8668, 'score': 0.1258}}
2026-08-19 17:17:24 | DEBUG    | fgvc.clustering.spherical_kmeans |   Init 1/10: inertia=4.367528
2026-08-19 17:17:24 | DEBUG    | fgvc.clustering.spherical_kmeans |   Init 2/10: inertia=4.971582
2026-08-19 17:17:24 | DEBUG    | fgvc.clustering.spherical_kmeans |   Init 3/10: inertia=4.720303
2026-08-19 17:17:24 | DEBUG    | fgvc.clustering.spherical_kmeans |   Init 4/10: inertia=4.404601
2026-08-19 17:17:24 | DEBUG    | fgvc.clustering.spherical_kmeans |   Init 5/10: inertia=4.908233
2026-08-19 17:17:24 | DEBUG    | fgvc.clustering.spherical_kmeans |   Init 6/10: inertia=4.367528
2026-08-19 17:17:24 | DEBUG    | fgvc.clustering.spherical_kmeans |   Init 7/10: inertia=4.404601
2026-08-19 17:17:24 | DEBUG    | fgvc.clustering.spherical_kmeans |   Init 8/10: inertia=4.367528
2026-08-19 17:17:24 | DEBUG    | fgvc.clustering.spherical_kmeans |   Init 9/10: inertia=4.971582
2026-08-19 17:17:24 | DEBUG    | fgvc.clustering.spherical_kmeans |   Init 10/10: inertia=5.030342
2026-08-19 17:17:24 | INFO     | fgvc.clustering.spherical_kmeans |   [Long_tailed_Jaeger] k_selected=2 | k_effective=1 | min_cluster=25 | max_cluster=25
2026-08-19 17:17:24 | INFO     | fgvc.clustering.spherical_kmeans |   [Louisiana_Waterthrush] 25 images
2026-08-19 17:17:24 | DEBUG    | fgvc.clustering.spherical_kmeans |   Init 1/5: inertia=2.921050
2026-08-19 17:17:24 | DEBUG    | fgvc.clustering.spherical_kmeans |   Init 2/5: inertia=2.985309
2026-08-19 17:17:24 | DEBUG    | fgvc.clustering.spherical_kmeans |   Init 3/5: inertia=2.904181
2026-08-19 17:17:24 | DEBUG    | fgvc.clustering.spherical_kmeans |   Init 4/5: inertia=2.924639
2026-08-19 17:17:24 | DEBUG    | fgvc.clustering.spherical_kmeans |   Init 5/5: inertia=2.921872
2026-08-19 17:17:24 | DEBUG    | fgvc.clustering.spherical_kmeans |   Init 1/5: inertia=2.734414
2026-08-19 17:17:24 | DEBUG    | fgvc.clustering.spherical_kmeans |   Init 2/5: inertia=2.751895
2026-08-19 17:17:24 | DEBUG    | fgvc.clustering.spherical_kmeans |   Init 3/5: inertia=2.741500
2026-08-19 17:17:24 | DEBUG    | fgvc.clustering.spherical_kmeans |   Init 4/5: inertia=2.655721
2026-08-19 17:17:24 | DEBUG    | fgvc.clustering.spherical_kmeans |   Init 5/5: inertia=2.694300
2026-08-19 17:17:24 | DEBUG    | fgvc.clustering.spherical_kmeans |   Init 1/5: inertia=2.587009
2026-08-19 17:17:24 | DEBUG    | fgvc.clustering.spherical_kmeans |   Init 2/5: inertia=2.549820
2026-08-19 17:17:24 | DEBUG    | fgvc.clustering.spherical_kmeans |   Init 3/5: inertia=2.551765
2026-08-19 17:17:24 | DEBUG    | fgvc.clustering.spherical_kmeans |   Init 4/5: inertia=2.524533
2026-08-19 17:17:24 | DEBUG    | fgvc.clustering.spherical_kmeans |   Init 5/5: inertia=2.561787
2026-08-19 17:17:24 | DEBUG    | fgvc.clustering.spherical_kmeans |   Init 1/5: inertia=2.348499
2026-08-19 17:17:24 | DEBUG    | fgvc.clustering.spherical_kmeans |   Init 2/5: inertia=2.344148
2026-08-19 17:17:24 | DEBUG    | fgvc.clustering.spherical_kmeans |   Init 3/5: inertia=2.371956
2026-08-19 17:17:24 | DEBUG    | fgvc.clustering.spherical_kmeans |   Init 4/5: inertia=2.352304
2026-08-19 17:17:24 | DEBUG    | fgvc.clustering.spherical_kmeans |   Init 5/5: inertia=2.323531
2026-08-19 17:17:24 | DEBUG    | fgvc.clustering.spherical_kmeans | K selection: best_k=2 | scores={2: {'silhouette': 0.2187, 'compactness': 0.8838, 'score': 0.3745}, 3: {'silhouette': 0.0723, 'compactness': 0.8938, 'score': 0.2376}, 4: {'silhouette': 0.0525, 'compactness': 0.899, 'score': 0.1626}, 5: {'silhouette': 0.0552, 'compactness': 0.9071, 'score': 0.0997}}
2026-08-19 17:17:24 | DEBUG    | fgvc.clustering.spherical_kmeans |   Init 1/10: inertia=2.921050
2026-08-19 17:17:24 | DEBUG    | fgvc.clustering.spherical_kmeans |   Init 2/10: inertia=2.985309
2026-08-19 17:17:24 | DEBUG    | fgvc.clustering.spherical_kmeans |   Init 3/10: inertia=2.904181
2026-08-19 17:17:24 | DEBUG    | fgvc.clustering.spherical_kmeans |   Init 4/10: inertia=2.924639
2026-08-19 17:17:24 | DEBUG    | fgvc.clustering.spherical_kmeans |   Init 5/10: inertia=2.921872
2026-08-19 17:17:24 | DEBUG    | fgvc.clustering.spherical_kmeans |   Init 6/10: inertia=2.904181
2026-08-19 17:17:24 | DEBUG    | fgvc.clustering.spherical_kmeans |   Init 7/10: inertia=2.918354
2026-08-19 17:17:24 | DEBUG    | fgvc.clustering.spherical_kmeans |   Init 8/10: inertia=2.911324
2026-08-19 17:17:24 | DEBUG    | fgvc.clustering.spherical_kmeans |   Init 9/10: inertia=2.947858
2026-08-19 17:17:24 | DEBUG    | fgvc.clustering.spherical_kmeans |   Init 10/10: inertia=2.979222
2026-08-19 17:17:24 | INFO     | fgvc.clustering.spherical_kmeans |   [Louisiana_Waterthrush] k_selected=2 | k_effective=1 | min_cluster=25 | max_cluster=25
2026-08-19 17:17:24 | INFO     | fgvc.clustering.spherical_kmeans |   [Magnolia_Warbler] 25 images
2026-08-19 17:17:24 | DEBUG    | fgvc.clustering.spherical_kmeans |   Init 1/5: inertia=2.173433
2026-08-19 17:17:24 | DEBUG    | fgvc.clustering.spherical_kmeans |   Init 2/5: inertia=2.204968
2026-08-19 17:17:24 | DEBUG    | fgvc.clustering.spherical_kmeans |   Init 3/5: inertia=2.173433
2026-08-19 17:17:24 | DEBUG    | fgvc.clustering.spherical_kmeans |   Init 4/5: inertia=2.193832
2026-08-19 17:17:24 | DEBUG    | fgvc.clustering.spherical_kmeans |   Init 5/5: inertia=2.204968
2026-08-19 17:17:24 | DEBUG    | fgvc.clustering.spherical_kmeans |   Init 1/5: inertia=2.048284
2026-08-19 17:17:24 | DEBUG    | fgvc.clustering.spherical_kmeans |   Init 2/5: inertia=1.989697
2026-08-19 17:17:24 | DEBUG    | fgvc.clustering.spherical_kmeans |   Init 3/5: inertia=2.024359
2026-08-19 17:17:24 | DEBUG    | fgvc.clustering.spherical_kmeans |   Init 4/5: inertia=1.927754
2026-08-19 17:17:24 | DEBUG    | fgvc.clustering.spherical_kmeans |   Init 5/5: inertia=1.895994
2026-08-19 17:17:24 | DEBUG    | fgvc.clustering.spherical_kmeans |   Init 1/5: inertia=2.014969
2026-08-19 17:17:24 | DEBUG    | fgvc.clustering.spherical_kmeans |   Init 2/5: inertia=1.751587
2026-08-19 17:17:24 | DEBUG    | fgvc.clustering.spherical_kmeans |   Init 3/5: inertia=1.907647
2026-08-19 17:17:24 | DEBUG    | fgvc.clustering.spherical_kmeans |   Init 4/5: inertia=1.881462
2026-08-19 17:17:24 | DEBUG    | fgvc.clustering.spherical_kmeans |   Init 5/5: inertia=1.872188
2026-08-19 17:17:24 | DEBUG    | fgvc.clustering.spherical_kmeans |   Init 1/5: inertia=1.770698
2026-08-19 17:17:24 | DEBUG    | fgvc.clustering.spherical_kmeans |   Init 2/5: inertia=1.695379
2026-08-19 17:17:24 | DEBUG    | fgvc.clustering.spherical_kmeans |   Init 3/5: inertia=1.707512
2026-08-19 17:17:24 | DEBUG    | fgvc.clustering.spherical_kmeans |   Init 4/5: inertia=1.747414
2026-08-19 17:17:24 | DEBUG    | fgvc.clustering.spherical_kmeans |   Init 5/5: inertia=1.666936
2026-08-19 17:17:24 | DEBUG    | fgvc.clustering.spherical_kmeans | K selection: best_k=2 | scores={2: {'silhouette': 0.3677, 'compactness': 0.9131, 'score': 0.4578}, 3: {'silhouette': 0.3802, 'compactness': 0.9242, 'score': 0.4007}, 4: {'silhouette': 0.2502, 'compactness': 0.9299, 'score': 0.2707}, 5: {'silhouette': 0.0964, 'compactness': 0.9333, 'score': 0.1282}}
2026-08-19 17:17:24 | DEBUG    | fgvc.clustering.spherical_kmeans |   Init 1/10: inertia=2.173433
2026-08-19 17:17:24 | DEBUG    | fgvc.clustering.spherical_kmeans |   Init 2/10: inertia=2.204968
2026-08-19 17:17:24 | DEBUG    | fgvc.clustering.spherical_kmeans |   Init 3/10: inertia=2.173433
2026-08-19 17:17:24 | DEBUG    | fgvc.clustering.spherical_kmeans |   Init 4/10: inertia=2.193832
2026-08-19 17:17:24 | DEBUG    | fgvc.clustering.spherical_kmeans |   Init 5/10: inertia=2.204968
2026-08-19 17:17:24 | DEBUG    | fgvc.clustering.spherical_kmeans |   Init 6/10: inertia=2.173433
2026-08-19 17:17:24 | DEBUG    | fgvc.clustering.spherical_kmeans |   Init 7/10: inertia=2.640714
2026-08-19 17:17:24 | DEBUG    | fgvc.clustering.spherical_kmeans |   Init 8/10: inertia=2.534389
2026-08-19 17:17:24 | DEBUG    | fgvc.clustering.spherical_kmeans |   Init 9/10: inertia=2.204968
2026-08-19 17:17:24 | DEBUG    | fgvc.clustering.spherical_kmeans |   Init 10/10: inertia=2.193832
2026-08-19 17:17:24 | INFO     | fgvc.clustering.spherical_kmeans |   [Magnolia_Warbler] k_selected=2 | k_effective=2 | min_cluster=8 | max_cluster=17
2026-08-19 17:17:24 | INFO     | fgvc.clustering.spherical_kmeans |   [Mallard] 25 images
2026-08-19 17:17:24 | DEBUG    | fgvc.clustering.spherical_kmeans |   Init 1/5: inertia=2.104827
2026-08-19 17:17:24 | DEBUG    | fgvc.clustering.spherical_kmeans |   Init 2/5: inertia=1.960799
2026-08-19 17:17:24 | DEBUG    | fgvc.clustering.spherical_kmeans |   Init 3/5: inertia=1.833922
2026-08-19 17:17:24 | DEBUG    | fgvc.clustering.spherical_kmeans |   Init 4/5: inertia=1.946447
2026-08-19 17:17:24 | DEBUG    | fgvc.clustering.spherical_kmeans |   Init 5/5: inertia=1.833922
2026-08-19 17:17:24 | DEBUG    | fgvc.clustering.spherical_kmeans |   Init 1/5: inertia=1.984648
2026-08-19 17:17:24 | DEBUG    | fgvc.clustering.spherical_kmeans |   Init 2/5: inertia=1.653100
2026-08-19 17:17:24 | DEBUG    | fgvc.clustering.spherical_kmeans |   Init 3/5: inertia=1.663742
2026-08-19 17:17:24 | DEBUG    | fgvc.clustering.spherical_kmeans |   Init 4/5: inertia=1.670087
2026-08-19 17:17:24 | DEBUG    | fgvc.clustering.spherical_kmeans |   Init 5/5: inertia=1.847362
2026-08-19 17:17:24 | DEBUG    | fgvc.clustering.spherical_kmeans |   Init 1/5: inertia=1.683618
2026-08-19 17:17:24 | DEBUG    | fgvc.clustering.spherical_kmeans |   Init 2/5: inertia=1.565945
2026-08-19 17:17:24 | DEBUG    | fgvc.clustering.spherical_kmeans |   Init 3/5: inertia=1.501226
2026-08-19 17:17:24 | DEBUG    | fgvc.clustering.spherical_kmeans |   Init 4/5: inertia=1.570617
2026-08-19 17:17:24 | DEBUG    | fgvc.clustering.spherical_kmeans |   Init 5/5: inertia=1.681924
2026-08-19 17:17:24 | DEBUG    | fgvc.clustering.spherical_kmeans |   Init 1/5: inertia=1.371940
2026-08-19 17:17:24 | DEBUG    | fgvc.clustering.spherical_kmeans |   Init 2/5: inertia=1.431813
2026-08-19 17:17:24 | DEBUG    | fgvc.clustering.spherical_kmeans |   Init 3/5: inertia=1.475874
2026-08-19 17:17:24 | DEBUG    | fgvc.clustering.spherical_kmeans |   Init 4/5: inertia=1.606846
2026-08-19 17:17:24 | DEBUG    | fgvc.clustering.spherical_kmeans |   Init 5/5: inertia=1.659474
2026-08-19 17:17:24 | DEBUG    | fgvc.clustering.spherical_kmeans | K selection: best_k=2 | scores={2: {'silhouette': 0.5354, 'compactness': 0.9266, 'score': 0.5457}, 3: {'silhouette': 0.125, 'compactness': 0.9339, 'score': 0.276}, 4: {'silhouette': 0.1929, 'compactness': 0.94, 'score': 0.2451}, 5: {'silhouette': 0.158, 'compactness': 0.9451, 'score': 0.1625}}
2026-08-19 17:17:24 | DEBUG    | fgvc.clustering.spherical_kmeans |   Init 1/10: inertia=2.104827
2026-08-19 17:17:24 | DEBUG    | fgvc.clustering.spherical_kmeans |   Init 2/10: inertia=1.960799
2026-08-19 17:17:24 | DEBUG    | fgvc.clustering.spherical_kmeans |   Init 3/10: inertia=1.833922
2026-08-19 17:17:24 | DEBUG    | fgvc.clustering.spherical_kmeans |   Init 4/10: inertia=1.946447
2026-08-19 17:17:24 | DEBUG    | fgvc.clustering.spherical_kmeans |   Init 5/10: inertia=1.833922
2026-08-19 17:17:24 | DEBUG    | fgvc.clustering.spherical_kmeans |   Init 6/10: inertia=1.798089
2026-08-19 17:17:24 | DEBUG    | fgvc.clustering.spherical_kmeans |   Init 7/10: inertia=1.833922
2026-08-19 17:17:24 | DEBUG    | fgvc.clustering.spherical_kmeans |   Init 8/10: inertia=2.116828
2026-08-19 17:17:24 | DEBUG    | fgvc.clustering.spherical_kmeans |   Init 9/10: inertia=1.798089
2026-08-19 17:17:24 | DEBUG    | fgvc.clustering.spherical_kmeans |   Init 10/10: inertia=1.959367
2026-08-19 17:17:24 | INFO     | fgvc.clustering.spherical_kmeans |   [Mallard] k_selected=2 | k_effective=1 | min_cluster=25 | max_cluster=25
2026-08-19 17:17:24 | INFO     | fgvc.clustering.spherical_kmeans |   [Mangrove_Cuckoo] 25 images
2026-08-19 17:17:24 | DEBUG    | fgvc.clustering.spherical_kmeans |   Init 1/5: inertia=3.822591
2026-08-19 17:17:24 | DEBUG    | fgvc.clustering.spherical_kmeans |   Init 2/5: inertia=3.826266
2026-08-19 17:17:24 | DEBUG    | fgvc.clustering.spherical_kmeans |   Init 3/5: inertia=3.830832
2026-08-19 17:17:24 | DEBUG    | fgvc.clustering.spherical_kmeans |   Init 4/5: inertia=3.798466
2026-08-19 17:17:24 | DEBUG    | fgvc.clustering.spherical_kmeans |   Init 5/5: inertia=3.822591
2026-08-19 17:17:24 | DEBUG    | fgvc.clustering.spherical_kmeans |   Init 1/5: inertia=3.305909
2026-08-19 17:17:24 | DEBUG    | fgvc.clustering.spherical_kmeans |   Init 2/5: inertia=3.617961
2026-08-19 17:17:24 | DEBUG    | fgvc.clustering.spherical_kmeans |   Init 3/5: inertia=3.579830
2026-08-19 17:17:24 | DEBUG    | fgvc.clustering.spherical_kmeans |   Init 4/5: inertia=3.791444
2026-08-19 17:17:24 | DEBUG    | fgvc.clustering.spherical_kmeans |   Init 5/5: inertia=3.529583
2026-08-19 17:17:24 | DEBUG    | fgvc.clustering.spherical_kmeans |   Init 1/5: inertia=3.080084
2026-08-19 17:17:24 | DEBUG    | fgvc.clustering.spherical_kmeans |   Init 2/5: inertia=3.051807
2026-08-19 17:17:24 | DEBUG    | fgvc.clustering.spherical_kmeans |   Init 3/5: inertia=3.401378
2026-08-19 17:17:24 | DEBUG    | fgvc.clustering.spherical_kmeans |   Init 4/5: inertia=3.385609
2026-08-19 17:17:24 | DEBUG    | fgvc.clustering.spherical_kmeans |   Init 5/5: inertia=3.380369
2026-08-19 17:17:24 | DEBUG    | fgvc.clustering.spherical_kmeans |   Init 1/5: inertia=2.834792
2026-08-19 17:17:24 | DEBUG    | fgvc.clustering.spherical_kmeans |   Init 2/5: inertia=2.823763
2026-08-19 17:17:24 | DEBUG    | fgvc.clustering.spherical_kmeans |   Init 3/5: inertia=3.160666
2026-08-19 17:17:24 | DEBUG    | fgvc.clustering.spherical_kmeans |   Init 4/5: inertia=3.130437
2026-08-19 17:17:24 | DEBUG    | fgvc.clustering.spherical_kmeans |   Init 5/5: inertia=2.914154
2026-08-19 17:17:24 | DEBUG    | fgvc.clustering.spherical_kmeans | K selection: best_k=2 | scores={2: {'silhouette': 0.2371, 'compactness': 0.8481, 'score': 0.373}, 3: {'silhouette': 0.2275, 'compactness': 0.8678, 'score': 0.3074}, 4: {'silhouette': 0.1243, 'compactness': 0.8779, 'score': 0.1922}, 5: {'silhouette': 0.1322, 'compactness': 0.887, 'score': 0.1322}}
2026-08-19 17:17:24 | DEBUG    | fgvc.clustering.spherical_kmeans |   Init 1/10: inertia=3.822591
2026-08-19 17:17:24 | DEBUG    | fgvc.clustering.spherical_kmeans |   Init 2/10: inertia=3.826266
2026-08-19 17:17:24 | DEBUG    | fgvc.clustering.spherical_kmeans |   Init 3/10: inertia=3.830832
2026-08-19 17:17:24 | DEBUG    | fgvc.clustering.spherical_kmeans |   Init 4/10: inertia=3.798466
2026-08-19 17:17:24 | DEBUG    | fgvc.clustering.spherical_kmeans |   Init 5/10: inertia=3.822591
2026-08-19 17:17:24 | DEBUG    | fgvc.clustering.spherical_kmeans |   Init 6/10: inertia=3.915927
2026-08-19 17:17:24 | DEBUG    | fgvc.clustering.spherical_kmeans |   Init 7/10: inertia=3.900817
2026-08-19 17:17:24 | DEBUG    | fgvc.clustering.spherical_kmeans |   Init 8/10: inertia=3.933928
2026-08-19 17:17:24 | DEBUG    | fgvc.clustering.spherical_kmeans |   Init 9/10: inertia=4.150459
2026-08-19 17:17:24 | DEBUG    | fgvc.clustering.spherical_kmeans |   Init 10/10: inertia=3.990294
2026-08-19 17:17:24 | INFO     | fgvc.clustering.spherical_kmeans |   [Mangrove_Cuckoo] k_selected=2 | k_effective=1 | min_cluster=25 | max_cluster=25
2026-08-19 17:17:24 | INFO     | fgvc.clustering.spherical_kmeans |   [Marsh_Wren] 25 images
2026-08-19 17:17:24 | DEBUG    | fgvc.clustering.spherical_kmeans |   Init 1/5: inertia=3.629178
2026-08-19 17:17:24 | DEBUG    | fgvc.clustering.spherical_kmeans |   Init 2/5: inertia=3.653290
2026-08-19 17:17:24 | DEBUG    | fgvc.clustering.spherical_kmeans |   Init 3/5: inertia=3.642549
2026-08-19 17:17:24 | DEBUG    | fgvc.clustering.spherical_kmeans |   Init 4/5: inertia=3.726481
2026-08-19 17:17:24 | DEBUG    | fgvc.clustering.spherical_kmeans |   Init 5/5: inertia=3.780147
2026-08-19 17:17:24 | DEBUG    | fgvc.clustering.spherical_kmeans |   Init 1/5: inertia=3.387000
2026-08-19 17:17:24 | DEBUG    | fgvc.clustering.spherical_kmeans |   Init 2/5: inertia=3.330756
2026-08-19 17:17:24 | DEBUG    | fgvc.clustering.spherical_kmeans |   Init 3/5: inertia=3.466183
2026-08-19 17:17:24 | DEBUG    | fgvc.clustering.spherical_kmeans |   Init 4/5: inertia=3.353083
2026-08-19 17:17:24 | DEBUG    | fgvc.clustering.spherical_kmeans |   Init 5/5: inertia=3.373182
2026-08-19 17:17:24 | DEBUG    | fgvc.clustering.spherical_kmeans |   Init 1/5: inertia=3.011231
2026-08-19 17:17:24 | DEBUG    | fgvc.clustering.spherical_kmeans |   Init 2/5: inertia=3.152690
2026-08-19 17:17:24 | DEBUG    | fgvc.clustering.spherical_kmeans |   Init 3/5: inertia=3.070506
2026-08-19 17:17:24 | DEBUG    | fgvc.clustering.spherical_kmeans |   Init 4/5: inertia=3.250025
2026-08-19 17:17:24 | DEBUG    | fgvc.clustering.spherical_kmeans |   Init 5/5: inertia=3.107873
2026-08-19 17:17:24 | DEBUG    | fgvc.clustering.spherical_kmeans |   Init 1/5: inertia=2.888227
2026-08-19 17:17:24 | DEBUG    | fgvc.clustering.spherical_kmeans |   Init 2/5: inertia=2.862512
2026-08-19 17:17:24 | DEBUG    | fgvc.clustering.spherical_kmeans |   Init 3/5: inertia=2.942811
2026-08-19 17:17:24 | DEBUG    | fgvc.clustering.spherical_kmeans |   Init 4/5: inertia=2.987385
2026-08-19 17:17:24 | DEBUG    | fgvc.clustering.spherical_kmeans |   Init 5/5: inertia=2.976724
2026-08-19 17:17:24 | DEBUG    | fgvc.clustering.spherical_kmeans | K selection: best_k=2 | scores={2: {'silhouette': 0.0907, 'compactness': 0.8548, 'score': 0.3018}, 3: {'silhouette': 0.0764, 'compactness': 0.8668, 'score': 0.2315}, 4: {'silhouette': 0.1091, 'compactness': 0.8796, 'score': 0.1851}, 5: {'silhouette': 0.0544, 'compactness': 0.8855, 'score': 0.0928}}
2026-08-19 17:17:24 | DEBUG    | fgvc.clustering.spherical_kmeans |   Init 1/10: inertia=3.629178
2026-08-19 17:17:24 | DEBUG    | fgvc.clustering.spherical_kmeans |   Init 2/10: inertia=3.653290
2026-08-19 17:17:24 | DEBUG    | fgvc.clustering.spherical_kmeans |   Init 3/10: inertia=3.642549
2026-08-19 17:17:24 | DEBUG    | fgvc.clustering.spherical_kmeans |   Init 4/10: inertia=3.726481
2026-08-19 17:17:24 | DEBUG    | fgvc.clustering.spherical_kmeans |   Init 5/10: inertia=3.780147
2026-08-19 17:17:24 | DEBUG    | fgvc.clustering.spherical_kmeans |   Init 6/10: inertia=3.656184
2026-08-19 17:17:24 | DEBUG    | fgvc.clustering.spherical_kmeans |   Init 7/10: inertia=3.684248
2026-08-19 17:17:24 | DEBUG    | fgvc.clustering.spherical_kmeans |   Init 8/10: inertia=3.816279
2026-08-19 17:17:24 | DEBUG    | fgvc.clustering.spherical_kmeans |   Init 9/10: inertia=3.714134
2026-08-19 17:17:24 | DEBUG    | fgvc.clustering.spherical_kmeans |   Init 10/10: inertia=3.795880
2026-08-19 17:17:24 | INFO     | fgvc.clustering.spherical_kmeans |   [Marsh_Wren] k_selected=2 | k_effective=2 | min_cluster=10 | max_cluster=15
2026-08-19 17:17:24 | INFO     | fgvc.clustering.spherical_kmeans |   [Mockingbird] 25 images
2026-08-19 17:17:24 | DEBUG    | fgvc.clustering.spherical_kmeans |   Init 1/5: inertia=4.164184
2026-08-19 17:17:24 | DEBUG    | fgvc.clustering.spherical_kmeans |   Init 2/5: inertia=4.316354
2026-08-19 17:17:24 | DEBUG    | fgvc.clustering.spherical_kmeans |   Init 3/5: inertia=4.257312
2026-08-19 17:17:24 | DEBUG    | fgvc.clustering.spherical_kmeans |   Init 4/5: inertia=4.278450
2026-08-19 17:17:24 | DEBUG    | fgvc.clustering.spherical_kmeans |   Init 5/5: inertia=4.230242
2026-08-19 17:17:24 | DEBUG    | fgvc.clustering.spherical_kmeans |   Init 1/5: inertia=3.963486
2026-08-19 17:17:24 | DEBUG    | fgvc.clustering.spherical_kmeans |   Init 2/5: inertia=3.885056
2026-08-19 17:17:24 | DEBUG    | fgvc.clustering.spherical_kmeans |   Init 3/5: inertia=3.959955
2026-08-19 17:17:24 | DEBUG    | fgvc.clustering.spherical_kmeans |   Init 4/5: inertia=4.007962
2026-08-19 17:17:24 | DEBUG    | fgvc.clustering.spherical_kmeans |   Init 5/5: inertia=4.092896
2026-08-19 17:17:24 | DEBUG    | fgvc.clustering.spherical_kmeans |   Init 1/5: inertia=3.665571
2026-08-19 17:17:24 | DEBUG    | fgvc.clustering.spherical_kmeans |   Init 2/5: inertia=3.817305
2026-08-19 17:17:24 | DEBUG    | fgvc.clustering.spherical_kmeans |   Init 3/5: inertia=3.749132
2026-08-19 17:17:24 | DEBUG    | fgvc.clustering.spherical_kmeans |   Init 4/5: inertia=3.766284
2026-08-19 17:17:24 | DEBUG    | fgvc.clustering.spherical_kmeans |   Init 5/5: inertia=3.669974
2026-08-19 17:17:24 | DEBUG    | fgvc.clustering.spherical_kmeans |   Init 1/5: inertia=3.406878
2026-08-19 17:17:24 | DEBUG    | fgvc.clustering.spherical_kmeans |   Init 2/5: inertia=3.408990
2026-08-19 17:17:24 | DEBUG    | fgvc.clustering.spherical_kmeans |   Init 3/5: inertia=3.437935
2026-08-19 17:17:24 | DEBUG    | fgvc.clustering.spherical_kmeans |   Init 4/5: inertia=3.485124
2026-08-19 17:17:24 | DEBUG    | fgvc.clustering.spherical_kmeans |   Init 5/5: inertia=3.431140
2026-08-19 17:17:24 | DEBUG    | fgvc.clustering.spherical_kmeans | K selection: best_k=2 | scores={2: {'silhouette': 0.0957, 'compactness': 0.8334, 'score': 0.2979}, 3: {'silhouette': 0.0906, 'compactness': 0.8446, 'score': 0.232}, 4: {'silhouette': 0.0409, 'compactness': 0.8534, 'score': 0.1432}, 5: {'silhouette': 0.0386, 'compactness': 0.8637, 'score': 0.0784}}
2026-08-19 17:17:24 | DEBUG    | fgvc.clustering.spherical_kmeans |   Init 1/10: inertia=4.164184
2026-08-19 17:17:24 | DEBUG    | fgvc.clustering.spherical_kmeans |   Init 2/10: inertia=4.316354
2026-08-19 17:17:24 | DEBUG    | fgvc.clustering.spherical_kmeans |   Init 3/10: inertia=4.257312
2026-08-19 17:17:24 | DEBUG    | fgvc.clustering.spherical_kmeans |   Init 4/10: inertia=4.278450
2026-08-19 17:17:24 | DEBUG    | fgvc.clustering.spherical_kmeans |   Init 5/10: inertia=4.230242
2026-08-19 17:17:24 | DEBUG    | fgvc.clustering.spherical_kmeans |   Init 6/10: inertia=4.182455
2026-08-19 17:17:24 | DEBUG    | fgvc.clustering.spherical_kmeans |   Init 7/10: inertia=4.200826
2026-08-19 17:17:24 | DEBUG    | fgvc.clustering.spherical_kmeans |   Init 8/10: inertia=4.224603
2026-08-19 17:17:24 | DEBUG    | fgvc.clustering.spherical_kmeans |   Init 9/10: inertia=4.198703
2026-08-19 17:17:24 | DEBUG    | fgvc.clustering.spherical_kmeans |   Init 10/10: inertia=4.161748
2026-08-19 17:17:24 | INFO     | fgvc.clustering.spherical_kmeans |   [Mockingbird] k_selected=2 | k_effective=2 | min_cluster=11 | max_cluster=14
2026-08-19 17:17:24 | INFO     | fgvc.clustering.spherical_kmeans |   [Mourning_Warbler] 25 images
2026-08-19 17:17:24 | DEBUG    | fgvc.clustering.spherical_kmeans |   Init 1/5: inertia=2.190768
2026-08-19 17:17:24 | DEBUG    | fgvc.clustering.spherical_kmeans |   Init 2/5: inertia=2.199528
2026-08-19 17:17:24 | DEBUG    | fgvc.clustering.spherical_kmeans |   Init 3/5: inertia=2.176847
2026-08-19 17:17:24 | DEBUG    | fgvc.clustering.spherical_kmeans |   Init 4/5: inertia=2.203418
2026-08-19 17:17:24 | DEBUG    | fgvc.clustering.spherical_kmeans |   Init 5/5: inertia=2.250525
2026-08-19 17:17:24 | DEBUG    | fgvc.clustering.spherical_kmeans |   Init 1/5: inertia=1.979792
2026-08-19 17:17:24 | DEBUG    | fgvc.clustering.spherical_kmeans |   Init 2/5: inertia=2.009219
2026-08-19 17:17:24 | DEBUG    | fgvc.clustering.spherical_kmeans |   Init 3/5: inertia=2.043847
2026-08-19 17:17:24 | DEBUG    | fgvc.clustering.spherical_kmeans |   Init 4/5: inertia=1.918389
2026-08-19 17:17:24 | DEBUG    | fgvc.clustering.spherical_kmeans |   Init 5/5: inertia=2.089005
2026-08-19 17:17:24 | DEBUG    | fgvc.clustering.spherical_kmeans |   Init 1/5: inertia=1.870098
2026-08-19 17:17:24 | DEBUG    | fgvc.clustering.spherical_kmeans |   Init 2/5: inertia=1.873735
2026-08-19 17:17:24 | DEBUG    | fgvc.clustering.spherical_kmeans |   Init 3/5: inertia=1.763787
2026-08-19 17:17:24 | DEBUG    | fgvc.clustering.spherical_kmeans |   Init 4/5: inertia=1.995741
2026-08-19 17:17:24 | DEBUG    | fgvc.clustering.spherical_kmeans |   Init 5/5: inertia=1.768283
2026-08-19 17:17:24 | DEBUG    | fgvc.clustering.spherical_kmeans |   Init 1/5: inertia=1.755163
2026-08-19 17:17:24 | DEBUG    | fgvc.clustering.spherical_kmeans |   Init 2/5: inertia=1.754448
2026-08-19 17:17:24 | DEBUG    | fgvc.clustering.spherical_kmeans |   Init 3/5: inertia=1.873621
2026-08-19 17:17:24 | DEBUG    | fgvc.clustering.spherical_kmeans |   Init 4/5: inertia=1.641542
2026-08-19 17:17:24 | DEBUG    | fgvc.clustering.spherical_kmeans |   Init 5/5: inertia=1.792042
2026-08-19 17:17:24 | DEBUG    | fgvc.clustering.spherical_kmeans | K selection: best_k=2 | scores={2: {'silhouette': 0.3406, 'compactness': 0.9129, 'score': 0.4442}, 3: {'silhouette': 0.2446, 'compactness': 0.9233, 'score': 0.3326}, 4: {'silhouette': 0.243, 'compactness': 0.9294, 'score': 0.267}, 5: {'silhouette': 0.1203, 'compactness': 0.9343, 'score': 0.1404}}
2026-08-19 17:17:24 | DEBUG    | fgvc.clustering.spherical_kmeans |   Init 1/10: inertia=2.190768
2026-08-19 17:17:24 | DEBUG    | fgvc.clustering.spherical_kmeans |   Init 2/10: inertia=2.199528
2026-08-19 17:17:24 | DEBUG    | fgvc.clustering.spherical_kmeans |   Init 3/10: inertia=2.176847
2026-08-19 17:17:24 | DEBUG    | fgvc.clustering.spherical_kmeans |   Init 4/10: inertia=2.203418
2026-08-19 17:17:24 | DEBUG    | fgvc.clustering.spherical_kmeans |   Init 5/10: inertia=2.250525
2026-08-19 17:17:24 | DEBUG    | fgvc.clustering.spherical_kmeans |   Init 6/10: inertia=2.250525
2026-08-19 17:17:24 | DEBUG    | fgvc.clustering.spherical_kmeans |   Init 7/10: inertia=2.533656
2026-08-19 17:17:24 | DEBUG    | fgvc.clustering.spherical_kmeans |   Init 8/10: inertia=2.605518
2026-08-19 17:17:24 | DEBUG    | fgvc.clustering.spherical_kmeans |   Init 9/10: inertia=2.203418
2026-08-19 17:17:24 | DEBUG    | fgvc.clustering.spherical_kmeans |   Init 10/10: inertia=2.176847
2026-08-19 17:17:24 | INFO     | fgvc.clustering.spherical_kmeans |   [Mourning_Warbler] k_selected=2 | k_effective=2 | min_cluster=6 | max_cluster=19
2026-08-19 17:17:24 | INFO     | fgvc.clustering.spherical_kmeans |   [Myrtle_Warbler] 25 images
2026-08-19 17:17:24 | DEBUG    | fgvc.clustering.spherical_kmeans |   Init 1/5: inertia=2.896343
2026-08-19 17:17:24 | DEBUG    | fgvc.clustering.spherical_kmeans |   Init 2/5: inertia=2.901926
2026-08-19 17:17:24 | DEBUG    | fgvc.clustering.spherical_kmeans |   Init 3/5: inertia=2.901926
2026-08-19 17:17:24 | DEBUG    | fgvc.clustering.spherical_kmeans |   Init 4/5: inertia=3.178974
2026-08-19 17:17:24 | DEBUG    | fgvc.clustering.spherical_kmeans |   Init 5/5: inertia=2.900108
2026-08-19 17:17:24 | DEBUG    | fgvc.clustering.spherical_kmeans |   Init 1/5: inertia=2.758654
2026-08-19 17:17:24 | DEBUG    | fgvc.clustering.spherical_kmeans |   Init 2/5: inertia=2.671994
2026-08-19 17:17:24 | DEBUG    | fgvc.clustering.spherical_kmeans |   Init 3/5: inertia=2.632608
2026-08-19 17:17:24 | DEBUG    | fgvc.clustering.spherical_kmeans |   Init 4/5: inertia=2.558654
2026-08-19 17:17:24 | DEBUG    | fgvc.clustering.spherical_kmeans |   Init 5/5: inertia=2.759289
2026-08-19 17:17:24 | DEBUG    | fgvc.clustering.spherical_kmeans |   Init 1/5: inertia=2.677083
2026-08-19 17:17:24 | DEBUG    | fgvc.clustering.spherical_kmeans |   Init 2/5: inertia=2.441750
2026-08-19 17:17:24 | DEBUG    | fgvc.clustering.spherical_kmeans |   Init 3/5: inertia=2.541112
2026-08-19 17:17:24 | DEBUG    | fgvc.clustering.spherical_kmeans |   Init 4/5: inertia=2.420012
2026-08-19 17:17:24 | DEBUG    | fgvc.clustering.spherical_kmeans |   Init 5/5: inertia=2.363347
2026-08-19 17:17:24 | DEBUG    | fgvc.clustering.spherical_kmeans |   Init 1/5: inertia=2.480677
2026-08-19 17:17:24 | DEBUG    | fgvc.clustering.spherical_kmeans |   Init 2/5: inertia=2.434547
2026-08-19 17:17:24 | DEBUG    | fgvc.clustering.spherical_kmeans |   Init 3/5: inertia=2.343683
2026-08-19 17:17:24 | DEBUG    | fgvc.clustering.spherical_kmeans |   Init 4/5: inertia=2.247193
2026-08-19 17:17:24 | DEBUG    | fgvc.clustering.spherical_kmeans |   Init 5/5: inertia=2.250332
2026-08-19 17:17:24 | DEBUG    | fgvc.clustering.spherical_kmeans | K selection: best_k=2 | scores={2: {'silhouette': 0.3168, 'compactness': 0.8841, 'score': 0.4236}, 3: {'silhouette': 0.2496, 'compactness': 0.8977, 'score': 0.3274}, 4: {'silhouette': 0.2207, 'compactness': 0.9055, 'score': 0.2487}, 5: {'silhouette': 0.1709, 'compactness': 0.9101, 'score': 0.1585}}
2026-08-19 17:17:24 | DEBUG    | fgvc.clustering.spherical_kmeans |   Init 1/10: inertia=2.896343
2026-08-19 17:17:24 | DEBUG    | fgvc.clustering.spherical_kmeans |   Init 2/10: inertia=2.901926
2026-08-19 17:17:24 | DEBUG    | fgvc.clustering.spherical_kmeans |   Init 3/10: inertia=2.901926
2026-08-19 17:17:24 | DEBUG    | fgvc.clustering.spherical_kmeans |   Init 4/10: inertia=3.178974
2026-08-19 17:17:24 | DEBUG    | fgvc.clustering.spherical_kmeans |   Init 5/10: inertia=2.900108
2026-08-19 17:17:24 | DEBUG    | fgvc.clustering.spherical_kmeans |   Init 6/10: inertia=2.901926
2026-08-19 17:17:24 | DEBUG    | fgvc.clustering.spherical_kmeans |   Init 7/10: inertia=2.901926
2026-08-19 17:17:24 | DEBUG    | fgvc.clustering.spherical_kmeans |   Init 8/10: inertia=2.900108
2026-08-19 17:17:24 | DEBUG    | fgvc.clustering.spherical_kmeans |   Init 9/10: inertia=2.896343
2026-08-19 17:17:24 | DEBUG    | fgvc.clustering.spherical_kmeans |   Init 10/10: inertia=2.896343
2026-08-19 17:17:24 | INFO     | fgvc.clustering.spherical_kmeans |   [Myrtle_Warbler] k_selected=2 | k_effective=2 | min_cluster=12 | max_cluster=13
2026-08-19 17:17:24 | INFO     | fgvc.clustering.spherical_kmeans |   [Nashville_Warbler] 25 images
2026-08-19 17:17:24 | DEBUG    | fgvc.clustering.spherical_kmeans |   Init 1/5: inertia=2.850938
2026-08-19 17:17:24 | DEBUG    | fgvc.clustering.spherical_kmeans |   Init 2/5: inertia=2.937493
2026-08-19 17:17:24 | DEBUG    | fgvc.clustering.spherical_kmeans |   Init 3/5: inertia=2.786431
2026-08-19 17:17:24 | DEBUG    | fgvc.clustering.spherical_kmeans |   Init 4/5: inertia=2.918304
2026-08-19 17:17:24 | DEBUG    | fgvc.clustering.spherical_kmeans |   Init 5/5: inertia=2.707313
2026-08-19 17:17:24 | DEBUG    | fgvc.clustering.spherical_kmeans |   Init 1/5: inertia=2.495852
2026-08-19 17:17:24 | DEBUG    | fgvc.clustering.spherical_kmeans |   Init 2/5: inertia=2.548471
2026-08-19 17:17:24 | DEBUG    | fgvc.clustering.spherical_kmeans |   Init 3/5: inertia=2.501506
2026-08-19 17:17:24 | DEBUG    | fgvc.clustering.spherical_kmeans |   Init 4/5: inertia=2.498537
2026-08-19 17:17:24 | DEBUG    | fgvc.clustering.spherical_kmeans |   Init 5/5: inertia=2.494887
2026-08-19 17:17:24 | DEBUG    | fgvc.clustering.spherical_kmeans |   Init 1/5: inertia=2.317438
2026-08-19 17:17:24 | DEBUG    | fgvc.clustering.spherical_kmeans |   Init 2/5: inertia=2.355379
2026-08-19 17:17:24 | DEBUG    | fgvc.clustering.spherical_kmeans |   Init 3/5: inertia=2.391780
2026-08-19 17:17:24 | DEBUG    | fgvc.clustering.spherical_kmeans |   Init 4/5: inertia=2.388933
2026-08-19 17:17:24 | DEBUG    | fgvc.clustering.spherical_kmeans |   Init 5/5: inertia=2.351573
2026-08-19 17:17:24 | DEBUG    | fgvc.clustering.spherical_kmeans |   Init 1/5: inertia=2.229993
2026-08-19 17:17:24 | DEBUG    | fgvc.clustering.spherical_kmeans |   Init 2/5: inertia=2.199186
2026-08-19 17:17:24 | DEBUG    | fgvc.clustering.spherical_kmeans |   Init 3/5: inertia=2.214282
2026-08-19 17:17:24 | DEBUG    | fgvc.clustering.spherical_kmeans |   Init 4/5: inertia=2.186148
2026-08-19 17:17:24 | DEBUG    | fgvc.clustering.spherical_kmeans |   Init 5/5: inertia=2.097261
2026-08-19 17:17:24 | DEBUG    | fgvc.clustering.spherical_kmeans | K selection: best_k=2 | scores={2: {'silhouette': 0.1467, 'compactness': 0.8917, 'score': 0.3409}, 3: {'silhouette': 0.1376, 'compactness': 0.9002, 'score': 0.2722}, 4: {'silhouette': 0.1267, 'compactness': 0.9073, 'score': 0.2022}, 5: {'silhouette': 0.0949, 'compactness': 0.9161, 'score': 0.1223}}
2026-08-19 17:17:24 | DEBUG    | fgvc.clustering.spherical_kmeans |   Init 1/10: inertia=2.850938
2026-08-19 17:17:24 | DEBUG    | fgvc.clustering.spherical_kmeans |   Init 2/10: inertia=2.937493
2026-08-19 17:17:24 | DEBUG    | fgvc.clustering.spherical_kmeans |   Init 3/10: inertia=2.786431
2026-08-19 17:17:24 | DEBUG    | fgvc.clustering.spherical_kmeans |   Init 4/10: inertia=2.918304
2026-08-19 17:17:24 | DEBUG    | fgvc.clustering.spherical_kmeans |   Init 5/10: inertia=2.707313
2026-08-19 17:17:24 | DEBUG    | fgvc.clustering.spherical_kmeans |   Init 6/10: inertia=2.689291
2026-08-19 17:17:24 | DEBUG    | fgvc.clustering.spherical_kmeans |   Init 7/10: inertia=2.759153
2026-08-19 17:17:24 | DEBUG    | fgvc.clustering.spherical_kmeans |   Init 8/10: inertia=2.863668
2026-08-19 17:17:24 | DEBUG    | fgvc.clustering.spherical_kmeans |   Init 9/10: inertia=2.689291
2026-08-19 17:17:24 | DEBUG    | fgvc.clustering.spherical_kmeans |   Init 10/10: inertia=2.751487
2026-08-19 17:17:24 | INFO     | fgvc.clustering.spherical_kmeans |   [Nashville_Warbler] k_selected=2 | k_effective=2 | min_cluster=12 | max_cluster=13
2026-08-19 17:17:24 | INFO     | fgvc.clustering.spherical_kmeans |   [Nelson_Sharp_tailed_Sparrow] 25 images
2026-08-19 17:17:24 | DEBUG    | fgvc.clustering.spherical_kmeans |   Init 1/5: inertia=3.795750
2026-08-19 17:17:24 | DEBUG    | fgvc.clustering.spherical_kmeans |   Init 2/5: inertia=3.888661
2026-08-19 17:17:24 | DEBUG    | fgvc.clustering.spherical_kmeans |   Init 3/5: inertia=3.950940
2026-08-19 17:17:24 | DEBUG    | fgvc.clustering.spherical_kmeans |   Init 4/5: inertia=3.881418
2026-08-19 17:17:24 | DEBUG    | fgvc.clustering.spherical_kmeans |   Init 5/5: inertia=3.887803
2026-08-19 17:17:24 | DEBUG    | fgvc.clustering.spherical_kmeans |   Init 1/5: inertia=3.530522
2026-08-19 17:17:24 | DEBUG    | fgvc.clustering.spherical_kmeans |   Init 2/5: inertia=3.562603
2026-08-19 17:17:24 | DEBUG    | fgvc.clustering.spherical_kmeans |   Init 3/5: inertia=3.610914
2026-08-19 17:17:24 | DEBUG    | fgvc.clustering.spherical_kmeans |   Init 4/5: inertia=3.548597
2026-08-19 17:17:24 | DEBUG    | fgvc.clustering.spherical_kmeans |   Init 5/5: inertia=3.504337
2026-08-19 17:17:24 | DEBUG    | fgvc.clustering.spherical_kmeans |   Init 1/5: inertia=3.276480
2026-08-19 17:17:24 | DEBUG    | fgvc.clustering.spherical_kmeans |   Init 2/5: inertia=3.379739
2026-08-19 17:17:24 | DEBUG    | fgvc.clustering.spherical_kmeans |   Init 3/5: inertia=3.410048
2026-08-19 17:17:24 | DEBUG    | fgvc.clustering.spherical_kmeans |   Init 4/5: inertia=3.236290
2026-08-19 17:17:24 | DEBUG    | fgvc.clustering.spherical_kmeans |   Init 5/5: inertia=3.189140
2026-08-19 17:17:24 | DEBUG    | fgvc.clustering.spherical_kmeans |   Init 1/5: inertia=3.019420
2026-08-19 17:17:24 | DEBUG    | fgvc.clustering.spherical_kmeans |   Init 2/5: inertia=3.149426
2026-08-19 17:17:24 | DEBUG    | fgvc.clustering.spherical_kmeans |   Init 3/5: inertia=3.122998
2026-08-19 17:17:24 | DEBUG    | fgvc.clustering.spherical_kmeans |   Init 4/5: inertia=3.002381
2026-08-19 17:17:24 | DEBUG    | fgvc.clustering.spherical_kmeans |   Init 5/5: inertia=3.064007
2026-08-19 17:17:24 | DEBUG    | fgvc.clustering.spherical_kmeans | K selection: best_k=2 | scores={2: {'silhouette': 0.1088, 'compactness': 0.8482, 'score': 0.3088}, 3: {'silhouette': 0.068, 'compactness': 0.8598, 'score': 0.2253}, 4: {'silhouette': 0.0793, 'compactness': 0.8724, 'score': 0.168}, 5: {'silhouette': 0.0672, 'compactness': 0.8799, 'score': 0.0976}}
2026-08-19 17:17:24 | DEBUG    | fgvc.clustering.spherical_kmeans |   Init 1/10: inertia=3.795750
2026-08-19 17:17:24 | DEBUG    | fgvc.clustering.spherical_kmeans |   Init 2/10: inertia=3.888661
2026-08-19 17:17:24 | DEBUG    | fgvc.clustering.spherical_kmeans |   Init 3/10: inertia=3.950940
2026-08-19 17:17:24 | DEBUG    | fgvc.clustering.spherical_kmeans |   Init 4/10: inertia=3.881418
2026-08-19 17:17:24 | DEBUG    | fgvc.clustering.spherical_kmeans |   Init 5/10: inertia=3.887803
2026-08-19 17:17:24 | DEBUG    | fgvc.clustering.spherical_kmeans |   Init 6/10: inertia=3.834786
2026-08-19 17:17:24 | DEBUG    | fgvc.clustering.spherical_kmeans |   Init 7/10: inertia=3.774917
2026-08-19 17:17:24 | DEBUG    | fgvc.clustering.spherical_kmeans |   Init 8/10: inertia=3.856412
2026-08-19 17:17:24 | DEBUG    | fgvc.clustering.spherical_kmeans |   Init 9/10: inertia=3.901686
2026-08-19 17:17:24 | DEBUG    | fgvc.clustering.spherical_kmeans |   Init 10/10: inertia=3.986270
2026-08-19 17:17:24 | INFO     | fgvc.clustering.spherical_kmeans |   [Nelson_Sharp_tailed_Sparrow] k_selected=2 | k_effective=2 | min_cluster=11 | max_cluster=14
2026-08-19 17:17:24 | INFO     | fgvc.clustering.spherical_kmeans |   [Nighthawk] 25 images
2026-08-19 17:17:24 | DEBUG    | fgvc.clustering.spherical_kmeans |   Init 1/5: inertia=4.120647
2026-08-19 17:17:24 | DEBUG    | fgvc.clustering.spherical_kmeans |   Init 2/5: inertia=4.205786
2026-08-19 17:17:24 | DEBUG    | fgvc.clustering.spherical_kmeans |   Init 3/5: inertia=3.986267
2026-08-19 17:17:24 | DEBUG    | fgvc.clustering.spherical_kmeans |   Init 4/5: inertia=4.079165
2026-08-19 17:17:24 | DEBUG    | fgvc.clustering.spherical_kmeans |   Init 5/5: inertia=4.009186
2026-08-19 17:17:24 | DEBUG    | fgvc.clustering.spherical_kmeans |   Init 1/5: inertia=3.898619
2026-08-19 17:17:24 | DEBUG    | fgvc.clustering.spherical_kmeans |   Init 2/5: inertia=3.664000
2026-08-19 17:17:24 | DEBUG    | fgvc.clustering.spherical_kmeans |   Init 3/5: inertia=3.723647
2026-08-19 17:17:24 | DEBUG    | fgvc.clustering.spherical_kmeans |   Init 4/5: inertia=3.384310
2026-08-19 17:17:24 | DEBUG    | fgvc.clustering.spherical_kmeans |   Init 5/5: inertia=3.807148
2026-08-19 17:17:24 | DEBUG    | fgvc.clustering.spherical_kmeans |   Init 1/5: inertia=3.682058
2026-08-19 17:17:24 | DEBUG    | fgvc.clustering.spherical_kmeans |   Init 2/5: inertia=3.435163
2026-08-19 17:17:24 | DEBUG    | fgvc.clustering.spherical_kmeans |   Init 3/5: inertia=3.322682
2026-08-19 17:17:24 | DEBUG    | fgvc.clustering.spherical_kmeans |   Init 4/5: inertia=3.477863
2026-08-19 17:17:24 | DEBUG    | fgvc.clustering.spherical_kmeans |   Init 5/5: inertia=3.658986
2026-08-19 17:17:24 | DEBUG    | fgvc.clustering.spherical_kmeans |   Init 1/5: inertia=3.325219
2026-08-19 17:17:24 | DEBUG    | fgvc.clustering.spherical_kmeans |   Init 2/5: inertia=3.280941
2026-08-19 17:17:24 | DEBUG    | fgvc.clustering.spherical_kmeans |   Init 3/5: inertia=3.019805
2026-08-19 17:17:24 | DEBUG    | fgvc.clustering.spherical_kmeans |   Init 4/5: inertia=3.305896
2026-08-19 17:17:24 | DEBUG    | fgvc.clustering.spherical_kmeans |   Init 5/5: inertia=2.863147
2026-08-19 17:17:24 | DEBUG    | fgvc.clustering.spherical_kmeans | K selection: best_k=2 | scores={2: {'silhouette': 0.1908, 'compactness': 0.8405, 'score': 0.3475}, 3: {'silhouette': 0.224, 'compactness': 0.8646, 'score': 0.3047}, 4: {'silhouette': 0.0915, 'compactness': 0.8671, 'score': 0.1725}, 5: {'silhouette': 0.1455, 'compactness': 0.8855, 'score': 0.1384}}
2026-08-19 17:17:24 | DEBUG    | fgvc.clustering.spherical_kmeans |   Init 1/10: inertia=4.120647
2026-08-19 17:17:24 | DEBUG    | fgvc.clustering.spherical_kmeans |   Init 2/10: inertia=4.205786
2026-08-19 17:17:24 | DEBUG    | fgvc.clustering.spherical_kmeans |   Init 3/10: inertia=3.986267
2026-08-19 17:17:24 | DEBUG    | fgvc.clustering.spherical_kmeans |   Init 4/10: inertia=4.079165
2026-08-19 17:17:24 | DEBUG    | fgvc.clustering.spherical_kmeans |   Init 5/10: inertia=4.009186
2026-08-19 17:17:24 | DEBUG    | fgvc.clustering.spherical_kmeans |   Init 6/10: inertia=4.082049
2026-08-19 17:17:24 | DEBUG    | fgvc.clustering.spherical_kmeans |   Init 7/10: inertia=4.240608
2026-08-19 17:17:24 | DEBUG    | fgvc.clustering.spherical_kmeans |   Init 8/10: inertia=4.265028
2026-08-19 17:17:24 | DEBUG    | fgvc.clustering.spherical_kmeans |   Init 9/10: inertia=4.205786
2026-08-19 17:17:24 | DEBUG    | fgvc.clustering.spherical_kmeans |   Init 10/10: inertia=3.934616
2026-08-19 17:17:24 | INFO     | fgvc.clustering.spherical_kmeans |   [Nighthawk] k_selected=2 | k_effective=2 | min_cluster=7 | max_cluster=18
2026-08-19 17:17:24 | INFO     | fgvc.clustering.spherical_kmeans |   [Northern_Flicker] 25 images
2026-08-19 17:17:24 | DEBUG    | fgvc.clustering.spherical_kmeans |   Init 1/5: inertia=2.158932
2026-08-19 17:17:24 | DEBUG    | fgvc.clustering.spherical_kmeans |   Init 2/5: inertia=2.320303
2026-08-19 17:17:24 | DEBUG    | fgvc.clustering.spherical_kmeans |   Init 3/5: inertia=2.127171
2026-08-19 17:17:24 | DEBUG    | fgvc.clustering.spherical_kmeans |   Init 4/5: inertia=2.288103
2026-08-19 17:17:24 | DEBUG    | fgvc.clustering.spherical_kmeans |   Init 5/5: inertia=2.260055
2026-08-19 17:17:24 | DEBUG    | fgvc.clustering.spherical_kmeans |   Init 1/5: inertia=1.976104
2026-08-19 17:17:24 | DEBUG    | fgvc.clustering.spherical_kmeans |   Init 2/5: inertia=1.935302
2026-08-19 17:17:24 | DEBUG    | fgvc.clustering.spherical_kmeans |   Init 3/5: inertia=2.140919
2026-08-19 17:17:25 | DEBUG    | fgvc.clustering.spherical_kmeans |   Init 4/5: inertia=2.102084
2026-08-19 17:17:25 | DEBUG    | fgvc.clustering.spherical_kmeans |   Init 5/5: inertia=2.034693
2026-08-19 17:17:25 | DEBUG    | fgvc.clustering.spherical_kmeans |   Init 1/5: inertia=1.910646
2026-08-19 17:17:25 | DEBUG    | fgvc.clustering.spherical_kmeans |   Init 2/5: inertia=1.998146
2026-08-19 17:17:25 | DEBUG    | fgvc.clustering.spherical_kmeans |   Init 3/5: inertia=1.913743
2026-08-19 17:17:25 | DEBUG    | fgvc.clustering.spherical_kmeans |   Init 4/5: inertia=1.910573
2026-08-19 17:17:25 | DEBUG    | fgvc.clustering.spherical_kmeans |   Init 5/5: inertia=1.827571
2026-08-19 17:17:25 | DEBUG    | fgvc.clustering.spherical_kmeans |   Init 1/5: inertia=1.761866
2026-08-19 17:17:25 | DEBUG    | fgvc.clustering.spherical_kmeans |   Init 2/5: inertia=1.853235
2026-08-19 17:17:25 | DEBUG    | fgvc.clustering.spherical_kmeans |   Init 3/5: inertia=1.831162
2026-08-19 17:17:25 | DEBUG    | fgvc.clustering.spherical_kmeans |   Init 4/5: inertia=1.689144
2026-08-19 17:17:25 | DEBUG    | fgvc.clustering.spherical_kmeans |   Init 5/5: inertia=1.752411
2026-08-19 17:17:25 | DEBUG    | fgvc.clustering.spherical_kmeans | K selection: best_k=2 | scores={2: {'silhouette': 0.174, 'compactness': 0.9149, 'score': 0.3615}, 3: {'silhouette': 0.1664, 'compactness': 0.9226, 'score': 0.2933}, 4: {'silhouette': 0.0685, 'compactness': 0.9269, 'score': 0.179}, 5: {'silhouette': 0.0947, 'compactness': 0.9324, 'score': 0.1271}}
2026-08-19 17:17:25 | DEBUG    | fgvc.clustering.spherical_kmeans |   Init 1/10: inertia=2.158932
2026-08-19 17:17:25 | DEBUG    | fgvc.clustering.spherical_kmeans |   Init 2/10: inertia=2.320303
2026-08-19 17:17:25 | DEBUG    | fgvc.clustering.spherical_kmeans |   Init 3/10: inertia=2.127171
2026-08-19 17:17:25 | DEBUG    | fgvc.clustering.spherical_kmeans |   Init 4/10: inertia=2.288103
2026-08-19 17:17:25 | DEBUG    | fgvc.clustering.spherical_kmeans |   Init 5/10: inertia=2.260055
2026-08-19 17:17:25 | DEBUG    | fgvc.clustering.spherical_kmeans |   Init 6/10: inertia=2.127171
2026-08-19 17:17:25 | DEBUG    | fgvc.clustering.spherical_kmeans |   Init 7/10: inertia=2.243166
2026-08-19 17:17:25 | DEBUG    | fgvc.clustering.spherical_kmeans |   Init 8/10: inertia=2.103524
2026-08-19 17:17:25 | DEBUG    | fgvc.clustering.spherical_kmeans |   Init 9/10: inertia=2.175232
2026-08-19 17:17:25 | DEBUG    | fgvc.clustering.spherical_kmeans |   Init 10/10: inertia=2.169072
2026-08-19 17:17:25 | INFO     | fgvc.clustering.spherical_kmeans |   [Northern_Flicker] k_selected=2 | k_effective=2 | min_cluster=12 | max_cluster=13
2026-08-19 17:17:25 | INFO     | fgvc.clustering.spherical_kmeans |   [Northern_Fulmar] 25 images
2026-08-19 17:17:25 | DEBUG    | fgvc.clustering.spherical_kmeans |   Init 1/5: inertia=3.763949
2026-08-19 17:17:25 | DEBUG    | fgvc.clustering.spherical_kmeans |   Init 2/5: inertia=3.851507
2026-08-19 17:17:25 | DEBUG    | fgvc.clustering.spherical_kmeans |   Init 3/5: inertia=4.256362
2026-08-19 17:17:25 | DEBUG    | fgvc.clustering.spherical_kmeans |   Init 4/5: inertia=3.779113
2026-08-19 17:17:25 | DEBUG    | fgvc.clustering.spherical_kmeans |   Init 5/5: inertia=3.708164
2026-08-19 17:17:25 | DEBUG    | fgvc.clustering.spherical_kmeans |   Init 1/5: inertia=3.387928
2026-08-19 17:17:25 | DEBUG    | fgvc.clustering.spherical_kmeans |   Init 2/5: inertia=3.690220
2026-08-19 17:17:25 | DEBUG    | fgvc.clustering.spherical_kmeans |   Init 3/5: inertia=3.419011
2026-08-19 17:17:25 | DEBUG    | fgvc.clustering.spherical_kmeans |   Init 4/5: inertia=3.405656
2026-08-19 17:17:25 | DEBUG    | fgvc.clustering.spherical_kmeans |   Init 5/5: inertia=3.424509
2026-08-19 17:17:25 | DEBUG    | fgvc.clustering.spherical_kmeans |   Init 1/5: inertia=3.171584
2026-08-19 17:17:25 | DEBUG    | fgvc.clustering.spherical_kmeans |   Init 2/5: inertia=3.325672
2026-08-19 17:17:25 | DEBUG    | fgvc.clustering.spherical_kmeans |   Init 3/5: inertia=3.209700
2026-08-19 17:17:25 | DEBUG    | fgvc.clustering.spherical_kmeans |   Init 4/5: inertia=3.119186
2026-08-19 17:17:25 | DEBUG    | fgvc.clustering.spherical_kmeans |   Init 5/5: inertia=3.278577
2026-08-19 17:17:25 | DEBUG    | fgvc.clustering.spherical_kmeans |   Init 1/5: inertia=2.949453
2026-08-19 17:17:25 | DEBUG    | fgvc.clustering.spherical_kmeans |   Init 2/5: inertia=2.948168
2026-08-19 17:17:25 | DEBUG    | fgvc.clustering.spherical_kmeans |   Init 3/5: inertia=3.013216
2026-08-19 17:17:25 | DEBUG    | fgvc.clustering.spherical_kmeans |   Init 4/5: inertia=2.902826
2026-08-19 17:17:25 | DEBUG    | fgvc.clustering.spherical_kmeans |   Init 5/5: inertia=2.896071
2026-08-19 17:17:25 | DEBUG    | fgvc.clustering.spherical_kmeans | K selection: best_k=2 | scores={2: {'silhouette': 0.241, 'compactness': 0.8517, 'score': 0.376}, 3: {'silhouette': 0.1435, 'compactness': 0.8645, 'score': 0.2644}, 4: {'silhouette': 0.139, 'compactness': 0.8752, 'score': 0.1987}, 5: {'silhouette': 0.1271, 'compactness': 0.8842, 'score': 0.1288}}
2026-08-19 17:17:25 | DEBUG    | fgvc.clustering.spherical_kmeans |   Init 1/10: inertia=3.763949
2026-08-19 17:17:25 | DEBUG    | fgvc.clustering.spherical_kmeans |   Init 2/10: inertia=3.851507
2026-08-19 17:17:25 | DEBUG    | fgvc.clustering.spherical_kmeans |   Init 3/10: inertia=4.256362
2026-08-19 17:17:25 | DEBUG    | fgvc.clustering.spherical_kmeans |   Init 4/10: inertia=3.779113
2026-08-19 17:17:25 | DEBUG    | fgvc.clustering.spherical_kmeans |   Init 5/10: inertia=3.708164
2026-08-19 17:17:25 | DEBUG    | fgvc.clustering.spherical_kmeans |   Init 6/10: inertia=4.256362
2026-08-19 17:17:25 | DEBUG    | fgvc.clustering.spherical_kmeans |   Init 7/10: inertia=3.830346
2026-08-19 17:17:25 | DEBUG    | fgvc.clustering.spherical_kmeans |   Init 8/10: inertia=3.721961
2026-08-19 17:17:25 | DEBUG    | fgvc.clustering.spherical_kmeans |   Init 9/10: inertia=4.171472
2026-08-19 17:17:25 | DEBUG    | fgvc.clustering.spherical_kmeans |   Init 10/10: inertia=3.763949
2026-08-19 17:17:25 | INFO     | fgvc.clustering.spherical_kmeans |   [Northern_Fulmar] k_selected=2 | k_effective=2 | min_cluster=9 | max_cluster=16
2026-08-19 17:17:25 | INFO     | fgvc.clustering.spherical_kmeans |   [Northern_Waterthrush] 25 images
2026-08-19 17:17:25 | DEBUG    | fgvc.clustering.spherical_kmeans |   Init 1/5: inertia=2.246231
2026-08-19 17:17:25 | DEBUG    | fgvc.clustering.spherical_kmeans |   Init 2/5: inertia=2.321943
2026-08-19 17:17:25 | DEBUG    | fgvc.clustering.spherical_kmeans |   Init 3/5: inertia=2.268039
2026-08-19 17:17:25 | DEBUG    | fgvc.clustering.spherical_kmeans |   Init 4/5: inertia=2.274087
2026-08-19 17:17:25 | DEBUG    | fgvc.clustering.spherical_kmeans |   Init 5/5: inertia=2.368746
2026-08-19 17:17:25 | DEBUG    | fgvc.clustering.spherical_kmeans |   Init 1/5: inertia=2.072472
2026-08-19 17:17:25 | DEBUG    | fgvc.clustering.spherical_kmeans |   Init 2/5: inertia=2.143604
2026-08-19 17:17:25 | DEBUG    | fgvc.clustering.spherical_kmeans |   Init 3/5: inertia=2.144313
2026-08-19 17:17:25 | DEBUG    | fgvc.clustering.spherical_kmeans |   Init 4/5: inertia=2.063361
2026-08-19 17:17:25 | DEBUG    | fgvc.clustering.spherical_kmeans |   Init 5/5: inertia=2.147274
2026-08-19 17:17:25 | DEBUG    | fgvc.clustering.spherical_kmeans |   Init 1/5: inertia=1.933872
2026-08-19 17:17:25 | DEBUG    | fgvc.clustering.spherical_kmeans |   Init 2/5: inertia=1.915864
2026-08-19 17:17:25 | DEBUG    | fgvc.clustering.spherical_kmeans |   Init 3/5: inertia=1.979995
2026-08-19 17:17:25 | DEBUG    | fgvc.clustering.spherical_kmeans |   Init 4/5: inertia=2.070851
2026-08-19 17:17:25 | DEBUG    | fgvc.clustering.spherical_kmeans |   Init 5/5: inertia=1.956568
2026-08-19 17:17:25 | DEBUG    | fgvc.clustering.spherical_kmeans |   Init 1/5: inertia=1.745047
2026-08-19 17:17:25 | DEBUG    | fgvc.clustering.spherical_kmeans |   Init 2/5: inertia=1.800371
2026-08-19 17:17:25 | DEBUG    | fgvc.clustering.spherical_kmeans |   Init 3/5: inertia=1.948830
2026-08-19 17:17:25 | DEBUG    | fgvc.clustering.spherical_kmeans |   Init 4/5: inertia=1.863049
2026-08-19 17:17:25 | DEBUG    | fgvc.clustering.spherical_kmeans |   Init 5/5: inertia=1.833461
2026-08-19 17:17:25 | DEBUG    | fgvc.clustering.spherical_kmeans | K selection: best_k=2 | scores={2: {'silhouette': 0.0859, 'compactness': 0.9102, 'score': 0.316}, 3: {'silhouette': 0.0809, 'compactness': 0.9175, 'score': 0.249}, 4: {'silhouette': 0.0511, 'compactness': 0.9234, 'score': 0.1692}, 5: {'silhouette': 0.096, 'compactness': 0.9302, 'score': 0.1271}}
2026-08-19 17:17:25 | DEBUG    | fgvc.clustering.spherical_kmeans |   Init 1/10: inertia=2.246231
2026-08-19 17:17:25 | DEBUG    | fgvc.clustering.spherical_kmeans |   Init 2/10: inertia=2.321943
2026-08-19 17:17:25 | DEBUG    | fgvc.clustering.spherical_kmeans |   Init 3/10: inertia=2.268039
2026-08-19 17:17:25 | DEBUG    | fgvc.clustering.spherical_kmeans |   Init 4/10: inertia=2.274087
2026-08-19 17:17:25 | DEBUG    | fgvc.clustering.spherical_kmeans |   Init 5/10: inertia=2.368746
2026-08-19 17:17:25 | DEBUG    | fgvc.clustering.spherical_kmeans |   Init 6/10: inertia=2.305931
2026-08-19 17:17:25 | DEBUG    | fgvc.clustering.spherical_kmeans |   Init 7/10: inertia=2.350475
2026-08-19 17:17:25 | DEBUG    | fgvc.clustering.spherical_kmeans |   Init 8/10: inertia=2.303247
2026-08-19 17:17:25 | DEBUG    | fgvc.clustering.spherical_kmeans |   Init 9/10: inertia=2.321943
2026-08-19 17:17:25 | DEBUG    | fgvc.clustering.spherical_kmeans |   Init 10/10: inertia=2.285378
2026-08-19 17:17:25 | INFO     | fgvc.clustering.spherical_kmeans |   [Northern_Waterthrush] k_selected=2 | k_effective=2 | min_cluster=9 | max_cluster=16
2026-08-19 17:17:25 | INFO     | fgvc.clustering.spherical_kmeans |   [Olive_sided_Flycatcher] 25 images
2026-08-19 17:17:25 | DEBUG    | fgvc.clustering.spherical_kmeans |   Init 1/5: inertia=4.205677
2026-08-19 17:17:25 | DEBUG    | fgvc.clustering.spherical_kmeans |   Init 2/5: inertia=4.023049
2026-08-19 17:17:25 | DEBUG    | fgvc.clustering.spherical_kmeans |   Init 3/5: inertia=4.139789
2026-08-19 17:17:25 | DEBUG    | fgvc.clustering.spherical_kmeans |   Init 4/5: inertia=4.000195
2026-08-19 17:17:25 | DEBUG    | fgvc.clustering.spherical_kmeans |   Init 5/5: inertia=4.263318
2026-08-19 17:17:25 | DEBUG    | fgvc.clustering.spherical_kmeans |   Init 1/5: inertia=3.779479
2026-08-19 17:17:25 | DEBUG    | fgvc.clustering.spherical_kmeans |   Init 2/5: inertia=3.869164
2026-08-19 17:17:25 | DEBUG    | fgvc.clustering.spherical_kmeans |   Init 3/5: inertia=3.976099
2026-08-19 17:17:25 | DEBUG    | fgvc.clustering.spherical_kmeans |   Init 4/5: inertia=3.868503
2026-08-19 17:17:25 | DEBUG    | fgvc.clustering.spherical_kmeans |   Init 5/5: inertia=3.920197
2026-08-19 17:17:25 | DEBUG    | fgvc.clustering.spherical_kmeans |   Init 1/5: inertia=3.446493
2026-08-19 17:17:25 | DEBUG    | fgvc.clustering.spherical_kmeans |   Init 2/5: inertia=3.563340
2026-08-19 17:17:25 | DEBUG    | fgvc.clustering.spherical_kmeans |   Init 3/5: inertia=3.479272
2026-08-19 17:17:25 | DEBUG    | fgvc.clustering.spherical_kmeans |   Init 4/5: inertia=3.466521
2026-08-19 17:17:25 | DEBUG    | fgvc.clustering.spherical_kmeans |   Init 5/5: inertia=3.533210
2026-08-19 17:17:25 | DEBUG    | fgvc.clustering.spherical_kmeans |   Init 1/5: inertia=3.281683
2026-08-19 17:17:25 | DEBUG    | fgvc.clustering.spherical_kmeans |   Init 2/5: inertia=3.359075
2026-08-19 17:17:25 | DEBUG    | fgvc.clustering.spherical_kmeans |   Init 3/5: inertia=3.200807
2026-08-19 17:17:25 | DEBUG    | fgvc.clustering.spherical_kmeans |   Init 4/5: inertia=3.230592
2026-08-19 17:17:25 | DEBUG    | fgvc.clustering.spherical_kmeans |   Init 5/5: inertia=3.227948
2026-08-19 17:17:25 | DEBUG    | fgvc.clustering.spherical_kmeans | K selection: best_k=2 | scores={2: {'silhouette': 0.089, 'compactness': 0.84, 'score': 0.2965}, 3: {'silhouette': 0.0862, 'compactness': 0.8488, 'score': 0.2311}, 4: {'silhouette': 0.0993, 'compactness': 0.8621, 'score': 0.175}, 5: {'silhouette': 0.0233, 'compactness': 0.872, 'score': 0.0732}}
2026-08-19 17:17:25 | DEBUG    | fgvc.clustering.spherical_kmeans |   Init 1/10: inertia=4.205677
2026-08-19 17:17:25 | DEBUG    | fgvc.clustering.spherical_kmeans |   Init 2/10: inertia=4.023049
2026-08-19 17:17:25 | DEBUG    | fgvc.clustering.spherical_kmeans |   Init 3/10: inertia=4.139789
2026-08-19 17:17:25 | DEBUG    | fgvc.clustering.spherical_kmeans |   Init 4/10: inertia=4.000195
2026-08-19 17:17:25 | DEBUG    | fgvc.clustering.spherical_kmeans |   Init 5/10: inertia=4.263318
2026-08-19 17:17:25 | DEBUG    | fgvc.clustering.spherical_kmeans |   Init 6/10: inertia=4.133390
2026-08-19 17:17:25 | DEBUG    | fgvc.clustering.spherical_kmeans |   Init 7/10: inertia=4.051101
2026-08-19 17:17:25 | DEBUG    | fgvc.clustering.spherical_kmeans |   Init 8/10: inertia=4.205677
2026-08-19 17:17:25 | DEBUG    | fgvc.clustering.spherical_kmeans |   Init 9/10: inertia=4.076388
2026-08-19 17:17:25 | DEBUG    | fgvc.clustering.spherical_kmeans |   Init 10/10: inertia=4.096981
2026-08-19 17:17:25 | INFO     | fgvc.clustering.spherical_kmeans |   [Olive_sided_Flycatcher] k_selected=2 | k_effective=2 | min_cluster=10 | max_cluster=15
2026-08-19 17:17:25 | INFO     | fgvc.clustering.spherical_kmeans |   [Orange_crowned_Warbler] 25 images
2026-08-19 17:17:25 | DEBUG    | fgvc.clustering.spherical_kmeans |   Init 1/5: inertia=3.862337
2026-08-19 17:17:25 | DEBUG    | fgvc.clustering.spherical_kmeans |   Init 2/5: inertia=3.733084
2026-08-19 17:17:25 | DEBUG    | fgvc.clustering.spherical_kmeans |   Init 3/5: inertia=3.910307
2026-08-19 17:17:25 | DEBUG    | fgvc.clustering.spherical_kmeans |   Init 4/5: inertia=3.738233
2026-08-19 17:17:25 | DEBUG    | fgvc.clustering.spherical_kmeans |   Init 5/5: inertia=3.716352
2026-08-19 17:17:25 | DEBUG    | fgvc.clustering.spherical_kmeans |   Init 1/5: inertia=3.539709
2026-08-19 17:17:25 | DEBUG    | fgvc.clustering.spherical_kmeans |   Init 2/5: inertia=3.564686
2026-08-19 17:17:25 | DEBUG    | fgvc.clustering.spherical_kmeans |   Init 3/5: inertia=3.468381
2026-08-19 17:17:25 | DEBUG    | fgvc.clustering.spherical_kmeans |   Init 4/5: inertia=3.497645
2026-08-19 17:17:25 | DEBUG    | fgvc.clustering.spherical_kmeans |   Init 5/5: inertia=3.501870
2026-08-19 17:17:25 | DEBUG    | fgvc.clustering.spherical_kmeans |   Init 1/5: inertia=3.321420
2026-08-19 17:17:25 | DEBUG    | fgvc.clustering.spherical_kmeans |   Init 2/5: inertia=3.246073
2026-08-19 17:17:25 | DEBUG    | fgvc.clustering.spherical_kmeans |   Init 3/5: inertia=3.270920
2026-08-19 17:17:25 | DEBUG    | fgvc.clustering.spherical_kmeans |   Init 4/5: inertia=3.313383
2026-08-19 17:17:25 | DEBUG    | fgvc.clustering.spherical_kmeans |   Init 5/5: inertia=3.174617
2026-08-19 17:17:25 | DEBUG    | fgvc.clustering.spherical_kmeans |   Init 1/5: inertia=3.118263
2026-08-19 17:17:25 | DEBUG    | fgvc.clustering.spherical_kmeans |   Init 2/5: inertia=3.013784
2026-08-19 17:17:25 | DEBUG    | fgvc.clustering.spherical_kmeans |   Init 3/5: inertia=3.020007
2026-08-19 17:17:25 | DEBUG    | fgvc.clustering.spherical_kmeans |   Init 4/5: inertia=2.974447
2026-08-19 17:17:25 | DEBUG    | fgvc.clustering.spherical_kmeans |   Init 5/5: inertia=3.092583
2026-08-19 17:17:25 | DEBUG    | fgvc.clustering.spherical_kmeans | K selection: best_k=2 | scores={2: {'silhouette': 0.0804, 'compactness': 0.8513, 'score': 0.2956}, 3: {'silhouette': 0.1057, 'compactness': 0.8613, 'score': 0.2445}, 4: {'silhouette': 0.0904, 'compactness': 0.873, 'score': 0.1738}, 5: {'silhouette': 0.0665, 'compactness': 0.881, 'score': 0.0976}}
2026-08-19 17:17:25 | DEBUG    | fgvc.clustering.spherical_kmeans |   Init 1/10: inertia=3.862337
2026-08-19 17:17:25 | DEBUG    | fgvc.clustering.spherical_kmeans |   Init 2/10: inertia=3.733084
2026-08-19 17:17:25 | DEBUG    | fgvc.clustering.spherical_kmeans |   Init 3/10: inertia=3.910307
2026-08-19 17:17:25 | DEBUG    | fgvc.clustering.spherical_kmeans |   Init 4/10: inertia=3.738233
2026-08-19 17:17:25 | DEBUG    | fgvc.clustering.spherical_kmeans |   Init 5/10: inertia=3.716352
2026-08-19 17:17:25 | DEBUG    | fgvc.clustering.spherical_kmeans |   Init 6/10: inertia=3.800344
2026-08-19 17:17:25 | DEBUG    | fgvc.clustering.spherical_kmeans |   Init 7/10: inertia=3.850482
2026-08-19 17:17:25 | DEBUG    | fgvc.clustering.spherical_kmeans |   Init 8/10: inertia=3.690879
2026-08-19 17:17:25 | DEBUG    | fgvc.clustering.spherical_kmeans |   Init 9/10: inertia=3.627735
2026-08-19 17:17:25 | DEBUG    | fgvc.clustering.spherical_kmeans |   Init 10/10: inertia=3.664617
2026-08-19 17:17:25 | INFO     | fgvc.clustering.spherical_kmeans |   [Orange_crowned_Warbler] k_selected=2 | k_effective=2 | min_cluster=9 | max_cluster=16
2026-08-19 17:17:25 | INFO     | fgvc.clustering.spherical_kmeans |   [Orchard_Oriole] 25 images
2026-08-19 17:17:25 | DEBUG    | fgvc.clustering.spherical_kmeans |   Init 1/5: inertia=2.769842
2026-08-19 17:17:25 | DEBUG    | fgvc.clustering.spherical_kmeans |   Init 2/5: inertia=2.810393
2026-08-19 17:17:25 | DEBUG    | fgvc.clustering.spherical_kmeans |   Init 3/5: inertia=2.769842
2026-08-19 17:17:25 | DEBUG    | fgvc.clustering.spherical_kmeans |   Init 4/5: inertia=2.891595
2026-08-19 17:17:25 | DEBUG    | fgvc.clustering.spherical_kmeans |   Init 5/5: inertia=2.819325
2026-08-19 17:17:25 | DEBUG    | fgvc.clustering.spherical_kmeans |   Init 1/5: inertia=2.591187
2026-08-19 17:17:25 | DEBUG    | fgvc.clustering.spherical_kmeans |   Init 2/5: inertia=2.578189
2026-08-19 17:17:25 | DEBUG    | fgvc.clustering.spherical_kmeans |   Init 3/5: inertia=2.534048
2026-08-19 17:17:25 | DEBUG    | fgvc.clustering.spherical_kmeans |   Init 4/5: inertia=2.606251
2026-08-19 17:17:25 | DEBUG    | fgvc.clustering.spherical_kmeans |   Init 5/5: inertia=2.567236
2026-08-19 17:17:25 | DEBUG    | fgvc.clustering.spherical_kmeans |   Init 1/5: inertia=2.312193
2026-08-19 17:17:25 | DEBUG    | fgvc.clustering.spherical_kmeans |   Init 2/5: inertia=2.313809
2026-08-19 17:17:25 | DEBUG    | fgvc.clustering.spherical_kmeans |   Init 3/5: inertia=2.434505
2026-08-19 17:17:25 | DEBUG    | fgvc.clustering.spherical_kmeans |   Init 4/5: inertia=2.340186
2026-08-19 17:17:25 | DEBUG    | fgvc.clustering.spherical_kmeans |   Init 5/5: inertia=2.410003
2026-08-19 17:17:25 | DEBUG    | fgvc.clustering.spherical_kmeans |   Init 1/5: inertia=2.156999
2026-08-19 17:17:25 | DEBUG    | fgvc.clustering.spherical_kmeans |   Init 2/5: inertia=2.147667
2026-08-19 17:17:25 | DEBUG    | fgvc.clustering.spherical_kmeans |   Init 3/5: inertia=2.360650
2026-08-19 17:17:25 | DEBUG    | fgvc.clustering.spherical_kmeans |   Init 4/5: inertia=2.295878
2026-08-19 17:17:25 | DEBUG    | fgvc.clustering.spherical_kmeans |   Init 5/5: inertia=2.382255
2026-08-19 17:17:25 | DEBUG    | fgvc.clustering.spherical_kmeans | K selection: best_k=2 | scores={2: {'silhouette': 0.4008, 'compactness': 0.8892, 'score': 0.4671}, 3: {'silhouette': 0.2407, 'compactness': 0.8986, 'score': 0.3233}, 4: {'silhouette': 0.1389, 'compactness': 0.9075, 'score': 0.2084}, 5: {'silhouette': 0.2179, 'compactness': 0.9141, 'score': 0.1832}}
2026-08-19 17:17:25 | DEBUG    | fgvc.clustering.spherical_kmeans |   Init 1/10: inertia=2.769842
2026-08-19 17:17:25 | DEBUG    | fgvc.clustering.spherical_kmeans |   Init 2/10: inertia=2.810393
2026-08-19 17:17:25 | DEBUG    | fgvc.clustering.spherical_kmeans |   Init 3/10: inertia=2.769842
2026-08-19 17:17:25 | DEBUG    | fgvc.clustering.spherical_kmeans |   Init 4/10: inertia=2.891595
2026-08-19 17:17:25 | DEBUG    | fgvc.clustering.spherical_kmeans |   Init 5/10: inertia=2.819325
2026-08-19 17:17:25 | DEBUG    | fgvc.clustering.spherical_kmeans |   Init 6/10: inertia=2.810393
2026-08-19 17:17:25 | DEBUG    | fgvc.clustering.spherical_kmeans |   Init 7/10: inertia=3.249163
2026-08-19 17:17:25 | DEBUG    | fgvc.clustering.spherical_kmeans |   Init 8/10: inertia=2.769842
2026-08-19 17:17:25 | DEBUG    | fgvc.clustering.spherical_kmeans |   Init 9/10: inertia=2.810393
2026-08-19 17:17:25 | DEBUG    | fgvc.clustering.spherical_kmeans |   Init 10/10: inertia=2.810393
2026-08-19 17:17:25 | INFO     | fgvc.clustering.spherical_kmeans |   [Orchard_Oriole] k_selected=2 | k_effective=2 | min_cluster=5 | max_cluster=20
2026-08-19 17:17:25 | INFO     | fgvc.clustering.spherical_kmeans |   [Ovenbird] 25 images
2026-08-19 17:17:25 | DEBUG    | fgvc.clustering.spherical_kmeans |   Init 1/5: inertia=2.710716
2026-08-19 17:17:25 | DEBUG    | fgvc.clustering.spherical_kmeans |   Init 2/5: inertia=2.842809
2026-08-19 17:17:25 | DEBUG    | fgvc.clustering.spherical_kmeans |   Init 3/5: inertia=2.710716
2026-08-19 17:17:25 | DEBUG    | fgvc.clustering.spherical_kmeans |   Init 4/5: inertia=2.881467
2026-08-19 17:17:25 | DEBUG    | fgvc.clustering.spherical_kmeans |   Init 5/5: inertia=3.034943
2026-08-19 17:17:25 | DEBUG    | fgvc.clustering.spherical_kmeans |   Init 1/5: inertia=2.535008
2026-08-19 17:17:25 | DEBUG    | fgvc.clustering.spherical_kmeans |   Init 2/5: inertia=2.487855
2026-08-19 17:17:25 | DEBUG    | fgvc.clustering.spherical_kmeans |   Init 3/5: inertia=2.834465
2026-08-19 17:17:25 | DEBUG    | fgvc.clustering.spherical_kmeans |   Init 4/5: inertia=2.417645
2026-08-19 17:17:25 | DEBUG    | fgvc.clustering.spherical_kmeans |   Init 5/5: inertia=2.492630
2026-08-19 17:17:25 | DEBUG    | fgvc.clustering.spherical_kmeans |   Init 1/5: inertia=2.379450
2026-08-19 17:17:25 | DEBUG    | fgvc.clustering.spherical_kmeans |   Init 2/5: inertia=2.278108
2026-08-19 17:17:25 | DEBUG    | fgvc.clustering.spherical_kmeans |   Init 3/5: inertia=2.290630
2026-08-19 17:17:25 | DEBUG    | fgvc.clustering.spherical_kmeans |   Init 4/5: inertia=2.692124
2026-08-19 17:17:25 | DEBUG    | fgvc.clustering.spherical_kmeans |   Init 5/5: inertia=2.335694
2026-08-19 17:17:25 | DEBUG    | fgvc.clustering.spherical_kmeans |   Init 1/5: inertia=2.209211
2026-08-19 17:17:25 | DEBUG    | fgvc.clustering.spherical_kmeans |   Init 2/5: inertia=2.077543
2026-08-19 17:17:25 | DEBUG    | fgvc.clustering.spherical_kmeans |   Init 3/5: inertia=2.419792
2026-08-19 17:17:25 | DEBUG    | fgvc.clustering.spherical_kmeans |   Init 4/5: inertia=2.126637
2026-08-19 17:17:25 | DEBUG    | fgvc.clustering.spherical_kmeans |   Init 5/5: inertia=2.368066
2026-08-19 17:17:25 | DEBUG    | fgvc.clustering.spherical_kmeans | K selection: best_k=2 | scores={2: {'silhouette': 0.5702, 'compactness': 0.8916, 'score': 0.5526}, 3: {'silhouette': 0.1025, 'compactness': 0.9033, 'score': 0.2556}, 4: {'silhouette': 0.0479, 'compactness': 0.9089, 'score': 0.1633}, 5: {'silhouette': 0.0601, 'compactness': 0.9169, 'score': 0.1051}}
2026-08-19 17:17:25 | DEBUG    | fgvc.clustering.spherical_kmeans |   Init 1/10: inertia=2.710716
2026-08-19 17:17:25 | DEBUG    | fgvc.clustering.spherical_kmeans |   Init 2/10: inertia=2.842809
2026-08-19 17:17:25 | DEBUG    | fgvc.clustering.spherical_kmeans |   Init 3/10: inertia=2.710716
2026-08-19 17:17:25 | DEBUG    | fgvc.clustering.spherical_kmeans |   Init 4/10: inertia=2.881467
2026-08-19 17:17:25 | DEBUG    | fgvc.clustering.spherical_kmeans |   Init 5/10: inertia=3.034943
2026-08-19 17:17:25 | DEBUG    | fgvc.clustering.spherical_kmeans |   Init 6/10: inertia=2.710716
2026-08-19 17:17:25 | DEBUG    | fgvc.clustering.spherical_kmeans |   Init 7/10: inertia=2.859460
2026-08-19 17:17:25 | DEBUG    | fgvc.clustering.spherical_kmeans |   Init 8/10: inertia=3.039328
2026-08-19 17:17:25 | DEBUG    | fgvc.clustering.spherical_kmeans |   Init 9/10: inertia=2.877439
2026-08-19 17:17:25 | DEBUG    | fgvc.clustering.spherical_kmeans |   Init 10/10: inertia=2.900848
2026-08-19 17:17:25 | INFO     | fgvc.clustering.spherical_kmeans |   [Ovenbird] k_selected=2 | k_effective=1 | min_cluster=25 | max_cluster=25
2026-08-19 17:17:25 | INFO     | fgvc.clustering.spherical_kmeans |   [Pacific_Loon] 25 images
2026-08-19 17:17:25 | DEBUG    | fgvc.clustering.spherical_kmeans |   Init 1/5: inertia=3.659221
2026-08-19 17:17:25 | DEBUG    | fgvc.clustering.spherical_kmeans |   Init 2/5: inertia=3.659221
2026-08-19 17:17:25 | DEBUG    | fgvc.clustering.spherical_kmeans |   Init 3/5: inertia=4.123714
2026-08-19 17:17:25 | DEBUG    | fgvc.clustering.spherical_kmeans |   Init 4/5: inertia=3.659221
2026-08-19 17:17:25 | DEBUG    | fgvc.clustering.spherical_kmeans |   Init 5/5: inertia=3.627623
2026-08-19 17:17:25 | DEBUG    | fgvc.clustering.spherical_kmeans |   Init 1/5: inertia=3.458395
2026-08-19 17:17:25 | DEBUG    | fgvc.clustering.spherical_kmeans |   Init 2/5: inertia=3.738865
2026-08-19 17:17:25 | DEBUG    | fgvc.clustering.spherical_kmeans |   Init 3/5: inertia=3.696745
2026-08-19 17:17:25 | DEBUG    | fgvc.clustering.spherical_kmeans |   Init 4/5: inertia=3.479464
2026-08-19 17:17:25 | DEBUG    | fgvc.clustering.spherical_kmeans |   Init 5/5: inertia=3.392628
2026-08-19 17:17:25 | DEBUG    | fgvc.clustering.spherical_kmeans |   Init 1/5: inertia=3.153658
2026-08-19 17:17:25 | DEBUG    | fgvc.clustering.spherical_kmeans |   Init 2/5: inertia=3.130840
2026-08-19 17:17:25 | DEBUG    | fgvc.clustering.spherical_kmeans |   Init 3/5: inertia=3.156013
2026-08-19 17:17:25 | DEBUG    | fgvc.clustering.spherical_kmeans |   Init 4/5: inertia=3.298779
2026-08-19 17:17:25 | DEBUG    | fgvc.clustering.spherical_kmeans |   Init 5/5: inertia=3.078153
2026-08-19 17:17:25 | DEBUG    | fgvc.clustering.spherical_kmeans |   Init 1/5: inertia=2.874836
2026-08-19 17:17:25 | DEBUG    | fgvc.clustering.spherical_kmeans |   Init 2/5: inertia=2.963912
2026-08-19 17:17:25 | DEBUG    | fgvc.clustering.spherical_kmeans |   Init 3/5: inertia=3.033476
2026-08-19 17:17:25 | DEBUG    | fgvc.clustering.spherical_kmeans |   Init 4/5: inertia=2.949872
2026-08-19 17:17:25 | DEBUG    | fgvc.clustering.spherical_kmeans |   Init 5/5: inertia=3.015014
2026-08-19 17:17:25 | DEBUG    | fgvc.clustering.spherical_kmeans | K selection: best_k=2 | scores={2: {'silhouette': 0.2409, 'compactness': 0.8549, 'score': 0.3769}, 3: {'silhouette': 0.1022, 'compactness': 0.8643, 'score': 0.2437}, 4: {'silhouette': 0.1362, 'compactness': 0.8769, 'score': 0.1978}, 5: {'silhouette': 0.1223, 'compactness': 0.885, 'score': 0.1266}}
2026-08-19 17:17:25 | DEBUG    | fgvc.clustering.spherical_kmeans |   Init 1/10: inertia=3.659221
2026-08-19 17:17:25 | DEBUG    | fgvc.clustering.spherical_kmeans |   Init 2/10: inertia=3.659221
2026-08-19 17:17:25 | DEBUG    | fgvc.clustering.spherical_kmeans |   Init 3/10: inertia=4.123714
2026-08-19 17:17:25 | DEBUG    | fgvc.clustering.spherical_kmeans |   Init 4/10: inertia=3.659221
2026-08-19 17:17:25 | DEBUG    | fgvc.clustering.spherical_kmeans |   Init 5/10: inertia=3.627623
2026-08-19 17:17:25 | DEBUG    | fgvc.clustering.spherical_kmeans |   Init 6/10: inertia=3.659221
2026-08-19 17:17:25 | DEBUG    | fgvc.clustering.spherical_kmeans |   Init 7/10: inertia=3.627623
2026-08-19 17:17:25 | DEBUG    | fgvc.clustering.spherical_kmeans |   Init 8/10: inertia=3.627623
2026-08-19 17:17:25 | DEBUG    | fgvc.clustering.spherical_kmeans |   Init 9/10: inertia=3.659221
2026-08-19 17:17:25 | DEBUG    | fgvc.clustering.spherical_kmeans |   Init 10/10: inertia=3.659221
2026-08-19 17:17:25 | INFO     | fgvc.clustering.spherical_kmeans |   [Pacific_Loon] k_selected=2 | k_effective=2 | min_cluster=10 | max_cluster=15
2026-08-19 17:17:25 | INFO     | fgvc.clustering.spherical_kmeans |   [Painted_Bunting] 25 images
2026-08-19 17:17:25 | DEBUG    | fgvc.clustering.spherical_kmeans |   Init 1/5: inertia=2.670337
2026-08-19 17:17:25 | DEBUG    | fgvc.clustering.spherical_kmeans |   Init 2/5: inertia=2.727823
2026-08-19 17:17:25 | DEBUG    | fgvc.clustering.spherical_kmeans |   Init 3/5: inertia=2.713288
2026-08-19 17:17:25 | DEBUG    | fgvc.clustering.spherical_kmeans |   Init 4/5: inertia=2.715685
2026-08-19 17:17:25 | DEBUG    | fgvc.clustering.spherical_kmeans |   Init 5/5: inertia=2.674687
2026-08-19 17:17:25 | DEBUG    | fgvc.clustering.spherical_kmeans |   Init 1/5: inertia=2.550195
2026-08-19 17:17:25 | DEBUG    | fgvc.clustering.spherical_kmeans |   Init 2/5: inertia=2.479997
2026-08-19 17:17:25 | DEBUG    | fgvc.clustering.spherical_kmeans |   Init 3/5: inertia=2.468502
2026-08-19 17:17:25 | DEBUG    | fgvc.clustering.spherical_kmeans |   Init 4/5: inertia=2.546932
2026-08-19 17:17:25 | DEBUG    | fgvc.clustering.spherical_kmeans |   Init 5/5: inertia=2.221489
2026-08-19 17:17:25 | DEBUG    | fgvc.clustering.spherical_kmeans |   Init 1/5: inertia=2.314271
2026-08-19 17:17:25 | DEBUG    | fgvc.clustering.spherical_kmeans |   Init 2/5: inertia=2.285732
2026-08-19 17:17:25 | DEBUG    | fgvc.clustering.spherical_kmeans |   Init 3/5: inertia=2.343125
2026-08-19 17:17:25 | DEBUG    | fgvc.clustering.spherical_kmeans |   Init 4/5: inertia=2.072483
2026-08-19 17:17:25 | DEBUG    | fgvc.clustering.spherical_kmeans |   Init 5/5: inertia=2.071223
2026-08-19 17:17:25 | DEBUG    | fgvc.clustering.spherical_kmeans |   Init 1/5: inertia=1.897056
2026-08-19 17:17:25 | DEBUG    | fgvc.clustering.spherical_kmeans |   Init 2/5: inertia=2.060826
2026-08-19 17:17:25 | DEBUG    | fgvc.clustering.spherical_kmeans |   Init 3/5: inertia=1.958762
2026-08-19 17:17:25 | DEBUG    | fgvc.clustering.spherical_kmeans |   Init 4/5: inertia=1.928944
2026-08-19 17:17:25 | DEBUG    | fgvc.clustering.spherical_kmeans |   Init 5/5: inertia=2.016318
2026-08-19 17:17:25 | DEBUG    | fgvc.clustering.spherical_kmeans | K selection: best_k=2 | scores={2: {'silhouette': 0.064, 'compactness': 0.8932, 'score': 0.3}, 3: {'silhouette': 0.1276, 'compactness': 0.9111, 'score': 0.2705}, 4: {'silhouette': 0.2097, 'compactness': 0.9172, 'score': 0.2467}, 5: {'silhouette': 0.0985, 'compactness': 0.9241, 'score': 0.1265}}
2026-08-19 17:17:25 | DEBUG    | fgvc.clustering.spherical_kmeans |   Init 1/10: inertia=2.670337
2026-08-19 17:17:25 | DEBUG    | fgvc.clustering.spherical_kmeans |   Init 2/10: inertia=2.727823
2026-08-19 17:17:25 | DEBUG    | fgvc.clustering.spherical_kmeans |   Init 3/10: inertia=2.713288
2026-08-19 17:17:25 | DEBUG    | fgvc.clustering.spherical_kmeans |   Init 4/10: inertia=2.715685
2026-08-19 17:17:25 | DEBUG    | fgvc.clustering.spherical_kmeans |   Init 5/10: inertia=2.674687
2026-08-19 17:17:25 | DEBUG    | fgvc.clustering.spherical_kmeans |   Init 6/10: inertia=2.724513
2026-08-19 17:17:25 | DEBUG    | fgvc.clustering.spherical_kmeans |   Init 7/10: inertia=2.662249
2026-08-19 17:17:25 | DEBUG    | fgvc.clustering.spherical_kmeans |   Init 8/10: inertia=2.464896
2026-08-19 17:17:25 | DEBUG    | fgvc.clustering.spherical_kmeans |   Init 9/10: inertia=2.712225
2026-08-19 17:17:25 | DEBUG    | fgvc.clustering.spherical_kmeans |   Init 10/10: inertia=2.660083
2026-08-19 17:17:25 | INFO     | fgvc.clustering.spherical_kmeans |   [Painted_Bunting] k_selected=2 | k_effective=1 | min_cluster=25 | max_cluster=25
2026-08-19 17:17:25 | INFO     | fgvc.clustering.spherical_kmeans |   [Palm_Warbler] 25 images
2026-08-19 17:17:25 | DEBUG    | fgvc.clustering.spherical_kmeans |   Init 1/5: inertia=3.020682
2026-08-19 17:17:25 | DEBUG    | fgvc.clustering.spherical_kmeans |   Init 2/5: inertia=2.989360
2026-08-19 17:17:25 | DEBUG    | fgvc.clustering.spherical_kmeans |   Init 3/5: inertia=2.980480
2026-08-19 17:17:25 | DEBUG    | fgvc.clustering.spherical_kmeans |   Init 4/5: inertia=2.948016
2026-08-19 17:17:25 | DEBUG    | fgvc.clustering.spherical_kmeans |   Init 5/5: inertia=3.002970
2026-08-19 17:17:25 | DEBUG    | fgvc.clustering.spherical_kmeans |   Init 1/5: inertia=2.811423
2026-08-19 17:17:25 | DEBUG    | fgvc.clustering.spherical_kmeans |   Init 2/5: inertia=2.759796
2026-08-19 17:17:25 | DEBUG    | fgvc.clustering.spherical_kmeans |   Init 3/5: inertia=2.677953
2026-08-19 17:17:25 | DEBUG    | fgvc.clustering.spherical_kmeans |   Init 4/5: inertia=2.702157
2026-08-19 17:17:25 | DEBUG    | fgvc.clustering.spherical_kmeans |   Init 5/5: inertia=2.810722
2026-08-19 17:17:25 | DEBUG    | fgvc.clustering.spherical_kmeans |   Init 1/5: inertia=2.441636
2026-08-19 17:17:25 | DEBUG    | fgvc.clustering.spherical_kmeans |   Init 2/5: inertia=2.601772
2026-08-19 17:17:25 | DEBUG    | fgvc.clustering.spherical_kmeans |   Init 3/5: inertia=2.445662
2026-08-19 17:17:25 | DEBUG    | fgvc.clustering.spherical_kmeans |   Init 4/5: inertia=2.534214
2026-08-19 17:17:25 | DEBUG    | fgvc.clustering.spherical_kmeans |   Init 5/5: inertia=2.408666
2026-08-19 17:17:25 | DEBUG    | fgvc.clustering.spherical_kmeans |   Init 1/5: inertia=2.276526
2026-08-19 17:17:25 | DEBUG    | fgvc.clustering.spherical_kmeans |   Init 2/5: inertia=2.540121
2026-08-19 17:17:25 | DEBUG    | fgvc.clustering.spherical_kmeans |   Init 3/5: inertia=2.453784
2026-08-19 17:17:25 | DEBUG    | fgvc.clustering.spherical_kmeans |   Init 4/5: inertia=2.270462
2026-08-19 17:17:25 | DEBUG    | fgvc.clustering.spherical_kmeans |   Init 5/5: inertia=2.431140
2026-08-19 17:17:25 | DEBUG    | fgvc.clustering.spherical_kmeans | K selection: best_k=2 | scores={2: {'silhouette': 0.1298, 'compactness': 0.8821, 'score': 0.3295}, 3: {'silhouette': 0.1351, 'compactness': 0.8929, 'score': 0.2688}, 4: {'silhouette': 0.0855, 'compactness': 0.9037, 'score': 0.1805}, 5: {'silhouette': 0.055, 'compactness': 0.9092, 'score': 0.1003}}
2026-08-19 17:17:25 | DEBUG    | fgvc.clustering.spherical_kmeans |   Init 1/10: inertia=3.020682
2026-08-19 17:17:25 | DEBUG    | fgvc.clustering.spherical_kmeans |   Init 2/10: inertia=2.989360
2026-08-19 17:17:25 | DEBUG    | fgvc.clustering.spherical_kmeans |   Init 3/10: inertia=2.980480
2026-08-19 17:17:25 | DEBUG    | fgvc.clustering.spherical_kmeans |   Init 4/10: inertia=2.948016
2026-08-19 17:17:25 | DEBUG    | fgvc.clustering.spherical_kmeans |   Init 5/10: inertia=3.002970
2026-08-19 17:17:25 | DEBUG    | fgvc.clustering.spherical_kmeans |   Init 6/10: inertia=3.015860
2026-08-19 17:17:25 | DEBUG    | fgvc.clustering.spherical_kmeans |   Init 7/10: inertia=2.943935
2026-08-19 17:17:25 | DEBUG    | fgvc.clustering.spherical_kmeans |   Init 8/10: inertia=2.959428
2026-08-19 17:17:25 | DEBUG    | fgvc.clustering.spherical_kmeans |   Init 9/10: inertia=3.016275
2026-08-19 17:17:25 | DEBUG    | fgvc.clustering.spherical_kmeans |   Init 10/10: inertia=3.137280
2026-08-19 17:17:25 | INFO     | fgvc.clustering.spherical_kmeans |   [Palm_Warbler] k_selected=2 | k_effective=2 | min_cluster=10 | max_cluster=15
2026-08-19 17:17:25 | INFO     | fgvc.clustering.spherical_kmeans |   [Parakeet_Auklet] 25 images
2026-08-19 17:17:25 | DEBUG    | fgvc.clustering.spherical_kmeans |   Init 1/5: inertia=3.001461
2026-08-19 17:17:25 | DEBUG    | fgvc.clustering.spherical_kmeans |   Init 2/5: inertia=2.877054
2026-08-19 17:17:25 | DEBUG    | fgvc.clustering.spherical_kmeans |   Init 3/5: inertia=2.907078
2026-08-19 17:17:25 | DEBUG    | fgvc.clustering.spherical_kmeans |   Init 4/5: inertia=2.918178
2026-08-19 17:17:25 | DEBUG    | fgvc.clustering.spherical_kmeans |   Init 5/5: inertia=2.910487
2026-08-19 17:17:25 | DEBUG    | fgvc.clustering.spherical_kmeans |   Init 1/5: inertia=2.714952
2026-08-19 17:17:25 | DEBUG    | fgvc.clustering.spherical_kmeans |   Init 2/5: inertia=2.615263
2026-08-19 17:17:25 | DEBUG    | fgvc.clustering.spherical_kmeans |   Init 3/5: inertia=2.643459
2026-08-19 17:17:25 | DEBUG    | fgvc.clustering.spherical_kmeans |   Init 4/5: inertia=2.709448
2026-08-19 17:17:25 | DEBUG    | fgvc.clustering.spherical_kmeans |   Init 5/5: inertia=2.771293
2026-08-19 17:17:25 | DEBUG    | fgvc.clustering.spherical_kmeans |   Init 1/5: inertia=2.506173
2026-08-19 17:17:25 | DEBUG    | fgvc.clustering.spherical_kmeans |   Init 2/5: inertia=2.482439
2026-08-19 17:17:25 | DEBUG    | fgvc.clustering.spherical_kmeans |   Init 3/5: inertia=2.514121
2026-08-19 17:17:25 | DEBUG    | fgvc.clustering.spherical_kmeans |   Init 4/5: inertia=2.464967
2026-08-19 17:17:25 | DEBUG    | fgvc.clustering.spherical_kmeans |   Init 5/5: inertia=2.482811
2026-08-19 17:17:25 | DEBUG    | fgvc.clustering.spherical_kmeans |   Init 1/5: inertia=2.254294
2026-08-19 17:17:25 | DEBUG    | fgvc.clustering.spherical_kmeans |   Init 2/5: inertia=2.385201
2026-08-19 17:17:25 | DEBUG    | fgvc.clustering.spherical_kmeans |   Init 3/5: inertia=2.316724
2026-08-19 17:17:25 | DEBUG    | fgvc.clustering.spherical_kmeans |   Init 4/5: inertia=2.325371
2026-08-19 17:17:25 | DEBUG    | fgvc.clustering.spherical_kmeans |   Init 5/5: inertia=2.323879
2026-08-19 17:17:25 | DEBUG    | fgvc.clustering.spherical_kmeans | K selection: best_k=2 | scores={2: {'silhouette': 0.1786, 'compactness': 0.8849, 'score': 0.3548}, 3: {'silhouette': 0.0919, 'compactness': 0.8954, 'score': 0.2479}, 4: {'silhouette': 0.0919, 'compactness': 0.9014, 'score': 0.183}, 5: {'silhouette': 0.0332, 'compactness': 0.9098, 'score': 0.0896}}
2026-08-19 17:17:25 | DEBUG    | fgvc.clustering.spherical_kmeans |   Init 1/10: inertia=3.001461
2026-08-19 17:17:25 | DEBUG    | fgvc.clustering.spherical_kmeans |   Init 2/10: inertia=2.877054
2026-08-19 17:17:25 | DEBUG    | fgvc.clustering.spherical_kmeans |   Init 3/10: inertia=2.907078
2026-08-19 17:17:25 | DEBUG    | fgvc.clustering.spherical_kmeans |   Init 4/10: inertia=2.918178
2026-08-19 17:17:25 | DEBUG    | fgvc.clustering.spherical_kmeans |   Init 5/10: inertia=2.910487
2026-08-19 17:17:25 | DEBUG    | fgvc.clustering.spherical_kmeans |   Init 6/10: inertia=2.895344
2026-08-19 17:17:25 | DEBUG    | fgvc.clustering.spherical_kmeans |   Init 7/10: inertia=2.952209
2026-08-19 17:17:25 | DEBUG    | fgvc.clustering.spherical_kmeans |   Init 8/10: inertia=2.950301
2026-08-19 17:17:25 | DEBUG    | fgvc.clustering.spherical_kmeans |   Init 9/10: inertia=2.912991
2026-08-19 17:17:25 | DEBUG    | fgvc.clustering.spherical_kmeans |   Init 10/10: inertia=2.898852
2026-08-19 17:17:25 | INFO     | fgvc.clustering.spherical_kmeans |   [Parakeet_Auklet] k_selected=2 | k_effective=2 | min_cluster=6 | max_cluster=19
2026-08-19 17:17:25 | INFO     | fgvc.clustering.spherical_kmeans |   [Pelagic_Cormorant] 25 images
2026-08-19 17:17:25 | DEBUG    | fgvc.clustering.spherical_kmeans |   Init 1/5: inertia=4.252560
2026-08-19 17:17:25 | DEBUG    | fgvc.clustering.spherical_kmeans |   Init 2/5: inertia=4.069387
2026-08-19 17:17:25 | DEBUG    | fgvc.clustering.spherical_kmeans |   Init 3/5: inertia=4.015663
2026-08-19 17:17:25 | DEBUG    | fgvc.clustering.spherical_kmeans |   Init 4/5: inertia=4.031528
2026-08-19 17:17:25 | DEBUG    | fgvc.clustering.spherical_kmeans |   Init 5/5: inertia=4.040561
2026-08-19 17:17:25 | DEBUG    | fgvc.clustering.spherical_kmeans |   Init 1/5: inertia=3.822742
2026-08-19 17:17:25 | DEBUG    | fgvc.clustering.spherical_kmeans |   Init 2/5: inertia=3.632777
2026-08-19 17:17:25 | DEBUG    | fgvc.clustering.spherical_kmeans |   Init 3/5: inertia=3.592036
2026-08-19 17:17:25 | DEBUG    | fgvc.clustering.spherical_kmeans |   Init 4/5: inertia=3.805766
2026-08-19 17:17:25 | DEBUG    | fgvc.clustering.spherical_kmeans |   Init 5/5: inertia=3.815792
2026-08-19 17:17:25 | DEBUG    | fgvc.clustering.spherical_kmeans |   Init 1/5: inertia=3.568085
2026-08-19 17:17:25 | DEBUG    | fgvc.clustering.spherical_kmeans |   Init 2/5: inertia=3.378119
2026-08-19 17:17:25 | DEBUG    | fgvc.clustering.spherical_kmeans |   Init 3/5: inertia=3.655200
2026-08-19 17:17:25 | DEBUG    | fgvc.clustering.spherical_kmeans |   Init 4/5: inertia=3.524890
2026-08-19 17:17:25 | DEBUG    | fgvc.clustering.spherical_kmeans |   Init 5/5: inertia=3.328274
2026-08-19 17:17:25 | DEBUG    | fgvc.clustering.spherical_kmeans |   Init 1/5: inertia=3.363193
2026-08-19 17:17:25 | DEBUG    | fgvc.clustering.spherical_kmeans |   Init 2/5: inertia=2.991843
2026-08-19 17:17:25 | DEBUG    | fgvc.clustering.spherical_kmeans |   Init 3/5: inertia=3.438528
2026-08-19 17:17:25 | DEBUG    | fgvc.clustering.spherical_kmeans |   Init 4/5: inertia=3.237813
2026-08-19 17:17:25 | DEBUG    | fgvc.clustering.spherical_kmeans |   Init 5/5: inertia=3.194904
2026-08-19 17:17:25 | DEBUG    | fgvc.clustering.spherical_kmeans | K selection: best_k=2 | scores={2: {'silhouette': 0.1295, 'compactness': 0.8394, 'score': 0.3165}, 3: {'silhouette': 0.1287, 'compactness': 0.8563, 'score': 0.2546}, 4: {'silhouette': 0.1051, 'compactness': 0.8669, 'score': 0.1793}, 5: {'silhouette': 0.1338, 'compactness': 0.8803, 'score': 0.131}}
2026-08-19 17:17:25 | DEBUG    | fgvc.clustering.spherical_kmeans |   Init 1/10: inertia=4.252560
2026-08-19 17:17:25 | DEBUG    | fgvc.clustering.spherical_kmeans |   Init 2/10: inertia=4.069387
2026-08-19 17:17:25 | DEBUG    | fgvc.clustering.spherical_kmeans |   Init 3/10: inertia=4.015663
2026-08-19 17:17:25 | DEBUG    | fgvc.clustering.spherical_kmeans |   Init 4/10: inertia=4.031528
2026-08-19 17:17:25 | DEBUG    | fgvc.clustering.spherical_kmeans |   Init 5/10: inertia=4.040561
2026-08-19 17:17:25 | DEBUG    | fgvc.clustering.spherical_kmeans |   Init 6/10: inertia=4.035351
2026-08-19 17:17:25 | DEBUG    | fgvc.clustering.spherical_kmeans |   Init 7/10: inertia=4.066093
2026-08-19 17:17:25 | DEBUG    | fgvc.clustering.spherical_kmeans |   Init 8/10: inertia=4.185384
2026-08-19 17:17:25 | DEBUG    | fgvc.clustering.spherical_kmeans |   Init 9/10: inertia=4.174924
2026-08-19 17:17:25 | DEBUG    | fgvc.clustering.spherical_kmeans |   Init 10/10: inertia=4.117583
2026-08-19 17:17:25 | INFO     | fgvc.clustering.spherical_kmeans |   [Pelagic_Cormorant] k_selected=2 | k_effective=2 | min_cluster=12 | max_cluster=13
2026-08-19 17:17:25 | INFO     | fgvc.clustering.spherical_kmeans |   [Philadelphia_Vireo] 25 images
2026-08-19 17:17:25 | DEBUG    | fgvc.clustering.spherical_kmeans |   Init 1/5: inertia=3.319790
2026-08-19 17:17:25 | DEBUG    | fgvc.clustering.spherical_kmeans |   Init 2/5: inertia=3.526978
2026-08-19 17:17:25 | DEBUG    | fgvc.clustering.spherical_kmeans |   Init 3/5: inertia=3.344540
2026-08-19 17:17:25 | DEBUG    | fgvc.clustering.spherical_kmeans |   Init 4/5: inertia=3.528512
2026-08-19 17:17:25 | DEBUG    | fgvc.clustering.spherical_kmeans |   Init 5/5: inertia=3.637339
2026-08-19 17:17:25 | DEBUG    | fgvc.clustering.spherical_kmeans |   Init 1/5: inertia=3.039287
2026-08-19 17:17:25 | DEBUG    | fgvc.clustering.spherical_kmeans |   Init 2/5: inertia=3.315227
2026-08-19 17:17:25 | DEBUG    | fgvc.clustering.spherical_kmeans |   Init 3/5: inertia=3.362305
2026-08-19 17:17:25 | DEBUG    | fgvc.clustering.spherical_kmeans |   Init 4/5: inertia=3.030631
2026-08-19 17:17:25 | DEBUG    | fgvc.clustering.spherical_kmeans |   Init 5/5: inertia=3.039287
2026-08-19 17:17:25 | DEBUG    | fgvc.clustering.spherical_kmeans |   Init 1/5: inertia=3.018384
2026-08-19 17:17:25 | DEBUG    | fgvc.clustering.spherical_kmeans |   Init 2/5: inertia=3.008756
2026-08-19 17:17:25 | DEBUG    | fgvc.clustering.spherical_kmeans |   Init 3/5: inertia=2.994256
2026-08-19 17:17:25 | DEBUG    | fgvc.clustering.spherical_kmeans |   Init 4/5: inertia=3.045734
2026-08-19 17:17:25 | DEBUG    | fgvc.clustering.spherical_kmeans |   Init 5/5: inertia=2.834657
2026-08-19 17:17:25 | DEBUG    | fgvc.clustering.spherical_kmeans |   Init 1/5: inertia=2.878255
2026-08-19 17:17:25 | DEBUG    | fgvc.clustering.spherical_kmeans |   Init 2/5: inertia=2.630788
2026-08-19 17:17:25 | DEBUG    | fgvc.clustering.spherical_kmeans |   Init 3/5: inertia=2.777429
2026-08-19 17:17:25 | DEBUG    | fgvc.clustering.spherical_kmeans |   Init 4/5: inertia=2.627942
2026-08-19 17:17:25 | DEBUG    | fgvc.clustering.spherical_kmeans |   Init 5/5: inertia=2.780245
2026-08-19 17:17:25 | DEBUG    | fgvc.clustering.spherical_kmeans | K selection: best_k=2 | scores={2: {'silhouette': 0.2093, 'compactness': 0.8672, 'score': 0.3648}, 3: {'silhouette': 0.1887, 'compactness': 0.8788, 'score': 0.2913}, 4: {'silhouette': 0.1428, 'compactness': 0.8866, 'score': 0.204}, 5: {'silhouette': 0.0958, 'compactness': 0.8949, 'score': 0.1164}}
2026-08-19 17:17:25 | DEBUG    | fgvc.clustering.spherical_kmeans |   Init 1/10: inertia=3.319790
2026-08-19 17:17:25 | DEBUG    | fgvc.clustering.spherical_kmeans |   Init 2/10: inertia=3.526978
2026-08-19 17:17:25 | DEBUG    | fgvc.clustering.spherical_kmeans |   Init 3/10: inertia=3.344540
2026-08-19 17:17:25 | DEBUG    | fgvc.clustering.spherical_kmeans |   Init 4/10: inertia=3.528512
2026-08-19 17:17:25 | DEBUG    | fgvc.clustering.spherical_kmeans |   Init 5/10: inertia=3.637339
2026-08-19 17:17:25 | DEBUG    | fgvc.clustering.spherical_kmeans |   Init 6/10: inertia=3.501969
2026-08-19 17:17:25 | DEBUG    | fgvc.clustering.spherical_kmeans |   Init 7/10: inertia=3.373468
2026-08-19 17:17:25 | DEBUG    | fgvc.clustering.spherical_kmeans |   Init 8/10: inertia=3.561404
2026-08-19 17:17:25 | DEBUG    | fgvc.clustering.spherical_kmeans |   Init 9/10: inertia=3.419028
2026-08-19 17:17:25 | DEBUG    | fgvc.clustering.spherical_kmeans |   Init 10/10: inertia=3.619817
2026-08-19 17:17:25 | INFO     | fgvc.clustering.spherical_kmeans |   [Philadelphia_Vireo] k_selected=2 | k_effective=2 | min_cluster=10 | max_cluster=15
2026-08-19 17:17:25 | INFO     | fgvc.clustering.spherical_kmeans |   [Pied_Kingfisher] 25 images
2026-08-19 17:17:25 | DEBUG    | fgvc.clustering.spherical_kmeans |   Init 1/5: inertia=2.787498
2026-08-19 17:17:25 | DEBUG    | fgvc.clustering.spherical_kmeans |   Init 2/5: inertia=2.848569
2026-08-19 17:17:25 | DEBUG    | fgvc.clustering.spherical_kmeans |   Init 3/5: inertia=2.767794
2026-08-19 17:17:25 | DEBUG    | fgvc.clustering.spherical_kmeans |   Init 4/5: inertia=2.858279
2026-08-19 17:17:25 | DEBUG    | fgvc.clustering.spherical_kmeans |   Init 5/5: inertia=2.856231
2026-08-19 17:17:25 | DEBUG    | fgvc.clustering.spherical_kmeans |   Init 1/5: inertia=2.546258
2026-08-19 17:17:25 | DEBUG    | fgvc.clustering.spherical_kmeans |   Init 2/5: inertia=2.606904
2026-08-19 17:17:25 | DEBUG    | fgvc.clustering.spherical_kmeans |   Init 3/5: inertia=2.563081
2026-08-19 17:17:25 | DEBUG    | fgvc.clustering.spherical_kmeans |   Init 4/5: inertia=2.609155
2026-08-19 17:17:25 | DEBUG    | fgvc.clustering.spherical_kmeans |   Init 5/5: inertia=2.701127
2026-08-19 17:17:25 | DEBUG    | fgvc.clustering.spherical_kmeans |   Init 1/5: inertia=2.426338
2026-08-19 17:17:25 | DEBUG    | fgvc.clustering.spherical_kmeans |   Init 2/5: inertia=2.413259
2026-08-19 17:17:25 | DEBUG    | fgvc.clustering.spherical_kmeans |   Init 3/5: inertia=2.542733
2026-08-19 17:17:25 | DEBUG    | fgvc.clustering.spherical_kmeans |   Init 4/5: inertia=2.444077
2026-08-19 17:17:25 | DEBUG    | fgvc.clustering.spherical_kmeans |   Init 5/5: inertia=2.417851
2026-08-19 17:17:25 | DEBUG    | fgvc.clustering.spherical_kmeans |   Init 1/5: inertia=2.260834
2026-08-19 17:17:25 | DEBUG    | fgvc.clustering.spherical_kmeans |   Init 2/5: inertia=2.242007
2026-08-19 17:17:25 | DEBUG    | fgvc.clustering.spherical_kmeans |   Init 3/5: inertia=2.275647
2026-08-19 17:17:25 | DEBUG    | fgvc.clustering.spherical_kmeans |   Init 4/5: inertia=2.340748
2026-08-19 17:17:25 | DEBUG    | fgvc.clustering.spherical_kmeans |   Init 5/5: inertia=2.269922
2026-08-19 17:17:25 | DEBUG    | fgvc.clustering.spherical_kmeans | K selection: best_k=2 | scores={2: {'silhouette': 0.1271, 'compactness': 0.8893, 'score': 0.3303}, 3: {'silhouette': 0.1367, 'compactness': 0.8981, 'score': 0.2712}, 4: {'silhouette': 0.0549, 'compactness': 0.9035, 'score': 0.1651}, 5: {'silhouette': 0.0438, 'compactness': 0.9103, 'score': 0.095}}
2026-08-19 17:17:25 | DEBUG    | fgvc.clustering.spherical_kmeans |   Init 1/10: inertia=2.787498
2026-08-19 17:17:25 | DEBUG    | fgvc.clustering.spherical_kmeans |   Init 2/10: inertia=2.848569
2026-08-19 17:17:25 | DEBUG    | fgvc.clustering.spherical_kmeans |   Init 3/10: inertia=2.767794
2026-08-19 17:17:25 | DEBUG    | fgvc.clustering.spherical_kmeans |   Init 4/10: inertia=2.858279
2026-08-19 17:17:25 | DEBUG    | fgvc.clustering.spherical_kmeans |   Init 5/10: inertia=2.856231
2026-08-19 17:17:25 | DEBUG    | fgvc.clustering.spherical_kmeans |   Init 6/10: inertia=2.915190
2026-08-19 17:17:25 | DEBUG    | fgvc.clustering.spherical_kmeans |   Init 7/10: inertia=2.871734
2026-08-19 17:17:25 | DEBUG    | fgvc.clustering.spherical_kmeans |   Init 8/10: inertia=2.853840
2026-08-19 17:17:25 | DEBUG    | fgvc.clustering.spherical_kmeans |   Init 9/10: inertia=2.886127
2026-08-19 17:17:25 | DEBUG    | fgvc.clustering.spherical_kmeans |   Init 10/10: inertia=2.803061
2026-08-19 17:17:25 | INFO     | fgvc.clustering.spherical_kmeans |   [Pied_Kingfisher] k_selected=2 | k_effective=2 | min_cluster=11 | max_cluster=14
2026-08-19 17:17:25 | INFO     | fgvc.clustering.spherical_kmeans |   [Pied_billed_Grebe] 25 images
2026-08-19 17:17:25 | DEBUG    | fgvc.clustering.spherical_kmeans |   Init 1/5: inertia=3.190644
2026-08-19 17:17:25 | DEBUG    | fgvc.clustering.spherical_kmeans |   Init 2/5: inertia=3.174011
2026-08-19 17:17:25 | DEBUG    | fgvc.clustering.spherical_kmeans |   Init 3/5: inertia=3.282649
2026-08-19 17:17:25 | DEBUG    | fgvc.clustering.spherical_kmeans |   Init 4/5: inertia=3.096016
2026-08-19 17:17:25 | DEBUG    | fgvc.clustering.spherical_kmeans |   Init 5/5: inertia=3.213719
2026-08-19 17:17:25 | DEBUG    | fgvc.clustering.spherical_kmeans |   Init 1/5: inertia=2.991705
2026-08-19 17:17:25 | DEBUG    | fgvc.clustering.spherical_kmeans |   Init 2/5: inertia=2.969870
2026-08-19 17:17:25 | DEBUG    | fgvc.clustering.spherical_kmeans |   Init 3/5: inertia=2.923902
2026-08-19 17:17:25 | DEBUG    | fgvc.clustering.spherical_kmeans |   Init 4/5: inertia=2.862751
2026-08-19 17:17:25 | DEBUG    | fgvc.clustering.spherical_kmeans |   Init 5/5: inertia=2.939623
2026-08-19 17:17:25 | DEBUG    | fgvc.clustering.spherical_kmeans |   Init 1/5: inertia=2.821162
2026-08-19 17:17:25 | DEBUG    | fgvc.clustering.spherical_kmeans |   Init 2/5: inertia=2.615440
2026-08-19 17:17:25 | DEBUG    | fgvc.clustering.spherical_kmeans |   Init 3/5: inertia=2.706100
2026-08-19 17:17:25 | DEBUG    | fgvc.clustering.spherical_kmeans |   Init 4/5: inertia=2.712903
2026-08-19 17:17:25 | DEBUG    | fgvc.clustering.spherical_kmeans |   Init 5/5: inertia=2.761608
2026-08-19 17:17:25 | DEBUG    | fgvc.clustering.spherical_kmeans |   Init 1/5: inertia=2.647595
2026-08-19 17:17:25 | DEBUG    | fgvc.clustering.spherical_kmeans |   Init 2/5: inertia=2.519166
2026-08-19 17:17:25 | DEBUG    | fgvc.clustering.spherical_kmeans |   Init 3/5: inertia=2.550631
2026-08-19 17:17:25 | DEBUG    | fgvc.clustering.spherical_kmeans |   Init 4/5: inertia=2.508865
2026-08-19 17:17:25 | DEBUG    | fgvc.clustering.spherical_kmeans |   Init 5/5: inertia=2.446092
2026-08-19 17:17:25 | DEBUG    | fgvc.clustering.spherical_kmeans | K selection: best_k=2 | scores={2: {'silhouette': 0.1775, 'compactness': 0.8762, 'score': 0.3516}, 3: {'silhouette': 0.1224, 'compactness': 0.8855, 'score': 0.2602}, 4: {'silhouette': 0.0901, 'compactness': 0.8954, 'score': 0.1803}, 5: {'silhouette': 0.0969, 'compactness': 0.9022, 'score': 0.1191}}
2026-08-19 17:17:25 | DEBUG    | fgvc.clustering.spherical_kmeans |   Init 1/10: inertia=3.190644
2026-08-19 17:17:25 | DEBUG    | fgvc.clustering.spherical_kmeans |   Init 2/10: inertia=3.174011
2026-08-19 17:17:25 | DEBUG    | fgvc.clustering.spherical_kmeans |   Init 3/10: inertia=3.282649
2026-08-19 17:17:25 | DEBUG    | fgvc.clustering.spherical_kmeans |   Init 4/10: inertia=3.096016
2026-08-19 17:17:25 | DEBUG    | fgvc.clustering.spherical_kmeans |   Init 5/10: inertia=3.213719
2026-08-19 17:17:25 | DEBUG    | fgvc.clustering.spherical_kmeans |   Init 6/10: inertia=3.174011
2026-08-19 17:17:25 | DEBUG    | fgvc.clustering.spherical_kmeans |   Init 7/10: inertia=3.210636
2026-08-19 17:17:25 | DEBUG    | fgvc.clustering.spherical_kmeans |   Init 8/10: inertia=3.215529
2026-08-19 17:17:25 | DEBUG    | fgvc.clustering.spherical_kmeans |   Init 9/10: inertia=3.213719
2026-08-19 17:17:25 | DEBUG    | fgvc.clustering.spherical_kmeans |   Init 10/10: inertia=3.131011
2026-08-19 17:17:25 | INFO     | fgvc.clustering.spherical_kmeans |   [Pied_billed_Grebe] k_selected=2 | k_effective=2 | min_cluster=5 | max_cluster=20
2026-08-19 17:17:25 | INFO     | fgvc.clustering.spherical_kmeans |   [Pigeon_Guillemot] 25 images
2026-08-19 17:17:25 | DEBUG    | fgvc.clustering.spherical_kmeans |   Init 1/5: inertia=3.994905
2026-08-19 17:17:25 | DEBUG    | fgvc.clustering.spherical_kmeans |   Init 2/5: inertia=3.941816
2026-08-19 17:17:25 | DEBUG    | fgvc.clustering.spherical_kmeans |   Init 3/5: inertia=3.990348
2026-08-19 17:17:25 | DEBUG    | fgvc.clustering.spherical_kmeans |   Init 4/5: inertia=3.916735
2026-08-19 17:17:25 | DEBUG    | fgvc.clustering.spherical_kmeans |   Init 5/5: inertia=4.252993
2026-08-19 17:17:25 | DEBUG    | fgvc.clustering.spherical_kmeans |   Init 1/5: inertia=3.367126
2026-08-19 17:17:25 | DEBUG    | fgvc.clustering.spherical_kmeans |   Init 2/5: inertia=3.660261
2026-08-19 17:17:25 | DEBUG    | fgvc.clustering.spherical_kmeans |   Init 3/5: inertia=3.590582
2026-08-19 17:17:25 | DEBUG    | fgvc.clustering.spherical_kmeans |   Init 4/5: inertia=3.725772
2026-08-19 17:17:25 | DEBUG    | fgvc.clustering.spherical_kmeans |   Init 5/5: inertia=3.619562
2026-08-19 17:17:25 | DEBUG    | fgvc.clustering.spherical_kmeans |   Init 1/5: inertia=3.108126
2026-08-19 17:17:25 | DEBUG    | fgvc.clustering.spherical_kmeans |   Init 2/5: inertia=3.104527
2026-08-19 17:17:25 | DEBUG    | fgvc.clustering.spherical_kmeans |   Init 3/5: inertia=3.207165
2026-08-19 17:17:25 | DEBUG    | fgvc.clustering.spherical_kmeans |   Init 4/5: inertia=3.121082
2026-08-19 17:17:25 | DEBUG    | fgvc.clustering.spherical_kmeans |   Init 5/5: inertia=3.256905
2026-08-19 17:17:25 | DEBUG    | fgvc.clustering.spherical_kmeans |   Init 1/5: inertia=2.878904
2026-08-19 17:17:25 | DEBUG    | fgvc.clustering.spherical_kmeans |   Init 2/5: inertia=2.788129
2026-08-19 17:17:25 | DEBUG    | fgvc.clustering.spherical_kmeans |   Init 3/5: inertia=3.026564
2026-08-19 17:17:25 | DEBUG    | fgvc.clustering.spherical_kmeans |   Init 4/5: inertia=2.842345
2026-08-19 17:17:25 | DEBUG    | fgvc.clustering.spherical_kmeans |   Init 5/5: inertia=2.768446
2026-08-19 17:17:25 | DEBUG    | fgvc.clustering.spherical_kmeans | K selection: best_k=3 | scores={2: {'silhouette': 0.1523, 'compactness': 0.8433, 'score': 0.3292}, 3: {'silhouette': 0.3151, 'compactness': 0.8653, 'score': 0.3505}, 4: {'silhouette': 0.1745, 'compactness': 0.8758, 'score': 0.2167}, 5: {'silhouette': 0.1481, 'compactness': 0.8893, 'score': 0.1408}}
2026-08-19 17:17:25 | DEBUG    | fgvc.clustering.spherical_kmeans |   Init 1/10: inertia=3.367126
2026-08-19 17:17:25 | DEBUG    | fgvc.clustering.spherical_kmeans |   Init 2/10: inertia=3.660261
2026-08-19 17:17:25 | DEBUG    | fgvc.clustering.spherical_kmeans |   Init 3/10: inertia=3.590582
2026-08-19 17:17:25 | DEBUG    | fgvc.clustering.spherical_kmeans |   Init 4/10: inertia=3.725772
2026-08-19 17:17:25 | DEBUG    | fgvc.clustering.spherical_kmeans |   Init 5/10: inertia=3.619562
2026-08-19 17:17:25 | DEBUG    | fgvc.clustering.spherical_kmeans |   Init 6/10: inertia=3.630422
2026-08-19 17:17:25 | DEBUG    | fgvc.clustering.spherical_kmeans |   Init 7/10: inertia=3.335538
2026-08-19 17:17:25 | DEBUG    | fgvc.clustering.spherical_kmeans |   Init 8/10: inertia=3.693467
2026-08-19 17:17:25 | DEBUG    | fgvc.clustering.spherical_kmeans |   Init 9/10: inertia=3.628939
2026-08-19 17:17:25 | DEBUG    | fgvc.clustering.spherical_kmeans |   Init 10/10: inertia=3.683777
2026-08-19 17:17:25 | INFO     | fgvc.clustering.spherical_kmeans |   [Pigeon_Guillemot] k_selected=3 | k_effective=2 | min_cluster=7 | max_cluster=18
2026-08-19 17:17:25 | INFO     | fgvc.clustering.spherical_kmeans |   [Pileated_Woodpecker] 25 images
2026-08-19 17:17:25 | DEBUG    | fgvc.clustering.spherical_kmeans |   Init 1/5: inertia=2.247320
2026-08-19 17:17:25 | DEBUG    | fgvc.clustering.spherical_kmeans |   Init 2/5: inertia=2.289901
2026-08-19 17:17:25 | DEBUG    | fgvc.clustering.spherical_kmeans |   Init 3/5: inertia=2.263130
2026-08-19 17:17:25 | DEBUG    | fgvc.clustering.spherical_kmeans |   Init 4/5: inertia=2.324380
2026-08-19 17:17:25 | DEBUG    | fgvc.clustering.spherical_kmeans |   Init 5/5: inertia=2.246477
2026-08-19 17:17:25 | DEBUG    | fgvc.clustering.spherical_kmeans |   Init 1/5: inertia=2.085981
2026-08-19 17:17:25 | DEBUG    | fgvc.clustering.spherical_kmeans |   Init 2/5: inertia=2.145092
2026-08-19 17:17:25 | DEBUG    | fgvc.clustering.spherical_kmeans |   Init 3/5: inertia=2.159515
2026-08-19 17:17:25 | DEBUG    | fgvc.clustering.spherical_kmeans |   Init 4/5: inertia=2.130261
2026-08-19 17:17:25 | DEBUG    | fgvc.clustering.spherical_kmeans |   Init 5/5: inertia=2.079797
2026-08-19 17:17:25 | DEBUG    | fgvc.clustering.spherical_kmeans |   Init 1/5: inertia=1.941724
2026-08-19 17:17:25 | DEBUG    | fgvc.clustering.spherical_kmeans |   Init 2/5: inertia=1.890181
2026-08-19 17:17:25 | DEBUG    | fgvc.clustering.spherical_kmeans |   Init 3/5: inertia=1.996240
2026-08-19 17:17:25 | DEBUG    | fgvc.clustering.spherical_kmeans |   Init 4/5: inertia=1.921019
2026-08-19 17:17:25 | DEBUG    | fgvc.clustering.spherical_kmeans |   Init 5/5: inertia=1.954480
2026-08-19 17:17:25 | DEBUG    | fgvc.clustering.spherical_kmeans |   Init 1/5: inertia=1.864545
2026-08-19 17:17:25 | DEBUG    | fgvc.clustering.spherical_kmeans |   Init 2/5: inertia=1.770719
2026-08-19 17:17:25 | DEBUG    | fgvc.clustering.spherical_kmeans |   Init 3/5: inertia=1.871191
2026-08-19 17:17:25 | DEBUG    | fgvc.clustering.spherical_kmeans |   Init 4/5: inertia=1.768975
2026-08-19 17:17:25 | DEBUG    | fgvc.clustering.spherical_kmeans |   Init 5/5: inertia=1.717709
2026-08-19 17:17:25 | DEBUG    | fgvc.clustering.spherical_kmeans | K selection: best_k=2 | scores={2: {'silhouette': 0.387, 'compactness': 0.9101, 'score': 0.4665}, 3: {'silhouette': 0.0588, 'compactness': 0.9168, 'score': 0.2378}, 4: {'silhouette': 0.1259, 'compactness': 0.9244, 'score': 0.2069}, 5: {'silhouette': 0.0939, 'compactness': 0.9313, 'score': 0.1263}}
2026-08-19 17:17:25 | DEBUG    | fgvc.clustering.spherical_kmeans |   Init 1/10: inertia=2.247320
2026-08-19 17:17:25 | DEBUG    | fgvc.clustering.spherical_kmeans |   Init 2/10: inertia=2.289901
2026-08-19 17:17:25 | DEBUG    | fgvc.clustering.spherical_kmeans |   Init 3/10: inertia=2.263130
2026-08-19 17:17:25 | DEBUG    | fgvc.clustering.spherical_kmeans |   Init 4/10: inertia=2.324380
2026-08-19 17:17:25 | DEBUG    | fgvc.clustering.spherical_kmeans |   Init 5/10: inertia=2.246477
2026-08-19 17:17:25 | DEBUG    | fgvc.clustering.spherical_kmeans |   Init 6/10: inertia=2.263465
2026-08-19 17:17:25 | DEBUG    | fgvc.clustering.spherical_kmeans |   Init 7/10: inertia=2.320445
2026-08-19 17:17:25 | DEBUG    | fgvc.clustering.spherical_kmeans |   Init 8/10: inertia=2.279075
2026-08-19 17:17:25 | DEBUG    | fgvc.clustering.spherical_kmeans |   Init 9/10: inertia=2.289901
2026-08-19 17:17:25 | DEBUG    | fgvc.clustering.spherical_kmeans |   Init 10/10: inertia=2.377169
2026-08-19 17:17:25 | INFO     | fgvc.clustering.spherical_kmeans |   [Pileated_Woodpecker] k_selected=2 | k_effective=1 | min_cluster=25 | max_cluster=25
2026-08-19 17:17:25 | INFO     | fgvc.clustering.spherical_kmeans |   [Pine_Grosbeak] 25 images
2026-08-19 17:17:25 | DEBUG    | fgvc.clustering.spherical_kmeans |   Init 1/5: inertia=3.257070
2026-08-19 17:17:25 | DEBUG    | fgvc.clustering.spherical_kmeans |   Init 2/5: inertia=3.226936
2026-08-19 17:17:25 | DEBUG    | fgvc.clustering.spherical_kmeans |   Init 3/5: inertia=3.257070
2026-08-19 17:17:25 | DEBUG    | fgvc.clustering.spherical_kmeans |   Init 4/5: inertia=3.260574
2026-08-19 17:17:25 | DEBUG    | fgvc.clustering.spherical_kmeans |   Init 5/5: inertia=3.788332
2026-08-19 17:17:25 | DEBUG    | fgvc.clustering.spherical_kmeans |   Init 1/5: inertia=2.981381
2026-08-19 17:17:25 | DEBUG    | fgvc.clustering.spherical_kmeans |   Init 2/5: inertia=2.949251
2026-08-19 17:17:25 | DEBUG    | fgvc.clustering.spherical_kmeans |   Init 3/5: inertia=3.034008
2026-08-19 17:17:25 | DEBUG    | fgvc.clustering.spherical_kmeans |   Init 4/5: inertia=3.062746
2026-08-19 17:17:25 | DEBUG    | fgvc.clustering.spherical_kmeans |   Init 5/5: inertia=2.958314
2026-08-19 17:17:25 | DEBUG    | fgvc.clustering.spherical_kmeans |   Init 1/5: inertia=2.672479
2026-08-19 17:17:25 | DEBUG    | fgvc.clustering.spherical_kmeans |   Init 2/5: inertia=2.857337
2026-08-19 17:17:25 | DEBUG    | fgvc.clustering.spherical_kmeans |   Init 3/5: inertia=2.704977
2026-08-19 17:17:25 | DEBUG    | fgvc.clustering.spherical_kmeans |   Init 4/5: inertia=2.749388
2026-08-19 17:17:25 | DEBUG    | fgvc.clustering.spherical_kmeans |   Init 5/5: inertia=2.844016
2026-08-19 17:17:25 | DEBUG    | fgvc.clustering.spherical_kmeans |   Init 1/5: inertia=2.474162
2026-08-19 17:17:25 | DEBUG    | fgvc.clustering.spherical_kmeans |   Init 2/5: inertia=2.542012
2026-08-19 17:17:25 | DEBUG    | fgvc.clustering.spherical_kmeans |   Init 3/5: inertia=2.481649
2026-08-19 17:17:25 | DEBUG    | fgvc.clustering.spherical_kmeans |   Init 4/5: inertia=2.589832
2026-08-19 17:17:25 | DEBUG    | fgvc.clustering.spherical_kmeans |   Init 5/5: inertia=2.749788
2026-08-19 17:17:25 | DEBUG    | fgvc.clustering.spherical_kmeans | K selection: best_k=2 | scores={2: {'silhouette': 0.2819, 'compactness': 0.8709, 'score': 0.4022}, 3: {'silhouette': 0.1275, 'compactness': 0.882, 'score': 0.2617}, 4: {'silhouette': 0.1487, 'compactness': 0.8931, 'score': 0.2089}, 5: {'silhouette': 0.1218, 'compactness': 0.901, 'score': 0.1312}}
2026-08-19 17:17:25 | DEBUG    | fgvc.clustering.spherical_kmeans |   Init 1/10: inertia=3.257070
2026-08-19 17:17:25 | DEBUG    | fgvc.clustering.spherical_kmeans |   Init 2/10: inertia=3.226936
2026-08-19 17:17:25 | DEBUG    | fgvc.clustering.spherical_kmeans |   Init 3/10: inertia=3.257070
2026-08-19 17:17:25 | DEBUG    | fgvc.clustering.spherical_kmeans |   Init 4/10: inertia=3.260574
2026-08-19 17:17:25 | DEBUG    | fgvc.clustering.spherical_kmeans |   Init 5/10: inertia=3.788332
2026-08-19 17:17:25 | DEBUG    | fgvc.clustering.spherical_kmeans |   Init 6/10: inertia=3.260574
2026-08-19 17:17:25 | DEBUG    | fgvc.clustering.spherical_kmeans |   Init 7/10: inertia=3.260574
2026-08-19 17:17:25 | DEBUG    | fgvc.clustering.spherical_kmeans |   Init 8/10: inertia=3.742089
2026-08-19 17:17:25 | DEBUG    | fgvc.clustering.spherical_kmeans |   Init 9/10: inertia=3.226936
2026-08-19 17:17:25 | DEBUG    | fgvc.clustering.spherical_kmeans |   Init 10/10: inertia=3.734051
2026-08-19 17:17:25 | INFO     | fgvc.clustering.spherical_kmeans |   [Pine_Grosbeak] k_selected=2 | k_effective=2 | min_cluster=8 | max_cluster=17
2026-08-19 17:17:25 | INFO     | fgvc.clustering.spherical_kmeans |   [Pine_Warbler] 25 images
2026-08-19 17:17:25 | DEBUG    | fgvc.clustering.spherical_kmeans |   Init 1/5: inertia=3.399867
2026-08-19 17:17:25 | DEBUG    | fgvc.clustering.spherical_kmeans |   Init 2/5: inertia=3.353932
2026-08-19 17:17:25 | DEBUG    | fgvc.clustering.spherical_kmeans |   Init 3/5: inertia=3.360479
2026-08-19 17:17:25 | DEBUG    | fgvc.clustering.spherical_kmeans |   Init 4/5: inertia=3.377977
2026-08-19 17:17:25 | DEBUG    | fgvc.clustering.spherical_kmeans |   Init 5/5: inertia=3.261276
2026-08-19 17:17:25 | DEBUG    | fgvc.clustering.spherical_kmeans |   Init 1/5: inertia=3.244047
2026-08-19 17:17:25 | DEBUG    | fgvc.clustering.spherical_kmeans |   Init 2/5: inertia=3.143154
2026-08-19 17:17:25 | DEBUG    | fgvc.clustering.spherical_kmeans |   Init 3/5: inertia=3.159961
2026-08-19 17:17:25 | DEBUG    | fgvc.clustering.spherical_kmeans |   Init 4/5: inertia=3.216985
2026-08-19 17:17:25 | DEBUG    | fgvc.clustering.spherical_kmeans |   Init 5/5: inertia=3.121977
2026-08-19 17:17:25 | DEBUG    | fgvc.clustering.spherical_kmeans |   Init 1/5: inertia=3.046814
2026-08-19 17:17:25 | DEBUG    | fgvc.clustering.spherical_kmeans |   Init 2/5: inertia=2.975318
2026-08-19 17:17:25 | DEBUG    | fgvc.clustering.spherical_kmeans |   Init 3/5: inertia=2.968200
2026-08-19 17:17:25 | DEBUG    | fgvc.clustering.spherical_kmeans |   Init 4/5: inertia=2.858795
2026-08-19 17:17:25 | DEBUG    | fgvc.clustering.spherical_kmeans |   Init 5/5: inertia=2.732263
2026-08-19 17:17:25 | DEBUG    | fgvc.clustering.spherical_kmeans |   Init 1/5: inertia=2.838726
2026-08-19 17:17:25 | DEBUG    | fgvc.clustering.spherical_kmeans |   Init 2/5: inertia=2.678688
2026-08-19 17:17:25 | DEBUG    | fgvc.clustering.spherical_kmeans |   Init 3/5: inertia=2.682918
2026-08-19 17:17:25 | DEBUG    | fgvc.clustering.spherical_kmeans |   Init 4/5: inertia=2.573092
2026-08-19 17:17:25 | DEBUG    | fgvc.clustering.spherical_kmeans |   Init 5/5: inertia=2.691513
2026-08-19 17:17:25 | DEBUG    | fgvc.clustering.spherical_kmeans | K selection: best_k=2 | scores={2: {'silhouette': 0.0977, 'compactness': 0.8695, 'score': 0.3097}, 3: {'silhouette': 0.0341, 'compactness': 0.8751, 'score': 0.2129}, 4: {'silhouette': 0.0813, 'compactness': 0.8907, 'score': 0.1745}, 5: {'silhouette': 0.0812, 'compactness': 0.8971, 'score': 0.1097}}
2026-08-19 17:17:25 | DEBUG    | fgvc.clustering.spherical_kmeans |   Init 1/10: inertia=3.399867
2026-08-19 17:17:25 | DEBUG    | fgvc.clustering.spherical_kmeans |   Init 2/10: inertia=3.353932
2026-08-19 17:17:25 | DEBUG    | fgvc.clustering.spherical_kmeans |   Init 3/10: inertia=3.360479
2026-08-19 17:17:25 | DEBUG    | fgvc.clustering.spherical_kmeans |   Init 4/10: inertia=3.377977
2026-08-19 17:17:25 | DEBUG    | fgvc.clustering.spherical_kmeans |   Init 5/10: inertia=3.261276
2026-08-19 17:17:25 | DEBUG    | fgvc.clustering.spherical_kmeans |   Init 6/10: inertia=3.346317
2026-08-19 17:17:25 | DEBUG    | fgvc.clustering.spherical_kmeans |   Init 7/10: inertia=3.421105
2026-08-19 17:17:25 | DEBUG    | fgvc.clustering.spherical_kmeans |   Init 8/10: inertia=3.348821
2026-08-19 17:17:25 | DEBUG    | fgvc.clustering.spherical_kmeans |   Init 9/10: inertia=3.371111
2026-08-19 17:17:25 | DEBUG    | fgvc.clustering.spherical_kmeans |   Init 10/10: inertia=3.320756
2026-08-19 17:17:25 | INFO     | fgvc.clustering.spherical_kmeans |   [Pine_Warbler] k_selected=2 | k_effective=2 | min_cluster=11 | max_cluster=14
2026-08-19 17:17:25 | INFO     | fgvc.clustering.spherical_kmeans |   [Pomarine_Jaeger] 25 images
2026-08-19 17:17:25 | DEBUG    | fgvc.clustering.spherical_kmeans |   Init 1/5: inertia=4.294082
2026-08-19 17:17:25 | DEBUG    | fgvc.clustering.spherical_kmeans |   Init 2/5: inertia=4.036008
2026-08-19 17:17:25 | DEBUG    | fgvc.clustering.spherical_kmeans |   Init 3/5: inertia=4.508368
2026-08-19 17:17:25 | DEBUG    | fgvc.clustering.spherical_kmeans |   Init 4/5: inertia=4.426575
2026-08-19 17:17:25 | DEBUG    | fgvc.clustering.spherical_kmeans |   Init 5/5: inertia=4.419447
2026-08-19 17:17:25 | DEBUG    | fgvc.clustering.spherical_kmeans |   Init 1/5: inertia=3.858554
2026-08-19 17:17:25 | DEBUG    | fgvc.clustering.spherical_kmeans |   Init 2/5: inertia=3.872928
2026-08-19 17:17:25 | DEBUG    | fgvc.clustering.spherical_kmeans |   Init 3/5: inertia=4.041718
2026-08-19 17:17:25 | DEBUG    | fgvc.clustering.spherical_kmeans |   Init 4/5: inertia=3.812654
2026-08-19 17:17:25 | DEBUG    | fgvc.clustering.spherical_kmeans |   Init 5/5: inertia=4.060351
2026-08-19 17:17:25 | DEBUG    | fgvc.clustering.spherical_kmeans |   Init 1/5: inertia=3.588078
2026-08-19 17:17:25 | DEBUG    | fgvc.clustering.spherical_kmeans |   Init 2/5: inertia=3.756717
2026-08-19 17:17:25 | DEBUG    | fgvc.clustering.spherical_kmeans |   Init 3/5: inertia=3.509382
2026-08-19 17:17:25 | DEBUG    | fgvc.clustering.spherical_kmeans |   Init 4/5: inertia=3.864577
2026-08-19 17:17:25 | DEBUG    | fgvc.clustering.spherical_kmeans |   Init 5/5: inertia=3.470620
2026-08-19 17:17:25 | DEBUG    | fgvc.clustering.spherical_kmeans |   Init 1/5: inertia=3.188422
2026-08-19 17:17:25 | DEBUG    | fgvc.clustering.spherical_kmeans |   Init 2/5: inertia=3.365195
2026-08-19 17:17:25 | DEBUG    | fgvc.clustering.spherical_kmeans |   Init 3/5: inertia=3.279000
2026-08-19 17:17:25 | DEBUG    | fgvc.clustering.spherical_kmeans |   Init 4/5: inertia=3.275641
2026-08-19 17:17:25 | DEBUG    | fgvc.clustering.spherical_kmeans |   Init 5/5: inertia=3.220735
2026-08-19 17:17:25 | DEBUG    | fgvc.clustering.spherical_kmeans | K selection: best_k=2 | scores={2: {'silhouette': 0.1802, 'compactness': 0.8386, 'score': 0.3417}, 3: {'silhouette': 0.1245, 'compactness': 0.8475, 'score': 0.2499}, 4: {'silhouette': 0.0833, 'compactness': 0.8612, 'score': 0.1667}, 5: {'silhouette': 0.1259, 'compactness': 0.8725, 'score': 0.1247}}
2026-08-19 17:17:25 | DEBUG    | fgvc.clustering.spherical_kmeans |   Init 1/10: inertia=4.294082
2026-08-19 17:17:25 | DEBUG    | fgvc.clustering.spherical_kmeans |   Init 2/10: inertia=4.036008
2026-08-19 17:17:25 | DEBUG    | fgvc.clustering.spherical_kmeans |   Init 3/10: inertia=4.508368
2026-08-19 17:17:25 | DEBUG    | fgvc.clustering.spherical_kmeans |   Init 4/10: inertia=4.426575
2026-08-19 17:17:25 | DEBUG    | fgvc.clustering.spherical_kmeans |   Init 5/10: inertia=4.419447
2026-08-19 17:17:25 | DEBUG    | fgvc.clustering.spherical_kmeans |   Init 6/10: inertia=4.327504
2026-08-19 17:17:25 | DEBUG    | fgvc.clustering.spherical_kmeans |   Init 7/10: inertia=4.036008
2026-08-19 17:17:25 | DEBUG    | fgvc.clustering.spherical_kmeans |   Init 8/10: inertia=4.454472
2026-08-19 17:17:25 | DEBUG    | fgvc.clustering.spherical_kmeans |   Init 9/10: inertia=4.441498
2026-08-19 17:17:25 | DEBUG    | fgvc.clustering.spherical_kmeans |   Init 10/10: inertia=4.289794
2026-08-19 17:17:25 | INFO     | fgvc.clustering.spherical_kmeans |   [Pomarine_Jaeger] k_selected=2 | k_effective=2 | min_cluster=12 | max_cluster=13
2026-08-19 17:17:25 | INFO     | fgvc.clustering.spherical_kmeans |   [Prairie_Warbler] 25 images
2026-08-19 17:17:25 | DEBUG    | fgvc.clustering.spherical_kmeans |   Init 1/5: inertia=2.478780
2026-08-19 17:17:25 | DEBUG    | fgvc.clustering.spherical_kmeans |   Init 2/5: inertia=2.614397
2026-08-19 17:17:25 | DEBUG    | fgvc.clustering.spherical_kmeans |   Init 3/5: inertia=2.504364
2026-08-19 17:17:25 | DEBUG    | fgvc.clustering.spherical_kmeans |   Init 4/5: inertia=2.561642
2026-08-19 17:17:25 | DEBUG    | fgvc.clustering.spherical_kmeans |   Init 5/5: inertia=2.516828
2026-08-19 17:17:25 | DEBUG    | fgvc.clustering.spherical_kmeans |   Init 1/5: inertia=2.379791
2026-08-19 17:17:25 | DEBUG    | fgvc.clustering.spherical_kmeans |   Init 2/5: inertia=2.280339
2026-08-19 17:17:25 | DEBUG    | fgvc.clustering.spherical_kmeans |   Init 3/5: inertia=2.278608
2026-08-19 17:17:25 | DEBUG    | fgvc.clustering.spherical_kmeans |   Init 4/5: inertia=2.332265
2026-08-19 17:17:25 | DEBUG    | fgvc.clustering.spherical_kmeans |   Init 5/5: inertia=2.377129
2026-08-19 17:17:25 | DEBUG    | fgvc.clustering.spherical_kmeans |   Init 1/5: inertia=2.198737
2026-08-19 17:17:25 | DEBUG    | fgvc.clustering.spherical_kmeans |   Init 2/5: inertia=2.217803
2026-08-19 17:17:25 | DEBUG    | fgvc.clustering.spherical_kmeans |   Init 3/5: inertia=2.208816
2026-08-19 17:17:25 | DEBUG    | fgvc.clustering.spherical_kmeans |   Init 4/5: inertia=2.063177
2026-08-19 17:17:25 | DEBUG    | fgvc.clustering.spherical_kmeans |   Init 5/5: inertia=2.112452
2026-08-19 17:17:25 | DEBUG    | fgvc.clustering.spherical_kmeans |   Init 1/5: inertia=2.094497
2026-08-19 17:17:25 | DEBUG    | fgvc.clustering.spherical_kmeans |   Init 2/5: inertia=2.011801
2026-08-19 17:17:25 | DEBUG    | fgvc.clustering.spherical_kmeans |   Init 3/5: inertia=1.919447
2026-08-19 17:17:25 | DEBUG    | fgvc.clustering.spherical_kmeans |   Init 4/5: inertia=2.017438
2026-08-19 17:17:25 | DEBUG    | fgvc.clustering.spherical_kmeans |   Init 5/5: inertia=2.050257
2026-08-19 17:17:25 | DEBUG    | fgvc.clustering.spherical_kmeans | K selection: best_k=2 | scores={2: {'silhouette': 0.2155, 'compactness': 0.9008, 'score': 0.378}, 3: {'silhouette': 0.2895, 'compactness': 0.9089, 'score': 0.3508}, 4: {'silhouette': 0.1228, 'compactness': 0.9175, 'score': 0.2033}, 5: {'silhouette': 0.1787, 'compactness': 0.9232, 'score': 0.1663}}
2026-08-19 17:17:25 | DEBUG    | fgvc.clustering.spherical_kmeans |   Init 1/10: inertia=2.478780
2026-08-19 17:17:25 | DEBUG    | fgvc.clustering.spherical_kmeans |   Init 2/10: inertia=2.614397
2026-08-19 17:17:25 | DEBUG    | fgvc.clustering.spherical_kmeans |   Init 3/10: inertia=2.504364
2026-08-19 17:17:25 | DEBUG    | fgvc.clustering.spherical_kmeans |   Init 4/10: inertia=2.561642
2026-08-19 17:17:25 | DEBUG    | fgvc.clustering.spherical_kmeans |   Init 5/10: inertia=2.516828
2026-08-19 17:17:25 | DEBUG    | fgvc.clustering.spherical_kmeans |   Init 6/10: inertia=2.516828
2026-08-19 17:17:25 | DEBUG    | fgvc.clustering.spherical_kmeans |   Init 7/10: inertia=2.475098
2026-08-19 17:17:25 | DEBUG    | fgvc.clustering.spherical_kmeans |   Init 8/10: inertia=2.566374
2026-08-19 17:17:25 | DEBUG    | fgvc.clustering.spherical_kmeans |   Init 9/10: inertia=2.641237
2026-08-19 17:17:25 | DEBUG    | fgvc.clustering.spherical_kmeans |   Init 10/10: inertia=2.470656
2026-08-19 17:17:25 | INFO     | fgvc.clustering.spherical_kmeans |   [Prairie_Warbler] k_selected=2 | k_effective=2 | min_cluster=5 | max_cluster=20
2026-08-19 17:17:25 | INFO     | fgvc.clustering.spherical_kmeans |   [Prothonotary_Warbler] 25 images
2026-08-19 17:17:25 | DEBUG    | fgvc.clustering.spherical_kmeans |   Init 1/5: inertia=3.014757
2026-08-19 17:17:25 | DEBUG    | fgvc.clustering.spherical_kmeans |   Init 2/5: inertia=2.978917
2026-08-19 17:17:25 | DEBUG    | fgvc.clustering.spherical_kmeans |   Init 3/5: inertia=3.045101
2026-08-19 17:17:25 | DEBUG    | fgvc.clustering.spherical_kmeans |   Init 4/5: inertia=3.111634
2026-08-19 17:17:25 | DEBUG    | fgvc.clustering.spherical_kmeans |   Init 5/5: inertia=3.125996
2026-08-19 17:17:25 | DEBUG    | fgvc.clustering.spherical_kmeans |   Init 1/5: inertia=2.795242
2026-08-19 17:17:25 | DEBUG    | fgvc.clustering.spherical_kmeans |   Init 2/5: inertia=2.824836
2026-08-19 17:17:25 | DEBUG    | fgvc.clustering.spherical_kmeans |   Init 3/5: inertia=2.803975
2026-08-19 17:17:25 | DEBUG    | fgvc.clustering.spherical_kmeans |   Init 4/5: inertia=2.817474
2026-08-19 17:17:25 | DEBUG    | fgvc.clustering.spherical_kmeans |   Init 5/5: inertia=2.731596
2026-08-19 17:17:25 | DEBUG    | fgvc.clustering.spherical_kmeans |   Init 1/5: inertia=2.593212
2026-08-19 17:17:25 | DEBUG    | fgvc.clustering.spherical_kmeans |   Init 2/5: inertia=2.628193
2026-08-19 17:17:25 | DEBUG    | fgvc.clustering.spherical_kmeans |   Init 3/5: inertia=2.555722
2026-08-19 17:17:25 | DEBUG    | fgvc.clustering.spherical_kmeans |   Init 4/5: inertia=2.647780
2026-08-19 17:17:25 | DEBUG    | fgvc.clustering.spherical_kmeans |   Init 5/5: inertia=2.616827
2026-08-19 17:17:25 | DEBUG    | fgvc.clustering.spherical_kmeans |   Init 1/5: inertia=2.418380
2026-08-19 17:17:25 | DEBUG    | fgvc.clustering.spherical_kmeans |   Init 2/5: inertia=2.365806
2026-08-19 17:17:25 | DEBUG    | fgvc.clustering.spherical_kmeans |   Init 3/5: inertia=2.418582
2026-08-19 17:17:25 | DEBUG    | fgvc.clustering.spherical_kmeans |   Init 4/5: inertia=2.324496
2026-08-19 17:17:25 | DEBUG    | fgvc.clustering.spherical_kmeans |   Init 5/5: inertia=2.580553
2026-08-19 17:17:25 | DEBUG    | fgvc.clustering.spherical_kmeans | K selection: best_k=2 | scores={2: {'silhouette': 0.169, 'compactness': 0.8808, 'score': 0.3488}, 3: {'silhouette': 0.0959, 'compactness': 0.8907, 'score': 0.2485}, 4: {'silhouette': 0.0584, 'compactness': 0.8978, 'score': 0.1652}, 5: {'silhouette': 0.0983, 'compactness': 0.907, 'score': 0.1212}}
2026-08-19 17:17:25 | DEBUG    | fgvc.clustering.spherical_kmeans |   Init 1/10: inertia=3.014757
2026-08-19 17:17:25 | DEBUG    | fgvc.clustering.spherical_kmeans |   Init 2/10: inertia=2.978917
2026-08-19 17:17:25 | DEBUG    | fgvc.clustering.spherical_kmeans |   Init 3/10: inertia=3.045101
2026-08-19 17:17:25 | DEBUG    | fgvc.clustering.spherical_kmeans |   Init 4/10: inertia=3.111634
2026-08-19 17:17:25 | DEBUG    | fgvc.clustering.spherical_kmeans |   Init 5/10: inertia=3.125996
2026-08-19 17:17:25 | DEBUG    | fgvc.clustering.spherical_kmeans |   Init 6/10: inertia=3.011317
2026-08-19 17:17:25 | DEBUG    | fgvc.clustering.spherical_kmeans |   Init 7/10: inertia=3.040002
2026-08-19 17:17:25 | DEBUG    | fgvc.clustering.spherical_kmeans |   Init 8/10: inertia=2.970075
2026-08-19 17:17:25 | DEBUG    | fgvc.clustering.spherical_kmeans |   Init 9/10: inertia=3.198878
2026-08-19 17:17:25 | DEBUG    | fgvc.clustering.spherical_kmeans |   Init 10/10: inertia=2.951530
2026-08-19 17:17:25 | INFO     | fgvc.clustering.spherical_kmeans |   [Prothonotary_Warbler] k_selected=2 | k_effective=2 | min_cluster=5 | max_cluster=20
2026-08-19 17:17:25 | INFO     | fgvc.clustering.spherical_kmeans |   [Purple_Finch] 25 images
2026-08-19 17:17:25 | DEBUG    | fgvc.clustering.spherical_kmeans |   Init 1/5: inertia=2.965977
2026-08-19 17:17:25 | DEBUG    | fgvc.clustering.spherical_kmeans |   Init 2/5: inertia=2.948973
2026-08-19 17:17:25 | DEBUG    | fgvc.clustering.spherical_kmeans |   Init 3/5: inertia=2.944906
2026-08-19 17:17:25 | DEBUG    | fgvc.clustering.spherical_kmeans |   Init 4/5: inertia=2.991251
2026-08-19 17:17:25 | DEBUG    | fgvc.clustering.spherical_kmeans |   Init 5/5: inertia=2.970424
2026-08-19 17:17:25 | DEBUG    | fgvc.clustering.spherical_kmeans |   Init 1/5: inertia=2.533372
2026-08-19 17:17:25 | DEBUG    | fgvc.clustering.spherical_kmeans |   Init 2/5: inertia=2.664874
2026-08-19 17:17:25 | DEBUG    | fgvc.clustering.spherical_kmeans |   Init 3/5: inertia=2.694849
2026-08-19 17:17:25 | DEBUG    | fgvc.clustering.spherical_kmeans |   Init 4/5: inertia=2.714269
2026-08-19 17:17:25 | DEBUG    | fgvc.clustering.spherical_kmeans |   Init 5/5: inertia=2.597825
2026-08-19 17:17:25 | DEBUG    | fgvc.clustering.spherical_kmeans |   Init 1/5: inertia=2.370138
2026-08-19 17:17:25 | DEBUG    | fgvc.clustering.spherical_kmeans |   Init 2/5: inertia=2.571347
2026-08-19 17:17:25 | DEBUG    | fgvc.clustering.spherical_kmeans |   Init 3/5: inertia=2.454023
2026-08-19 17:17:25 | DEBUG    | fgvc.clustering.spherical_kmeans |   Init 4/5: inertia=2.638368
2026-08-19 17:17:25 | DEBUG    | fgvc.clustering.spherical_kmeans |   Init 5/5: inertia=2.418473
2026-08-19 17:17:25 | DEBUG    | fgvc.clustering.spherical_kmeans |   Init 1/5: inertia=2.233204
2026-08-19 17:17:25 | DEBUG    | fgvc.clustering.spherical_kmeans |   Init 2/5: inertia=2.409443
2026-08-19 17:17:25 | DEBUG    | fgvc.clustering.spherical_kmeans |   Init 3/5: inertia=2.391015
2026-08-19 17:17:25 | DEBUG    | fgvc.clustering.spherical_kmeans |   Init 4/5: inertia=2.538139
2026-08-19 17:17:25 | DEBUG    | fgvc.clustering.spherical_kmeans |   Init 5/5: inertia=2.148655
2026-08-19 17:17:25 | DEBUG    | fgvc.clustering.spherical_kmeans | K selection: best_k=2 | scores={2: {'silhouette': 0.1298, 'compactness': 0.8822, 'score': 0.3296}, 3: {'silhouette': 0.2312, 'compactness': 0.8987, 'score': 0.3185}, 4: {'silhouette': 0.1511, 'compactness': 0.9052, 'score': 0.2138}, 5: {'silhouette': 0.0473, 'compactness': 0.9141, 'score': 0.0979}}
2026-08-19 17:17:25 | DEBUG    | fgvc.clustering.spherical_kmeans |   Init 1/10: inertia=2.965977
2026-08-19 17:17:25 | DEBUG    | fgvc.clustering.spherical_kmeans |   Init 2/10: inertia=2.948973
2026-08-19 17:17:25 | DEBUG    | fgvc.clustering.spherical_kmeans |   Init 3/10: inertia=2.944906
2026-08-19 17:17:25 | DEBUG    | fgvc.clustering.spherical_kmeans |   Init 4/10: inertia=2.991251
2026-08-19 17:17:25 | DEBUG    | fgvc.clustering.spherical_kmeans |   Init 5/10: inertia=2.970424
2026-08-19 17:17:25 | DEBUG    | fgvc.clustering.spherical_kmeans |   Init 6/10: inertia=3.000823
2026-08-19 17:17:25 | DEBUG    | fgvc.clustering.spherical_kmeans |   Init 7/10: inertia=3.000663
2026-08-19 17:17:25 | DEBUG    | fgvc.clustering.spherical_kmeans |   Init 8/10: inertia=2.838978
2026-08-19 17:17:25 | DEBUG    | fgvc.clustering.spherical_kmeans |   Init 9/10: inertia=2.970424
2026-08-19 17:17:25 | DEBUG    | fgvc.clustering.spherical_kmeans |   Init 10/10: inertia=2.914170
2026-08-19 17:17:25 | INFO     | fgvc.clustering.spherical_kmeans |   [Purple_Finch] k_selected=2 | k_effective=2 | min_cluster=7 | max_cluster=18
2026-08-19 17:17:25 | INFO     | fgvc.clustering.spherical_kmeans |   [Red_bellied_Woodpecker] 25 images
2026-08-19 17:17:25 | DEBUG    | fgvc.clustering.spherical_kmeans |   Init 1/5: inertia=1.873472
2026-08-19 17:17:25 | DEBUG    | fgvc.clustering.spherical_kmeans |   Init 2/5: inertia=1.913695
2026-08-19 17:17:25 | DEBUG    | fgvc.clustering.spherical_kmeans |   Init 3/5: inertia=1.887326
2026-08-19 17:17:25 | DEBUG    | fgvc.clustering.spherical_kmeans |   Init 4/5: inertia=1.852229
2026-08-19 17:17:25 | DEBUG    | fgvc.clustering.spherical_kmeans |   Init 5/5: inertia=1.900757
2026-08-19 17:17:25 | DEBUG    | fgvc.clustering.spherical_kmeans |   Init 1/5: inertia=1.646029
2026-08-19 17:17:25 | DEBUG    | fgvc.clustering.spherical_kmeans |   Init 2/5: inertia=1.600981
2026-08-19 17:17:25 | DEBUG    | fgvc.clustering.spherical_kmeans |   Init 3/5: inertia=1.823062
2026-08-19 17:17:25 | DEBUG    | fgvc.clustering.spherical_kmeans |   Init 4/5: inertia=1.736467
2026-08-19 17:17:25 | DEBUG    | fgvc.clustering.spherical_kmeans |   Init 5/5: inertia=1.653587
2026-08-19 17:17:25 | DEBUG    | fgvc.clustering.spherical_kmeans |   Init 1/5: inertia=1.541317
2026-08-19 17:17:25 | DEBUG    | fgvc.clustering.spherical_kmeans |   Init 2/5: inertia=1.597458
2026-08-19 17:17:25 | DEBUG    | fgvc.clustering.spherical_kmeans |   Init 3/5: inertia=1.665007
2026-08-19 17:17:25 | DEBUG    | fgvc.clustering.spherical_kmeans |   Init 4/5: inertia=1.584947
2026-08-19 17:17:25 | DEBUG    | fgvc.clustering.spherical_kmeans |   Init 5/5: inertia=1.656437
2026-08-19 17:17:25 | DEBUG    | fgvc.clustering.spherical_kmeans |   Init 1/5: inertia=1.447846
2026-08-19 17:17:25 | DEBUG    | fgvc.clustering.spherical_kmeans |   Init 2/5: inertia=1.505508
2026-08-19 17:17:25 | DEBUG    | fgvc.clustering.spherical_kmeans |   Init 3/5: inertia=1.447019
2026-08-19 17:17:25 | DEBUG    | fgvc.clustering.spherical_kmeans |   Init 4/5: inertia=1.379125
2026-08-19 17:17:25 | DEBUG    | fgvc.clustering.spherical_kmeans |   Init 5/5: inertia=1.464165
2026-08-19 17:17:25 | DEBUG    | fgvc.clustering.spherical_kmeans | K selection: best_k=2 | scores={2: {'silhouette': 0.3596, 'compactness': 0.9259, 'score': 0.4576}, 3: {'silhouette': 0.1137, 'compactness': 0.936, 'score': 0.271}, 4: {'silhouette': 0.1019, 'compactness': 0.9383, 'score': 0.1991}, 5: {'silhouette': 0.0716, 'compactness': 0.9448, 'score': 0.1193}}
2026-08-19 17:17:25 | DEBUG    | fgvc.clustering.spherical_kmeans |   Init 1/10: inertia=1.873472
2026-08-19 17:17:25 | DEBUG    | fgvc.clustering.spherical_kmeans |   Init 2/10: inertia=1.913695
2026-08-19 17:17:25 | DEBUG    | fgvc.clustering.spherical_kmeans |   Init 3/10: inertia=1.887326
2026-08-19 17:17:25 | DEBUG    | fgvc.clustering.spherical_kmeans |   Init 4/10: inertia=1.852229
2026-08-19 17:17:25 | DEBUG    | fgvc.clustering.spherical_kmeans |   Init 5/10: inertia=1.900757
2026-08-19 17:17:25 | DEBUG    | fgvc.clustering.spherical_kmeans |   Init 6/10: inertia=1.883508
2026-08-19 17:17:25 | DEBUG    | fgvc.clustering.spherical_kmeans |   Init 7/10: inertia=1.890671
2026-08-19 17:17:25 | DEBUG    | fgvc.clustering.spherical_kmeans |   Init 8/10: inertia=1.856429
2026-08-19 17:17:25 | DEBUG    | fgvc.clustering.spherical_kmeans |   Init 9/10: inertia=1.973817
2026-08-19 17:17:25 | DEBUG    | fgvc.clustering.spherical_kmeans |   Init 10/10: inertia=1.809761
2026-08-19 17:17:25 | INFO     | fgvc.clustering.spherical_kmeans |   [Red_bellied_Woodpecker] k_selected=2 | k_effective=1 | min_cluster=25 | max_cluster=25
2026-08-19 17:17:25 | INFO     | fgvc.clustering.spherical_kmeans |   [Red_breasted_Merganser] 25 images
2026-08-19 17:17:25 | DEBUG    | fgvc.clustering.spherical_kmeans |   Init 1/5: inertia=4.213083
2026-08-19 17:17:25 | DEBUG    | fgvc.clustering.spherical_kmeans |   Init 2/5: inertia=3.981586
2026-08-19 17:17:25 | DEBUG    | fgvc.clustering.spherical_kmeans |   Init 3/5: inertia=3.656813
2026-08-19 17:17:25 | DEBUG    | fgvc.clustering.spherical_kmeans |   Init 4/5: inertia=3.651598
2026-08-19 17:17:25 | DEBUG    | fgvc.clustering.spherical_kmeans |   Init 5/5: inertia=3.656813
2026-08-19 17:17:25 | DEBUG    | fgvc.clustering.spherical_kmeans |   Init 1/5: inertia=3.564102
2026-08-19 17:17:25 | DEBUG    | fgvc.clustering.spherical_kmeans |   Init 2/5: inertia=3.593969
2026-08-19 17:17:25 | DEBUG    | fgvc.clustering.spherical_kmeans |   Init 3/5: inertia=3.618834
2026-08-19 17:17:25 | DEBUG    | fgvc.clustering.spherical_kmeans |   Init 4/5: inertia=4.100946
2026-08-19 17:17:25 | DEBUG    | fgvc.clustering.spherical_kmeans |   Init 5/5: inertia=3.841290
2026-08-19 17:17:25 | DEBUG    | fgvc.clustering.spherical_kmeans |   Init 1/5: inertia=2.721731
2026-08-19 17:17:25 | DEBUG    | fgvc.clustering.spherical_kmeans |   Init 2/5: inertia=2.867405
2026-08-19 17:17:25 | DEBUG    | fgvc.clustering.spherical_kmeans |   Init 3/5: inertia=2.721731
2026-08-19 17:17:25 | DEBUG    | fgvc.clustering.spherical_kmeans |   Init 4/5: inertia=3.097730
2026-08-19 17:17:25 | DEBUG    | fgvc.clustering.spherical_kmeans |   Init 5/5: inertia=2.977770
2026-08-19 17:17:25 | DEBUG    | fgvc.clustering.spherical_kmeans |   Init 1/5: inertia=2.612880
2026-08-19 17:17:25 | DEBUG    | fgvc.clustering.spherical_kmeans |   Init 2/5: inertia=2.642053
2026-08-19 17:17:25 | DEBUG    | fgvc.clustering.spherical_kmeans |   Init 3/5: inertia=2.646987
2026-08-19 17:17:25 | DEBUG    | fgvc.clustering.spherical_kmeans |   Init 4/5: inertia=2.748156
2026-08-19 17:17:25 | DEBUG    | fgvc.clustering.spherical_kmeans |   Init 5/5: inertia=2.672884
2026-08-19 17:17:25 | DEBUG    | fgvc.clustering.spherical_kmeans | K selection: best_k=2 | scores={2: {'silhouette': 0.2751, 'compactness': 0.8539, 'score': 0.3937}, 3: {'silhouette': 0.2922, 'compactness': 0.8574, 'score': 0.3367}, 4: {'silhouette': 0.3206, 'compactness': 0.8911, 'score': 0.2943}, 5: {'silhouette': 0.1896, 'compactness': 0.8955, 'score': 0.1635}}
2026-08-19 17:17:25 | DEBUG    | fgvc.clustering.spherical_kmeans |   Init 1/10: inertia=4.213083
2026-08-19 17:17:25 | DEBUG    | fgvc.clustering.spherical_kmeans |   Init 2/10: inertia=3.981586
2026-08-19 17:17:25 | DEBUG    | fgvc.clustering.spherical_kmeans |   Init 3/10: inertia=3.656813
2026-08-19 17:17:25 | DEBUG    | fgvc.clustering.spherical_kmeans |   Init 4/10: inertia=3.651598
2026-08-19 17:17:25 | DEBUG    | fgvc.clustering.spherical_kmeans |   Init 5/10: inertia=3.656813
2026-08-19 17:17:25 | DEBUG    | fgvc.clustering.spherical_kmeans |   Init 6/10: inertia=3.981586
2026-08-19 17:17:25 | DEBUG    | fgvc.clustering.spherical_kmeans |   Init 7/10: inertia=3.969267
2026-08-19 17:17:25 | DEBUG    | fgvc.clustering.spherical_kmeans |   Init 8/10: inertia=3.633803
2026-08-19 17:17:25 | DEBUG    | fgvc.clustering.spherical_kmeans |   Init 9/10: inertia=3.633803
2026-08-19 17:17:25 | DEBUG    | fgvc.clustering.spherical_kmeans |   Init 10/10: inertia=3.656813
2026-08-19 17:17:25 | INFO     | fgvc.clustering.spherical_kmeans |   [Red_breasted_Merganser] k_selected=2 | k_effective=2 | min_cluster=10 | max_cluster=15
2026-08-19 17:17:25 | INFO     | fgvc.clustering.spherical_kmeans |   [Red_cockaded_Woodpecker] 25 images
2026-08-19 17:17:25 | DEBUG    | fgvc.clustering.spherical_kmeans |   Init 1/5: inertia=2.476706
2026-08-19 17:17:25 | DEBUG    | fgvc.clustering.spherical_kmeans |   Init 2/5: inertia=2.468005
2026-08-19 17:17:25 | DEBUG    | fgvc.clustering.spherical_kmeans |   Init 3/5: inertia=2.426255
2026-08-19 17:17:25 | DEBUG    | fgvc.clustering.spherical_kmeans |   Init 4/5: inertia=2.564412
2026-08-19 17:17:25 | DEBUG    | fgvc.clustering.spherical_kmeans |   Init 5/5: inertia=2.437674
2026-08-19 17:17:25 | DEBUG    | fgvc.clustering.spherical_kmeans |   Init 1/5: inertia=2.262114
2026-08-19 17:17:25 | DEBUG    | fgvc.clustering.spherical_kmeans |   Init 2/5: inertia=2.302979
2026-08-19 17:17:25 | DEBUG    | fgvc.clustering.spherical_kmeans |   Init 3/5: inertia=2.209599
2026-08-19 17:17:25 | DEBUG    | fgvc.clustering.spherical_kmeans |   Init 4/5: inertia=2.260039
2026-08-19 17:17:25 | DEBUG    | fgvc.clustering.spherical_kmeans |   Init 5/5: inertia=2.405648
2026-08-19 17:17:25 | DEBUG    | fgvc.clustering.spherical_kmeans |   Init 1/5: inertia=2.145077
2026-08-19 17:17:25 | DEBUG    | fgvc.clustering.spherical_kmeans |   Init 2/5: inertia=2.118888
2026-08-19 17:17:25 | DEBUG    | fgvc.clustering.spherical_kmeans |   Init 3/5: inertia=2.139308
2026-08-19 17:17:25 | DEBUG    | fgvc.clustering.spherical_kmeans |   Init 4/5: inertia=2.117945
2026-08-19 17:17:25 | DEBUG    | fgvc.clustering.spherical_kmeans |   Init 5/5: inertia=2.094838
2026-08-19 17:17:25 | DEBUG    | fgvc.clustering.spherical_kmeans |   Init 1/5: inertia=1.936704
2026-08-19 17:17:25 | DEBUG    | fgvc.clustering.spherical_kmeans |   Init 2/5: inertia=1.942298
2026-08-19 17:17:25 | DEBUG    | fgvc.clustering.spherical_kmeans |   Init 3/5: inertia=1.956194
2026-08-19 17:17:25 | DEBUG    | fgvc.clustering.spherical_kmeans |   Init 4/5: inertia=1.952473
2026-08-19 17:17:25 | DEBUG    | fgvc.clustering.spherical_kmeans |   Init 5/5: inertia=1.968653
2026-08-19 17:17:25 | DEBUG    | fgvc.clustering.spherical_kmeans | K selection: best_k=2 | scores={2: {'silhouette': 0.254, 'compactness': 0.9029, 'score': 0.3979}, 3: {'silhouette': 0.1011, 'compactness': 0.9116, 'score': 0.2574}, 4: {'silhouette': 0.193, 'compactness': 0.9162, 'score': 0.238}, 5: {'silhouette': 0.0644, 'compactness': 0.9225, 'score': 0.109}}
2026-08-19 17:17:25 | DEBUG    | fgvc.clustering.spherical_kmeans |   Init 1/10: inertia=2.476706
2026-08-19 17:17:25 | DEBUG    | fgvc.clustering.spherical_kmeans |   Init 2/10: inertia=2.468005
2026-08-19 17:17:25 | DEBUG    | fgvc.clustering.spherical_kmeans |   Init 3/10: inertia=2.426255
2026-08-19 17:17:25 | DEBUG    | fgvc.clustering.spherical_kmeans |   Init 4/10: inertia=2.564412
2026-08-19 17:17:25 | DEBUG    | fgvc.clustering.spherical_kmeans |   Init 5/10: inertia=2.437674
2026-08-19 17:17:25 | DEBUG    | fgvc.clustering.spherical_kmeans |   Init 6/10: inertia=2.523545
2026-08-19 17:17:25 | DEBUG    | fgvc.clustering.spherical_kmeans |   Init 7/10: inertia=2.479485
2026-08-19 17:17:25 | DEBUG    | fgvc.clustering.spherical_kmeans |   Init 8/10: inertia=2.568617
2026-08-19 17:17:25 | DEBUG    | fgvc.clustering.spherical_kmeans |   Init 9/10: inertia=2.541796
2026-08-19 17:17:25 | DEBUG    | fgvc.clustering.spherical_kmeans |   Init 10/10: inertia=2.583549
2026-08-19 17:17:25 | INFO     | fgvc.clustering.spherical_kmeans |   [Red_cockaded_Woodpecker] k_selected=2 | k_effective=1 | min_cluster=25 | max_cluster=25
2026-08-19 17:17:25 | INFO     | fgvc.clustering.spherical_kmeans |   [Red_eyed_Vireo] 25 images
2026-08-19 17:17:25 | DEBUG    | fgvc.clustering.spherical_kmeans |   Init 1/5: inertia=3.476872
2026-08-19 17:17:25 | DEBUG    | fgvc.clustering.spherical_kmeans |   Init 2/5: inertia=3.519609
2026-08-19 17:17:25 | DEBUG    | fgvc.clustering.spherical_kmeans |   Init 3/5: inertia=3.553762
2026-08-19 17:17:25 | DEBUG    | fgvc.clustering.spherical_kmeans |   Init 4/5: inertia=3.457262
2026-08-19 17:17:25 | DEBUG    | fgvc.clustering.spherical_kmeans |   Init 5/5: inertia=3.464711
2026-08-19 17:17:25 | DEBUG    | fgvc.clustering.spherical_kmeans |   Init 1/5: inertia=3.126301
2026-08-19 17:17:25 | DEBUG    | fgvc.clustering.spherical_kmeans |   Init 2/5: inertia=3.259378
2026-08-19 17:17:25 | DEBUG    | fgvc.clustering.spherical_kmeans |   Init 3/5: inertia=3.162360
2026-08-19 17:17:25 | DEBUG    | fgvc.clustering.spherical_kmeans |   Init 4/5: inertia=3.215508
2026-08-19 17:17:25 | DEBUG    | fgvc.clustering.spherical_kmeans |   Init 5/5: inertia=3.258249
2026-08-19 17:17:25 | DEBUG    | fgvc.clustering.spherical_kmeans |   Init 1/5: inertia=2.928796
2026-08-19 17:17:25 | DEBUG    | fgvc.clustering.spherical_kmeans |   Init 2/5: inertia=2.875350
2026-08-19 17:17:25 | DEBUG    | fgvc.clustering.spherical_kmeans |   Init 3/5: inertia=3.135031
2026-08-19 17:17:25 | DEBUG    | fgvc.clustering.spherical_kmeans |   Init 4/5: inertia=2.895241
2026-08-19 17:17:25 | DEBUG    | fgvc.clustering.spherical_kmeans |   Init 5/5: inertia=3.120912
2026-08-19 17:17:25 | DEBUG    | fgvc.clustering.spherical_kmeans |   Init 1/5: inertia=2.718291
2026-08-19 17:17:25 | DEBUG    | fgvc.clustering.spherical_kmeans |   Init 2/5: inertia=2.716225
2026-08-19 17:17:25 | DEBUG    | fgvc.clustering.spherical_kmeans |   Init 3/5: inertia=2.604215
2026-08-19 17:17:25 | DEBUG    | fgvc.clustering.spherical_kmeans |   Init 4/5: inertia=2.873428
2026-08-19 17:17:25 | DEBUG    | fgvc.clustering.spherical_kmeans |   Init 5/5: inertia=2.723123
2026-08-19 17:17:25 | DEBUG    | fgvc.clustering.spherical_kmeans | K selection: best_k=2 | scores={2: {'silhouette': 0.2377, 'compactness': 0.8617, 'score': 0.3774}, 3: {'silhouette': 0.1148, 'compactness': 0.8749, 'score': 0.2532}, 4: {'silhouette': 0.0352, 'compactness': 0.885, 'score': 0.1497}, 5: {'silhouette': 0.0657, 'compactness': 0.8958, 'score': 0.1016}}
2026-08-19 17:17:25 | DEBUG    | fgvc.clustering.spherical_kmeans |   Init 1/10: inertia=3.476872
2026-08-19 17:17:25 | DEBUG    | fgvc.clustering.spherical_kmeans |   Init 2/10: inertia=3.519609
2026-08-19 17:17:25 | DEBUG    | fgvc.clustering.spherical_kmeans |   Init 3/10: inertia=3.553762
2026-08-19 17:17:25 | DEBUG    | fgvc.clustering.spherical_kmeans |   Init 4/10: inertia=3.457262
2026-08-19 17:17:25 | DEBUG    | fgvc.clustering.spherical_kmeans |   Init 5/10: inertia=3.464711
2026-08-19 17:17:25 | DEBUG    | fgvc.clustering.spherical_kmeans |   Init 6/10: inertia=3.637655
2026-08-19 17:17:25 | DEBUG    | fgvc.clustering.spherical_kmeans |   Init 7/10: inertia=3.462104
2026-08-19 17:17:25 | DEBUG    | fgvc.clustering.spherical_kmeans |   Init 8/10: inertia=3.526570
2026-08-19 17:17:25 | DEBUG    | fgvc.clustering.spherical_kmeans |   Init 9/10: inertia=3.441214
2026-08-19 17:17:25 | DEBUG    | fgvc.clustering.spherical_kmeans |   Init 10/10: inertia=3.566042
2026-08-19 17:17:25 | INFO     | fgvc.clustering.spherical_kmeans |   [Red_eyed_Vireo] k_selected=2 | k_effective=1 | min_cluster=25 | max_cluster=25
2026-08-19 17:17:25 | INFO     | fgvc.clustering.spherical_kmeans |   [Red_faced_Cormorant] 25 images
2026-08-19 17:17:25 | DEBUG    | fgvc.clustering.spherical_kmeans |   Init 1/5: inertia=3.550167
2026-08-19 17:17:25 | DEBUG    | fgvc.clustering.spherical_kmeans |   Init 2/5: inertia=3.806427
2026-08-19 17:17:25 | DEBUG    | fgvc.clustering.spherical_kmeans |   Init 3/5: inertia=3.550167
2026-08-19 17:17:25 | DEBUG    | fgvc.clustering.spherical_kmeans |   Init 4/5: inertia=3.624398
2026-08-19 17:17:25 | DEBUG    | fgvc.clustering.spherical_kmeans |   Init 5/5: inertia=4.267752
2026-08-19 17:17:25 | DEBUG    | fgvc.clustering.spherical_kmeans |   Init 1/5: inertia=3.141438
2026-08-19 17:17:25 | DEBUG    | fgvc.clustering.spherical_kmeans |   Init 2/5: inertia=3.267256
2026-08-19 17:17:25 | DEBUG    | fgvc.clustering.spherical_kmeans |   Init 3/5: inertia=3.649658
2026-08-19 17:17:25 | DEBUG    | fgvc.clustering.spherical_kmeans |   Init 4/5: inertia=3.291061
2026-08-19 17:17:25 | DEBUG    | fgvc.clustering.spherical_kmeans |   Init 5/5: inertia=3.208624
2026-08-19 17:17:25 | DEBUG    | fgvc.clustering.spherical_kmeans |   Init 1/5: inertia=2.928286
2026-08-19 17:17:25 | DEBUG    | fgvc.clustering.spherical_kmeans |   Init 2/5: inertia=2.948083
2026-08-19 17:17:25 | DEBUG    | fgvc.clustering.spherical_kmeans |   Init 3/5: inertia=3.035923
2026-08-19 17:17:25 | DEBUG    | fgvc.clustering.spherical_kmeans |   Init 4/5: inertia=3.124475
2026-08-19 17:17:25 | DEBUG    | fgvc.clustering.spherical_kmeans |   Init 5/5: inertia=2.891292
2026-08-19 17:17:25 | DEBUG    | fgvc.clustering.spherical_kmeans |   Init 1/5: inertia=2.641809
2026-08-19 17:17:25 | DEBUG    | fgvc.clustering.spherical_kmeans |   Init 2/5: inertia=2.693104
2026-08-19 17:17:25 | DEBUG    | fgvc.clustering.spherical_kmeans |   Init 3/5: inertia=2.645719
2026-08-19 17:17:25 | DEBUG    | fgvc.clustering.spherical_kmeans |   Init 4/5: inertia=2.651823
2026-08-19 17:17:25 | DEBUG    | fgvc.clustering.spherical_kmeans |   Init 5/5: inertia=2.916072
2026-08-19 17:17:25 | DEBUG    | fgvc.clustering.spherical_kmeans | K selection: best_k=2 | scores={2: {'silhouette': 0.4704, 'compactness': 0.858, 'score': 0.4926}, 3: {'silhouette': 0.2215, 'compactness': 0.8743, 'score': 0.3064}, 4: {'silhouette': 0.1255, 'compactness': 0.8843, 'score': 0.1947}, 5: {'silhouette': 0.1302, 'compactness': 0.8943, 'score': 0.1334}}
2026-08-19 17:17:25 | DEBUG    | fgvc.clustering.spherical_kmeans |   Init 1/10: inertia=3.550167
2026-08-19 17:17:25 | DEBUG    | fgvc.clustering.spherical_kmeans |   Init 2/10: inertia=3.806427
2026-08-19 17:17:25 | DEBUG    | fgvc.clustering.spherical_kmeans |   Init 3/10: inertia=3.550167
2026-08-19 17:17:25 | DEBUG    | fgvc.clustering.spherical_kmeans |   Init 4/10: inertia=3.624398
2026-08-19 17:17:25 | DEBUG    | fgvc.clustering.spherical_kmeans |   Init 5/10: inertia=4.267752
2026-08-19 17:17:25 | DEBUG    | fgvc.clustering.spherical_kmeans |   Init 6/10: inertia=3.558300
2026-08-19 17:17:25 | DEBUG    | fgvc.clustering.spherical_kmeans |   Init 7/10: inertia=3.806427
2026-08-19 17:17:25 | DEBUG    | fgvc.clustering.spherical_kmeans |   Init 8/10: inertia=4.029366
2026-08-19 17:17:25 | DEBUG    | fgvc.clustering.spherical_kmeans |   Init 9/10: inertia=3.978392
2026-08-19 17:17:25 | DEBUG    | fgvc.clustering.spherical_kmeans |   Init 10/10: inertia=3.550167
2026-08-19 17:17:25 | INFO     | fgvc.clustering.spherical_kmeans |   [Red_faced_Cormorant] k_selected=2 | k_effective=1 | min_cluster=25 | max_cluster=25
2026-08-19 17:17:25 | INFO     | fgvc.clustering.spherical_kmeans |   [Red_headed_Woodpecker] 25 images
2026-08-19 17:17:25 | DEBUG    | fgvc.clustering.spherical_kmeans |   Init 1/5: inertia=2.549622
2026-08-19 17:17:25 | DEBUG    | fgvc.clustering.spherical_kmeans |   Init 2/5: inertia=2.587272
2026-08-19 17:17:25 | DEBUG    | fgvc.clustering.spherical_kmeans |   Init 3/5: inertia=2.520534
2026-08-19 17:17:25 | DEBUG    | fgvc.clustering.spherical_kmeans |   Init 4/5: inertia=2.563723
2026-08-19 17:17:25 | DEBUG    | fgvc.clustering.spherical_kmeans |   Init 5/5: inertia=2.532202
2026-08-19 17:17:25 | DEBUG    | fgvc.clustering.spherical_kmeans |   Init 1/5: inertia=2.305891
2026-08-19 17:17:25 | DEBUG    | fgvc.clustering.spherical_kmeans |   Init 2/5: inertia=2.254828
2026-08-19 17:17:25 | DEBUG    | fgvc.clustering.spherical_kmeans |   Init 3/5: inertia=2.371183
2026-08-19 17:17:25 | DEBUG    | fgvc.clustering.spherical_kmeans |   Init 4/5: inertia=2.482947
2026-08-19 17:17:25 | DEBUG    | fgvc.clustering.spherical_kmeans |   Init 5/5: inertia=2.324801
2026-08-19 17:17:25 | DEBUG    | fgvc.clustering.spherical_kmeans |   Init 1/5: inertia=2.255141
2026-08-19 17:17:25 | DEBUG    | fgvc.clustering.spherical_kmeans |   Init 2/5: inertia=2.227719
2026-08-19 17:17:25 | DEBUG    | fgvc.clustering.spherical_kmeans |   Init 3/5: inertia=2.077301
2026-08-19 17:17:25 | DEBUG    | fgvc.clustering.spherical_kmeans |   Init 4/5: inertia=2.218273
2026-08-19 17:17:25 | DEBUG    | fgvc.clustering.spherical_kmeans |   Init 5/5: inertia=2.075396
2026-08-19 17:17:25 | DEBUG    | fgvc.clustering.spherical_kmeans |   Init 1/5: inertia=2.153228
2026-08-19 17:17:25 | DEBUG    | fgvc.clustering.spherical_kmeans |   Init 2/5: inertia=2.025130
2026-08-19 17:17:25 | DEBUG    | fgvc.clustering.spherical_kmeans |   Init 3/5: inertia=1.759756
2026-08-19 17:17:25 | DEBUG    | fgvc.clustering.spherical_kmeans |   Init 4/5: inertia=1.923847
2026-08-19 17:17:25 | DEBUG    | fgvc.clustering.spherical_kmeans |   Init 5/5: inertia=2.048448
2026-08-19 17:17:25 | DEBUG    | fgvc.clustering.spherical_kmeans | K selection: best_k=2 | scores={2: {'silhouette': 0.0834, 'compactness': 0.8992, 'score': 0.3114}, 3: {'silhouette': 0.0828, 'compactness': 0.9098, 'score': 0.2477}, 4: {'silhouette': 0.0427, 'compactness': 0.917, 'score': 0.1631}, 5: {'silhouette': 0.059, 'compactness': 0.9296, 'score': 0.1084}}
2026-08-19 17:17:25 | DEBUG    | fgvc.clustering.spherical_kmeans |   Init 1/10: inertia=2.549622
2026-08-19 17:17:25 | DEBUG    | fgvc.clustering.spherical_kmeans |   Init 2/10: inertia=2.587272
2026-08-19 17:17:25 | DEBUG    | fgvc.clustering.spherical_kmeans |   Init 3/10: inertia=2.520534
2026-08-19 17:17:25 | DEBUG    | fgvc.clustering.spherical_kmeans |   Init 4/10: inertia=2.563723
2026-08-19 17:17:25 | DEBUG    | fgvc.clustering.spherical_kmeans |   Init 5/10: inertia=2.532202
2026-08-19 17:17:25 | DEBUG    | fgvc.clustering.spherical_kmeans |   Init 6/10: inertia=2.532098
2026-08-19 17:17:25 | DEBUG    | fgvc.clustering.spherical_kmeans |   Init 7/10: inertia=2.363211
2026-08-19 17:17:25 | DEBUG    | fgvc.clustering.spherical_kmeans |   Init 8/10: inertia=2.581290
2026-08-19 17:17:25 | DEBUG    | fgvc.clustering.spherical_kmeans |   Init 9/10: inertia=2.532202
2026-08-19 17:17:25 | DEBUG    | fgvc.clustering.spherical_kmeans |   Init 10/10: inertia=2.534734
2026-08-19 17:17:25 | INFO     | fgvc.clustering.spherical_kmeans |   [Red_headed_Woodpecker] k_selected=2 | k_effective=1 | min_cluster=25 | max_cluster=25
2026-08-19 17:17:25 | INFO     | fgvc.clustering.spherical_kmeans |   [Red_legged_Kittiwake] 25 images
2026-08-19 17:17:25 | DEBUG    | fgvc.clustering.spherical_kmeans |   Init 1/5: inertia=3.732585
2026-08-19 17:17:25 | DEBUG    | fgvc.clustering.spherical_kmeans |   Init 2/5: inertia=3.643321
2026-08-19 17:17:25 | DEBUG    | fgvc.clustering.spherical_kmeans |   Init 3/5: inertia=3.652668
2026-08-19 17:17:25 | DEBUG    | fgvc.clustering.spherical_kmeans |   Init 4/5: inertia=3.837282
2026-08-19 17:17:25 | DEBUG    | fgvc.clustering.spherical_kmeans |   Init 5/5: inertia=3.697695
2026-08-19 17:17:25 | DEBUG    | fgvc.clustering.spherical_kmeans |   Init 1/5: inertia=3.561304
2026-08-19 17:17:25 | DEBUG    | fgvc.clustering.spherical_kmeans |   Init 2/5: inertia=3.361029
2026-08-19 17:17:25 | DEBUG    | fgvc.clustering.spherical_kmeans |   Init 3/5: inertia=3.343763
2026-08-19 17:17:25 | DEBUG    | fgvc.clustering.spherical_kmeans |   Init 4/5: inertia=3.458040
2026-08-19 17:17:25 | DEBUG    | fgvc.clustering.spherical_kmeans |   Init 5/5: inertia=3.234706
2026-08-19 17:17:25 | DEBUG    | fgvc.clustering.spherical_kmeans |   Init 1/5: inertia=3.315366
2026-08-19 17:17:25 | DEBUG    | fgvc.clustering.spherical_kmeans |   Init 2/5: inertia=3.400593
2026-08-19 17:17:25 | DEBUG    | fgvc.clustering.spherical_kmeans |   Init 3/5: inertia=3.146528
2026-08-19 17:17:25 | DEBUG    | fgvc.clustering.spherical_kmeans |   Init 4/5: inertia=3.185201
2026-08-19 17:17:25 | DEBUG    | fgvc.clustering.spherical_kmeans |   Init 5/5: inertia=2.997984
2026-08-19 17:17:25 | DEBUG    | fgvc.clustering.spherical_kmeans |   Init 1/5: inertia=2.929209
2026-08-19 17:17:25 | DEBUG    | fgvc.clustering.spherical_kmeans |   Init 2/5: inertia=2.886114
2026-08-19 17:17:25 | DEBUG    | fgvc.clustering.spherical_kmeans |   Init 3/5: inertia=2.840395
2026-08-19 17:17:25 | DEBUG    | fgvc.clustering.spherical_kmeans |   Init 4/5: inertia=2.698004
2026-08-19 17:17:25 | DEBUG    | fgvc.clustering.spherical_kmeans |   Init 5/5: inertia=2.684656
2026-08-19 17:17:25 | DEBUG    | fgvc.clustering.spherical_kmeans | K selection: best_k=2 | scores={2: {'silhouette': 0.1207, 'compactness': 0.8543, 'score': 0.3166}, 3: {'silhouette': 0.1379, 'compactness': 0.8706, 'score': 0.2635}, 4: {'silhouette': 0.0915, 'compactness': 0.8801, 'score': 0.1765}, 5: {'silhouette': 0.1589, 'compactness': 0.8926, 'score': 0.1473}}
2026-08-19 17:17:25 | DEBUG    | fgvc.clustering.spherical_kmeans |   Init 1/10: inertia=3.732585
2026-08-19 17:17:25 | DEBUG    | fgvc.clustering.spherical_kmeans |   Init 2/10: inertia=3.643321
2026-08-19 17:17:25 | DEBUG    | fgvc.clustering.spherical_kmeans |   Init 3/10: inertia=3.652668
2026-08-19 17:17:25 | DEBUG    | fgvc.clustering.spherical_kmeans |   Init 4/10: inertia=3.837282
2026-08-19 17:17:25 | DEBUG    | fgvc.clustering.spherical_kmeans |   Init 5/10: inertia=3.697695
2026-08-19 17:17:25 | DEBUG    | fgvc.clustering.spherical_kmeans |   Init 6/10: inertia=3.676886
2026-08-19 17:17:25 | DEBUG    | fgvc.clustering.spherical_kmeans |   Init 7/10: inertia=3.635476
2026-08-19 17:17:25 | DEBUG    | fgvc.clustering.spherical_kmeans |   Init 8/10: inertia=3.995880
2026-08-19 17:17:25 | DEBUG    | fgvc.clustering.spherical_kmeans |   Init 9/10: inertia=3.778154
2026-08-19 17:17:25 | DEBUG    | fgvc.clustering.spherical_kmeans |   Init 10/10: inertia=3.657218
2026-08-19 17:17:25 | INFO     | fgvc.clustering.spherical_kmeans |   [Red_legged_Kittiwake] k_selected=2 | k_effective=2 | min_cluster=11 | max_cluster=14
2026-08-19 17:17:25 | INFO     | fgvc.clustering.spherical_kmeans |   [Red_winged_Blackbird] 25 images
2026-08-19 17:17:25 | DEBUG    | fgvc.clustering.spherical_kmeans |   Init 1/5: inertia=1.797303
2026-08-19 17:17:25 | DEBUG    | fgvc.clustering.spherical_kmeans |   Init 2/5: inertia=1.843289
2026-08-19 17:17:25 | DEBUG    | fgvc.clustering.spherical_kmeans |   Init 3/5: inertia=1.705332
2026-08-19 17:17:25 | DEBUG    | fgvc.clustering.spherical_kmeans |   Init 4/5: inertia=1.869957
2026-08-19 17:17:25 | DEBUG    | fgvc.clustering.spherical_kmeans |   Init 5/5: inertia=1.705332
2026-08-19 17:17:25 | DEBUG    | fgvc.clustering.spherical_kmeans |   Init 1/5: inertia=1.580339
2026-08-19 17:17:25 | DEBUG    | fgvc.clustering.spherical_kmeans |   Init 2/5: inertia=1.716968
2026-08-19 17:17:25 | DEBUG    | fgvc.clustering.spherical_kmeans |   Init 3/5: inertia=1.600492
2026-08-19 17:17:25 | DEBUG    | fgvc.clustering.spherical_kmeans |   Init 4/5: inertia=1.755453
2026-08-19 17:17:25 | DEBUG    | fgvc.clustering.spherical_kmeans |   Init 5/5: inertia=1.605086
2026-08-19 17:17:25 | DEBUG    | fgvc.clustering.spherical_kmeans |   Init 1/5: inertia=1.461864
2026-08-19 17:17:25 | DEBUG    | fgvc.clustering.spherical_kmeans |   Init 2/5: inertia=1.583442
2026-08-19 17:17:25 | DEBUG    | fgvc.clustering.spherical_kmeans |   Init 3/5: inertia=1.510062
2026-08-19 17:17:25 | DEBUG    | fgvc.clustering.spherical_kmeans |   Init 4/5: inertia=1.501834
2026-08-19 17:17:25 | DEBUG    | fgvc.clustering.spherical_kmeans |   Init 5/5: inertia=1.588239
2026-08-19 17:17:25 | DEBUG    | fgvc.clustering.spherical_kmeans |   Init 1/5: inertia=1.345990
2026-08-19 17:17:25 | DEBUG    | fgvc.clustering.spherical_kmeans |   Init 2/5: inertia=1.459062
2026-08-19 17:17:25 | DEBUG    | fgvc.clustering.spherical_kmeans |   Init 3/5: inertia=1.373583
2026-08-19 17:17:25 | DEBUG    | fgvc.clustering.spherical_kmeans |   Init 4/5: inertia=1.420349
2026-08-19 17:17:25 | DEBUG    | fgvc.clustering.spherical_kmeans |   Init 5/5: inertia=1.527803
2026-08-19 17:17:25 | DEBUG    | fgvc.clustering.spherical_kmeans | K selection: best_k=2 | scores={2: {'silhouette': 0.1787, 'compactness': 0.9318, 'score': 0.3689}, 3: {'silhouette': 0.1689, 'compactness': 0.9368, 'score': 0.2988}, 4: {'silhouette': 0.1713, 'compactness': 0.9415, 'score': 0.2348}, 5: {'silhouette': 0.1244, 'compactness': 0.9462, 'score': 0.1461}}
2026-08-19 17:17:25 | DEBUG    | fgvc.clustering.spherical_kmeans |   Init 1/10: inertia=1.797303
2026-08-19 17:17:25 | DEBUG    | fgvc.clustering.spherical_kmeans |   Init 2/10: inertia=1.843289
2026-08-19 17:17:25 | DEBUG    | fgvc.clustering.spherical_kmeans |   Init 3/10: inertia=1.705332
2026-08-19 17:17:25 | DEBUG    | fgvc.clustering.spherical_kmeans |   Init 4/10: inertia=1.869957
2026-08-19 17:17:25 | DEBUG    | fgvc.clustering.spherical_kmeans |   Init 5/10: inertia=1.705332
2026-08-19 17:17:25 | DEBUG    | fgvc.clustering.spherical_kmeans |   Init 6/10: inertia=1.878673
2026-08-19 17:17:25 | DEBUG    | fgvc.clustering.spherical_kmeans |   Init 7/10: inertia=1.758546
2026-08-19 17:17:25 | DEBUG    | fgvc.clustering.spherical_kmeans |   Init 8/10: inertia=1.875153
2026-08-19 17:17:25 | DEBUG    | fgvc.clustering.spherical_kmeans |   Init 9/10: inertia=1.888553
2026-08-19 17:17:25 | DEBUG    | fgvc.clustering.spherical_kmeans |   Init 10/10: inertia=1.859282
2026-08-19 17:17:25 | INFO     | fgvc.clustering.spherical_kmeans |   [Red_winged_Blackbird] k_selected=2 | k_effective=2 | min_cluster=12 | max_cluster=13
2026-08-19 17:17:25 | INFO     | fgvc.clustering.spherical_kmeans |   [Rhinoceros_Auklet] 25 images
2026-08-19 17:17:25 | DEBUG    | fgvc.clustering.spherical_kmeans |   Init 1/5: inertia=3.596971
2026-08-19 17:17:25 | DEBUG    | fgvc.clustering.spherical_kmeans |   Init 2/5: inertia=3.596971
2026-08-19 17:17:25 | DEBUG    | fgvc.clustering.spherical_kmeans |   Init 3/5: inertia=3.582076
2026-08-19 17:17:25 | DEBUG    | fgvc.clustering.spherical_kmeans |   Init 4/5: inertia=3.582076
2026-08-19 17:17:25 | DEBUG    | fgvc.clustering.spherical_kmeans |   Init 5/5: inertia=3.569408
2026-08-19 17:17:25 | DEBUG    | fgvc.clustering.spherical_kmeans |   Init 1/5: inertia=3.297182
2026-08-19 17:17:25 | DEBUG    | fgvc.clustering.spherical_kmeans |   Init 2/5: inertia=3.842876
2026-08-19 17:17:25 | DEBUG    | fgvc.clustering.spherical_kmeans |   Init 3/5: inertia=3.448646
2026-08-19 17:17:25 | DEBUG    | fgvc.clustering.spherical_kmeans |   Init 4/5: inertia=3.244058
2026-08-19 17:17:25 | DEBUG    | fgvc.clustering.spherical_kmeans |   Init 5/5: inertia=3.345119
2026-08-19 17:17:25 | DEBUG    | fgvc.clustering.spherical_kmeans |   Init 1/5: inertia=2.970423
2026-08-19 17:17:25 | DEBUG    | fgvc.clustering.spherical_kmeans |   Init 2/5: inertia=3.064298
2026-08-19 17:17:25 | DEBUG    | fgvc.clustering.spherical_kmeans |   Init 3/5: inertia=3.013432
2026-08-19 17:17:25 | DEBUG    | fgvc.clustering.spherical_kmeans |   Init 4/5: inertia=3.156940
2026-08-19 17:17:25 | DEBUG    | fgvc.clustering.spherical_kmeans |   Init 5/5: inertia=3.251164
2026-08-19 17:17:25 | DEBUG    | fgvc.clustering.spherical_kmeans |   Init 1/5: inertia=2.749835
2026-08-19 17:17:25 | DEBUG    | fgvc.clustering.spherical_kmeans |   Init 2/5: inertia=2.883688
2026-08-19 17:17:25 | DEBUG    | fgvc.clustering.spherical_kmeans |   Init 3/5: inertia=3.031060
2026-08-19 17:17:25 | DEBUG    | fgvc.clustering.spherical_kmeans |   Init 4/5: inertia=2.761867
2026-08-19 17:17:25 | DEBUG    | fgvc.clustering.spherical_kmeans |   Init 5/5: inertia=2.944388
2026-08-19 17:17:25 | DEBUG    | fgvc.clustering.spherical_kmeans | K selection: best_k=2 | scores={2: {'silhouette': 0.2658, 'compactness': 0.8572, 'score': 0.3901}, 3: {'silhouette': 0.2566, 'compactness': 0.8702, 'score': 0.3227}, 4: {'silhouette': 0.178, 'compactness': 0.8812, 'score': 0.22}, 5: {'silhouette': 0.1576, 'compactness': 0.89, 'score': 0.1458}}
2026-08-19 17:17:25 | DEBUG    | fgvc.clustering.spherical_kmeans |   Init 1/10: inertia=3.596971
2026-08-19 17:17:25 | DEBUG    | fgvc.clustering.spherical_kmeans |   Init 2/10: inertia=3.596971
2026-08-19 17:17:25 | DEBUG    | fgvc.clustering.spherical_kmeans |   Init 3/10: inertia=3.582076
2026-08-19 17:17:25 | DEBUG    | fgvc.clustering.spherical_kmeans |   Init 4/10: inertia=3.582076
2026-08-19 17:17:25 | DEBUG    | fgvc.clustering.spherical_kmeans |   Init 5/10: inertia=3.569408
2026-08-19 17:17:25 | DEBUG    | fgvc.clustering.spherical_kmeans |   Init 6/10: inertia=4.073148
2026-08-19 17:17:25 | DEBUG    | fgvc.clustering.spherical_kmeans |   Init 7/10: inertia=3.582076
2026-08-19 17:17:25 | DEBUG    | fgvc.clustering.spherical_kmeans |   Init 8/10: inertia=3.569408
2026-08-19 17:17:25 | DEBUG    | fgvc.clustering.spherical_kmeans |   Init 9/10: inertia=4.167857
2026-08-19 17:17:25 | DEBUG    | fgvc.clustering.spherical_kmeans |   Init 10/10: inertia=3.569408
2026-08-19 17:17:25 | INFO     | fgvc.clustering.spherical_kmeans |   [Rhinoceros_Auklet] k_selected=2 | k_effective=2 | min_cluster=9 | max_cluster=16
2026-08-19 17:17:25 | INFO     | fgvc.clustering.spherical_kmeans |   [Ring_billed_Gull] 25 images
2026-08-19 17:17:25 | DEBUG    | fgvc.clustering.spherical_kmeans |   Init 1/5: inertia=3.811268
2026-08-19 17:17:25 | DEBUG    | fgvc.clustering.spherical_kmeans |   Init 2/5: inertia=3.738394
2026-08-19 17:17:25 | DEBUG    | fgvc.clustering.spherical_kmeans |   Init 3/5: inertia=3.708652
2026-08-19 17:17:25 | DEBUG    | fgvc.clustering.spherical_kmeans |   Init 4/5: inertia=3.739825
2026-08-19 17:17:25 | DEBUG    | fgvc.clustering.spherical_kmeans |   Init 5/5: inertia=3.764337
2026-08-19 17:17:25 | DEBUG    | fgvc.clustering.spherical_kmeans |   Init 1/5: inertia=3.560938
2026-08-19 17:17:25 | DEBUG    | fgvc.clustering.spherical_kmeans |   Init 2/5: inertia=3.353698
2026-08-19 17:17:25 | DEBUG    | fgvc.clustering.spherical_kmeans |   Init 3/5: inertia=3.604538
2026-08-19 17:17:25 | DEBUG    | fgvc.clustering.spherical_kmeans |   Init 4/5: inertia=3.519560
2026-08-19 17:17:25 | DEBUG    | fgvc.clustering.spherical_kmeans |   Init 5/5: inertia=3.468245
2026-08-19 17:17:25 | DEBUG    | fgvc.clustering.spherical_kmeans |   Init 1/5: inertia=3.241005
2026-08-19 17:17:25 | DEBUG    | fgvc.clustering.spherical_kmeans |   Init 2/5: inertia=3.181888
2026-08-19 17:17:25 | DEBUG    | fgvc.clustering.spherical_kmeans |   Init 3/5: inertia=3.225955
2026-08-19 17:17:25 | DEBUG    | fgvc.clustering.spherical_kmeans |   Init 4/5: inertia=3.336112
2026-08-19 17:17:25 | DEBUG    | fgvc.clustering.spherical_kmeans |   Init 5/5: inertia=3.265338
2026-08-19 17:17:25 | DEBUG    | fgvc.clustering.spherical_kmeans |   Init 1/5: inertia=2.920347
2026-08-19 17:17:25 | DEBUG    | fgvc.clustering.spherical_kmeans |   Init 2/5: inertia=2.934760
2026-08-19 17:17:25 | DEBUG    | fgvc.clustering.spherical_kmeans |   Init 3/5: inertia=3.136683
2026-08-19 17:17:25 | DEBUG    | fgvc.clustering.spherical_kmeans |   Init 4/5: inertia=2.960315
2026-08-19 17:17:25 | DEBUG    | fgvc.clustering.spherical_kmeans |   Init 5/5: inertia=3.075286
2026-08-19 17:17:25 | DEBUG    | fgvc.clustering.spherical_kmeans | K selection: best_k=2 | scores={2: {'silhouette': 0.1533, 'compactness': 0.8517, 'score': 0.3322}, 3: {'silhouette': 0.1162, 'compactness': 0.8659, 'score': 0.2512}, 4: {'silhouette': 0.0657, 'compactness': 0.8727, 'score': 0.1613}, 5: {'silhouette': 0.0621, 'compactness': 0.8832, 'score': 0.096}}
2026-08-19 17:17:25 | DEBUG    | fgvc.clustering.spherical_kmeans |   Init 1/10: inertia=3.811268
2026-08-19 17:17:25 | DEBUG    | fgvc.clustering.spherical_kmeans |   Init 2/10: inertia=3.738394
2026-08-19 17:17:25 | DEBUG    | fgvc.clustering.spherical_kmeans |   Init 3/10: inertia=3.708652
2026-08-19 17:17:25 | DEBUG    | fgvc.clustering.spherical_kmeans |   Init 4/10: inertia=3.739825
2026-08-19 17:17:25 | DEBUG    | fgvc.clustering.spherical_kmeans |   Init 5/10: inertia=3.764337
2026-08-19 17:17:25 | DEBUG    | fgvc.clustering.spherical_kmeans |   Init 6/10: inertia=3.715750
2026-08-19 17:17:25 | DEBUG    | fgvc.clustering.spherical_kmeans |   Init 7/10: inertia=3.850060
2026-08-19 17:17:25 | DEBUG    | fgvc.clustering.spherical_kmeans |   Init 8/10: inertia=3.883265
2026-08-19 17:17:25 | DEBUG    | fgvc.clustering.spherical_kmeans |   Init 9/10: inertia=3.738394
2026-08-19 17:17:25 | DEBUG    | fgvc.clustering.spherical_kmeans |   Init 10/10: inertia=3.701748
2026-08-19 17:17:25 | INFO     | fgvc.clustering.spherical_kmeans |   [Ring_billed_Gull] k_selected=2 | k_effective=2 | min_cluster=8 | max_cluster=17
2026-08-19 17:17:25 | INFO     | fgvc.clustering.spherical_kmeans |   [Ringed_Kingfisher] 25 images
2026-08-19 17:17:25 | DEBUG    | fgvc.clustering.spherical_kmeans |   Init 1/5: inertia=2.914815
2026-08-19 17:17:25 | DEBUG    | fgvc.clustering.spherical_kmeans |   Init 2/5: inertia=2.797453
2026-08-19 17:17:25 | DEBUG    | fgvc.clustering.spherical_kmeans |   Init 3/5: inertia=2.928398
2026-08-19 17:17:25 | DEBUG    | fgvc.clustering.spherical_kmeans |   Init 4/5: inertia=2.854097
2026-08-19 17:17:25 | DEBUG    | fgvc.clustering.spherical_kmeans |   Init 5/5: inertia=2.826300
2026-08-19 17:17:25 | DEBUG    | fgvc.clustering.spherical_kmeans |   Init 1/5: inertia=2.754933
2026-08-19 17:17:25 | DEBUG    | fgvc.clustering.spherical_kmeans |   Init 2/5: inertia=2.581131
2026-08-19 17:17:25 | DEBUG    | fgvc.clustering.spherical_kmeans |   Init 3/5: inertia=2.573365
2026-08-19 17:17:25 | DEBUG    | fgvc.clustering.spherical_kmeans |   Init 4/5: inertia=2.703242
2026-08-19 17:17:25 | DEBUG    | fgvc.clustering.spherical_kmeans |   Init 5/5: inertia=2.616102
2026-08-19 17:17:25 | DEBUG    | fgvc.clustering.spherical_kmeans |   Init 1/5: inertia=2.621042
2026-08-19 17:17:25 | DEBUG    | fgvc.clustering.spherical_kmeans |   Init 2/5: inertia=2.434690
2026-08-19 17:17:25 | DEBUG    | fgvc.clustering.spherical_kmeans |   Init 3/5: inertia=2.433114
2026-08-19 17:17:25 | DEBUG    | fgvc.clustering.spherical_kmeans |   Init 4/5: inertia=2.395512
2026-08-19 17:17:25 | DEBUG    | fgvc.clustering.spherical_kmeans |   Init 5/5: inertia=2.493161
2026-08-19 17:17:25 | DEBUG    | fgvc.clustering.spherical_kmeans |   Init 1/5: inertia=2.446382
2026-08-19 17:17:25 | DEBUG    | fgvc.clustering.spherical_kmeans |   Init 2/5: inertia=2.183394
2026-08-19 17:17:25 | DEBUG    | fgvc.clustering.spherical_kmeans |   Init 3/5: inertia=2.094355
2026-08-19 17:17:25 | DEBUG    | fgvc.clustering.spherical_kmeans |   Init 4/5: inertia=2.492375
2026-08-19 17:17:25 | DEBUG    | fgvc.clustering.spherical_kmeans |   Init 5/5: inertia=2.111051
2026-08-19 17:17:25 | DEBUG    | fgvc.clustering.spherical_kmeans | K selection: best_k=2 | scores={2: {'silhouette': 0.1176, 'compactness': 0.8881, 'score': 0.3252}, 3: {'silhouette': 0.2028, 'compactness': 0.8971, 'score': 0.3039}, 4: {'silhouette': 0.0578, 'compactness': 0.9042, 'score': 0.1668}, 5: {'silhouette': 0.1665, 'compactness': 0.9162, 'score': 0.1581}}
2026-08-19 17:17:25 | DEBUG    | fgvc.clustering.spherical_kmeans |   Init 1/10: inertia=2.914815
2026-08-19 17:17:25 | DEBUG    | fgvc.clustering.spherical_kmeans |   Init 2/10: inertia=2.797453
2026-08-19 17:17:25 | DEBUG    | fgvc.clustering.spherical_kmeans |   Init 3/10: inertia=2.928398
2026-08-19 17:17:25 | DEBUG    | fgvc.clustering.spherical_kmeans |   Init 4/10: inertia=2.854097
2026-08-19 17:17:25 | DEBUG    | fgvc.clustering.spherical_kmeans |   Init 5/10: inertia=2.826300
2026-08-19 17:17:25 | DEBUG    | fgvc.clustering.spherical_kmeans |   Init 6/10: inertia=2.840976
2026-08-19 17:17:25 | DEBUG    | fgvc.clustering.spherical_kmeans |   Init 7/10: inertia=2.781281
2026-08-19 17:17:25 | DEBUG    | fgvc.clustering.spherical_kmeans |   Init 8/10: inertia=2.784118
2026-08-19 17:17:25 | DEBUG    | fgvc.clustering.spherical_kmeans |   Init 9/10: inertia=2.842072
2026-08-19 17:17:25 | DEBUG    | fgvc.clustering.spherical_kmeans |   Init 10/10: inertia=2.857912
2026-08-19 17:17:25 | INFO     | fgvc.clustering.spherical_kmeans |   [Ringed_Kingfisher] k_selected=2 | k_effective=2 | min_cluster=6 | max_cluster=19
2026-08-19 17:17:25 | INFO     | fgvc.clustering.spherical_kmeans |   [Rock_Wren] 25 images
2026-08-19 17:17:25 | DEBUG    | fgvc.clustering.spherical_kmeans |   Init 1/5: inertia=3.282251
2026-08-19 17:17:25 | DEBUG    | fgvc.clustering.spherical_kmeans |   Init 2/5: inertia=3.180433
2026-08-19 17:17:25 | DEBUG    | fgvc.clustering.spherical_kmeans |   Init 3/5: inertia=3.256780
2026-08-19 17:17:25 | DEBUG    | fgvc.clustering.spherical_kmeans |   Init 4/5: inertia=3.210423
2026-08-19 17:17:25 | DEBUG    | fgvc.clustering.spherical_kmeans |   Init 5/5: inertia=3.259179
2026-08-19 17:17:25 | DEBUG    | fgvc.clustering.spherical_kmeans |   Init 1/5: inertia=3.046834
2026-08-19 17:17:25 | DEBUG    | fgvc.clustering.spherical_kmeans |   Init 2/5: inertia=2.938498
2026-08-19 17:17:25 | DEBUG    | fgvc.clustering.spherical_kmeans |   Init 3/5: inertia=3.060589
2026-08-19 17:17:25 | DEBUG    | fgvc.clustering.spherical_kmeans |   Init 4/5: inertia=3.013709
2026-08-19 17:17:25 | DEBUG    | fgvc.clustering.spherical_kmeans |   Init 5/5: inertia=2.984084
2026-08-19 17:17:25 | DEBUG    | fgvc.clustering.spherical_kmeans |   Init 1/5: inertia=2.833843
2026-08-19 17:17:25 | DEBUG    | fgvc.clustering.spherical_kmeans |   Init 2/5: inertia=2.810193
2026-08-19 17:17:25 | DEBUG    | fgvc.clustering.spherical_kmeans |   Init 3/5: inertia=2.777936
2026-08-19 17:17:25 | DEBUG    | fgvc.clustering.spherical_kmeans |   Init 4/5: inertia=2.790656
2026-08-19 17:17:25 | DEBUG    | fgvc.clustering.spherical_kmeans |   Init 5/5: inertia=2.829002
2026-08-19 17:17:25 | DEBUG    | fgvc.clustering.spherical_kmeans |   Init 1/5: inertia=2.665085
2026-08-19 17:17:25 | DEBUG    | fgvc.clustering.spherical_kmeans |   Init 2/5: inertia=2.612376
2026-08-19 17:17:25 | DEBUG    | fgvc.clustering.spherical_kmeans |   Init 3/5: inertia=2.660357
2026-08-19 17:17:25 | DEBUG    | fgvc.clustering.spherical_kmeans |   Init 4/5: inertia=2.571676
2026-08-19 17:17:25 | DEBUG    | fgvc.clustering.spherical_kmeans |   Init 5/5: inertia=2.617419
2026-08-19 17:17:25 | DEBUG    | fgvc.clustering.spherical_kmeans | K selection: best_k=2 | scores={2: {'silhouette': 0.0943, 'compactness': 0.8728, 'score': 0.309}, 3: {'silhouette': 0.063, 'compactness': 0.8825, 'score': 0.2296}, 4: {'silhouette': 0.0856, 'compactness': 0.8889, 'score': 0.1761}, 5: {'silhouette': 0.0231, 'compactness': 0.8971, 'score': 0.0807}}
2026-08-19 17:17:25 | DEBUG    | fgvc.clustering.spherical_kmeans |   Init 1/10: inertia=3.282251
2026-08-19 17:17:25 | DEBUG    | fgvc.clustering.spherical_kmeans |   Init 2/10: inertia=3.180433
2026-08-19 17:17:25 | DEBUG    | fgvc.clustering.spherical_kmeans |   Init 3/10: inertia=3.256780
2026-08-19 17:17:25 | DEBUG    | fgvc.clustering.spherical_kmeans |   Init 4/10: inertia=3.210423
2026-08-19 17:17:25 | DEBUG    | fgvc.clustering.spherical_kmeans |   Init 5/10: inertia=3.259179
2026-08-19 17:17:25 | DEBUG    | fgvc.clustering.spherical_kmeans |   Init 6/10: inertia=3.256780
2026-08-19 17:17:25 | DEBUG    | fgvc.clustering.spherical_kmeans |   Init 7/10: inertia=3.347057
2026-08-19 17:17:25 | DEBUG    | fgvc.clustering.spherical_kmeans |   Init 8/10: inertia=3.300369
2026-08-19 17:17:25 | DEBUG    | fgvc.clustering.spherical_kmeans |   Init 9/10: inertia=3.323081
2026-08-19 17:17:25 | DEBUG    | fgvc.clustering.spherical_kmeans |   Init 10/10: inertia=3.232183
2026-08-19 17:17:25 | INFO     | fgvc.clustering.spherical_kmeans |   [Rock_Wren] k_selected=2 | k_effective=2 | min_cluster=11 | max_cluster=14
2026-08-19 17:17:25 | INFO     | fgvc.clustering.spherical_kmeans |   [Rose_breasted_Grosbeak] 25 images
2026-08-19 17:17:25 | DEBUG    | fgvc.clustering.spherical_kmeans |   Init 1/5: inertia=1.937929
2026-08-19 17:17:25 | DEBUG    | fgvc.clustering.spherical_kmeans |   Init 2/5: inertia=2.000817
2026-08-19 17:17:25 | DEBUG    | fgvc.clustering.spherical_kmeans |   Init 3/5: inertia=1.876545
2026-08-19 17:17:25 | DEBUG    | fgvc.clustering.spherical_kmeans |   Init 4/5: inertia=1.914609
2026-08-19 17:17:25 | DEBUG    | fgvc.clustering.spherical_kmeans |   Init 5/5: inertia=1.914844
2026-08-19 17:17:25 | DEBUG    | fgvc.clustering.spherical_kmeans |   Init 1/5: inertia=1.755044
2026-08-19 17:17:25 | DEBUG    | fgvc.clustering.spherical_kmeans |   Init 2/5: inertia=1.788987
2026-08-19 17:17:25 | DEBUG    | fgvc.clustering.spherical_kmeans |   Init 3/5: inertia=1.781006
2026-08-19 17:17:25 | DEBUG    | fgvc.clustering.spherical_kmeans |   Init 4/5: inertia=1.710655
2026-08-19 17:17:25 | DEBUG    | fgvc.clustering.spherical_kmeans |   Init 5/5: inertia=1.732565
2026-08-19 17:17:25 | DEBUG    | fgvc.clustering.spherical_kmeans |   Init 1/5: inertia=1.598534
2026-08-19 17:17:25 | DEBUG    | fgvc.clustering.spherical_kmeans |   Init 2/5: inertia=1.573530
2026-08-19 17:17:25 | DEBUG    | fgvc.clustering.spherical_kmeans |   Init 3/5: inertia=1.611784
2026-08-19 17:17:25 | DEBUG    | fgvc.clustering.spherical_kmeans |   Init 4/5: inertia=1.680225
2026-08-19 17:17:25 | DEBUG    | fgvc.clustering.spherical_kmeans |   Init 5/5: inertia=1.590845
2026-08-19 17:17:25 | DEBUG    | fgvc.clustering.spherical_kmeans |   Init 1/5: inertia=1.437822
2026-08-19 17:17:25 | DEBUG    | fgvc.clustering.spherical_kmeans |   Init 2/5: inertia=1.501036
2026-08-19 17:17:25 | DEBUG    | fgvc.clustering.spherical_kmeans |   Init 3/5: inertia=1.563497
2026-08-19 17:17:25 | DEBUG    | fgvc.clustering.spherical_kmeans |   Init 4/5: inertia=1.504310
2026-08-19 17:17:25 | DEBUG    | fgvc.clustering.spherical_kmeans |   Init 5/5: inertia=1.494001
2026-08-19 17:17:25 | DEBUG    | fgvc.clustering.spherical_kmeans | K selection: best_k=2 | scores={2: {'silhouette': 0.2402, 'compactness': 0.9249, 'score': 0.3976}, 3: {'silhouette': 0.3341, 'compactness': 0.9316, 'score': 0.3799}, 4: {'silhouette': 0.1157, 'compactness': 0.9371, 'score': 0.2056}, 5: {'silhouette': 0.1261, 'compactness': 0.9425, 'score': 0.1458}}
2026-08-19 17:17:25 | DEBUG    | fgvc.clustering.spherical_kmeans |   Init 1/10: inertia=1.937929
2026-08-19 17:17:25 | DEBUG    | fgvc.clustering.spherical_kmeans |   Init 2/10: inertia=2.000817
2026-08-19 17:17:25 | DEBUG    | fgvc.clustering.spherical_kmeans |   Init 3/10: inertia=1.876545
2026-08-19 17:17:25 | DEBUG    | fgvc.clustering.spherical_kmeans |   Init 4/10: inertia=1.914609
2026-08-19 17:17:25 | DEBUG    | fgvc.clustering.spherical_kmeans |   Init 5/10: inertia=1.914844
2026-08-19 17:17:25 | DEBUG    | fgvc.clustering.spherical_kmeans |   Init 6/10: inertia=1.990418
2026-08-19 17:17:25 | DEBUG    | fgvc.clustering.spherical_kmeans |   Init 7/10: inertia=1.996482
2026-08-19 17:17:25 | DEBUG    | fgvc.clustering.spherical_kmeans |   Init 8/10: inertia=1.994763
2026-08-19 17:17:25 | DEBUG    | fgvc.clustering.spherical_kmeans |   Init 9/10: inertia=2.010291
2026-08-19 17:17:25 | DEBUG    | fgvc.clustering.spherical_kmeans |   Init 10/10: inertia=1.937929
2026-08-19 17:17:25 | INFO     | fgvc.clustering.spherical_kmeans |   [Rose_breasted_Grosbeak] k_selected=2 | k_effective=2 | min_cluster=5 | max_cluster=20
2026-08-19 17:17:25 | INFO     | fgvc.clustering.spherical_kmeans |   [Ruby_throated_Hummingbird] 25 images
2026-08-19 17:17:25 | DEBUG    | fgvc.clustering.spherical_kmeans |   Init 1/5: inertia=2.776048
2026-08-19 17:17:25 | DEBUG    | fgvc.clustering.spherical_kmeans |   Init 2/5: inertia=2.835631
2026-08-19 17:17:25 | DEBUG    | fgvc.clustering.spherical_kmeans |   Init 3/5: inertia=2.890958
2026-08-19 17:17:25 | DEBUG    | fgvc.clustering.spherical_kmeans |   Init 4/5: inertia=2.776048
2026-08-19 17:17:25 | DEBUG    | fgvc.clustering.spherical_kmeans |   Init 5/5: inertia=2.849546
2026-08-19 17:17:25 | DEBUG    | fgvc.clustering.spherical_kmeans |   Init 1/5: inertia=2.658723
2026-08-19 17:17:25 | DEBUG    | fgvc.clustering.spherical_kmeans |   Init 2/5: inertia=2.579460
2026-08-19 17:17:25 | DEBUG    | fgvc.clustering.spherical_kmeans |   Init 3/5: inertia=2.693575
2026-08-19 17:17:25 | DEBUG    | fgvc.clustering.spherical_kmeans |   Init 4/5: inertia=2.621109
2026-08-19 17:17:25 | DEBUG    | fgvc.clustering.spherical_kmeans |   Init 5/5: inertia=2.559255
2026-08-19 17:17:25 | DEBUG    | fgvc.clustering.spherical_kmeans |   Init 1/5: inertia=2.490924
2026-08-19 17:17:25 | DEBUG    | fgvc.clustering.spherical_kmeans |   Init 2/5: inertia=2.411383
2026-08-19 17:17:25 | DEBUG    | fgvc.clustering.spherical_kmeans |   Init 3/5: inertia=2.437137
2026-08-19 17:17:25 | DEBUG    | fgvc.clustering.spherical_kmeans |   Init 4/5: inertia=2.293543
2026-08-19 17:17:25 | DEBUG    | fgvc.clustering.spherical_kmeans |   Init 5/5: inertia=2.201672
2026-08-19 17:17:25 | DEBUG    | fgvc.clustering.spherical_kmeans |   Init 1/5: inertia=2.325492
2026-08-19 17:17:25 | DEBUG    | fgvc.clustering.spherical_kmeans |   Init 2/5: inertia=2.159742
2026-08-19 17:17:25 | DEBUG    | fgvc.clustering.spherical_kmeans |   Init 3/5: inertia=2.231389
2026-08-19 17:17:25 | DEBUG    | fgvc.clustering.spherical_kmeans |   Init 4/5: inertia=2.124014
2026-08-19 17:17:25 | DEBUG    | fgvc.clustering.spherical_kmeans |   Init 5/5: inertia=2.146238
2026-08-19 17:17:25 | DEBUG    | fgvc.clustering.spherical_kmeans | K selection: best_k=2 | scores={2: {'silhouette': 0.1428, 'compactness': 0.889, 'score': 0.3381}, 3: {'silhouette': 0.1421, 'compactness': 0.8976, 'score': 0.2737}, 4: {'silhouette': 0.1786, 'compactness': 0.9119, 'score': 0.2295}, 5: {'silhouette': 0.1128, 'compactness': 0.915, 'score': 0.1309}}
2026-08-19 17:17:25 | DEBUG    | fgvc.clustering.spherical_kmeans |   Init 1/10: inertia=2.776048
2026-08-19 17:17:25 | DEBUG    | fgvc.clustering.spherical_kmeans |   Init 2/10: inertia=2.835631
2026-08-19 17:17:25 | DEBUG    | fgvc.clustering.spherical_kmeans |   Init 3/10: inertia=2.890958
2026-08-19 17:17:25 | DEBUG    | fgvc.clustering.spherical_kmeans |   Init 4/10: inertia=2.776048
2026-08-19 17:17:25 | DEBUG    | fgvc.clustering.spherical_kmeans |   Init 5/10: inertia=2.849546
2026-08-19 17:17:25 | DEBUG    | fgvc.clustering.spherical_kmeans |   Init 6/10: inertia=2.726505
2026-08-19 17:17:25 | DEBUG    | fgvc.clustering.spherical_kmeans |   Init 7/10: inertia=2.781815
2026-08-19 17:17:25 | DEBUG    | fgvc.clustering.spherical_kmeans |   Init 8/10: inertia=2.918272
2026-08-19 17:17:25 | DEBUG    | fgvc.clustering.spherical_kmeans |   Init 9/10: inertia=2.945781
2026-08-19 17:17:25 | DEBUG    | fgvc.clustering.spherical_kmeans |   Init 10/10: inertia=2.726505
2026-08-19 17:17:25 | INFO     | fgvc.clustering.spherical_kmeans |   [Ruby_throated_Hummingbird] k_selected=2 | k_effective=2 | min_cluster=9 | max_cluster=16
2026-08-19 17:17:25 | INFO     | fgvc.clustering.spherical_kmeans |   [Rufous_Hummingbird] 25 images
2026-08-19 17:17:25 | DEBUG    | fgvc.clustering.spherical_kmeans |   Init 1/5: inertia=2.476979
2026-08-19 17:17:25 | DEBUG    | fgvc.clustering.spherical_kmeans |   Init 2/5: inertia=2.542807
2026-08-19 17:17:25 | DEBUG    | fgvc.clustering.spherical_kmeans |   Init 3/5: inertia=2.613703
2026-08-19 17:17:25 | DEBUG    | fgvc.clustering.spherical_kmeans |   Init 4/5: inertia=2.470495
2026-08-19 17:17:25 | DEBUG    | fgvc.clustering.spherical_kmeans |   Init 5/5: inertia=2.512703
2026-08-19 17:17:25 | DEBUG    | fgvc.clustering.spherical_kmeans |   Init 1/5: inertia=2.325515
2026-08-19 17:17:25 | DEBUG    | fgvc.clustering.spherical_kmeans |   Init 2/5: inertia=2.288259
2026-08-19 17:17:25 | DEBUG    | fgvc.clustering.spherical_kmeans |   Init 3/5: inertia=2.308636
2026-08-19 17:17:25 | DEBUG    | fgvc.clustering.spherical_kmeans |   Init 4/5: inertia=2.441051
2026-08-19 17:17:25 | DEBUG    | fgvc.clustering.spherical_kmeans |   Init 5/5: inertia=2.491168
2026-08-19 17:17:25 | DEBUG    | fgvc.clustering.spherical_kmeans |   Init 1/5: inertia=2.114526
2026-08-19 17:17:25 | DEBUG    | fgvc.clustering.spherical_kmeans |   Init 2/5: inertia=2.208751
2026-08-19 17:17:25 | DEBUG    | fgvc.clustering.spherical_kmeans |   Init 3/5: inertia=2.140160
2026-08-19 17:17:25 | DEBUG    | fgvc.clustering.spherical_kmeans |   Init 4/5: inertia=2.102643
2026-08-19 17:17:25 | DEBUG    | fgvc.clustering.spherical_kmeans |   Init 5/5: inertia=2.193699
2026-08-19 17:17:25 | DEBUG    | fgvc.clustering.spherical_kmeans |   Init 1/5: inertia=2.001123
2026-08-19 17:17:25 | DEBUG    | fgvc.clustering.spherical_kmeans |   Init 2/5: inertia=1.982440
2026-08-19 17:17:25 | DEBUG    | fgvc.clustering.spherical_kmeans |   Init 3/5: inertia=2.019327
2026-08-19 17:17:25 | DEBUG    | fgvc.clustering.spherical_kmeans |   Init 4/5: inertia=2.003285
2026-08-19 17:17:25 | DEBUG    | fgvc.clustering.spherical_kmeans |   Init 5/5: inertia=1.979609
2026-08-19 17:17:25 | DEBUG    | fgvc.clustering.spherical_kmeans | K selection: best_k=2 | scores={2: {'silhouette': 0.2064, 'compactness': 0.9012, 'score': 0.3736}, 3: {'silhouette': 0.1461, 'compactness': 0.9085, 'score': 0.2789}, 4: {'silhouette': 0.098, 'compactness': 0.9159, 'score': 0.1904}, 5: {'silhouette': 0.0842, 'compactness': 0.9208, 'score': 0.1184}}
2026-08-19 17:17:25 | DEBUG    | fgvc.clustering.spherical_kmeans |   Init 1/10: inertia=2.476979
2026-08-19 17:17:25 | DEBUG    | fgvc.clustering.spherical_kmeans |   Init 2/10: inertia=2.542807
2026-08-19 17:17:25 | DEBUG    | fgvc.clustering.spherical_kmeans |   Init 3/10: inertia=2.613703
2026-08-19 17:17:25 | DEBUG    | fgvc.clustering.spherical_kmeans |   Init 4/10: inertia=2.470495
2026-08-19 17:17:25 | DEBUG    | fgvc.clustering.spherical_kmeans |   Init 5/10: inertia=2.512703
2026-08-19 17:17:25 | DEBUG    | fgvc.clustering.spherical_kmeans |   Init 6/10: inertia=2.514316
2026-08-19 17:17:25 | DEBUG    | fgvc.clustering.spherical_kmeans |   Init 7/10: inertia=2.490536
2026-08-19 17:17:25 | DEBUG    | fgvc.clustering.spherical_kmeans |   Init 8/10: inertia=2.486630
2026-08-19 17:17:25 | DEBUG    | fgvc.clustering.spherical_kmeans |   Init 9/10: inertia=2.493385
2026-08-19 17:17:25 | DEBUG    | fgvc.clustering.spherical_kmeans |   Init 10/10: inertia=2.471510
2026-08-19 17:17:25 | INFO     | fgvc.clustering.spherical_kmeans |   [Rufous_Hummingbird] k_selected=2 | k_effective=2 | min_cluster=10 | max_cluster=15
2026-08-19 17:17:25 | INFO     | fgvc.clustering.spherical_kmeans |   [Rusty_Blackbird] 25 images
2026-08-19 17:17:25 | DEBUG    | fgvc.clustering.spherical_kmeans |   Init 1/5: inertia=3.905886
2026-08-19 17:17:25 | DEBUG    | fgvc.clustering.spherical_kmeans |   Init 2/5: inertia=4.126166
2026-08-19 17:17:25 | DEBUG    | fgvc.clustering.spherical_kmeans |   Init 3/5: inertia=3.897362
2026-08-19 17:17:25 | DEBUG    | fgvc.clustering.spherical_kmeans |   Init 4/5: inertia=4.271357
2026-08-19 17:17:25 | DEBUG    | fgvc.clustering.spherical_kmeans |   Init 5/5: inertia=4.088166
2026-08-19 17:17:25 | DEBUG    | fgvc.clustering.spherical_kmeans |   Init 1/5: inertia=3.612515
2026-08-19 17:17:25 | DEBUG    | fgvc.clustering.spherical_kmeans |   Init 2/5: inertia=3.689113
2026-08-19 17:17:25 | DEBUG    | fgvc.clustering.spherical_kmeans |   Init 3/5: inertia=3.551234
2026-08-19 17:17:25 | DEBUG    | fgvc.clustering.spherical_kmeans |   Init 4/5: inertia=3.498661
2026-08-19 17:17:25 | DEBUG    | fgvc.clustering.spherical_kmeans |   Init 5/5: inertia=3.854228
2026-08-19 17:17:25 | DEBUG    | fgvc.clustering.spherical_kmeans |   Init 1/5: inertia=3.391989
2026-08-19 17:17:25 | DEBUG    | fgvc.clustering.spherical_kmeans |   Init 2/5: inertia=3.304325
2026-08-19 17:17:25 | DEBUG    | fgvc.clustering.spherical_kmeans |   Init 3/5: inertia=3.244421
2026-08-19 17:17:25 | DEBUG    | fgvc.clustering.spherical_kmeans |   Init 4/5: inertia=3.311072
2026-08-19 17:17:25 | DEBUG    | fgvc.clustering.spherical_kmeans |   Init 5/5: inertia=3.409458
2026-08-19 17:17:25 | DEBUG    | fgvc.clustering.spherical_kmeans |   Init 1/5: inertia=3.149668
2026-08-19 17:17:25 | DEBUG    | fgvc.clustering.spherical_kmeans |   Init 2/5: inertia=3.091728
2026-08-19 17:17:25 | DEBUG    | fgvc.clustering.spherical_kmeans |   Init 3/5: inertia=3.153577
2026-08-19 17:17:25 | DEBUG    | fgvc.clustering.spherical_kmeans |   Init 4/5: inertia=3.282184
2026-08-19 17:17:25 | DEBUG    | fgvc.clustering.spherical_kmeans |   Init 5/5: inertia=3.133504
2026-08-19 17:17:25 | DEBUG    | fgvc.clustering.spherical_kmeans | K selection: best_k=2 | scores={2: {'silhouette': 0.1845, 'compactness': 0.8441, 'score': 0.3455}, 3: {'silhouette': 0.1532, 'compactness': 0.8601, 'score': 0.268}, 4: {'silhouette': 0.1457, 'compactness': 0.8702, 'score': 0.2006}, 5: {'silhouette': 0.0878, 'compactness': 0.8763, 'score': 0.1068}}
2026-08-19 17:17:25 | DEBUG    | fgvc.clustering.spherical_kmeans |   Init 1/10: inertia=3.905886
2026-08-19 17:17:25 | DEBUG    | fgvc.clustering.spherical_kmeans |   Init 2/10: inertia=4.126166
2026-08-19 17:17:25 | DEBUG    | fgvc.clustering.spherical_kmeans |   Init 3/10: inertia=3.897362
2026-08-19 17:17:25 | DEBUG    | fgvc.clustering.spherical_kmeans |   Init 4/10: inertia=4.271357
2026-08-19 17:17:25 | DEBUG    | fgvc.clustering.spherical_kmeans |   Init 5/10: inertia=4.088166
2026-08-19 17:17:25 | DEBUG    | fgvc.clustering.spherical_kmeans |   Init 6/10: inertia=3.897362
2026-08-19 17:17:25 | DEBUG    | fgvc.clustering.spherical_kmeans |   Init 7/10: inertia=3.905886
2026-08-19 17:17:25 | DEBUG    | fgvc.clustering.spherical_kmeans |   Init 8/10: inertia=4.095413
2026-08-19 17:17:25 | DEBUG    | fgvc.clustering.spherical_kmeans |   Init 9/10: inertia=3.899051
2026-08-19 17:17:25 | DEBUG    | fgvc.clustering.spherical_kmeans |   Init 10/10: inertia=3.905886
2026-08-19 17:17:25 | INFO     | fgvc.clustering.spherical_kmeans |   [Rusty_Blackbird] k_selected=2 | k_effective=2 | min_cluster=12 | max_cluster=13
2026-08-19 17:17:25 | INFO     | fgvc.clustering.spherical_kmeans |   [Sage_Thrasher] 25 images
2026-08-19 17:17:25 | DEBUG    | fgvc.clustering.spherical_kmeans |   Init 1/5: inertia=3.492291
2026-08-19 17:17:25 | DEBUG    | fgvc.clustering.spherical_kmeans |   Init 2/5: inertia=3.652082
2026-08-19 17:17:25 | DEBUG    | fgvc.clustering.spherical_kmeans |   Init 3/5: inertia=3.533396
2026-08-19 17:17:25 | DEBUG    | fgvc.clustering.spherical_kmeans |   Init 4/5: inertia=3.575282
2026-08-19 17:17:25 | DEBUG    | fgvc.clustering.spherical_kmeans |   Init 5/5: inertia=3.440020
2026-08-19 17:17:25 | DEBUG    | fgvc.clustering.spherical_kmeans |   Init 1/5: inertia=3.085802
2026-08-19 17:17:25 | DEBUG    | fgvc.clustering.spherical_kmeans |   Init 2/5: inertia=3.275830
2026-08-19 17:17:25 | DEBUG    | fgvc.clustering.spherical_kmeans |   Init 3/5: inertia=3.190530
2026-08-19 17:17:25 | DEBUG    | fgvc.clustering.spherical_kmeans |   Init 4/5: inertia=3.356213
2026-08-19 17:17:25 | DEBUG    | fgvc.clustering.spherical_kmeans |   Init 5/5: inertia=3.173067
2026-08-19 17:17:25 | DEBUG    | fgvc.clustering.spherical_kmeans |   Init 1/5: inertia=2.909940
2026-08-19 17:17:25 | DEBUG    | fgvc.clustering.spherical_kmeans |   Init 2/5: inertia=3.110410
2026-08-19 17:17:25 | DEBUG    | fgvc.clustering.spherical_kmeans |   Init 3/5: inertia=2.996589
2026-08-19 17:17:25 | DEBUG    | fgvc.clustering.spherical_kmeans |   Init 4/5: inertia=2.907538
2026-08-19 17:17:25 | DEBUG    | fgvc.clustering.spherical_kmeans |   Init 5/5: inertia=2.956261
2026-08-19 17:17:25 | DEBUG    | fgvc.clustering.spherical_kmeans |   Init 1/5: inertia=2.629095
2026-08-19 17:17:25 | DEBUG    | fgvc.clustering.spherical_kmeans |   Init 2/5: inertia=2.849725
2026-08-19 17:17:25 | DEBUG    | fgvc.clustering.spherical_kmeans |   Init 3/5: inertia=2.713668
2026-08-19 17:17:25 | DEBUG    | fgvc.clustering.spherical_kmeans |   Init 4/5: inertia=2.765764
2026-08-19 17:17:25 | DEBUG    | fgvc.clustering.spherical_kmeans |   Init 5/5: inertia=2.899852
2026-08-19 17:17:25 | DEBUG    | fgvc.clustering.spherical_kmeans | K selection: best_k=2 | scores={2: {'silhouette': 0.2951, 'compactness': 0.8624, 'score': 0.4063}, 3: {'silhouette': 0.1118, 'compactness': 0.8766, 'score': 0.2522}, 4: {'silhouette': 0.0663, 'compactness': 0.8837, 'score': 0.1649}, 5: {'silhouette': 0.0594, 'compactness': 0.8948, 'score': 0.0982}}
2026-08-19 17:17:25 | DEBUG    | fgvc.clustering.spherical_kmeans |   Init 1/10: inertia=3.492291
2026-08-19 17:17:25 | DEBUG    | fgvc.clustering.spherical_kmeans |   Init 2/10: inertia=3.652082
2026-08-19 17:17:25 | DEBUG    | fgvc.clustering.spherical_kmeans |   Init 3/10: inertia=3.533396
2026-08-19 17:17:25 | DEBUG    | fgvc.clustering.spherical_kmeans |   Init 4/10: inertia=3.575282
2026-08-19 17:17:25 | DEBUG    | fgvc.clustering.spherical_kmeans |   Init 5/10: inertia=3.440020
2026-08-19 17:17:25 | DEBUG    | fgvc.clustering.spherical_kmeans |   Init 6/10: inertia=3.542712
2026-08-19 17:17:25 | DEBUG    | fgvc.clustering.spherical_kmeans |   Init 7/10: inertia=3.440020
2026-08-19 17:17:25 | DEBUG    | fgvc.clustering.spherical_kmeans |   Init 8/10: inertia=3.360490
2026-08-19 17:17:25 | DEBUG    | fgvc.clustering.spherical_kmeans |   Init 9/10: inertia=3.440020
2026-08-19 17:17:25 | DEBUG    | fgvc.clustering.spherical_kmeans |   Init 10/10: inertia=3.481187
2026-08-19 17:17:25 | INFO     | fgvc.clustering.spherical_kmeans |   [Sage_Thrasher] k_selected=2 | k_effective=2 | min_cluster=6 | max_cluster=19
2026-08-19 17:17:25 | INFO     | fgvc.clustering.spherical_kmeans |   [Savannah_Sparrow] 25 images
2026-08-19 17:17:25 | DEBUG    | fgvc.clustering.spherical_kmeans |   Init 1/5: inertia=3.508029
2026-08-19 17:17:25 | DEBUG    | fgvc.clustering.spherical_kmeans |   Init 2/5: inertia=3.441214
2026-08-19 17:17:25 | DEBUG    | fgvc.clustering.spherical_kmeans |   Init 3/5: inertia=3.361053
2026-08-19 17:17:25 | DEBUG    | fgvc.clustering.spherical_kmeans |   Init 4/5: inertia=3.501034
2026-08-19 17:17:25 | DEBUG    | fgvc.clustering.spherical_kmeans |   Init 5/5: inertia=3.426905
2026-08-19 17:17:25 | DEBUG    | fgvc.clustering.spherical_kmeans |   Init 1/5: inertia=3.204950
2026-08-19 17:17:25 | DEBUG    | fgvc.clustering.spherical_kmeans |   Init 2/5: inertia=3.190640
2026-08-19 17:17:25 | DEBUG    | fgvc.clustering.spherical_kmeans |   Init 3/5: inertia=3.200661
2026-08-19 17:17:25 | DEBUG    | fgvc.clustering.spherical_kmeans |   Init 4/5: inertia=3.224597
2026-08-19 17:17:25 | DEBUG    | fgvc.clustering.spherical_kmeans |   Init 5/5: inertia=3.172028
2026-08-19 17:17:25 | DEBUG    | fgvc.clustering.spherical_kmeans |   Init 1/5: inertia=2.935497
2026-08-19 17:17:25 | DEBUG    | fgvc.clustering.spherical_kmeans |   Init 2/5: inertia=3.018760
2026-08-19 17:17:25 | DEBUG    | fgvc.clustering.spherical_kmeans |   Init 3/5: inertia=3.151666
2026-08-19 17:17:25 | DEBUG    | fgvc.clustering.spherical_kmeans |   Init 4/5: inertia=2.912342
2026-08-19 17:17:25 | DEBUG    | fgvc.clustering.spherical_kmeans |   Init 5/5: inertia=2.994288
2026-08-19 17:17:25 | DEBUG    | fgvc.clustering.spherical_kmeans |   Init 1/5: inertia=2.895034
2026-08-19 17:17:25 | DEBUG    | fgvc.clustering.spherical_kmeans |   Init 2/5: inertia=2.813039
2026-08-19 17:17:25 | DEBUG    | fgvc.clustering.spherical_kmeans |   Init 3/5: inertia=2.744964
2026-08-19 17:17:25 | DEBUG    | fgvc.clustering.spherical_kmeans |   Init 4/5: inertia=2.732077
2026-08-19 17:17:25 | DEBUG    | fgvc.clustering.spherical_kmeans |   Init 5/5: inertia=2.705926
2026-08-19 17:17:25 | DEBUG    | fgvc.clustering.spherical_kmeans | K selection: best_k=2 | scores={2: {'silhouette': 0.1543, 'compactness': 0.8656, 'score': 0.3368}, 3: {'silhouette': 0.0688, 'compactness': 0.8731, 'score': 0.2297}, 4: {'silhouette': 0.0631, 'compactness': 0.8835, 'score': 0.1632}, 5: {'silhouette': 0.0326, 'compactness': 0.8918, 'score': 0.0838}}
2026-08-19 17:17:25 | DEBUG    | fgvc.clustering.spherical_kmeans |   Init 1/10: inertia=3.508029
2026-08-19 17:17:25 | DEBUG    | fgvc.clustering.spherical_kmeans |   Init 2/10: inertia=3.441214
2026-08-19 17:17:25 | DEBUG    | fgvc.clustering.spherical_kmeans |   Init 3/10: inertia=3.361053
2026-08-19 17:17:25 | DEBUG    | fgvc.clustering.spherical_kmeans |   Init 4/10: inertia=3.501034
2026-08-19 17:17:25 | DEBUG    | fgvc.clustering.spherical_kmeans |   Init 5/10: inertia=3.426905
2026-08-19 17:17:25 | DEBUG    | fgvc.clustering.spherical_kmeans |   Init 6/10: inertia=3.483818
2026-08-19 17:17:25 | DEBUG    | fgvc.clustering.spherical_kmeans |   Init 7/10: inertia=3.415176
2026-08-19 17:17:25 | DEBUG    | fgvc.clustering.spherical_kmeans |   Init 8/10: inertia=3.436406
2026-08-19 17:17:25 | DEBUG    | fgvc.clustering.spherical_kmeans |   Init 9/10: inertia=3.441214
2026-08-19 17:17:25 | DEBUG    | fgvc.clustering.spherical_kmeans |   Init 10/10: inertia=3.466884
2026-08-19 17:17:25 | INFO     | fgvc.clustering.spherical_kmeans |   [Savannah_Sparrow] k_selected=2 | k_effective=2 | min_cluster=6 | max_cluster=19
2026-08-19 17:17:25 | INFO     | fgvc.clustering.spherical_kmeans |   [Sayornis] 25 images
2026-08-19 17:17:25 | DEBUG    | fgvc.clustering.spherical_kmeans |   Init 1/5: inertia=3.894127
2026-08-19 17:17:25 | DEBUG    | fgvc.clustering.spherical_kmeans |   Init 2/5: inertia=4.153543
2026-08-19 17:17:25 | DEBUG    | fgvc.clustering.spherical_kmeans |   Init 3/5: inertia=4.340303
2026-08-19 17:17:25 | DEBUG    | fgvc.clustering.spherical_kmeans |   Init 4/5: inertia=4.114673
2026-08-19 17:17:25 | DEBUG    | fgvc.clustering.spherical_kmeans |   Init 5/5: inertia=3.894127
2026-08-19 17:17:25 | DEBUG    | fgvc.clustering.spherical_kmeans |   Init 1/5: inertia=3.257666
2026-08-19 17:17:25 | DEBUG    | fgvc.clustering.spherical_kmeans |   Init 2/5: inertia=3.602455
2026-08-19 17:17:25 | DEBUG    | fgvc.clustering.spherical_kmeans |   Init 3/5: inertia=3.394597
2026-08-19 17:17:25 | DEBUG    | fgvc.clustering.spherical_kmeans |   Init 4/5: inertia=3.213353
2026-08-19 17:17:25 | DEBUG    | fgvc.clustering.spherical_kmeans |   Init 5/5: inertia=3.622885
2026-08-19 17:17:25 | DEBUG    | fgvc.clustering.spherical_kmeans |   Init 1/5: inertia=3.023692
2026-08-19 17:17:25 | DEBUG    | fgvc.clustering.spherical_kmeans |   Init 2/5: inertia=3.168113
2026-08-19 17:17:25 | DEBUG    | fgvc.clustering.spherical_kmeans |   Init 3/5: inertia=3.362980
2026-08-19 17:17:25 | DEBUG    | fgvc.clustering.spherical_kmeans |   Init 4/5: inertia=3.566933
2026-08-19 17:17:25 | DEBUG    | fgvc.clustering.spherical_kmeans |   Init 5/5: inertia=2.989783
2026-08-19 17:17:25 | DEBUG    | fgvc.clustering.spherical_kmeans |   Init 1/5: inertia=2.826244
2026-08-19 17:17:25 | DEBUG    | fgvc.clustering.spherical_kmeans |   Init 2/5: inertia=2.918020
2026-08-19 17:17:25 | DEBUG    | fgvc.clustering.spherical_kmeans |   Init 3/5: inertia=2.804482
2026-08-19 17:17:25 | DEBUG    | fgvc.clustering.spherical_kmeans |   Init 4/5: inertia=2.825278
2026-08-19 17:17:25 | DEBUG    | fgvc.clustering.spherical_kmeans |   Init 5/5: inertia=2.888896
2026-08-19 17:17:25 | DEBUG    | fgvc.clustering.spherical_kmeans | K selection: best_k=2 | scores={2: {'silhouette': 0.2924, 'compactness': 0.8442, 'score': 0.3995}, 3: {'silhouette': 0.3133, 'compactness': 0.8715, 'score': 0.3514}, 4: {'silhouette': 0.2651, 'compactness': 0.8804, 'score': 0.2633}, 5: {'silhouette': 0.2074, 'compactness': 0.8878, 'score': 0.1701}}
2026-08-19 17:17:25 | DEBUG    | fgvc.clustering.spherical_kmeans |   Init 1/10: inertia=3.894127
2026-08-19 17:17:25 | DEBUG    | fgvc.clustering.spherical_kmeans |   Init 2/10: inertia=4.153543
2026-08-19 17:17:25 | DEBUG    | fgvc.clustering.spherical_kmeans |   Init 3/10: inertia=4.340303
2026-08-19 17:17:25 | DEBUG    | fgvc.clustering.spherical_kmeans |   Init 4/10: inertia=4.114673
2026-08-19 17:17:25 | DEBUG    | fgvc.clustering.spherical_kmeans |   Init 5/10: inertia=3.894127
2026-08-19 17:17:25 | DEBUG    | fgvc.clustering.spherical_kmeans |   Init 6/10: inertia=4.153543
2026-08-19 17:17:25 | DEBUG    | fgvc.clustering.spherical_kmeans |   Init 7/10: inertia=3.894127
2026-08-19 17:17:25 | DEBUG    | fgvc.clustering.spherical_kmeans |   Init 8/10: inertia=4.114673
2026-08-19 17:17:25 | DEBUG    | fgvc.clustering.spherical_kmeans |   Init 9/10: inertia=4.153543
2026-08-19 17:17:25 | DEBUG    | fgvc.clustering.spherical_kmeans |   Init 10/10: inertia=4.153543
2026-08-19 17:17:25 | INFO     | fgvc.clustering.spherical_kmeans |   [Sayornis] k_selected=2 | k_effective=2 | min_cluster=10 | max_cluster=15
2026-08-19 17:17:25 | INFO     | fgvc.clustering.spherical_kmeans |   [Scarlet_Tanager] 25 images
2026-08-19 17:17:25 | DEBUG    | fgvc.clustering.spherical_kmeans |   Init 1/5: inertia=1.975528
2026-08-19 17:17:25 | DEBUG    | fgvc.clustering.spherical_kmeans |   Init 2/5: inertia=1.974455
2026-08-19 17:17:25 | DEBUG    | fgvc.clustering.spherical_kmeans |   Init 3/5: inertia=2.039016
2026-08-19 17:17:25 | DEBUG    | fgvc.clustering.spherical_kmeans |   Init 4/5: inertia=2.044355
2026-08-19 17:17:25 | DEBUG    | fgvc.clustering.spherical_kmeans |   Init 5/5: inertia=2.032070
2026-08-19 17:17:25 | DEBUG    | fgvc.clustering.spherical_kmeans |   Init 1/5: inertia=1.872879
2026-08-19 17:17:25 | DEBUG    | fgvc.clustering.spherical_kmeans |   Init 2/5: inertia=1.928613
2026-08-19 17:17:25 | DEBUG    | fgvc.clustering.spherical_kmeans |   Init 3/5: inertia=1.920439
2026-08-19 17:17:25 | DEBUG    | fgvc.clustering.spherical_kmeans |   Init 4/5: inertia=1.858877
2026-08-19 17:17:25 | DEBUG    | fgvc.clustering.spherical_kmeans |   Init 5/5: inertia=1.983015
2026-08-19 17:17:25 | DEBUG    | fgvc.clustering.spherical_kmeans |   Init 1/5: inertia=1.752350
2026-08-19 17:17:25 | DEBUG    | fgvc.clustering.spherical_kmeans |   Init 2/5: inertia=1.761929
2026-08-19 17:17:25 | DEBUG    | fgvc.clustering.spherical_kmeans |   Init 3/5: inertia=1.769047
2026-08-19 17:17:25 | DEBUG    | fgvc.clustering.spherical_kmeans |   Init 4/5: inertia=1.664401
2026-08-19 17:17:25 | DEBUG    | fgvc.clustering.spherical_kmeans |   Init 5/5: inertia=1.739469
2026-08-19 17:17:25 | DEBUG    | fgvc.clustering.spherical_kmeans |   Init 1/5: inertia=1.638546
2026-08-19 17:17:25 | DEBUG    | fgvc.clustering.spherical_kmeans |   Init 2/5: inertia=1.662004
2026-08-19 17:17:25 | DEBUG    | fgvc.clustering.spherical_kmeans |   Init 3/5: inertia=1.666201
2026-08-19 17:17:25 | DEBUG    | fgvc.clustering.spherical_kmeans |   Init 4/5: inertia=1.649156
2026-08-19 17:17:25 | DEBUG    | fgvc.clustering.spherical_kmeans |   Init 5/5: inertia=1.646572
2026-08-19 17:17:25 | DEBUG    | fgvc.clustering.spherical_kmeans | K selection: best_k=2 | scores={2: {'silhouette': 0.173, 'compactness': 0.921, 'score': 0.3628}, 3: {'silhouette': 0.0546, 'compactness': 0.9256, 'score': 0.2383}, 4: {'silhouette': 0.1011, 'compactness': 0.9334, 'score': 0.1973}, 5: {'silhouette': 0.0262, 'compactness': 0.9345, 'score': 0.0935}}
2026-08-19 17:17:25 | DEBUG    | fgvc.clustering.spherical_kmeans |   Init 1/10: inertia=1.975528
2026-08-19 17:17:25 | DEBUG    | fgvc.clustering.spherical_kmeans |   Init 2/10: inertia=1.974455
2026-08-19 17:17:25 | DEBUG    | fgvc.clustering.spherical_kmeans |   Init 3/10: inertia=2.039016
2026-08-19 17:17:25 | DEBUG    | fgvc.clustering.spherical_kmeans |   Init 4/10: inertia=2.044355
2026-08-19 17:17:25 | DEBUG    | fgvc.clustering.spherical_kmeans |   Init 5/10: inertia=2.032070
2026-08-19 17:17:25 | DEBUG    | fgvc.clustering.spherical_kmeans |   Init 6/10: inertia=2.013275
2026-08-19 17:17:25 | DEBUG    | fgvc.clustering.spherical_kmeans |   Init 7/10: inertia=2.060135
2026-08-19 17:17:25 | DEBUG    | fgvc.clustering.spherical_kmeans |   Init 8/10: inertia=2.072196
2026-08-19 17:17:25 | DEBUG    | fgvc.clustering.spherical_kmeans |   Init 9/10: inertia=2.042460
2026-08-19 17:17:25 | DEBUG    | fgvc.clustering.spherical_kmeans |   Init 10/10: inertia=1.992298
2026-08-19 17:17:25 | INFO     | fgvc.clustering.spherical_kmeans |   [Scarlet_Tanager] k_selected=2 | k_effective=2 | min_cluster=7 | max_cluster=18
2026-08-19 17:17:25 | INFO     | fgvc.clustering.spherical_kmeans |   [Scissor_tailed_Flycatcher] 25 images
2026-08-19 17:17:25 | DEBUG    | fgvc.clustering.spherical_kmeans |   Init 1/5: inertia=3.326671
2026-08-19 17:17:25 | DEBUG    | fgvc.clustering.spherical_kmeans |   Init 2/5: inertia=3.394649
2026-08-19 17:17:25 | DEBUG    | fgvc.clustering.spherical_kmeans |   Init 3/5: inertia=3.321730
2026-08-19 17:17:25 | DEBUG    | fgvc.clustering.spherical_kmeans |   Init 4/5: inertia=3.363954
2026-08-19 17:17:25 | DEBUG    | fgvc.clustering.spherical_kmeans |   Init 5/5: inertia=3.431411
2026-08-19 17:17:25 | DEBUG    | fgvc.clustering.spherical_kmeans |   Init 1/5: inertia=2.988508
2026-08-19 17:17:25 | DEBUG    | fgvc.clustering.spherical_kmeans |   Init 2/5: inertia=3.175993
2026-08-19 17:17:25 | DEBUG    | fgvc.clustering.spherical_kmeans |   Init 3/5: inertia=3.139581
2026-08-19 17:17:25 | DEBUG    | fgvc.clustering.spherical_kmeans |   Init 4/5: inertia=3.222271
2026-08-19 17:17:25 | DEBUG    | fgvc.clustering.spherical_kmeans |   Init 5/5: inertia=3.071817
2026-08-19 17:17:25 | DEBUG    | fgvc.clustering.spherical_kmeans |   Init 1/5: inertia=2.777326
2026-08-19 17:17:25 | DEBUG    | fgvc.clustering.spherical_kmeans |   Init 2/5: inertia=2.928504
2026-08-19 17:17:25 | DEBUG    | fgvc.clustering.spherical_kmeans |   Init 3/5: inertia=2.910612
2026-08-19 17:17:25 | DEBUG    | fgvc.clustering.spherical_kmeans |   Init 4/5: inertia=2.784775
2026-08-19 17:17:25 | DEBUG    | fgvc.clustering.spherical_kmeans |   Init 5/5: inertia=2.794709
2026-08-19 17:17:25 | DEBUG    | fgvc.clustering.spherical_kmeans |   Init 1/5: inertia=2.591622
2026-08-19 17:17:25 | DEBUG    | fgvc.clustering.spherical_kmeans |   Init 2/5: inertia=2.798338
2026-08-19 17:17:25 | DEBUG    | fgvc.clustering.spherical_kmeans |   Init 3/5: inertia=2.574961
2026-08-19 17:17:25 | DEBUG    | fgvc.clustering.spherical_kmeans |   Init 4/5: inertia=2.837955
2026-08-19 17:17:25 | DEBUG    | fgvc.clustering.spherical_kmeans |   Init 5/5: inertia=2.653610
2026-08-19 17:17:25 | DEBUG    | fgvc.clustering.spherical_kmeans | K selection: best_k=2 | scores={2: {'silhouette': 0.083, 'compactness': 0.8671, 'score': 0.3016}, 3: {'silhouette': 0.1026, 'compactness': 0.8805, 'score': 0.2488}, 4: {'silhouette': 0.0893, 'compactness': 0.8889, 'score': 0.178}, 5: {'silhouette': 0.0707, 'compactness': 0.897, 'score': 0.1045}}
2026-08-19 17:17:25 | DEBUG    | fgvc.clustering.spherical_kmeans |   Init 1/10: inertia=3.326671
2026-08-19 17:17:25 | DEBUG    | fgvc.clustering.spherical_kmeans |   Init 2/10: inertia=3.394649
2026-08-19 17:17:25 | DEBUG    | fgvc.clustering.spherical_kmeans |   Init 3/10: inertia=3.321730
2026-08-19 17:17:25 | DEBUG    | fgvc.clustering.spherical_kmeans |   Init 4/10: inertia=3.363954
2026-08-19 17:17:25 | DEBUG    | fgvc.clustering.spherical_kmeans |   Init 5/10: inertia=3.431411
2026-08-19 17:17:25 | DEBUG    | fgvc.clustering.spherical_kmeans |   Init 6/10: inertia=3.428948
2026-08-19 17:17:25 | DEBUG    | fgvc.clustering.spherical_kmeans |   Init 7/10: inertia=3.299069
2026-08-19 17:17:25 | DEBUG    | fgvc.clustering.spherical_kmeans |   Init 8/10: inertia=3.395953
2026-08-19 17:17:25 | DEBUG    | fgvc.clustering.spherical_kmeans |   Init 9/10: inertia=3.443768
2026-08-19 17:17:25 | DEBUG    | fgvc.clustering.spherical_kmeans |   Init 10/10: inertia=3.331313
2026-08-19 17:17:25 | INFO     | fgvc.clustering.spherical_kmeans |   [Scissor_tailed_Flycatcher] k_selected=2 | k_effective=2 | min_cluster=5 | max_cluster=20
2026-08-19 17:17:25 | INFO     | fgvc.clustering.spherical_kmeans |   [Scott_Oriole] 25 images
2026-08-19 17:17:25 | DEBUG    | fgvc.clustering.spherical_kmeans |   Init 1/5: inertia=3.184630
2026-08-19 17:17:25 | DEBUG    | fgvc.clustering.spherical_kmeans |   Init 2/5: inertia=3.173913
2026-08-19 17:17:25 | DEBUG    | fgvc.clustering.spherical_kmeans |   Init 3/5: inertia=2.958353
2026-08-19 17:17:25 | DEBUG    | fgvc.clustering.spherical_kmeans |   Init 4/5: inertia=2.925744
2026-08-19 17:17:25 | DEBUG    | fgvc.clustering.spherical_kmeans |   Init 5/5: inertia=3.141617
2026-08-19 17:17:25 | DEBUG    | fgvc.clustering.spherical_kmeans |   Init 1/5: inertia=2.982941
2026-08-19 17:17:25 | DEBUG    | fgvc.clustering.spherical_kmeans |   Init 2/5: inertia=2.758857
2026-08-19 17:17:25 | DEBUG    | fgvc.clustering.spherical_kmeans |   Init 3/5: inertia=2.761455
2026-08-19 17:17:25 | DEBUG    | fgvc.clustering.spherical_kmeans |   Init 4/5: inertia=2.728274
2026-08-19 17:17:25 | DEBUG    | fgvc.clustering.spherical_kmeans |   Init 5/5: inertia=2.665944
2026-08-19 17:17:25 | DEBUG    | fgvc.clustering.spherical_kmeans |   Init 1/5: inertia=2.567606
2026-08-19 17:17:25 | DEBUG    | fgvc.clustering.spherical_kmeans |   Init 2/5: inertia=2.578319
2026-08-19 17:17:25 | DEBUG    | fgvc.clustering.spherical_kmeans |   Init 3/5: inertia=2.548486
2026-08-19 17:17:25 | DEBUG    | fgvc.clustering.spherical_kmeans |   Init 4/5: inertia=2.681009
2026-08-19 17:17:25 | DEBUG    | fgvc.clustering.spherical_kmeans |   Init 5/5: inertia=2.528741
2026-08-19 17:17:25 | DEBUG    | fgvc.clustering.spherical_kmeans |   Init 1/5: inertia=2.386276
2026-08-19 17:17:25 | DEBUG    | fgvc.clustering.spherical_kmeans |   Init 2/5: inertia=2.352443
2026-08-19 17:17:25 | DEBUG    | fgvc.clustering.spherical_kmeans |   Init 3/5: inertia=2.300864
2026-08-19 17:17:25 | DEBUG    | fgvc.clustering.spherical_kmeans |   Init 4/5: inertia=2.358402
2026-08-19 17:17:25 | DEBUG    | fgvc.clustering.spherical_kmeans |   Init 5/5: inertia=2.368086
2026-08-19 17:17:25 | DEBUG    | fgvc.clustering.spherical_kmeans | K selection: best_k=2 | scores={2: {'silhouette': 0.1952, 'compactness': 0.883, 'score': 0.3625}, 3: {'silhouette': 0.1489, 'compactness': 0.8934, 'score': 0.2758}, 4: {'silhouette': 0.0991, 'compactness': 0.8989, 'score': 0.1859}, 5: {'silhouette': 0.0754, 'compactness': 0.908, 'score': 0.1101}}
2026-08-19 17:17:25 | DEBUG    | fgvc.clustering.spherical_kmeans |   Init 1/10: inertia=3.184630
2026-08-19 17:17:25 | DEBUG    | fgvc.clustering.spherical_kmeans |   Init 2/10: inertia=3.173913
2026-08-19 17:17:25 | DEBUG    | fgvc.clustering.spherical_kmeans |   Init 3/10: inertia=2.958353
2026-08-19 17:17:25 | DEBUG    | fgvc.clustering.spherical_kmeans |   Init 4/10: inertia=2.925744
2026-08-19 17:17:25 | DEBUG    | fgvc.clustering.spherical_kmeans |   Init 5/10: inertia=3.141617
2026-08-19 17:17:25 | DEBUG    | fgvc.clustering.spherical_kmeans |   Init 6/10: inertia=3.173180
2026-08-19 17:17:25 | DEBUG    | fgvc.clustering.spherical_kmeans |   Init 7/10: inertia=2.891806
2026-08-19 17:17:25 | DEBUG    | fgvc.clustering.spherical_kmeans |   Init 8/10: inertia=3.220381
2026-08-19 17:17:25 | DEBUG    | fgvc.clustering.spherical_kmeans |   Init 9/10: inertia=3.166749
2026-08-19 17:17:25 | DEBUG    | fgvc.clustering.spherical_kmeans |   Init 10/10: inertia=2.891806
2026-08-19 17:17:25 | INFO     | fgvc.clustering.spherical_kmeans |   [Scott_Oriole] k_selected=2 | k_effective=2 | min_cluster=8 | max_cluster=17
2026-08-19 17:17:25 | INFO     | fgvc.clustering.spherical_kmeans |   [Seaside_Sparrow] 25 images
2026-08-19 17:17:25 | DEBUG    | fgvc.clustering.spherical_kmeans |   Init 1/5: inertia=4.222905
2026-08-19 17:17:25 | DEBUG    | fgvc.clustering.spherical_kmeans |   Init 2/5: inertia=4.448625
2026-08-19 17:17:25 | DEBUG    | fgvc.clustering.spherical_kmeans |   Init 3/5: inertia=4.258411
2026-08-19 17:17:25 | DEBUG    | fgvc.clustering.spherical_kmeans |   Init 4/5: inertia=4.568037
2026-08-19 17:17:25 | DEBUG    | fgvc.clustering.spherical_kmeans |   Init 5/5: inertia=4.399613
2026-08-19 17:17:25 | DEBUG    | fgvc.clustering.spherical_kmeans |   Init 1/5: inertia=4.039052
2026-08-19 17:17:25 | DEBUG    | fgvc.clustering.spherical_kmeans |   Init 2/5: inertia=4.215147
2026-08-19 17:17:25 | DEBUG    | fgvc.clustering.spherical_kmeans |   Init 3/5: inertia=4.060316
2026-08-19 17:17:25 | DEBUG    | fgvc.clustering.spherical_kmeans |   Init 4/5: inertia=3.992353
2026-08-19 17:17:25 | DEBUG    | fgvc.clustering.spherical_kmeans |   Init 5/5: inertia=4.184015
2026-08-19 17:17:25 | DEBUG    | fgvc.clustering.spherical_kmeans |   Init 1/5: inertia=3.751913
2026-08-19 17:17:25 | DEBUG    | fgvc.clustering.spherical_kmeans |   Init 2/5: inertia=3.875197
2026-08-19 17:17:25 | DEBUG    | fgvc.clustering.spherical_kmeans |   Init 3/5: inertia=3.788686
2026-08-19 17:17:25 | DEBUG    | fgvc.clustering.spherical_kmeans |   Init 4/5: inertia=3.821432
2026-08-19 17:17:25 | DEBUG    | fgvc.clustering.spherical_kmeans |   Init 5/5: inertia=3.564301
2026-08-19 17:17:25 | DEBUG    | fgvc.clustering.spherical_kmeans |   Init 1/5: inertia=3.487998
2026-08-19 17:17:25 | DEBUG    | fgvc.clustering.spherical_kmeans |   Init 2/5: inertia=3.651270
2026-08-19 17:17:25 | DEBUG    | fgvc.clustering.spherical_kmeans |   Init 3/5: inertia=3.418642
2026-08-19 17:17:25 | DEBUG    | fgvc.clustering.spherical_kmeans |   Init 4/5: inertia=3.467077
2026-08-19 17:17:25 | DEBUG    | fgvc.clustering.spherical_kmeans |   Init 5/5: inertia=3.483432
2026-08-19 17:17:25 | DEBUG    | fgvc.clustering.spherical_kmeans | K selection: best_k=2 | scores={2: {'silhouette': 0.2117, 'compactness': 0.8311, 'score': 0.3552}, 3: {'silhouette': 0.0438, 'compactness': 0.8403, 'score': 0.2073}, 4: {'silhouette': 0.1612, 'compactness': 0.8574, 'score': 0.2045}, 5: {'silhouette': 0.0376, 'compactness': 0.8633, 'score': 0.0778}}
2026-08-19 17:17:25 | DEBUG    | fgvc.clustering.spherical_kmeans |   Init 1/10: inertia=4.222905
2026-08-19 17:17:25 | DEBUG    | fgvc.clustering.spherical_kmeans |   Init 2/10: inertia=4.448625
2026-08-19 17:17:25 | DEBUG    | fgvc.clustering.spherical_kmeans |   Init 3/10: inertia=4.258411
2026-08-19 17:17:25 | DEBUG    | fgvc.clustering.spherical_kmeans |   Init 4/10: inertia=4.568037
2026-08-19 17:17:25 | DEBUG    | fgvc.clustering.spherical_kmeans |   Init 5/10: inertia=4.399613
2026-08-19 17:17:25 | DEBUG    | fgvc.clustering.spherical_kmeans |   Init 6/10: inertia=4.339076
2026-08-19 17:17:25 | DEBUG    | fgvc.clustering.spherical_kmeans |   Init 7/10: inertia=4.362426
2026-08-19 17:17:25 | DEBUG    | fgvc.clustering.spherical_kmeans |   Init 8/10: inertia=4.235476
2026-08-19 17:17:25 | DEBUG    | fgvc.clustering.spherical_kmeans |   Init 9/10: inertia=4.351001
2026-08-19 17:17:25 | DEBUG    | fgvc.clustering.spherical_kmeans |   Init 10/10: inertia=4.214785
2026-08-19 17:17:25 | INFO     | fgvc.clustering.spherical_kmeans |   [Seaside_Sparrow] k_selected=2 | k_effective=2 | min_cluster=5 | max_cluster=20
2026-08-19 17:17:25 | INFO     | fgvc.clustering.spherical_kmeans |   [Shiny_Cowbird] 25 images
2026-08-19 17:17:25 | DEBUG    | fgvc.clustering.spherical_kmeans |   Init 1/5: inertia=3.682448
2026-08-19 17:17:25 | DEBUG    | fgvc.clustering.spherical_kmeans |   Init 2/5: inertia=3.594518
2026-08-19 17:17:25 | DEBUG    | fgvc.clustering.spherical_kmeans |   Init 3/5: inertia=3.607380
2026-08-19 17:17:25 | DEBUG    | fgvc.clustering.spherical_kmeans |   Init 4/5: inertia=3.593215
2026-08-19 17:17:25 | DEBUG    | fgvc.clustering.spherical_kmeans |   Init 5/5: inertia=3.580949
2026-08-19 17:17:25 | DEBUG    | fgvc.clustering.spherical_kmeans |   Init 1/5: inertia=3.401660
2026-08-19 17:17:25 | DEBUG    | fgvc.clustering.spherical_kmeans |   Init 2/5: inertia=3.435431
2026-08-19 17:17:25 | DEBUG    | fgvc.clustering.spherical_kmeans |   Init 3/5: inertia=3.386596
2026-08-19 17:17:25 | DEBUG    | fgvc.clustering.spherical_kmeans |   Init 4/5: inertia=3.403852
2026-08-19 17:17:25 | DEBUG    | fgvc.clustering.spherical_kmeans |   Init 5/5: inertia=3.309933
2026-08-19 17:17:25 | DEBUG    | fgvc.clustering.spherical_kmeans |   Init 1/5: inertia=3.197394
2026-08-19 17:17:25 | DEBUG    | fgvc.clustering.spherical_kmeans |   Init 2/5: inertia=3.050582
2026-08-19 17:17:25 | DEBUG    | fgvc.clustering.spherical_kmeans |   Init 3/5: inertia=3.127321
2026-08-19 17:17:25 | DEBUG    | fgvc.clustering.spherical_kmeans |   Init 4/5: inertia=3.286614
2026-08-19 17:17:25 | DEBUG    | fgvc.clustering.spherical_kmeans |   Init 5/5: inertia=3.214396
2026-08-19 17:17:25 | DEBUG    | fgvc.clustering.spherical_kmeans |   Init 1/5: inertia=2.975843
2026-08-19 17:17:25 | DEBUG    | fgvc.clustering.spherical_kmeans |   Init 2/5: inertia=2.897853
2026-08-19 17:17:25 | DEBUG    | fgvc.clustering.spherical_kmeans |   Init 3/5: inertia=2.968521
2026-08-19 17:17:25 | DEBUG    | fgvc.clustering.spherical_kmeans |   Init 4/5: inertia=2.897131
2026-08-19 17:17:25 | DEBUG    | fgvc.clustering.spherical_kmeans |   Init 5/5: inertia=2.932819
2026-08-19 17:17:25 | DEBUG    | fgvc.clustering.spherical_kmeans | K selection: best_k=2 | scores={2: {'silhouette': 0.0718, 'compactness': 0.8568, 'score': 0.2929}, 3: {'silhouette': 0.0771, 'compactness': 0.8676, 'score': 0.2322}, 4: {'silhouette': 0.0478, 'compactness': 0.878, 'score': 0.154}, 5: {'silhouette': 0.0215, 'compactness': 0.8841, 'score': 0.076}}
2026-08-19 17:17:25 | DEBUG    | fgvc.clustering.spherical_kmeans |   Init 1/10: inertia=3.682448
2026-08-19 17:17:25 | DEBUG    | fgvc.clustering.spherical_kmeans |   Init 2/10: inertia=3.594518
2026-08-19 17:17:25 | DEBUG    | fgvc.clustering.spherical_kmeans |   Init 3/10: inertia=3.607380
2026-08-19 17:17:25 | DEBUG    | fgvc.clustering.spherical_kmeans |   Init 4/10: inertia=3.593215
2026-08-19 17:17:25 | DEBUG    | fgvc.clustering.spherical_kmeans |   Init 5/10: inertia=3.580949
2026-08-19 17:17:25 | DEBUG    | fgvc.clustering.spherical_kmeans |   Init 6/10: inertia=3.620174
2026-08-19 17:17:25 | DEBUG    | fgvc.clustering.spherical_kmeans |   Init 7/10: inertia=3.616414
2026-08-19 17:17:25 | DEBUG    | fgvc.clustering.spherical_kmeans |   Init 8/10: inertia=3.664193
2026-08-19 17:17:25 | DEBUG    | fgvc.clustering.spherical_kmeans |   Init 9/10: inertia=3.624370
2026-08-19 17:17:25 | DEBUG    | fgvc.clustering.spherical_kmeans |   Init 10/10: inertia=3.610514
2026-08-19 17:17:25 | INFO     | fgvc.clustering.spherical_kmeans |   [Shiny_Cowbird] k_selected=2 | k_effective=2 | min_cluster=11 | max_cluster=14
2026-08-19 17:17:25 | INFO     | fgvc.clustering.spherical_kmeans |   [Slaty_backed_Gull] 25 images
2026-08-19 17:17:25 | DEBUG    | fgvc.clustering.spherical_kmeans |   Init 1/5: inertia=3.930721
2026-08-19 17:17:25 | DEBUG    | fgvc.clustering.spherical_kmeans |   Init 2/5: inertia=3.951034
2026-08-19 17:17:25 | DEBUG    | fgvc.clustering.spherical_kmeans |   Init 3/5: inertia=3.931637
2026-08-19 17:17:25 | DEBUG    | fgvc.clustering.spherical_kmeans |   Init 4/5: inertia=3.935585
2026-08-19 17:17:25 | DEBUG    | fgvc.clustering.spherical_kmeans |   Init 5/5: inertia=3.985582
2026-08-19 17:17:25 | DEBUG    | fgvc.clustering.spherical_kmeans |   Init 1/5: inertia=3.741552
2026-08-19 17:17:25 | DEBUG    | fgvc.clustering.spherical_kmeans |   Init 2/5: inertia=3.565797
2026-08-19 17:17:25 | DEBUG    | fgvc.clustering.spherical_kmeans |   Init 3/5: inertia=3.704278
2026-08-19 17:17:25 | DEBUG    | fgvc.clustering.spherical_kmeans |   Init 4/5: inertia=3.713725
2026-08-19 17:17:25 | DEBUG    | fgvc.clustering.spherical_kmeans |   Init 5/5: inertia=3.625126
2026-08-19 17:17:25 | DEBUG    | fgvc.clustering.spherical_kmeans |   Init 1/5: inertia=3.568731
2026-08-19 17:17:25 | DEBUG    | fgvc.clustering.spherical_kmeans |   Init 2/5: inertia=3.379767
2026-08-19 17:17:25 | DEBUG    | fgvc.clustering.spherical_kmeans |   Init 3/5: inertia=3.341615
2026-08-19 17:17:25 | DEBUG    | fgvc.clustering.spherical_kmeans |   Init 4/5: inertia=3.246671
2026-08-19 17:17:25 | DEBUG    | fgvc.clustering.spherical_kmeans |   Init 5/5: inertia=3.414600
2026-08-19 17:17:25 | DEBUG    | fgvc.clustering.spherical_kmeans |   Init 1/5: inertia=3.228368
2026-08-19 17:17:25 | DEBUG    | fgvc.clustering.spherical_kmeans |   Init 2/5: inertia=3.059749
2026-08-19 17:17:25 | DEBUG    | fgvc.clustering.spherical_kmeans |   Init 3/5: inertia=3.313968
2026-08-19 17:17:25 | DEBUG    | fgvc.clustering.spherical_kmeans |   Init 4/5: inertia=3.091965
2026-08-19 17:17:25 | DEBUG    | fgvc.clustering.spherical_kmeans |   Init 5/5: inertia=2.947003
2026-08-19 17:17:25 | DEBUG    | fgvc.clustering.spherical_kmeans | K selection: best_k=2 | scores={2: {'silhouette': 0.2679, 'compactness': 0.8428, 'score': 0.3868}, 3: {'silhouette': 0.2181, 'compactness': 0.8574, 'score': 0.2996}, 4: {'silhouette': 0.2137, 'compactness': 0.8701, 'score': 0.2345}, 5: {'silhouette': 0.1887, 'compactness': 0.8821, 'score': 0.159}}
2026-08-19 17:17:25 | DEBUG    | fgvc.clustering.spherical_kmeans |   Init 1/10: inertia=3.930721
2026-08-19 17:17:25 | DEBUG    | fgvc.clustering.spherical_kmeans |   Init 2/10: inertia=3.951034
2026-08-19 17:17:25 | DEBUG    | fgvc.clustering.spherical_kmeans |   Init 3/10: inertia=3.931637
2026-08-19 17:17:25 | DEBUG    | fgvc.clustering.spherical_kmeans |   Init 4/10: inertia=3.935585
2026-08-19 17:17:25 | DEBUG    | fgvc.clustering.spherical_kmeans |   Init 5/10: inertia=3.985582
2026-08-19 17:17:25 | DEBUG    | fgvc.clustering.spherical_kmeans |   Init 6/10: inertia=3.930721
2026-08-19 17:17:25 | DEBUG    | fgvc.clustering.spherical_kmeans |   Init 7/10: inertia=3.931637
2026-08-19 17:17:25 | DEBUG    | fgvc.clustering.spherical_kmeans |   Init 8/10: inertia=3.951034
2026-08-19 17:17:25 | DEBUG    | fgvc.clustering.spherical_kmeans |   Init 9/10: inertia=3.985582
2026-08-19 17:17:25 | DEBUG    | fgvc.clustering.spherical_kmeans |   Init 10/10: inertia=3.977262
2026-08-19 17:17:25 | INFO     | fgvc.clustering.spherical_kmeans |   [Slaty_backed_Gull] k_selected=2 | k_effective=2 | min_cluster=12 | max_cluster=13
2026-08-19 17:17:25 | INFO     | fgvc.clustering.spherical_kmeans |   [Song_Sparrow] 25 images
2026-08-19 17:17:25 | DEBUG    | fgvc.clustering.spherical_kmeans |   Init 1/5: inertia=3.477530
2026-08-19 17:17:25 | DEBUG    | fgvc.clustering.spherical_kmeans |   Init 2/5: inertia=3.294286
2026-08-19 17:17:25 | DEBUG    | fgvc.clustering.spherical_kmeans |   Init 3/5: inertia=3.498807
2026-08-19 17:17:25 | DEBUG    | fgvc.clustering.spherical_kmeans |   Init 4/5: inertia=3.390289
2026-08-19 17:17:25 | DEBUG    | fgvc.clustering.spherical_kmeans |   Init 5/5: inertia=3.468739
2026-08-19 17:17:25 | DEBUG    | fgvc.clustering.spherical_kmeans |   Init 1/5: inertia=3.091401
2026-08-19 17:17:25 | DEBUG    | fgvc.clustering.spherical_kmeans |   Init 2/5: inertia=3.179943
2026-08-19 17:17:25 | DEBUG    | fgvc.clustering.spherical_kmeans |   Init 3/5: inertia=2.961019
2026-08-19 17:17:25 | DEBUG    | fgvc.clustering.spherical_kmeans |   Init 4/5: inertia=3.131630
2026-08-19 17:17:25 | DEBUG    | fgvc.clustering.spherical_kmeans |   Init 5/5: inertia=3.126933
2026-08-19 17:17:25 | DEBUG    | fgvc.clustering.spherical_kmeans |   Init 1/5: inertia=2.958293
2026-08-19 17:17:25 | DEBUG    | fgvc.clustering.spherical_kmeans |   Init 2/5: inertia=2.816008
2026-08-19 17:17:25 | DEBUG    | fgvc.clustering.spherical_kmeans |   Init 3/5: inertia=2.854939
2026-08-19 17:17:25 | DEBUG    | fgvc.clustering.spherical_kmeans |   Init 4/5: inertia=2.813875
2026-08-19 17:17:25 | DEBUG    | fgvc.clustering.spherical_kmeans |   Init 5/5: inertia=2.892165
2026-08-19 17:17:25 | DEBUG    | fgvc.clustering.spherical_kmeans |   Init 1/5: inertia=2.660579
2026-08-19 17:17:25 | DEBUG    | fgvc.clustering.spherical_kmeans |   Init 2/5: inertia=2.623682
2026-08-19 17:17:25 | DEBUG    | fgvc.clustering.spherical_kmeans |   Init 3/5: inertia=2.739371
2026-08-19 17:17:25 | DEBUG    | fgvc.clustering.spherical_kmeans |   Init 4/5: inertia=2.790310
2026-08-19 17:17:25 | DEBUG    | fgvc.clustering.spherical_kmeans |   Init 5/5: inertia=2.731915
2026-08-19 17:17:25 | DEBUG    | fgvc.clustering.spherical_kmeans | K selection: best_k=2 | scores={2: {'silhouette': 0.1283, 'compactness': 0.8682, 'score': 0.3246}, 3: {'silhouette': 0.1046, 'compactness': 0.8816, 'score': 0.2501}, 4: {'silhouette': 0.076, 'compactness': 0.8874, 'score': 0.1709}, 5: {'silhouette': 0.0233, 'compactness': 0.8951, 'score': 0.0802}}
2026-08-19 17:17:25 | DEBUG    | fgvc.clustering.spherical_kmeans |   Init 1/10: inertia=3.477530
2026-08-19 17:17:25 | DEBUG    | fgvc.clustering.spherical_kmeans |   Init 2/10: inertia=3.294286
2026-08-19 17:17:25 | DEBUG    | fgvc.clustering.spherical_kmeans |   Init 3/10: inertia=3.498807
2026-08-19 17:17:25 | DEBUG    | fgvc.clustering.spherical_kmeans |   Init 4/10: inertia=3.390289
2026-08-19 17:17:25 | DEBUG    | fgvc.clustering.spherical_kmeans |   Init 5/10: inertia=3.468739
2026-08-19 17:17:25 | DEBUG    | fgvc.clustering.spherical_kmeans |   Init 6/10: inertia=3.372576
2026-08-19 17:17:25 | DEBUG    | fgvc.clustering.spherical_kmeans |   Init 7/10: inertia=3.332676
2026-08-19 17:17:25 | DEBUG    | fgvc.clustering.spherical_kmeans |   Init 8/10: inertia=3.367623
2026-08-19 17:17:25 | DEBUG    | fgvc.clustering.spherical_kmeans |   Init 9/10: inertia=3.490387
2026-08-19 17:17:25 | DEBUG    | fgvc.clustering.spherical_kmeans |   Init 10/10: inertia=3.297565
2026-08-19 17:17:25 | INFO     | fgvc.clustering.spherical_kmeans |   [Song_Sparrow] k_selected=2 | k_effective=2 | min_cluster=7 | max_cluster=18
2026-08-19 17:17:25 | INFO     | fgvc.clustering.spherical_kmeans |   [Sooty_Albatross] 25 images
2026-08-19 17:17:25 | DEBUG    | fgvc.clustering.spherical_kmeans |   Init 1/5: inertia=3.986552
2026-08-19 17:17:25 | DEBUG    | fgvc.clustering.spherical_kmeans |   Init 2/5: inertia=3.834351
2026-08-19 17:17:25 | DEBUG    | fgvc.clustering.spherical_kmeans |   Init 3/5: inertia=3.977137
2026-08-19 17:17:25 | DEBUG    | fgvc.clustering.spherical_kmeans |   Init 4/5: inertia=4.085757
2026-08-19 17:17:25 | DEBUG    | fgvc.clustering.spherical_kmeans |   Init 5/5: inertia=3.761388
2026-08-19 17:17:25 | DEBUG    | fgvc.clustering.spherical_kmeans |   Init 1/5: inertia=3.671494
2026-08-19 17:17:25 | DEBUG    | fgvc.clustering.spherical_kmeans |   Init 2/5: inertia=3.470635
2026-08-19 17:17:25 | DEBUG    | fgvc.clustering.spherical_kmeans |   Init 3/5: inertia=3.488602
2026-08-19 17:17:25 | DEBUG    | fgvc.clustering.spherical_kmeans |   Init 4/5: inertia=3.739258
2026-08-19 17:17:25 | DEBUG    | fgvc.clustering.spherical_kmeans |   Init 5/5: inertia=3.570428
2026-08-19 17:17:25 | DEBUG    | fgvc.clustering.spherical_kmeans |   Init 1/5: inertia=3.529433
2026-08-19 17:17:25 | DEBUG    | fgvc.clustering.spherical_kmeans |   Init 2/5: inertia=3.288405
2026-08-19 17:17:25 | DEBUG    | fgvc.clustering.spherical_kmeans |   Init 3/5: inertia=3.169058
2026-08-19 17:17:25 | DEBUG    | fgvc.clustering.spherical_kmeans |   Init 4/5: inertia=3.213193
2026-08-19 17:17:25 | DEBUG    | fgvc.clustering.spherical_kmeans |   Init 5/5: inertia=3.306748
2026-08-19 17:17:25 | DEBUG    | fgvc.clustering.spherical_kmeans |   Init 1/5: inertia=3.294438
2026-08-19 17:17:25 | DEBUG    | fgvc.clustering.spherical_kmeans |   Init 2/5: inertia=3.239567
2026-08-19 17:17:25 | DEBUG    | fgvc.clustering.spherical_kmeans |   Init 3/5: inertia=3.111738
2026-08-19 17:17:25 | DEBUG    | fgvc.clustering.spherical_kmeans |   Init 4/5: inertia=2.984881
2026-08-19 17:17:25 | DEBUG    | fgvc.clustering.spherical_kmeans |   Init 5/5: inertia=3.002813
2026-08-19 17:17:25 | DEBUG    | fgvc.clustering.spherical_kmeans | K selection: best_k=2 | scores={2: {'silhouette': 0.1839, 'compactness': 0.8495, 'score': 0.3468}, 3: {'silhouette': 0.1166, 'compactness': 0.8612, 'score': 0.25}, 4: {'silhouette': 0.1697, 'compactness': 0.8732, 'score': 0.2135}, 5: {'silhouette': 0.076, 'compactness': 0.8806, 'score': 0.1022}}
2026-08-19 17:17:25 | DEBUG    | fgvc.clustering.spherical_kmeans |   Init 1/10: inertia=3.986552
2026-08-19 17:17:25 | DEBUG    | fgvc.clustering.spherical_kmeans |   Init 2/10: inertia=3.834351
2026-08-19 17:17:25 | DEBUG    | fgvc.clustering.spherical_kmeans |   Init 3/10: inertia=3.977137
2026-08-19 17:17:25 | DEBUG    | fgvc.clustering.spherical_kmeans |   Init 4/10: inertia=4.085757
2026-08-19 17:17:25 | DEBUG    | fgvc.clustering.spherical_kmeans |   Init 5/10: inertia=3.761388
2026-08-19 17:17:25 | DEBUG    | fgvc.clustering.spherical_kmeans |   Init 6/10: inertia=3.987333
2026-08-19 17:17:25 | DEBUG    | fgvc.clustering.spherical_kmeans |   Init 7/10: inertia=3.937597
2026-08-19 17:17:25 | DEBUG    | fgvc.clustering.spherical_kmeans |   Init 8/10: inertia=3.705373
2026-08-19 17:17:25 | DEBUG    | fgvc.clustering.spherical_kmeans |   Init 9/10: inertia=4.068618
2026-08-19 17:17:25 | DEBUG    | fgvc.clustering.spherical_kmeans |   Init 10/10: inertia=3.986478
2026-08-19 17:17:25 | INFO     | fgvc.clustering.spherical_kmeans |   [Sooty_Albatross] k_selected=2 | k_effective=2 | min_cluster=8 | max_cluster=17
2026-08-19 17:17:25 | INFO     | fgvc.clustering.spherical_kmeans |   [Spotted_Catbird] 25 images
2026-08-19 17:17:25 | DEBUG    | fgvc.clustering.spherical_kmeans |   Init 1/5: inertia=3.025158
2026-08-19 17:17:25 | DEBUG    | fgvc.clustering.spherical_kmeans |   Init 2/5: inertia=2.834494
2026-08-19 17:17:25 | DEBUG    | fgvc.clustering.spherical_kmeans |   Init 3/5: inertia=2.933536
2026-08-19 17:17:25 | DEBUG    | fgvc.clustering.spherical_kmeans |   Init 4/5: inertia=2.935021
2026-08-19 17:17:25 | DEBUG    | fgvc.clustering.spherical_kmeans |   Init 5/5: inertia=2.834494
2026-08-19 17:17:25 | DEBUG    | fgvc.clustering.spherical_kmeans |   Init 1/5: inertia=2.653412
2026-08-19 17:17:25 | DEBUG    | fgvc.clustering.spherical_kmeans |   Init 2/5: inertia=2.758407
2026-08-19 17:17:25 | DEBUG    | fgvc.clustering.spherical_kmeans |   Init 3/5: inertia=2.668515
2026-08-19 17:17:25 | DEBUG    | fgvc.clustering.spherical_kmeans |   Init 4/5: inertia=2.733774
2026-08-19 17:17:25 | DEBUG    | fgvc.clustering.spherical_kmeans |   Init 5/5: inertia=2.728004
2026-08-19 17:17:25 | DEBUG    | fgvc.clustering.spherical_kmeans |   Init 1/5: inertia=2.380145
2026-08-19 17:17:25 | DEBUG    | fgvc.clustering.spherical_kmeans |   Init 2/5: inertia=2.559760
2026-08-19 17:17:25 | DEBUG    | fgvc.clustering.spherical_kmeans |   Init 3/5: inertia=2.383351
2026-08-19 17:17:25 | DEBUG    | fgvc.clustering.spherical_kmeans |   Init 4/5: inertia=2.488021
2026-08-19 17:17:25 | DEBUG    | fgvc.clustering.spherical_kmeans |   Init 5/5: inertia=2.380475
2026-08-19 17:17:25 | DEBUG    | fgvc.clustering.spherical_kmeans |   Init 1/5: inertia=2.187205
2026-08-19 17:17:25 | DEBUG    | fgvc.clustering.spherical_kmeans |   Init 2/5: inertia=2.218095
2026-08-19 17:17:25 | DEBUG    | fgvc.clustering.spherical_kmeans |   Init 3/5: inertia=2.308330
2026-08-19 17:17:25 | DEBUG    | fgvc.clustering.spherical_kmeans |   Init 4/5: inertia=2.219491
2026-08-19 17:17:25 | DEBUG    | fgvc.clustering.spherical_kmeans |   Init 5/5: inertia=2.564616
2026-08-19 17:17:25 | DEBUG    | fgvc.clustering.spherical_kmeans | K selection: best_k=2 | scores={2: {'silhouette': 0.3181, 'compactness': 0.8866, 'score': 0.425}, 3: {'silhouette': 0.2804, 'compactness': 0.8939, 'score': 0.3417}, 4: {'silhouette': 0.1217, 'compactness': 0.9048, 'score': 0.199}, 5: {'silhouette': 0.1168, 'compactness': 0.9125, 'score': 0.1321}}
2026-08-19 17:17:25 | DEBUG    | fgvc.clustering.spherical_kmeans |   Init 1/10: inertia=3.025158
2026-08-19 17:17:25 | DEBUG    | fgvc.clustering.spherical_kmeans |   Init 2/10: inertia=2.834494
2026-08-19 17:17:25 | DEBUG    | fgvc.clustering.spherical_kmeans |   Init 3/10: inertia=2.933536
2026-08-19 17:17:25 | DEBUG    | fgvc.clustering.spherical_kmeans |   Init 4/10: inertia=2.935021
2026-08-19 17:17:25 | DEBUG    | fgvc.clustering.spherical_kmeans |   Init 5/10: inertia=2.834494
2026-08-19 17:17:25 | DEBUG    | fgvc.clustering.spherical_kmeans |   Init 6/10: inertia=3.098752
2026-08-19 17:17:25 | DEBUG    | fgvc.clustering.spherical_kmeans |   Init 7/10: inertia=2.848660
2026-08-19 17:17:25 | DEBUG    | fgvc.clustering.spherical_kmeans |   Init 8/10: inertia=2.921189
2026-08-19 17:17:25 | DEBUG    | fgvc.clustering.spherical_kmeans |   Init 9/10: inertia=2.834494
2026-08-19 17:17:25 | DEBUG    | fgvc.clustering.spherical_kmeans |   Init 10/10: inertia=2.890292
2026-08-19 17:17:25 | INFO     | fgvc.clustering.spherical_kmeans |   [Spotted_Catbird] k_selected=2 | k_effective=1 | min_cluster=25 | max_cluster=25
2026-08-19 17:17:25 | INFO     | fgvc.clustering.spherical_kmeans |   [Summer_Tanager] 25 images
2026-08-19 17:17:25 | DEBUG    | fgvc.clustering.spherical_kmeans |   Init 1/5: inertia=2.039811
2026-08-19 17:17:25 | DEBUG    | fgvc.clustering.spherical_kmeans |   Init 2/5: inertia=2.008223
2026-08-19 17:17:25 | DEBUG    | fgvc.clustering.spherical_kmeans |   Init 3/5: inertia=2.034944
2026-08-19 17:17:25 | DEBUG    | fgvc.clustering.spherical_kmeans |   Init 4/5: inertia=2.025551
2026-08-19 17:17:25 | DEBUG    | fgvc.clustering.spherical_kmeans |   Init 5/5: inertia=2.022011
2026-08-19 17:17:25 | DEBUG    | fgvc.clustering.spherical_kmeans |   Init 1/5: inertia=1.832726
2026-08-19 17:17:25 | DEBUG    | fgvc.clustering.spherical_kmeans |   Init 2/5: inertia=1.881274
2026-08-19 17:17:25 | DEBUG    | fgvc.clustering.spherical_kmeans |   Init 3/5: inertia=1.964602
2026-08-19 17:17:25 | DEBUG    | fgvc.clustering.spherical_kmeans |   Init 4/5: inertia=1.853675
2026-08-19 17:17:25 | DEBUG    | fgvc.clustering.spherical_kmeans |   Init 5/5: inertia=1.835575
2026-08-19 17:17:25 | DEBUG    | fgvc.clustering.spherical_kmeans |   Init 1/5: inertia=1.689882
2026-08-19 17:17:25 | DEBUG    | fgvc.clustering.spherical_kmeans |   Init 2/5: inertia=1.763781
2026-08-19 17:17:25 | DEBUG    | fgvc.clustering.spherical_kmeans |   Init 3/5: inertia=1.745089
2026-08-19 17:17:25 | DEBUG    | fgvc.clustering.spherical_kmeans |   Init 4/5: inertia=1.808103
2026-08-19 17:17:25 | DEBUG    | fgvc.clustering.spherical_kmeans |   Init 5/5: inertia=1.712046
2026-08-19 17:17:25 | DEBUG    | fgvc.clustering.spherical_kmeans |   Init 1/5: inertia=1.565762
2026-08-19 17:17:25 | DEBUG    | fgvc.clustering.spherical_kmeans |   Init 2/5: inertia=1.630528
2026-08-19 17:17:25 | DEBUG    | fgvc.clustering.spherical_kmeans |   Init 3/5: inertia=1.730542
2026-08-19 17:17:25 | DEBUG    | fgvc.clustering.spherical_kmeans |   Init 4/5: inertia=1.597162
2026-08-19 17:17:25 | DEBUG    | fgvc.clustering.spherical_kmeans |   Init 5/5: inertia=1.512372
2026-08-19 17:17:25 | DEBUG    | fgvc.clustering.spherical_kmeans | K selection: best_k=2 | scores={2: {'silhouette': 0.2162, 'compactness': 0.9197, 'score': 0.384}, 3: {'silhouette': 0.1133, 'compactness': 0.9267, 'score': 0.268}, 4: {'silhouette': 0.0886, 'compactness': 0.9324, 'score': 0.1907}, 5: {'silhouette': 0.1031, 'compactness': 0.9395, 'score': 0.1334}}
2026-08-19 17:17:25 | DEBUG    | fgvc.clustering.spherical_kmeans |   Init 1/10: inertia=2.039811
2026-08-19 17:17:25 | DEBUG    | fgvc.clustering.spherical_kmeans |   Init 2/10: inertia=2.008223
2026-08-19 17:17:25 | DEBUG    | fgvc.clustering.spherical_kmeans |   Init 3/10: inertia=2.034944
2026-08-19 17:17:25 | DEBUG    | fgvc.clustering.spherical_kmeans |   Init 4/10: inertia=2.025551
2026-08-19 17:17:25 | DEBUG    | fgvc.clustering.spherical_kmeans |   Init 5/10: inertia=2.022011
2026-08-19 17:17:25 | DEBUG    | fgvc.clustering.spherical_kmeans |   Init 6/10: inertia=2.039811
2026-08-19 17:17:25 | DEBUG    | fgvc.clustering.spherical_kmeans |   Init 7/10: inertia=2.053461
2026-08-19 17:17:25 | DEBUG    | fgvc.clustering.spherical_kmeans |   Init 8/10: inertia=2.048949
2026-08-19 17:17:25 | DEBUG    | fgvc.clustering.spherical_kmeans |   Init 9/10: inertia=1.988707
2026-08-19 17:17:25 | DEBUG    | fgvc.clustering.spherical_kmeans |   Init 10/10: inertia=2.011627
2026-08-19 17:17:25 | INFO     | fgvc.clustering.spherical_kmeans |   [Summer_Tanager] k_selected=2 | k_effective=2 | min_cluster=6 | max_cluster=19
2026-08-19 17:17:25 | INFO     | fgvc.clustering.spherical_kmeans |   [Swainson_Warbler] 25 images
2026-08-19 17:17:25 | DEBUG    | fgvc.clustering.spherical_kmeans |   Init 1/5: inertia=4.284178
2026-08-19 17:17:25 | DEBUG    | fgvc.clustering.spherical_kmeans |   Init 2/5: inertia=4.456498
2026-08-19 17:17:25 | DEBUG    | fgvc.clustering.spherical_kmeans |   Init 3/5: inertia=4.248609
2026-08-19 17:17:25 | DEBUG    | fgvc.clustering.spherical_kmeans |   Init 4/5: inertia=4.403120
2026-08-19 17:17:25 | DEBUG    | fgvc.clustering.spherical_kmeans |   Init 5/5: inertia=4.498764
2026-08-19 17:17:25 | DEBUG    | fgvc.clustering.spherical_kmeans |   Init 1/5: inertia=3.985377
2026-08-19 17:17:25 | DEBUG    | fgvc.clustering.spherical_kmeans |   Init 2/5: inertia=3.888157
2026-08-19 17:17:25 | DEBUG    | fgvc.clustering.spherical_kmeans |   Init 3/5: inertia=4.255020
2026-08-19 17:17:25 | DEBUG    | fgvc.clustering.spherical_kmeans |   Init 4/5: inertia=3.938784
2026-08-19 17:17:25 | DEBUG    | fgvc.clustering.spherical_kmeans |   Init 5/5: inertia=4.062141
2026-08-19 17:17:25 | DEBUG    | fgvc.clustering.spherical_kmeans |   Init 1/5: inertia=3.693247
2026-08-19 17:17:25 | DEBUG    | fgvc.clustering.spherical_kmeans |   Init 2/5: inertia=3.727498
2026-08-19 17:17:25 | DEBUG    | fgvc.clustering.spherical_kmeans |   Init 3/5: inertia=3.582349
2026-08-19 17:17:25 | DEBUG    | fgvc.clustering.spherical_kmeans |   Init 4/5: inertia=3.916187
2026-08-19 17:17:25 | DEBUG    | fgvc.clustering.spherical_kmeans |   Init 5/5: inertia=3.934122
2026-08-19 17:17:25 | DEBUG    | fgvc.clustering.spherical_kmeans |   Init 1/5: inertia=3.459516
2026-08-19 17:17:25 | DEBUG    | fgvc.clustering.spherical_kmeans |   Init 2/5: inertia=3.567262
2026-08-19 17:17:25 | DEBUG    | fgvc.clustering.spherical_kmeans |   Init 3/5: inertia=3.255429
2026-08-19 17:17:25 | DEBUG    | fgvc.clustering.spherical_kmeans |   Init 4/5: inertia=3.617172
2026-08-19 17:17:25 | DEBUG    | fgvc.clustering.spherical_kmeans |   Init 5/5: inertia=3.576451
2026-08-19 17:17:25 | DEBUG    | fgvc.clustering.spherical_kmeans | K selection: best_k=2 | scores={2: {'silhouette': 0.2625, 'compactness': 0.8301, 'score': 0.3803}, 3: {'silhouette': 0.1194, 'compactness': 0.8445, 'score': 0.2464}, 4: {'silhouette': 0.0649, 'compactness': 0.8567, 'score': 0.1561}, 5: {'silhouette': 0.0787, 'compactness': 0.8698, 'score': 0.1003}}
2026-08-19 17:17:25 | DEBUG    | fgvc.clustering.spherical_kmeans |   Init 1/10: inertia=4.284178
2026-08-19 17:17:25 | DEBUG    | fgvc.clustering.spherical_kmeans |   Init 2/10: inertia=4.456498
2026-08-19 17:17:25 | DEBUG    | fgvc.clustering.spherical_kmeans |   Init 3/10: inertia=4.248609
2026-08-19 17:17:25 | DEBUG    | fgvc.clustering.spherical_kmeans |   Init 4/10: inertia=4.403120
2026-08-19 17:17:25 | DEBUG    | fgvc.clustering.spherical_kmeans |   Init 5/10: inertia=4.498764
2026-08-19 17:17:25 | DEBUG    | fgvc.clustering.spherical_kmeans |   Init 6/10: inertia=4.284178
2026-08-19 17:17:25 | DEBUG    | fgvc.clustering.spherical_kmeans |   Init 7/10: inertia=4.186311
2026-08-19 17:17:25 | DEBUG    | fgvc.clustering.spherical_kmeans |   Init 8/10: inertia=4.460588
2026-08-19 17:17:25 | DEBUG    | fgvc.clustering.spherical_kmeans |   Init 9/10: inertia=4.326750
2026-08-19 17:17:25 | DEBUG    | fgvc.clustering.spherical_kmeans |   Init 10/10: inertia=4.336986
2026-08-19 17:17:25 | INFO     | fgvc.clustering.spherical_kmeans |   [Swainson_Warbler] k_selected=2 | k_effective=1 | min_cluster=25 | max_cluster=25
2026-08-19 17:17:25 | INFO     | fgvc.clustering.spherical_kmeans |   [Tennessee_Warbler] 25 images
2026-08-19 17:17:25 | DEBUG    | fgvc.clustering.spherical_kmeans |   Init 1/5: inertia=3.754280
2026-08-19 17:17:25 | DEBUG    | fgvc.clustering.spherical_kmeans |   Init 2/5: inertia=3.825179
2026-08-19 17:17:25 | DEBUG    | fgvc.clustering.spherical_kmeans |   Init 3/5: inertia=3.940888
2026-08-19 17:17:25 | DEBUG    | fgvc.clustering.spherical_kmeans |   Init 4/5: inertia=3.829151
2026-08-19 17:17:25 | DEBUG    | fgvc.clustering.spherical_kmeans |   Init 5/5: inertia=3.699274
2026-08-19 17:17:25 | DEBUG    | fgvc.clustering.spherical_kmeans |   Init 1/5: inertia=3.427170
2026-08-19 17:17:25 | DEBUG    | fgvc.clustering.spherical_kmeans |   Init 2/5: inertia=3.434459
2026-08-19 17:17:25 | DEBUG    | fgvc.clustering.spherical_kmeans |   Init 3/5: inertia=3.309658
2026-08-19 17:17:25 | DEBUG    | fgvc.clustering.spherical_kmeans |   Init 4/5: inertia=3.507106
2026-08-19 17:17:25 | DEBUG    | fgvc.clustering.spherical_kmeans |   Init 5/5: inertia=3.388464
2026-08-19 17:17:25 | DEBUG    | fgvc.clustering.spherical_kmeans |   Init 1/5: inertia=3.162389
2026-08-19 17:17:25 | DEBUG    | fgvc.clustering.spherical_kmeans |   Init 2/5: inertia=3.088102
2026-08-19 17:17:25 | DEBUG    | fgvc.clustering.spherical_kmeans |   Init 3/5: inertia=3.144608
2026-08-19 17:17:25 | DEBUG    | fgvc.clustering.spherical_kmeans |   Init 4/5: inertia=3.221228
2026-08-19 17:17:25 | DEBUG    | fgvc.clustering.spherical_kmeans |   Init 5/5: inertia=3.016619
2026-08-19 17:17:25 | DEBUG    | fgvc.clustering.spherical_kmeans |   Init 1/5: inertia=2.989321
2026-08-19 17:17:25 | DEBUG    | fgvc.clustering.spherical_kmeans |   Init 2/5: inertia=2.920407
2026-08-19 17:17:25 | DEBUG    | fgvc.clustering.spherical_kmeans |   Init 3/5: inertia=2.975511
2026-08-19 17:17:25 | DEBUG    | fgvc.clustering.spherical_kmeans |   Init 4/5: inertia=3.249262
2026-08-19 17:17:25 | DEBUG    | fgvc.clustering.spherical_kmeans |   Init 5/5: inertia=2.870237
2026-08-19 17:17:25 | DEBUG    | fgvc.clustering.spherical_kmeans | K selection: best_k=2 | scores={2: {'silhouette': 0.153, 'compactness': 0.852, 'score': 0.3321}, 3: {'silhouette': 0.1176, 'compactness': 0.8676, 'score': 0.2524}, 4: {'silhouette': 0.1361, 'compactness': 0.8793, 'score': 0.1985}, 5: {'silhouette': 0.0708, 'compactness': 0.8852, 'score': 0.101}}
2026-08-19 17:17:25 | DEBUG    | fgvc.clustering.spherical_kmeans |   Init 1/10: inertia=3.754280
2026-08-19 17:17:25 | DEBUG    | fgvc.clustering.spherical_kmeans |   Init 2/10: inertia=3.825179
2026-08-19 17:17:25 | DEBUG    | fgvc.clustering.spherical_kmeans |   Init 3/10: inertia=3.940888
2026-08-19 17:17:25 | DEBUG    | fgvc.clustering.spherical_kmeans |   Init 4/10: inertia=3.829151
2026-08-19 17:17:25 | DEBUG    | fgvc.clustering.spherical_kmeans |   Init 5/10: inertia=3.699274
2026-08-19 17:17:25 | DEBUG    | fgvc.clustering.spherical_kmeans |   Init 6/10: inertia=3.855901
2026-08-19 17:17:25 | DEBUG    | fgvc.clustering.spherical_kmeans |   Init 7/10: inertia=3.859369
2026-08-19 17:17:25 | DEBUG    | fgvc.clustering.spherical_kmeans |   Init 8/10: inertia=3.735266
2026-08-19 17:17:25 | DEBUG    | fgvc.clustering.spherical_kmeans |   Init 9/10: inertia=3.787251
2026-08-19 17:17:25 | DEBUG    | fgvc.clustering.spherical_kmeans |   Init 10/10: inertia=3.762682
2026-08-19 17:17:25 | INFO     | fgvc.clustering.spherical_kmeans |   [Tennessee_Warbler] k_selected=2 | k_effective=2 | min_cluster=10 | max_cluster=15
2026-08-19 17:17:25 | INFO     | fgvc.clustering.spherical_kmeans |   [Tree_Sparrow] 25 images
2026-08-19 17:17:25 | DEBUG    | fgvc.clustering.spherical_kmeans |   Init 1/5: inertia=2.981499
2026-08-19 17:17:25 | DEBUG    | fgvc.clustering.spherical_kmeans |   Init 2/5: inertia=2.981499
2026-08-19 17:17:25 | DEBUG    | fgvc.clustering.spherical_kmeans |   Init 3/5: inertia=2.948898
2026-08-19 17:17:25 | DEBUG    | fgvc.clustering.spherical_kmeans |   Init 4/5: inertia=2.948898
2026-08-19 17:17:25 | DEBUG    | fgvc.clustering.spherical_kmeans |   Init 5/5: inertia=2.981499
2026-08-19 17:17:25 | DEBUG    | fgvc.clustering.spherical_kmeans |   Init 1/5: inertia=2.858006
2026-08-19 17:17:25 | DEBUG    | fgvc.clustering.spherical_kmeans |   Init 2/5: inertia=2.803952
2026-08-19 17:17:25 | DEBUG    | fgvc.clustering.spherical_kmeans |   Init 3/5: inertia=2.710301
2026-08-19 17:17:25 | DEBUG    | fgvc.clustering.spherical_kmeans |   Init 4/5: inertia=2.762196
2026-08-19 17:17:25 | DEBUG    | fgvc.clustering.spherical_kmeans |   Init 5/5: inertia=2.732064
2026-08-19 17:17:25 | DEBUG    | fgvc.clustering.spherical_kmeans |   Init 1/5: inertia=2.616517
2026-08-19 17:17:25 | DEBUG    | fgvc.clustering.spherical_kmeans |   Init 2/5: inertia=2.470311
2026-08-19 17:17:25 | DEBUG    | fgvc.clustering.spherical_kmeans |   Init 3/5: inertia=2.541249
2026-08-19 17:17:25 | DEBUG    | fgvc.clustering.spherical_kmeans |   Init 4/5: inertia=2.550591
2026-08-19 17:17:25 | DEBUG    | fgvc.clustering.spherical_kmeans |   Init 5/5: inertia=2.457799
2026-08-19 17:17:25 | DEBUG    | fgvc.clustering.spherical_kmeans |   Init 1/5: inertia=2.524512
2026-08-19 17:17:25 | DEBUG    | fgvc.clustering.spherical_kmeans |   Init 2/5: inertia=2.289868
2026-08-19 17:17:25 | DEBUG    | fgvc.clustering.spherical_kmeans |   Init 3/5: inertia=2.382112
2026-08-19 17:17:25 | DEBUG    | fgvc.clustering.spherical_kmeans |   Init 4/5: inertia=2.305313
2026-08-19 17:17:25 | DEBUG    | fgvc.clustering.spherical_kmeans |   Init 5/5: inertia=2.353555
2026-08-19 17:17:25 | DEBUG    | fgvc.clustering.spherical_kmeans | K selection: best_k=2 | scores={2: {'silhouette': 0.3266, 'compactness': 0.882, 'score': 0.4279}, 3: {'silhouette': 0.259, 'compactness': 0.8916, 'score': 0.3303}, 4: {'silhouette': 0.1808, 'compactness': 0.9017, 'score': 0.2276}, 5: {'silhouette': 0.1485, 'compactness': 0.9084, 'score': 0.1468}}
2026-08-19 17:17:25 | DEBUG    | fgvc.clustering.spherical_kmeans |   Init 1/10: inertia=2.981499
2026-08-19 17:17:25 | DEBUG    | fgvc.clustering.spherical_kmeans |   Init 2/10: inertia=2.981499
2026-08-19 17:17:25 | DEBUG    | fgvc.clustering.spherical_kmeans |   Init 3/10: inertia=2.948898
2026-08-19 17:17:25 | DEBUG    | fgvc.clustering.spherical_kmeans |   Init 4/10: inertia=2.948898
2026-08-19 17:17:25 | DEBUG    | fgvc.clustering.spherical_kmeans |   Init 5/10: inertia=2.981499
2026-08-19 17:17:25 | DEBUG    | fgvc.clustering.spherical_kmeans |   Init 6/10: inertia=2.948898
2026-08-19 17:17:25 | DEBUG    | fgvc.clustering.spherical_kmeans |   Init 7/10: inertia=2.981499
2026-08-19 17:17:25 | DEBUG    | fgvc.clustering.spherical_kmeans |   Init 8/10: inertia=2.981499
2026-08-19 17:17:25 | DEBUG    | fgvc.clustering.spherical_kmeans |   Init 9/10: inertia=2.948898
2026-08-19 17:17:25 | DEBUG    | fgvc.clustering.spherical_kmeans |   Init 10/10: inertia=2.948898
2026-08-19 17:17:25 | INFO     | fgvc.clustering.spherical_kmeans |   [Tree_Sparrow] k_selected=2 | k_effective=2 | min_cluster=9 | max_cluster=16
2026-08-19 17:17:25 | INFO     | fgvc.clustering.spherical_kmeans |   [Tree_Swallow] 25 images
2026-08-19 17:17:25 | DEBUG    | fgvc.clustering.spherical_kmeans |   Init 1/5: inertia=2.306834
2026-08-19 17:17:25 | DEBUG    | fgvc.clustering.spherical_kmeans |   Init 2/5: inertia=2.268916
2026-08-19 17:17:25 | DEBUG    | fgvc.clustering.spherical_kmeans |   Init 3/5: inertia=2.297694
2026-08-19 17:17:25 | DEBUG    | fgvc.clustering.spherical_kmeans |   Init 4/5: inertia=2.192456
2026-08-19 17:17:25 | DEBUG    | fgvc.clustering.spherical_kmeans |   Init 5/5: inertia=2.304131
2026-08-19 17:17:25 | DEBUG    | fgvc.clustering.spherical_kmeans |   Init 1/5: inertia=2.126168
2026-08-19 17:17:25 | DEBUG    | fgvc.clustering.spherical_kmeans |   Init 2/5: inertia=2.045533
2026-08-19 17:17:25 | DEBUG    | fgvc.clustering.spherical_kmeans |   Init 3/5: inertia=2.044750
2026-08-19 17:17:25 | DEBUG    | fgvc.clustering.spherical_kmeans |   Init 4/5: inertia=2.095916
2026-08-19 17:17:25 | DEBUG    | fgvc.clustering.spherical_kmeans |   Init 5/5: inertia=2.005798
2026-08-19 17:17:25 | DEBUG    | fgvc.clustering.spherical_kmeans |   Init 1/5: inertia=1.901551
2026-08-19 17:17:25 | DEBUG    | fgvc.clustering.spherical_kmeans |   Init 2/5: inertia=1.874699
2026-08-19 17:17:25 | DEBUG    | fgvc.clustering.spherical_kmeans |   Init 3/5: inertia=1.986400
2026-08-19 17:17:25 | DEBUG    | fgvc.clustering.spherical_kmeans |   Init 4/5: inertia=1.823088
2026-08-19 17:17:25 | DEBUG    | fgvc.clustering.spherical_kmeans |   Init 5/5: inertia=2.031160
2026-08-19 17:17:25 | DEBUG    | fgvc.clustering.spherical_kmeans |   Init 1/5: inertia=1.825783
2026-08-19 17:17:25 | DEBUG    | fgvc.clustering.spherical_kmeans |   Init 2/5: inertia=1.722497
2026-08-19 17:17:25 | DEBUG    | fgvc.clustering.spherical_kmeans |   Init 3/5: inertia=1.766368
2026-08-19 17:17:25 | DEBUG    | fgvc.clustering.spherical_kmeans |   Init 4/5: inertia=1.709486
2026-08-19 17:17:25 | DEBUG    | fgvc.clustering.spherical_kmeans |   Init 5/5: inertia=1.728688
2026-08-19 17:17:25 | DEBUG    | fgvc.clustering.spherical_kmeans | K selection: best_k=2 | scores={2: {'silhouette': 0.119, 'compactness': 0.9123, 'score': 0.3332}, 3: {'silhouette': 0.1065, 'compactness': 0.9198, 'score': 0.2625}, 4: {'silhouette': 0.1267, 'compactness': 0.9271, 'score': 0.2081}, 5: {'silhouette': 0.0527, 'compactness': 0.9316, 'score': 0.1059}}
2026-08-19 17:17:25 | DEBUG    | fgvc.clustering.spherical_kmeans |   Init 1/10: inertia=2.306834
2026-08-19 17:17:25 | DEBUG    | fgvc.clustering.spherical_kmeans |   Init 2/10: inertia=2.268916
2026-08-19 17:17:25 | DEBUG    | fgvc.clustering.spherical_kmeans |   Init 3/10: inertia=2.297694
2026-08-19 17:17:25 | DEBUG    | fgvc.clustering.spherical_kmeans |   Init 4/10: inertia=2.192456
2026-08-19 17:17:25 | DEBUG    | fgvc.clustering.spherical_kmeans |   Init 5/10: inertia=2.304131
2026-08-19 17:17:25 | DEBUG    | fgvc.clustering.spherical_kmeans |   Init 6/10: inertia=2.184264
2026-08-19 17:17:25 | DEBUG    | fgvc.clustering.spherical_kmeans |   Init 7/10: inertia=2.298185
2026-08-19 17:17:25 | DEBUG    | fgvc.clustering.spherical_kmeans |   Init 8/10: inertia=2.238251
2026-08-19 17:17:25 | DEBUG    | fgvc.clustering.spherical_kmeans |   Init 9/10: inertia=2.268916
2026-08-19 17:17:25 | DEBUG    | fgvc.clustering.spherical_kmeans |   Init 10/10: inertia=2.221594
2026-08-19 17:17:25 | INFO     | fgvc.clustering.spherical_kmeans |   [Tree_Swallow] k_selected=2 | k_effective=2 | min_cluster=12 | max_cluster=13
2026-08-19 17:17:25 | INFO     | fgvc.clustering.spherical_kmeans |   [Tropical_Kingbird] 25 images
2026-08-19 17:17:25 | DEBUG    | fgvc.clustering.spherical_kmeans |   Init 1/5: inertia=2.252830
2026-08-19 17:17:25 | DEBUG    | fgvc.clustering.spherical_kmeans |   Init 2/5: inertia=2.271889
2026-08-19 17:17:25 | DEBUG    | fgvc.clustering.spherical_kmeans |   Init 3/5: inertia=2.319908
2026-08-19 17:17:25 | DEBUG    | fgvc.clustering.spherical_kmeans |   Init 4/5: inertia=2.289196
2026-08-19 17:17:25 | DEBUG    | fgvc.clustering.spherical_kmeans |   Init 5/5: inertia=2.271889
2026-08-19 17:17:25 | DEBUG    | fgvc.clustering.spherical_kmeans |   Init 1/5: inertia=2.148251
2026-08-19 17:17:25 | DEBUG    | fgvc.clustering.spherical_kmeans |   Init 2/5: inertia=2.126400
2026-08-19 17:17:25 | DEBUG    | fgvc.clustering.spherical_kmeans |   Init 3/5: inertia=2.133509
2026-08-19 17:17:25 | DEBUG    | fgvc.clustering.spherical_kmeans |   Init 4/5: inertia=2.227662
2026-08-19 17:17:25 | DEBUG    | fgvc.clustering.spherical_kmeans |   Init 5/5: inertia=2.134968
2026-08-19 17:17:25 | DEBUG    | fgvc.clustering.spherical_kmeans |   Init 1/5: inertia=1.997229
2026-08-19 17:17:25 | DEBUG    | fgvc.clustering.spherical_kmeans |   Init 2/5: inertia=1.928423
2026-08-19 17:17:25 | DEBUG    | fgvc.clustering.spherical_kmeans |   Init 3/5: inertia=1.923338
2026-08-19 17:17:25 | DEBUG    | fgvc.clustering.spherical_kmeans |   Init 4/5: inertia=1.902463
2026-08-19 17:17:25 | DEBUG    | fgvc.clustering.spherical_kmeans |   Init 5/5: inertia=1.956461
2026-08-19 17:17:25 | DEBUG    | fgvc.clustering.spherical_kmeans |   Init 1/5: inertia=1.878299
2026-08-19 17:17:25 | DEBUG    | fgvc.clustering.spherical_kmeans |   Init 2/5: inertia=1.913590
2026-08-19 17:17:25 | DEBUG    | fgvc.clustering.spherical_kmeans |   Init 3/5: inertia=1.728987
2026-08-19 17:17:25 | DEBUG    | fgvc.clustering.spherical_kmeans |   Init 4/5: inertia=1.874626
2026-08-19 17:17:25 | DEBUG    | fgvc.clustering.spherical_kmeans |   Init 5/5: inertia=1.884892
2026-08-19 17:17:25 | DEBUG    | fgvc.clustering.spherical_kmeans | K selection: best_k=2 | scores={2: {'silhouette': 0.0939, 'compactness': 0.9099, 'score': 0.3199}, 3: {'silhouette': 0.1706, 'compactness': 0.9149, 'score': 0.2931}, 4: {'silhouette': 0.062, 'compactness': 0.9239, 'score': 0.1748}, 5: {'silhouette': 0.0392, 'compactness': 0.9308, 'score': 0.0989}}
2026-08-19 17:17:25 | DEBUG    | fgvc.clustering.spherical_kmeans |   Init 1/10: inertia=2.252830
2026-08-19 17:17:25 | DEBUG    | fgvc.clustering.spherical_kmeans |   Init 2/10: inertia=2.271889
2026-08-19 17:17:25 | DEBUG    | fgvc.clustering.spherical_kmeans |   Init 3/10: inertia=2.319908
2026-08-19 17:17:25 | DEBUG    | fgvc.clustering.spherical_kmeans |   Init 4/10: inertia=2.289196
2026-08-19 17:17:25 | DEBUG    | fgvc.clustering.spherical_kmeans |   Init 5/10: inertia=2.271889
2026-08-19 17:17:25 | DEBUG    | fgvc.clustering.spherical_kmeans |   Init 6/10: inertia=2.260085
2026-08-19 17:17:25 | DEBUG    | fgvc.clustering.spherical_kmeans |   Init 7/10: inertia=2.242499
2026-08-19 17:17:25 | DEBUG    | fgvc.clustering.spherical_kmeans |   Init 8/10: inertia=2.295230
2026-08-19 17:17:25 | DEBUG    | fgvc.clustering.spherical_kmeans |   Init 9/10: inertia=2.271889
2026-08-19 17:17:25 | DEBUG    | fgvc.clustering.spherical_kmeans |   Init 10/10: inertia=2.304054
2026-08-19 17:17:25 | INFO     | fgvc.clustering.spherical_kmeans |   [Tropical_Kingbird] k_selected=2 | k_effective=1 | min_cluster=25 | max_cluster=25
2026-08-19 17:17:25 | INFO     | fgvc.clustering.spherical_kmeans |   [Vermilion_Flycatcher] 25 images
2026-08-19 17:17:25 | DEBUG    | fgvc.clustering.spherical_kmeans |   Init 1/5: inertia=2.390599
2026-08-19 17:17:25 | DEBUG    | fgvc.clustering.spherical_kmeans |   Init 2/5: inertia=2.445773
2026-08-19 17:17:25 | DEBUG    | fgvc.clustering.spherical_kmeans |   Init 3/5: inertia=2.439661
2026-08-19 17:17:25 | DEBUG    | fgvc.clustering.spherical_kmeans |   Init 4/5: inertia=2.424624
2026-08-19 17:17:25 | DEBUG    | fgvc.clustering.spherical_kmeans |   Init 5/5: inertia=2.459949
2026-08-19 17:17:25 | DEBUG    | fgvc.clustering.spherical_kmeans |   Init 1/5: inertia=2.200839
2026-08-19 17:17:25 | DEBUG    | fgvc.clustering.spherical_kmeans |   Init 2/5: inertia=2.208315
2026-08-19 17:17:25 | DEBUG    | fgvc.clustering.spherical_kmeans |   Init 3/5: inertia=2.200648
2026-08-19 17:17:25 | DEBUG    | fgvc.clustering.spherical_kmeans |   Init 4/5: inertia=2.214931
2026-08-19 17:17:25 | DEBUG    | fgvc.clustering.spherical_kmeans |   Init 5/5: inertia=2.212213
2026-08-19 17:17:25 | DEBUG    | fgvc.clustering.spherical_kmeans |   Init 1/5: inertia=2.113652
2026-08-19 17:17:25 | DEBUG    | fgvc.clustering.spherical_kmeans |   Init 2/5: inertia=2.090995
2026-08-19 17:17:25 | DEBUG    | fgvc.clustering.spherical_kmeans |   Init 3/5: inertia=2.004385
2026-08-19 17:17:25 | DEBUG    | fgvc.clustering.spherical_kmeans |   Init 4/5: inertia=2.082726
2026-08-19 17:17:25 | DEBUG    | fgvc.clustering.spherical_kmeans |   Init 5/5: inertia=2.004214
2026-08-19 17:17:25 | DEBUG    | fgvc.clustering.spherical_kmeans |   Init 1/5: inertia=1.903618
2026-08-19 17:17:25 | DEBUG    | fgvc.clustering.spherical_kmeans |   Init 2/5: inertia=1.883898
2026-08-19 17:17:25 | DEBUG    | fgvc.clustering.spherical_kmeans |   Init 3/5: inertia=1.932272
2026-08-19 17:17:25 | DEBUG    | fgvc.clustering.spherical_kmeans |   Init 4/5: inertia=1.809024
2026-08-19 17:17:25 | DEBUG    | fgvc.clustering.spherical_kmeans |   Init 5/5: inertia=1.871954
2026-08-19 17:17:25 | DEBUG    | fgvc.clustering.spherical_kmeans | K selection: best_k=2 | scores={2: {'silhouette': 0.3599, 'compactness': 0.9044, 'score': 0.4513}, 3: {'silhouette': 0.0589, 'compactness': 0.912, 'score': 0.2364}, 4: {'silhouette': 0.0692, 'compactness': 0.9198, 'score': 0.1772}, 5: {'silhouette': 0.0727, 'compactness': 0.9276, 'score': 0.1147}}
2026-08-19 17:17:25 | DEBUG    | fgvc.clustering.spherical_kmeans |   Init 1/10: inertia=2.390599
2026-08-19 17:17:25 | DEBUG    | fgvc.clustering.spherical_kmeans |   Init 2/10: inertia=2.445773
2026-08-19 17:17:25 | DEBUG    | fgvc.clustering.spherical_kmeans |   Init 3/10: inertia=2.439661
2026-08-19 17:17:25 | DEBUG    | fgvc.clustering.spherical_kmeans |   Init 4/10: inertia=2.424624
2026-08-19 17:17:25 | DEBUG    | fgvc.clustering.spherical_kmeans |   Init 5/10: inertia=2.459949
2026-08-19 17:17:25 | DEBUG    | fgvc.clustering.spherical_kmeans |   Init 6/10: inertia=2.425406
2026-08-19 17:17:25 | DEBUG    | fgvc.clustering.spherical_kmeans |   Init 7/10: inertia=2.368404
2026-08-19 17:17:25 | DEBUG    | fgvc.clustering.spherical_kmeans |   Init 8/10: inertia=2.396483
2026-08-19 17:17:25 | DEBUG    | fgvc.clustering.spherical_kmeans |   Init 9/10: inertia=2.474128
2026-08-19 17:17:25 | DEBUG    | fgvc.clustering.spherical_kmeans |   Init 10/10: inertia=2.448293
2026-08-19 17:17:25 | INFO     | fgvc.clustering.spherical_kmeans |   [Vermilion_Flycatcher] k_selected=2 | k_effective=2 | min_cluster=7 | max_cluster=18
2026-08-19 17:17:25 | INFO     | fgvc.clustering.spherical_kmeans |   [Vesper_Sparrow] 25 images
2026-08-19 17:17:25 | DEBUG    | fgvc.clustering.spherical_kmeans |   Init 1/5: inertia=3.818701
2026-08-19 17:17:25 | DEBUG    | fgvc.clustering.spherical_kmeans |   Init 2/5: inertia=4.067789
2026-08-19 17:17:25 | DEBUG    | fgvc.clustering.spherical_kmeans |   Init 3/5: inertia=3.928058
2026-08-19 17:17:25 | DEBUG    | fgvc.clustering.spherical_kmeans |   Init 4/5: inertia=3.945865
2026-08-19 17:17:25 | DEBUG    | fgvc.clustering.spherical_kmeans |   Init 5/5: inertia=3.927114
2026-08-19 17:17:25 | DEBUG    | fgvc.clustering.spherical_kmeans |   Init 1/5: inertia=3.550973
2026-08-19 17:17:25 | DEBUG    | fgvc.clustering.spherical_kmeans |   Init 2/5: inertia=3.599562
2026-08-19 17:17:25 | DEBUG    | fgvc.clustering.spherical_kmeans |   Init 3/5: inertia=3.691593
2026-08-19 17:17:25 | DEBUG    | fgvc.clustering.spherical_kmeans |   Init 4/5: inertia=3.516286
2026-08-19 17:17:25 | DEBUG    | fgvc.clustering.spherical_kmeans |   Init 5/5: inertia=3.746908
2026-08-19 17:17:25 | DEBUG    | fgvc.clustering.spherical_kmeans |   Init 1/5: inertia=3.255840
2026-08-19 17:17:25 | DEBUG    | fgvc.clustering.spherical_kmeans |   Init 2/5: inertia=3.356812
2026-08-19 17:17:25 | DEBUG    | fgvc.clustering.spherical_kmeans |   Init 3/5: inertia=3.152432
2026-08-19 17:17:25 | DEBUG    | fgvc.clustering.spherical_kmeans |   Init 4/5: inertia=3.367654
2026-08-19 17:17:25 | DEBUG    | fgvc.clustering.spherical_kmeans |   Init 5/5: inertia=3.448679
2026-08-19 17:17:25 | DEBUG    | fgvc.clustering.spherical_kmeans |   Init 1/5: inertia=3.071679
2026-08-19 17:17:26 | DEBUG    | fgvc.clustering.spherical_kmeans |   Init 2/5: inertia=3.030446
2026-08-19 17:17:26 | DEBUG    | fgvc.clustering.spherical_kmeans |   Init 3/5: inertia=3.230355
2026-08-19 17:17:26 | DEBUG    | fgvc.clustering.spherical_kmeans |   Init 4/5: inertia=3.038234
2026-08-19 17:17:26 | DEBUG    | fgvc.clustering.spherical_kmeans |   Init 5/5: inertia=3.175583
2026-08-19 17:17:26 | DEBUG    | fgvc.clustering.spherical_kmeans | K selection: best_k=2 | scores={2: {'silhouette': 0.4022, 'compactness': 0.8473, 'score': 0.4553}, 3: {'silhouette': 0.056, 'compactness': 0.8593, 'score': 0.2191}, 4: {'silhouette': 0.0818, 'compactness': 0.8739, 'score': 0.1697}, 5: {'silhouette': 0.055, 'compactness': 0.8788, 'score': 0.0911}}
2026-08-19 17:17:26 | DEBUG    | fgvc.clustering.spherical_kmeans |   Init 1/10: inertia=3.818701
2026-08-19 17:17:26 | DEBUG    | fgvc.clustering.spherical_kmeans |   Init 2/10: inertia=4.067789
2026-08-19 17:17:26 | DEBUG    | fgvc.clustering.spherical_kmeans |   Init 3/10: inertia=3.928058
2026-08-19 17:17:26 | DEBUG    | fgvc.clustering.spherical_kmeans |   Init 4/10: inertia=3.945865
2026-08-19 17:17:26 | DEBUG    | fgvc.clustering.spherical_kmeans |   Init 5/10: inertia=3.927114
2026-08-19 17:17:26 | DEBUG    | fgvc.clustering.spherical_kmeans |   Init 6/10: inertia=3.940504
2026-08-19 17:17:26 | DEBUG    | fgvc.clustering.spherical_kmeans |   Init 7/10: inertia=3.888326
2026-08-19 17:17:26 | DEBUG    | fgvc.clustering.spherical_kmeans |   Init 8/10: inertia=3.929207
2026-08-19 17:17:26 | DEBUG    | fgvc.clustering.spherical_kmeans |   Init 9/10: inertia=3.957419
2026-08-19 17:17:26 | DEBUG    | fgvc.clustering.spherical_kmeans |   Init 10/10: inertia=3.818701
2026-08-19 17:17:26 | INFO     | fgvc.clustering.spherical_kmeans |   [Vesper_Sparrow] k_selected=2 | k_effective=1 | min_cluster=25 | max_cluster=25
2026-08-19 17:17:26 | INFO     | fgvc.clustering.spherical_kmeans |   [Warbling_Vireo] 25 images
2026-08-19 17:17:26 | DEBUG    | fgvc.clustering.spherical_kmeans |   Init 1/5: inertia=3.374151
2026-08-19 17:17:26 | DEBUG    | fgvc.clustering.spherical_kmeans |   Init 2/5: inertia=3.252112
2026-08-19 17:17:26 | DEBUG    | fgvc.clustering.spherical_kmeans |   Init 3/5: inertia=3.423390
2026-08-19 17:17:26 | DEBUG    | fgvc.clustering.spherical_kmeans |   Init 4/5: inertia=3.413686
2026-08-19 17:17:26 | DEBUG    | fgvc.clustering.spherical_kmeans |   Init 5/5: inertia=3.262081
2026-08-19 17:17:26 | DEBUG    | fgvc.clustering.spherical_kmeans |   Init 1/5: inertia=3.121986
2026-08-19 17:17:26 | DEBUG    | fgvc.clustering.spherical_kmeans |   Init 2/5: inertia=3.080452
2026-08-19 17:17:26 | DEBUG    | fgvc.clustering.spherical_kmeans |   Init 3/5: inertia=2.999310
2026-08-19 17:17:26 | DEBUG    | fgvc.clustering.spherical_kmeans |   Init 4/5: inertia=3.073635
2026-08-19 17:17:26 | DEBUG    | fgvc.clustering.spherical_kmeans |   Init 5/5: inertia=3.104314
2026-08-19 17:17:26 | DEBUG    | fgvc.clustering.spherical_kmeans |   Init 1/5: inertia=2.903445
2026-08-19 17:17:26 | DEBUG    | fgvc.clustering.spherical_kmeans |   Init 2/5: inertia=2.983257
2026-08-19 17:17:26 | DEBUG    | fgvc.clustering.spherical_kmeans |   Init 3/5: inertia=2.817677
2026-08-19 17:17:26 | DEBUG    | fgvc.clustering.spherical_kmeans |   Init 4/5: inertia=2.871487
2026-08-19 17:17:26 | DEBUG    | fgvc.clustering.spherical_kmeans |   Init 5/5: inertia=2.800260
2026-08-19 17:17:26 | DEBUG    | fgvc.clustering.spherical_kmeans |   Init 1/5: inertia=2.619960
2026-08-19 17:17:26 | DEBUG    | fgvc.clustering.spherical_kmeans |   Init 2/5: inertia=2.911638
2026-08-19 17:17:26 | DEBUG    | fgvc.clustering.spherical_kmeans |   Init 3/5: inertia=2.628978
2026-08-19 17:17:26 | DEBUG    | fgvc.clustering.spherical_kmeans |   Init 4/5: inertia=2.671815
2026-08-19 17:17:26 | DEBUG    | fgvc.clustering.spherical_kmeans |   Init 5/5: inertia=2.770539
2026-08-19 17:17:26 | DEBUG    | fgvc.clustering.spherical_kmeans | K selection: best_k=2 | scores={2: {'silhouette': 0.119, 'compactness': 0.8699, 'score': 0.3205}, 3: {'silhouette': 0.088, 'compactness': 0.88, 'score': 0.2413}, 4: {'silhouette': 0.0468, 'compactness': 0.888, 'score': 0.1564}, 5: {'silhouette': 0.0641, 'compactness': 0.8952, 'score': 0.1006}}
2026-08-19 17:17:26 | DEBUG    | fgvc.clustering.spherical_kmeans |   Init 1/10: inertia=3.374151
2026-08-19 17:17:26 | DEBUG    | fgvc.clustering.spherical_kmeans |   Init 2/10: inertia=3.252112
2026-08-19 17:17:26 | DEBUG    | fgvc.clustering.spherical_kmeans |   Init 3/10: inertia=3.423390
2026-08-19 17:17:26 | DEBUG    | fgvc.clustering.spherical_kmeans |   Init 4/10: inertia=3.413686
2026-08-19 17:17:26 | DEBUG    | fgvc.clustering.spherical_kmeans |   Init 5/10: inertia=3.262081
2026-08-19 17:17:26 | DEBUG    | fgvc.clustering.spherical_kmeans |   Init 6/10: inertia=3.295646
2026-08-19 17:17:26 | DEBUG    | fgvc.clustering.spherical_kmeans |   Init 7/10: inertia=3.349080
2026-08-19 17:17:26 | DEBUG    | fgvc.clustering.spherical_kmeans |   Init 8/10: inertia=3.352802
2026-08-19 17:17:26 | DEBUG    | fgvc.clustering.spherical_kmeans |   Init 9/10: inertia=3.400696
2026-08-19 17:17:26 | DEBUG    | fgvc.clustering.spherical_kmeans |   Init 10/10: inertia=3.288793
2026-08-19 17:17:26 | INFO     | fgvc.clustering.spherical_kmeans |   [Warbling_Vireo] k_selected=2 | k_effective=2 | min_cluster=8 | max_cluster=17
2026-08-19 17:17:26 | INFO     | fgvc.clustering.spherical_kmeans |   [Western_Grebe] 25 images
2026-08-19 17:17:26 | DEBUG    | fgvc.clustering.spherical_kmeans |   Init 1/5: inertia=2.354817
2026-08-19 17:17:26 | DEBUG    | fgvc.clustering.spherical_kmeans |   Init 2/5: inertia=2.039528
2026-08-19 17:17:26 | DEBUG    | fgvc.clustering.spherical_kmeans |   Init 3/5: inertia=2.404768
2026-08-19 17:17:26 | DEBUG    | fgvc.clustering.spherical_kmeans |   Init 4/5: inertia=2.039528
2026-08-19 17:17:26 | DEBUG    | fgvc.clustering.spherical_kmeans |   Init 5/5: inertia=2.051744
2026-08-19 17:17:26 | DEBUG    | fgvc.clustering.spherical_kmeans |   Init 1/5: inertia=1.857748
2026-08-19 17:17:26 | DEBUG    | fgvc.clustering.spherical_kmeans |   Init 2/5: inertia=1.891807
2026-08-19 17:17:26 | DEBUG    | fgvc.clustering.spherical_kmeans |   Init 3/5: inertia=1.936068
2026-08-19 17:17:26 | DEBUG    | fgvc.clustering.spherical_kmeans |   Init 4/5: inertia=1.857748
2026-08-19 17:17:26 | DEBUG    | fgvc.clustering.spherical_kmeans |   Init 5/5: inertia=2.194694
2026-08-19 17:17:26 | DEBUG    | fgvc.clustering.spherical_kmeans |   Init 1/5: inertia=1.842493
2026-08-19 17:17:26 | DEBUG    | fgvc.clustering.spherical_kmeans |   Init 2/5: inertia=1.833475
2026-08-19 17:17:26 | DEBUG    | fgvc.clustering.spherical_kmeans |   Init 3/5: inertia=1.709468
2026-08-19 17:17:26 | DEBUG    | fgvc.clustering.spherical_kmeans |   Init 4/5: inertia=1.780719
2026-08-19 17:17:26 | DEBUG    | fgvc.clustering.spherical_kmeans |   Init 5/5: inertia=1.728426
2026-08-19 17:17:26 | DEBUG    | fgvc.clustering.spherical_kmeans |   Init 1/5: inertia=1.738486
2026-08-19 17:17:26 | DEBUG    | fgvc.clustering.spherical_kmeans |   Init 2/5: inertia=1.669862
2026-08-19 17:17:26 | DEBUG    | fgvc.clustering.spherical_kmeans |   Init 3/5: inertia=1.666309
2026-08-19 17:17:26 | DEBUG    | fgvc.clustering.spherical_kmeans |   Init 4/5: inertia=1.598207
2026-08-19 17:17:26 | DEBUG    | fgvc.clustering.spherical_kmeans |   Init 5/5: inertia=1.647462
2026-08-19 17:17:26 | DEBUG    | fgvc.clustering.spherical_kmeans | K selection: best_k=2 | scores={2: {'silhouette': 0.4024, 'compactness': 0.9184, 'score': 0.4767}, 3: {'silhouette': 0.3398, 'compactness': 0.9257, 'score': 0.3809}, 4: {'silhouette': 0.3123, 'compactness': 0.9316, 'score': 0.3023}, 5: {'silhouette': 0.0667, 'compactness': 0.9361, 'score': 0.1142}}
2026-08-19 17:17:26 | DEBUG    | fgvc.clustering.spherical_kmeans |   Init 1/10: inertia=2.354817
2026-08-19 17:17:26 | DEBUG    | fgvc.clustering.spherical_kmeans |   Init 2/10: inertia=2.039528
2026-08-19 17:17:26 | DEBUG    | fgvc.clustering.spherical_kmeans |   Init 3/10: inertia=2.404768
2026-08-19 17:17:26 | DEBUG    | fgvc.clustering.spherical_kmeans |   Init 4/10: inertia=2.039528
2026-08-19 17:17:26 | DEBUG    | fgvc.clustering.spherical_kmeans |   Init 5/10: inertia=2.051744
2026-08-19 17:17:26 | DEBUG    | fgvc.clustering.spherical_kmeans |   Init 6/10: inertia=2.394213
2026-08-19 17:17:26 | DEBUG    | fgvc.clustering.spherical_kmeans |   Init 7/10: inertia=2.039528
2026-08-19 17:17:26 | DEBUG    | fgvc.clustering.spherical_kmeans |   Init 8/10: inertia=2.051744
2026-08-19 17:17:26 | DEBUG    | fgvc.clustering.spherical_kmeans |   Init 9/10: inertia=2.039528
2026-08-19 17:17:26 | DEBUG    | fgvc.clustering.spherical_kmeans |   Init 10/10: inertia=2.051744
2026-08-19 17:17:26 | INFO     | fgvc.clustering.spherical_kmeans |   [Western_Grebe] k_selected=2 | k_effective=2 | min_cluster=5 | max_cluster=20
2026-08-19 17:17:26 | INFO     | fgvc.clustering.spherical_kmeans |   [Western_Gull] 25 images
2026-08-19 17:17:26 | DEBUG    | fgvc.clustering.spherical_kmeans |   Init 1/5: inertia=3.538126
2026-08-19 17:17:26 | DEBUG    | fgvc.clustering.spherical_kmeans |   Init 2/5: inertia=3.780037
2026-08-19 17:17:26 | DEBUG    | fgvc.clustering.spherical_kmeans |   Init 3/5: inertia=3.762164
2026-08-19 17:17:26 | DEBUG    | fgvc.clustering.spherical_kmeans |   Init 4/5: inertia=3.542411
2026-08-19 17:17:26 | DEBUG    | fgvc.clustering.spherical_kmeans |   Init 5/5: inertia=3.576868
2026-08-19 17:17:26 | DEBUG    | fgvc.clustering.spherical_kmeans |   Init 1/5: inertia=3.559964
2026-08-19 17:17:26 | DEBUG    | fgvc.clustering.spherical_kmeans |   Init 2/5: inertia=3.540435
2026-08-19 17:17:26 | DEBUG    | fgvc.clustering.spherical_kmeans |   Init 3/5: inertia=3.403545
2026-08-19 17:17:26 | DEBUG    | fgvc.clustering.spherical_kmeans |   Init 4/5: inertia=3.415237
2026-08-19 17:17:26 | DEBUG    | fgvc.clustering.spherical_kmeans |   Init 5/5: inertia=3.433475
2026-08-19 17:17:26 | DEBUG    | fgvc.clustering.spherical_kmeans |   Init 1/5: inertia=3.064964
2026-08-19 17:17:26 | DEBUG    | fgvc.clustering.spherical_kmeans |   Init 2/5: inertia=3.159405
2026-08-19 17:17:26 | DEBUG    | fgvc.clustering.spherical_kmeans |   Init 3/5: inertia=3.199737
2026-08-19 17:17:26 | DEBUG    | fgvc.clustering.spherical_kmeans |   Init 4/5: inertia=3.057850
2026-08-19 17:17:26 | DEBUG    | fgvc.clustering.spherical_kmeans |   Init 5/5: inertia=3.100096
2026-08-19 17:17:26 | DEBUG    | fgvc.clustering.spherical_kmeans |   Init 1/5: inertia=2.935194
2026-08-19 17:17:26 | DEBUG    | fgvc.clustering.spherical_kmeans |   Init 2/5: inertia=2.967016
2026-08-19 17:17:26 | DEBUG    | fgvc.clustering.spherical_kmeans |   Init 3/5: inertia=2.800986
2026-08-19 17:17:26 | DEBUG    | fgvc.clustering.spherical_kmeans |   Init 4/5: inertia=2.967778
2026-08-19 17:17:26 | DEBUG    | fgvc.clustering.spherical_kmeans |   Init 5/5: inertia=2.766271
2026-08-19 17:17:26 | DEBUG    | fgvc.clustering.spherical_kmeans | K selection: best_k=2 | scores={2: {'silhouette': 0.2155, 'compactness': 0.8585, 'score': 0.3653}, 3: {'silhouette': 0.0734, 'compactness': 0.8639, 'score': 0.2292}, 4: {'silhouette': 0.1067, 'compactness': 0.8777, 'score': 0.1833}, 5: {'silhouette': 0.0782, 'compactness': 0.8893, 'score': 0.1059}}
2026-08-19 17:17:26 | DEBUG    | fgvc.clustering.spherical_kmeans |   Init 1/10: inertia=3.538126
2026-08-19 17:17:26 | DEBUG    | fgvc.clustering.spherical_kmeans |   Init 2/10: inertia=3.780037
2026-08-19 17:17:26 | DEBUG    | fgvc.clustering.spherical_kmeans |   Init 3/10: inertia=3.762164
2026-08-19 17:17:26 | DEBUG    | fgvc.clustering.spherical_kmeans |   Init 4/10: inertia=3.542411
2026-08-19 17:17:26 | DEBUG    | fgvc.clustering.spherical_kmeans |   Init 5/10: inertia=3.576868
2026-08-19 17:17:26 | DEBUG    | fgvc.clustering.spherical_kmeans |   Init 6/10: inertia=3.870934
2026-08-19 17:17:26 | DEBUG    | fgvc.clustering.spherical_kmeans |   Init 7/10: inertia=3.560405
2026-08-19 17:17:26 | DEBUG    | fgvc.clustering.spherical_kmeans |   Init 8/10: inertia=3.573537
2026-08-19 17:17:26 | DEBUG    | fgvc.clustering.spherical_kmeans |   Init 9/10: inertia=3.780585
2026-08-19 17:17:26 | DEBUG    | fgvc.clustering.spherical_kmeans |   Init 10/10: inertia=3.836314
2026-08-19 17:17:26 | INFO     | fgvc.clustering.spherical_kmeans |   [Western_Gull] k_selected=2 | k_effective=2 | min_cluster=7 | max_cluster=18
2026-08-19 17:17:26 | INFO     | fgvc.clustering.spherical_kmeans |   [Western_Meadowlark] 25 images
2026-08-19 17:17:26 | DEBUG    | fgvc.clustering.spherical_kmeans |   Init 1/5: inertia=2.718433
2026-08-19 17:17:26 | DEBUG    | fgvc.clustering.spherical_kmeans |   Init 2/5: inertia=2.706634
2026-08-19 17:17:26 | DEBUG    | fgvc.clustering.spherical_kmeans |   Init 3/5: inertia=2.681547
2026-08-19 17:17:26 | DEBUG    | fgvc.clustering.spherical_kmeans |   Init 4/5: inertia=2.699690
2026-08-19 17:17:26 | DEBUG    | fgvc.clustering.spherical_kmeans |   Init 5/5: inertia=2.678447
2026-08-19 17:17:26 | DEBUG    | fgvc.clustering.spherical_kmeans |   Init 1/5: inertia=2.438314
2026-08-19 17:17:26 | DEBUG    | fgvc.clustering.spherical_kmeans |   Init 2/5: inertia=2.560661
2026-08-19 17:17:26 | DEBUG    | fgvc.clustering.spherical_kmeans |   Init 3/5: inertia=2.584582
2026-08-19 17:17:26 | DEBUG    | fgvc.clustering.spherical_kmeans |   Init 4/5: inertia=2.450577
2026-08-19 17:17:26 | DEBUG    | fgvc.clustering.spherical_kmeans |   Init 5/5: inertia=2.433589
2026-08-19 17:17:26 | DEBUG    | fgvc.clustering.spherical_kmeans |   Init 1/5: inertia=2.252031
2026-08-19 17:17:26 | DEBUG    | fgvc.clustering.spherical_kmeans |   Init 2/5: inertia=2.317579
2026-08-19 17:17:26 | DEBUG    | fgvc.clustering.spherical_kmeans |   Init 3/5: inertia=2.263611
2026-08-19 17:17:26 | DEBUG    | fgvc.clustering.spherical_kmeans |   Init 4/5: inertia=2.564650
2026-08-19 17:17:26 | DEBUG    | fgvc.clustering.spherical_kmeans |   Init 5/5: inertia=2.251437
2026-08-19 17:17:26 | DEBUG    | fgvc.clustering.spherical_kmeans |   Init 1/5: inertia=1.977604
2026-08-19 17:17:26 | DEBUG    | fgvc.clustering.spherical_kmeans |   Init 2/5: inertia=2.180357
2026-08-19 17:17:26 | DEBUG    | fgvc.clustering.spherical_kmeans |   Init 3/5: inertia=2.214373
2026-08-19 17:17:26 | DEBUG    | fgvc.clustering.spherical_kmeans |   Init 4/5: inertia=2.123850
2026-08-19 17:17:26 | DEBUG    | fgvc.clustering.spherical_kmeans |   Init 5/5: inertia=2.326369
2026-08-19 17:17:26 | DEBUG    | fgvc.clustering.spherical_kmeans | K selection: best_k=2 | scores={2: {'silhouette': 0.2008, 'compactness': 0.8929, 'score': 0.3682}, 3: {'silhouette': 0.2149, 'compactness': 0.9027, 'score': 0.3116}, 4: {'silhouette': 0.1602, 'compactness': 0.9099, 'score': 0.2197}, 5: {'silhouette': 0.0856, 'compactness': 0.9209, 'score': 0.1191}}
2026-08-19 17:17:26 | DEBUG    | fgvc.clustering.spherical_kmeans |   Init 1/10: inertia=2.718433
2026-08-19 17:17:26 | DEBUG    | fgvc.clustering.spherical_kmeans |   Init 2/10: inertia=2.706634
2026-08-19 17:17:26 | DEBUG    | fgvc.clustering.spherical_kmeans |   Init 3/10: inertia=2.681547
2026-08-19 17:17:26 | DEBUG    | fgvc.clustering.spherical_kmeans |   Init 4/10: inertia=2.699690
2026-08-19 17:17:26 | DEBUG    | fgvc.clustering.spherical_kmeans |   Init 5/10: inertia=2.678447
2026-08-19 17:17:26 | DEBUG    | fgvc.clustering.spherical_kmeans |   Init 6/10: inertia=2.999812
2026-08-19 17:17:26 | DEBUG    | fgvc.clustering.spherical_kmeans |   Init 7/10: inertia=2.678447
2026-08-19 17:17:26 | DEBUG    | fgvc.clustering.spherical_kmeans |   Init 8/10: inertia=2.953461
2026-08-19 17:17:26 | DEBUG    | fgvc.clustering.spherical_kmeans |   Init 9/10: inertia=2.999974
2026-08-19 17:17:26 | DEBUG    | fgvc.clustering.spherical_kmeans |   Init 10/10: inertia=2.776398
2026-08-19 17:17:26 | INFO     | fgvc.clustering.spherical_kmeans |   [Western_Meadowlark] k_selected=2 | k_effective=2 | min_cluster=9 | max_cluster=16
2026-08-19 17:17:26 | INFO     | fgvc.clustering.spherical_kmeans |   [Western_Wood_Pewee] 25 images
2026-08-19 17:17:26 | DEBUG    | fgvc.clustering.spherical_kmeans |   Init 1/5: inertia=3.656470
2026-08-19 17:17:26 | DEBUG    | fgvc.clustering.spherical_kmeans |   Init 2/5: inertia=3.674980
2026-08-19 17:17:26 | DEBUG    | fgvc.clustering.spherical_kmeans |   Init 3/5: inertia=3.649796
2026-08-19 17:17:26 | DEBUG    | fgvc.clustering.spherical_kmeans |   Init 4/5: inertia=3.656500
2026-08-19 17:17:26 | DEBUG    | fgvc.clustering.spherical_kmeans |   Init 5/5: inertia=3.676535
2026-08-19 17:17:26 | DEBUG    | fgvc.clustering.spherical_kmeans |   Init 1/5: inertia=3.511617
2026-08-19 17:17:26 | DEBUG    | fgvc.clustering.spherical_kmeans |   Init 2/5: inertia=3.364892
2026-08-19 17:17:26 | DEBUG    | fgvc.clustering.spherical_kmeans |   Init 3/5: inertia=3.327831
2026-08-19 17:17:26 | DEBUG    | fgvc.clustering.spherical_kmeans |   Init 4/5: inertia=3.409261
2026-08-19 17:17:26 | DEBUG    | fgvc.clustering.spherical_kmeans |   Init 5/5: inertia=3.421650
2026-08-19 17:17:26 | DEBUG    | fgvc.clustering.spherical_kmeans |   Init 1/5: inertia=3.235183
2026-08-19 17:17:26 | DEBUG    | fgvc.clustering.spherical_kmeans |   Init 2/5: inertia=3.102973
2026-08-19 17:17:26 | DEBUG    | fgvc.clustering.spherical_kmeans |   Init 3/5: inertia=3.190745
2026-08-19 17:17:26 | DEBUG    | fgvc.clustering.spherical_kmeans |   Init 4/5: inertia=3.095138
2026-08-19 17:17:26 | DEBUG    | fgvc.clustering.spherical_kmeans |   Init 5/5: inertia=3.204350
2026-08-19 17:17:26 | DEBUG    | fgvc.clustering.spherical_kmeans |   Init 1/5: inertia=2.959300
2026-08-19 17:17:26 | DEBUG    | fgvc.clustering.spherical_kmeans |   Init 2/5: inertia=2.832335
2026-08-19 17:17:26 | DEBUG    | fgvc.clustering.spherical_kmeans |   Init 3/5: inertia=2.857210
2026-08-19 17:17:26 | DEBUG    | fgvc.clustering.spherical_kmeans |   Init 4/5: inertia=2.874763
2026-08-19 17:17:26 | DEBUG    | fgvc.clustering.spherical_kmeans |   Init 5/5: inertia=3.042947
2026-08-19 17:17:26 | DEBUG    | fgvc.clustering.spherical_kmeans | K selection: best_k=2 | scores={2: {'silhouette': 0.0708, 'compactness': 0.854, 'score': 0.2916}, 3: {'silhouette': 0.0657, 'compactness': 0.8669, 'score': 0.2262}, 4: {'silhouette': 0.0254, 'compactness': 0.8762, 'score': 0.1422}, 5: {'silhouette': 0.0464, 'compactness': 0.8867, 'score': 0.0892}}
2026-08-19 17:17:26 | DEBUG    | fgvc.clustering.spherical_kmeans |   Init 1/10: inertia=3.656470
2026-08-19 17:17:26 | DEBUG    | fgvc.clustering.spherical_kmeans |   Init 2/10: inertia=3.674980
2026-08-19 17:17:26 | DEBUG    | fgvc.clustering.spherical_kmeans |   Init 3/10: inertia=3.649796
2026-08-19 17:17:26 | DEBUG    | fgvc.clustering.spherical_kmeans |   Init 4/10: inertia=3.656500
2026-08-19 17:17:26 | DEBUG    | fgvc.clustering.spherical_kmeans |   Init 5/10: inertia=3.676535
2026-08-19 17:17:26 | DEBUG    | fgvc.clustering.spherical_kmeans |   Init 6/10: inertia=3.643245
2026-08-19 17:17:26 | DEBUG    | fgvc.clustering.spherical_kmeans |   Init 7/10: inertia=3.672573
2026-08-19 17:17:26 | DEBUG    | fgvc.clustering.spherical_kmeans |   Init 8/10: inertia=3.696278
2026-08-19 17:17:26 | DEBUG    | fgvc.clustering.spherical_kmeans |   Init 9/10: inertia=3.674980
2026-08-19 17:17:26 | DEBUG    | fgvc.clustering.spherical_kmeans |   Init 10/10: inertia=3.681231
2026-08-19 17:17:26 | INFO     | fgvc.clustering.spherical_kmeans |   [Western_Wood_Pewee] k_selected=2 | k_effective=1 | min_cluster=25 | max_cluster=25
2026-08-19 17:17:26 | INFO     | fgvc.clustering.spherical_kmeans |   [Whip_poor_Will] 25 images
2026-08-19 17:17:26 | DEBUG    | fgvc.clustering.spherical_kmeans |   Init 1/5: inertia=3.041852
2026-08-19 17:17:26 | DEBUG    | fgvc.clustering.spherical_kmeans |   Init 2/5: inertia=3.101643
2026-08-19 17:17:26 | DEBUG    | fgvc.clustering.spherical_kmeans |   Init 3/5: inertia=3.120303
2026-08-19 17:17:26 | DEBUG    | fgvc.clustering.spherical_kmeans |   Init 4/5: inertia=3.007027
2026-08-19 17:17:26 | DEBUG    | fgvc.clustering.spherical_kmeans |   Init 5/5: inertia=3.063886
2026-08-19 17:17:26 | DEBUG    | fgvc.clustering.spherical_kmeans |   Init 1/5: inertia=2.853498
2026-08-19 17:17:26 | DEBUG    | fgvc.clustering.spherical_kmeans |   Init 2/5: inertia=2.842610
2026-08-19 17:17:26 | DEBUG    | fgvc.clustering.spherical_kmeans |   Init 3/5: inertia=2.756225
2026-08-19 17:17:26 | DEBUG    | fgvc.clustering.spherical_kmeans |   Init 4/5: inertia=2.897502
2026-08-19 17:17:26 | DEBUG    | fgvc.clustering.spherical_kmeans |   Init 5/5: inertia=2.778391
2026-08-19 17:17:26 | DEBUG    | fgvc.clustering.spherical_kmeans |   Init 1/5: inertia=2.604364
2026-08-19 17:17:26 | DEBUG    | fgvc.clustering.spherical_kmeans |   Init 2/5: inertia=2.513425
2026-08-19 17:17:26 | DEBUG    | fgvc.clustering.spherical_kmeans |   Init 3/5: inertia=2.652419
2026-08-19 17:17:26 | DEBUG    | fgvc.clustering.spherical_kmeans |   Init 4/5: inertia=2.628814
2026-08-19 17:17:26 | DEBUG    | fgvc.clustering.spherical_kmeans |   Init 5/5: inertia=2.659522
2026-08-19 17:17:26 | DEBUG    | fgvc.clustering.spherical_kmeans |   Init 1/5: inertia=2.375189
2026-08-19 17:17:26 | DEBUG    | fgvc.clustering.spherical_kmeans |   Init 2/5: inertia=2.342470
2026-08-19 17:17:26 | DEBUG    | fgvc.clustering.spherical_kmeans |   Init 3/5: inertia=2.469371
2026-08-19 17:17:26 | DEBUG    | fgvc.clustering.spherical_kmeans |   Init 4/5: inertia=2.262064
2026-08-19 17:17:26 | DEBUG    | fgvc.clustering.spherical_kmeans |   Init 5/5: inertia=2.475933
2026-08-19 17:17:26 | DEBUG    | fgvc.clustering.spherical_kmeans | K selection: best_k=2 | scores={2: {'silhouette': 0.1079, 'compactness': 0.8797, 'score': 0.3179}, 3: {'silhouette': 0.0728, 'compactness': 0.8898, 'score': 0.2367}, 4: {'silhouette': 0.09, 'compactness': 0.8995, 'score': 0.1815}, 5: {'silhouette': 0.0774, 'compactness': 0.9095, 'score': 0.1116}}
2026-08-19 17:17:26 | DEBUG    | fgvc.clustering.spherical_kmeans |   Init 1/10: inertia=3.041852
2026-08-19 17:17:26 | DEBUG    | fgvc.clustering.spherical_kmeans |   Init 2/10: inertia=3.101643
2026-08-19 17:17:26 | DEBUG    | fgvc.clustering.spherical_kmeans |   Init 3/10: inertia=3.120303
2026-08-19 17:17:26 | DEBUG    | fgvc.clustering.spherical_kmeans |   Init 4/10: inertia=3.007027
2026-08-19 17:17:26 | DEBUG    | fgvc.clustering.spherical_kmeans |   Init 5/10: inertia=3.063886
2026-08-19 17:17:26 | DEBUG    | fgvc.clustering.spherical_kmeans |   Init 6/10: inertia=3.049744
2026-08-19 17:17:26 | DEBUG    | fgvc.clustering.spherical_kmeans |   Init 7/10: inertia=3.004328
2026-08-19 17:17:26 | DEBUG    | fgvc.clustering.spherical_kmeans |   Init 8/10: inertia=3.027966
2026-08-19 17:17:26 | DEBUG    | fgvc.clustering.spherical_kmeans |   Init 9/10: inertia=3.101643
2026-08-19 17:17:26 | DEBUG    | fgvc.clustering.spherical_kmeans |   Init 10/10: inertia=2.917560
2026-08-19 17:17:26 | INFO     | fgvc.clustering.spherical_kmeans |   [Whip_poor_Will] k_selected=2 | k_effective=2 | min_cluster=6 | max_cluster=19
2026-08-19 17:17:26 | INFO     | fgvc.clustering.spherical_kmeans |   [White_Pelican] 25 images
2026-08-19 17:17:26 | DEBUG    | fgvc.clustering.spherical_kmeans |   Init 1/5: inertia=2.632561
2026-08-19 17:17:26 | DEBUG    | fgvc.clustering.spherical_kmeans |   Init 2/5: inertia=2.662158
2026-08-19 17:17:26 | DEBUG    | fgvc.clustering.spherical_kmeans |   Init 3/5: inertia=2.721803
2026-08-19 17:17:26 | DEBUG    | fgvc.clustering.spherical_kmeans |   Init 4/5: inertia=2.630036
2026-08-19 17:17:26 | DEBUG    | fgvc.clustering.spherical_kmeans |   Init 5/5: inertia=2.517030
2026-08-19 17:17:26 | DEBUG    | fgvc.clustering.spherical_kmeans |   Init 1/5: inertia=2.407977
2026-08-19 17:17:26 | DEBUG    | fgvc.clustering.spherical_kmeans |   Init 2/5: inertia=2.448491
2026-08-19 17:17:26 | DEBUG    | fgvc.clustering.spherical_kmeans |   Init 3/5: inertia=2.244598
2026-08-19 17:17:26 | DEBUG    | fgvc.clustering.spherical_kmeans |   Init 4/5: inertia=2.223805
2026-08-19 17:17:26 | DEBUG    | fgvc.clustering.spherical_kmeans |   Init 5/5: inertia=2.511316
2026-08-19 17:17:26 | DEBUG    | fgvc.clustering.spherical_kmeans |   Init 1/5: inertia=2.021819
2026-08-19 17:17:26 | DEBUG    | fgvc.clustering.spherical_kmeans |   Init 2/5: inertia=2.311828
2026-08-19 17:17:26 | DEBUG    | fgvc.clustering.spherical_kmeans |   Init 3/5: inertia=2.072417
2026-08-19 17:17:26 | DEBUG    | fgvc.clustering.spherical_kmeans |   Init 4/5: inertia=2.082878
2026-08-19 17:17:26 | DEBUG    | fgvc.clustering.spherical_kmeans |   Init 5/5: inertia=2.142283
2026-08-19 17:17:26 | DEBUG    | fgvc.clustering.spherical_kmeans |   Init 1/5: inertia=2.285147
2026-08-19 17:17:26 | DEBUG    | fgvc.clustering.spherical_kmeans |   Init 2/5: inertia=2.104711
2026-08-19 17:17:26 | DEBUG    | fgvc.clustering.spherical_kmeans |   Init 3/5: inertia=1.996763
2026-08-19 17:17:26 | DEBUG    | fgvc.clustering.spherical_kmeans |   Init 4/5: inertia=1.864036
2026-08-19 17:17:26 | DEBUG    | fgvc.clustering.spherical_kmeans |   Init 5/5: inertia=1.830031
2026-08-19 17:17:26 | DEBUG    | fgvc.clustering.spherical_kmeans | K selection: best_k=2 | scores={2: {'silhouette': 0.1843, 'compactness': 0.8993, 'score': 0.3619}, 3: {'silhouette': 0.2345, 'compactness': 0.911, 'score': 0.3239}, 4: {'silhouette': 0.2197, 'compactness': 0.9191, 'score': 0.2522}, 5: {'silhouette': 0.1235, 'compactness': 0.9268, 'score': 0.1398}}
2026-08-19 17:17:26 | DEBUG    | fgvc.clustering.spherical_kmeans |   Init 1/10: inertia=2.632561
2026-08-19 17:17:26 | DEBUG    | fgvc.clustering.spherical_kmeans |   Init 2/10: inertia=2.662158
2026-08-19 17:17:26 | DEBUG    | fgvc.clustering.spherical_kmeans |   Init 3/10: inertia=2.721803
2026-08-19 17:17:26 | DEBUG    | fgvc.clustering.spherical_kmeans |   Init 4/10: inertia=2.630036
2026-08-19 17:17:26 | DEBUG    | fgvc.clustering.spherical_kmeans |   Init 5/10: inertia=2.517030
2026-08-19 17:17:26 | DEBUG    | fgvc.clustering.spherical_kmeans |   Init 6/10: inertia=2.801060
2026-08-19 17:17:26 | DEBUG    | fgvc.clustering.spherical_kmeans |   Init 7/10: inertia=2.447230
2026-08-19 17:17:26 | DEBUG    | fgvc.clustering.spherical_kmeans |   Init 8/10: inertia=2.640916
2026-08-19 17:17:26 | DEBUG    | fgvc.clustering.spherical_kmeans |   Init 9/10: inertia=2.464623
2026-08-19 17:17:26 | DEBUG    | fgvc.clustering.spherical_kmeans |   Init 10/10: inertia=2.583194
2026-08-19 17:17:26 | INFO     | fgvc.clustering.spherical_kmeans |   [White_Pelican] k_selected=2 | k_effective=2 | min_cluster=5 | max_cluster=20
2026-08-19 17:17:26 | INFO     | fgvc.clustering.spherical_kmeans |   [White_breasted_Kingfisher] 25 images
2026-08-19 17:17:26 | DEBUG    | fgvc.clustering.spherical_kmeans |   Init 1/5: inertia=2.634804
2026-08-19 17:17:26 | DEBUG    | fgvc.clustering.spherical_kmeans |   Init 2/5: inertia=2.576787
2026-08-19 17:17:26 | DEBUG    | fgvc.clustering.spherical_kmeans |   Init 3/5: inertia=2.725603
2026-08-19 17:17:26 | DEBUG    | fgvc.clustering.spherical_kmeans |   Init 4/5: inertia=2.573853
2026-08-19 17:17:26 | DEBUG    | fgvc.clustering.spherical_kmeans |   Init 5/5: inertia=2.576787
2026-08-19 17:17:26 | DEBUG    | fgvc.clustering.spherical_kmeans |   Init 1/5: inertia=2.383705
2026-08-19 17:17:26 | DEBUG    | fgvc.clustering.spherical_kmeans |   Init 2/5: inertia=2.385640
2026-08-19 17:17:26 | DEBUG    | fgvc.clustering.spherical_kmeans |   Init 3/5: inertia=2.242992
2026-08-19 17:17:26 | DEBUG    | fgvc.clustering.spherical_kmeans |   Init 4/5: inertia=2.383978
2026-08-19 17:17:26 | DEBUG    | fgvc.clustering.spherical_kmeans |   Init 5/5: inertia=2.345438
2026-08-19 17:17:26 | DEBUG    | fgvc.clustering.spherical_kmeans |   Init 1/5: inertia=2.083336
2026-08-19 17:17:26 | DEBUG    | fgvc.clustering.spherical_kmeans |   Init 2/5: inertia=2.011431
2026-08-19 17:17:26 | DEBUG    | fgvc.clustering.spherical_kmeans |   Init 3/5: inertia=1.957481
2026-08-19 17:17:26 | DEBUG    | fgvc.clustering.spherical_kmeans |   Init 4/5: inertia=2.164697
2026-08-19 17:17:26 | DEBUG    | fgvc.clustering.spherical_kmeans |   Init 5/5: inertia=2.311726
2026-08-19 17:17:26 | DEBUG    | fgvc.clustering.spherical_kmeans |   Init 1/5: inertia=1.953080
2026-08-19 17:17:26 | DEBUG    | fgvc.clustering.spherical_kmeans |   Init 2/5: inertia=1.886705
2026-08-19 17:17:26 | DEBUG    | fgvc.clustering.spherical_kmeans |   Init 3/5: inertia=1.804125
2026-08-19 17:17:26 | DEBUG    | fgvc.clustering.spherical_kmeans |   Init 4/5: inertia=1.891167
2026-08-19 17:17:26 | DEBUG    | fgvc.clustering.spherical_kmeans |   Init 5/5: inertia=2.021409
2026-08-19 17:17:26 | DEBUG    | fgvc.clustering.spherical_kmeans | K selection: best_k=2 | scores={2: {'silhouette': 0.2689, 'compactness': 0.897, 'score': 0.4036}, 3: {'silhouette': 0.2773, 'compactness': 0.9103, 'score': 0.3451}, 4: {'silhouette': 0.2016, 'compactness': 0.9217, 'score': 0.244}, 5: {'silhouette': 0.0916, 'compactness': 0.9278, 'score': 0.1241}}
2026-08-19 17:17:26 | DEBUG    | fgvc.clustering.spherical_kmeans |   Init 1/10: inertia=2.634804
2026-08-19 17:17:26 | DEBUG    | fgvc.clustering.spherical_kmeans |   Init 2/10: inertia=2.576787
2026-08-19 17:17:26 | DEBUG    | fgvc.clustering.spherical_kmeans |   Init 3/10: inertia=2.725603
2026-08-19 17:17:26 | DEBUG    | fgvc.clustering.spherical_kmeans |   Init 4/10: inertia=2.573853
2026-08-19 17:17:26 | DEBUG    | fgvc.clustering.spherical_kmeans |   Init 5/10: inertia=2.576787
2026-08-19 17:17:26 | DEBUG    | fgvc.clustering.spherical_kmeans |   Init 6/10: inertia=2.576787
2026-08-19 17:17:26 | DEBUG    | fgvc.clustering.spherical_kmeans |   Init 7/10: inertia=2.540449
2026-08-19 17:17:26 | DEBUG    | fgvc.clustering.spherical_kmeans |   Init 8/10: inertia=2.542100
2026-08-19 17:17:26 | DEBUG    | fgvc.clustering.spherical_kmeans |   Init 9/10: inertia=2.576787
2026-08-19 17:17:26 | DEBUG    | fgvc.clustering.spherical_kmeans |   Init 10/10: inertia=2.540449
2026-08-19 17:17:26 | INFO     | fgvc.clustering.spherical_kmeans |   [White_breasted_Kingfisher] k_selected=2 | k_effective=1 | min_cluster=25 | max_cluster=25
2026-08-19 17:17:26 | INFO     | fgvc.clustering.spherical_kmeans |   [White_breasted_Nuthatch] 25 images
2026-08-19 17:17:26 | DEBUG    | fgvc.clustering.spherical_kmeans |   Init 1/5: inertia=2.601772
2026-08-19 17:17:26 | DEBUG    | fgvc.clustering.spherical_kmeans |   Init 2/5: inertia=2.602193
2026-08-19 17:17:26 | DEBUG    | fgvc.clustering.spherical_kmeans |   Init 3/5: inertia=2.491314
2026-08-19 17:17:26 | DEBUG    | fgvc.clustering.spherical_kmeans |   Init 4/5: inertia=2.514807
2026-08-19 17:17:26 | DEBUG    | fgvc.clustering.spherical_kmeans |   Init 5/5: inertia=2.500254
2026-08-19 17:17:26 | DEBUG    | fgvc.clustering.spherical_kmeans |   Init 1/5: inertia=2.392053
2026-08-19 17:17:26 | DEBUG    | fgvc.clustering.spherical_kmeans |   Init 2/5: inertia=2.370289
2026-08-19 17:17:26 | DEBUG    | fgvc.clustering.spherical_kmeans |   Init 3/5: inertia=2.432604
2026-08-19 17:17:26 | DEBUG    | fgvc.clustering.spherical_kmeans |   Init 4/5: inertia=2.354638
2026-08-19 17:17:26 | DEBUG    | fgvc.clustering.spherical_kmeans |   Init 5/5: inertia=2.340195
2026-08-19 17:17:26 | DEBUG    | fgvc.clustering.spherical_kmeans |   Init 1/5: inertia=2.258294
2026-08-19 17:17:26 | DEBUG    | fgvc.clustering.spherical_kmeans |   Init 2/5: inertia=2.168522
2026-08-19 17:17:26 | DEBUG    | fgvc.clustering.spherical_kmeans |   Init 3/5: inertia=2.177610
2026-08-19 17:17:26 | DEBUG    | fgvc.clustering.spherical_kmeans |   Init 4/5: inertia=2.182325
2026-08-19 17:17:26 | DEBUG    | fgvc.clustering.spherical_kmeans |   Init 5/5: inertia=2.287125
2026-08-19 17:17:26 | DEBUG    | fgvc.clustering.spherical_kmeans |   Init 1/5: inertia=2.116922
2026-08-19 17:17:26 | DEBUG    | fgvc.clustering.spherical_kmeans |   Init 2/5: inertia=1.999628
2026-08-19 17:17:26 | DEBUG    | fgvc.clustering.spherical_kmeans |   Init 3/5: inertia=2.025599
2026-08-19 17:17:26 | DEBUG    | fgvc.clustering.spherical_kmeans |   Init 4/5: inertia=2.070861
2026-08-19 17:17:26 | DEBUG    | fgvc.clustering.spherical_kmeans |   Init 5/5: inertia=1.956529
2026-08-19 17:17:26 | DEBUG    | fgvc.clustering.spherical_kmeans | K selection: best_k=2 | scores={2: {'silhouette': 0.0839, 'compactness': 0.9003, 'score': 0.3121}, 3: {'silhouette': 0.0563, 'compactness': 0.9064, 'score': 0.2334}, 4: {'silhouette': 0.0571, 'compactness': 0.9133, 'score': 0.1692}, 5: {'silhouette': 0.076, 'compactness': 0.9217, 'score': 0.1145}}
2026-08-19 17:17:26 | DEBUG    | fgvc.clustering.spherical_kmeans |   Init 1/10: inertia=2.601772
2026-08-19 17:17:26 | DEBUG    | fgvc.clustering.spherical_kmeans |   Init 2/10: inertia=2.602193
2026-08-19 17:17:26 | DEBUG    | fgvc.clustering.spherical_kmeans |   Init 3/10: inertia=2.491314
2026-08-19 17:17:26 | DEBUG    | fgvc.clustering.spherical_kmeans |   Init 4/10: inertia=2.514807
2026-08-19 17:17:26 | DEBUG    | fgvc.clustering.spherical_kmeans |   Init 5/10: inertia=2.500254
2026-08-19 17:17:26 | DEBUG    | fgvc.clustering.spherical_kmeans |   Init 6/10: inertia=2.594661
2026-08-19 17:17:26 | DEBUG    | fgvc.clustering.spherical_kmeans |   Init 7/10: inertia=2.530692
2026-08-19 17:17:26 | DEBUG    | fgvc.clustering.spherical_kmeans |   Init 8/10: inertia=2.549933
2026-08-19 17:17:26 | DEBUG    | fgvc.clustering.spherical_kmeans |   Init 9/10: inertia=2.609803
2026-08-19 17:17:26 | DEBUG    | fgvc.clustering.spherical_kmeans |   Init 10/10: inertia=2.565510
2026-08-19 17:17:26 | INFO     | fgvc.clustering.spherical_kmeans |   [White_breasted_Nuthatch] k_selected=2 | k_effective=2 | min_cluster=12 | max_cluster=13
2026-08-19 17:17:26 | INFO     | fgvc.clustering.spherical_kmeans |   [White_crowned_Sparrow] 25 images
2026-08-19 17:17:26 | DEBUG    | fgvc.clustering.spherical_kmeans |   Init 1/5: inertia=2.659413
2026-08-19 17:17:26 | DEBUG    | fgvc.clustering.spherical_kmeans |   Init 2/5: inertia=2.692070
2026-08-19 17:17:26 | DEBUG    | fgvc.clustering.spherical_kmeans |   Init 3/5: inertia=2.708178
2026-08-19 17:17:26 | DEBUG    | fgvc.clustering.spherical_kmeans |   Init 4/5: inertia=2.706957
2026-08-19 17:17:26 | DEBUG    | fgvc.clustering.spherical_kmeans |   Init 5/5: inertia=2.731614
2026-08-19 17:17:26 | DEBUG    | fgvc.clustering.spherical_kmeans |   Init 1/5: inertia=2.425525
2026-08-19 17:17:26 | DEBUG    | fgvc.clustering.spherical_kmeans |   Init 2/5: inertia=2.441636
2026-08-19 17:17:26 | DEBUG    | fgvc.clustering.spherical_kmeans |   Init 3/5: inertia=2.394175
2026-08-19 17:17:26 | DEBUG    | fgvc.clustering.spherical_kmeans |   Init 4/5: inertia=2.486109
2026-08-19 17:17:26 | DEBUG    | fgvc.clustering.spherical_kmeans |   Init 5/5: inertia=2.508348
2026-08-19 17:17:26 | DEBUG    | fgvc.clustering.spherical_kmeans |   Init 1/5: inertia=2.358609
2026-08-19 17:17:26 | DEBUG    | fgvc.clustering.spherical_kmeans |   Init 2/5: inertia=2.170964
2026-08-19 17:17:26 | DEBUG    | fgvc.clustering.spherical_kmeans |   Init 3/5: inertia=2.202775
2026-08-19 17:17:26 | DEBUG    | fgvc.clustering.spherical_kmeans |   Init 4/5: inertia=2.250781
2026-08-19 17:17:26 | DEBUG    | fgvc.clustering.spherical_kmeans |   Init 5/5: inertia=2.380168
2026-08-19 17:17:26 | DEBUG    | fgvc.clustering.spherical_kmeans |   Init 1/5: inertia=2.172098
2026-08-19 17:17:26 | DEBUG    | fgvc.clustering.spherical_kmeans |   Init 2/5: inertia=2.016447
2026-08-19 17:17:26 | DEBUG    | fgvc.clustering.spherical_kmeans |   Init 3/5: inertia=2.174481
2026-08-19 17:17:26 | DEBUG    | fgvc.clustering.spherical_kmeans |   Init 4/5: inertia=2.189189
2026-08-19 17:17:26 | DEBUG    | fgvc.clustering.spherical_kmeans |   Init 5/5: inertia=2.136191
2026-08-19 17:17:26 | DEBUG    | fgvc.clustering.spherical_kmeans | K selection: best_k=2 | scores={2: {'silhouette': 0.0795, 'compactness': 0.8936, 'score': 0.3078}, 3: {'silhouette': 0.186, 'compactness': 0.9042, 'score': 0.2976}, 4: {'silhouette': 0.0878, 'compactness': 0.9132, 'score': 0.1845}, 5: {'silhouette': 0.0935, 'compactness': 0.9193, 'score': 0.1226}}
2026-08-19 17:17:26 | DEBUG    | fgvc.clustering.spherical_kmeans |   Init 1/10: inertia=2.659413
2026-08-19 17:17:26 | DEBUG    | fgvc.clustering.spherical_kmeans |   Init 2/10: inertia=2.692070
2026-08-19 17:17:26 | DEBUG    | fgvc.clustering.spherical_kmeans |   Init 3/10: inertia=2.708178
2026-08-19 17:17:26 | DEBUG    | fgvc.clustering.spherical_kmeans |   Init 4/10: inertia=2.706957
2026-08-19 17:17:26 | DEBUG    | fgvc.clustering.spherical_kmeans |   Init 5/10: inertia=2.731614
2026-08-19 17:17:26 | DEBUG    | fgvc.clustering.spherical_kmeans |   Init 6/10: inertia=2.612976
2026-08-19 17:17:26 | DEBUG    | fgvc.clustering.spherical_kmeans |   Init 7/10: inertia=2.651275
2026-08-19 17:17:26 | DEBUG    | fgvc.clustering.spherical_kmeans |   Init 8/10: inertia=2.748734
2026-08-19 17:17:26 | DEBUG    | fgvc.clustering.spherical_kmeans |   Init 9/10: inertia=2.692070
2026-08-19 17:17:26 | DEBUG    | fgvc.clustering.spherical_kmeans |   Init 10/10: inertia=2.633034
2026-08-19 17:17:26 | INFO     | fgvc.clustering.spherical_kmeans |   [White_crowned_Sparrow] k_selected=2 | k_effective=1 | min_cluster=25 | max_cluster=25
2026-08-19 17:17:26 | INFO     | fgvc.clustering.spherical_kmeans |   [White_eyed_Vireo] 25 images
2026-08-19 17:17:26 | DEBUG    | fgvc.clustering.spherical_kmeans |   Init 1/5: inertia=3.381191
2026-08-19 17:17:26 | DEBUG    | fgvc.clustering.spherical_kmeans |   Init 2/5: inertia=3.331017
2026-08-19 17:17:26 | DEBUG    | fgvc.clustering.spherical_kmeans |   Init 3/5: inertia=3.338916
2026-08-19 17:17:26 | DEBUG    | fgvc.clustering.spherical_kmeans |   Init 4/5: inertia=3.454196
2026-08-19 17:17:26 | DEBUG    | fgvc.clustering.spherical_kmeans |   Init 5/5: inertia=3.351318
2026-08-19 17:17:26 | DEBUG    | fgvc.clustering.spherical_kmeans |   Init 1/5: inertia=3.223974
2026-08-19 17:17:26 | DEBUG    | fgvc.clustering.spherical_kmeans |   Init 2/5: inertia=3.048209
2026-08-19 17:17:26 | DEBUG    | fgvc.clustering.spherical_kmeans |   Init 3/5: inertia=3.044105
2026-08-19 17:17:26 | DEBUG    | fgvc.clustering.spherical_kmeans |   Init 4/5: inertia=3.202447
2026-08-19 17:17:26 | DEBUG    | fgvc.clustering.spherical_kmeans |   Init 5/5: inertia=3.148604
2026-08-19 17:17:26 | DEBUG    | fgvc.clustering.spherical_kmeans |   Init 1/5: inertia=2.795021
2026-08-19 17:17:26 | DEBUG    | fgvc.clustering.spherical_kmeans |   Init 2/5: inertia=2.990446
2026-08-19 17:17:26 | DEBUG    | fgvc.clustering.spherical_kmeans |   Init 3/5: inertia=2.919682
2026-08-19 17:17:26 | DEBUG    | fgvc.clustering.spherical_kmeans |   Init 4/5: inertia=2.867714
2026-08-19 17:17:26 | DEBUG    | fgvc.clustering.spherical_kmeans |   Init 5/5: inertia=2.802176
2026-08-19 17:17:26 | DEBUG    | fgvc.clustering.spherical_kmeans |   Init 1/5: inertia=2.607162
2026-08-19 17:17:26 | DEBUG    | fgvc.clustering.spherical_kmeans |   Init 2/5: inertia=2.581264
2026-08-19 17:17:26 | DEBUG    | fgvc.clustering.spherical_kmeans |   Init 3/5: inertia=2.686429
2026-08-19 17:17:26 | DEBUG    | fgvc.clustering.spherical_kmeans |   Init 4/5: inertia=2.646487
2026-08-19 17:17:26 | DEBUG    | fgvc.clustering.spherical_kmeans |   Init 5/5: inertia=2.742687
2026-08-19 17:17:26 | DEBUG    | fgvc.clustering.spherical_kmeans | K selection: best_k=2 | scores={2: {'silhouette': 0.0963, 'compactness': 0.8668, 'score': 0.3082}, 3: {'silhouette': 0.094, 'compactness': 0.8782, 'score': 0.2438}, 4: {'silhouette': 0.0977, 'compactness': 0.8882, 'score': 0.182}, 5: {'silhouette': 0.075, 'compactness': 0.8967, 'score': 0.1065}}
2026-08-19 17:17:26 | DEBUG    | fgvc.clustering.spherical_kmeans |   Init 1/10: inertia=3.381191
2026-08-19 17:17:26 | DEBUG    | fgvc.clustering.spherical_kmeans |   Init 2/10: inertia=3.331017
2026-08-19 17:17:26 | DEBUG    | fgvc.clustering.spherical_kmeans |   Init 3/10: inertia=3.338916
2026-08-19 17:17:26 | DEBUG    | fgvc.clustering.spherical_kmeans |   Init 4/10: inertia=3.454196
2026-08-19 17:17:26 | DEBUG    | fgvc.clustering.spherical_kmeans |   Init 5/10: inertia=3.351318
2026-08-19 17:17:26 | DEBUG    | fgvc.clustering.spherical_kmeans |   Init 6/10: inertia=3.444045
2026-08-19 17:17:26 | DEBUG    | fgvc.clustering.spherical_kmeans |   Init 7/10: inertia=3.347067
2026-08-19 17:17:26 | DEBUG    | fgvc.clustering.spherical_kmeans |   Init 8/10: inertia=3.211418
2026-08-19 17:17:26 | DEBUG    | fgvc.clustering.spherical_kmeans |   Init 9/10: inertia=3.295342
2026-08-19 17:17:26 | DEBUG    | fgvc.clustering.spherical_kmeans |   Init 10/10: inertia=3.483964
2026-08-19 17:17:26 | INFO     | fgvc.clustering.spherical_kmeans |   [White_eyed_Vireo] k_selected=2 | k_effective=2 | min_cluster=10 | max_cluster=15
2026-08-19 17:17:26 | INFO     | fgvc.clustering.spherical_kmeans |   [White_necked_Raven] 25 images
2026-08-19 17:17:26 | DEBUG    | fgvc.clustering.spherical_kmeans |   Init 1/5: inertia=4.159207
2026-08-19 17:17:26 | DEBUG    | fgvc.clustering.spherical_kmeans |   Init 2/5: inertia=4.012468
2026-08-19 17:17:26 | DEBUG    | fgvc.clustering.spherical_kmeans |   Init 3/5: inertia=4.062131
2026-08-19 17:17:26 | DEBUG    | fgvc.clustering.spherical_kmeans |   Init 4/5: inertia=4.340752
2026-08-19 17:17:26 | DEBUG    | fgvc.clustering.spherical_kmeans |   Init 5/5: inertia=4.046644
2026-08-19 17:17:26 | DEBUG    | fgvc.clustering.spherical_kmeans |   Init 1/5: inertia=3.746182
2026-08-19 17:17:26 | DEBUG    | fgvc.clustering.spherical_kmeans |   Init 2/5: inertia=3.609552
2026-08-19 17:17:26 | DEBUG    | fgvc.clustering.spherical_kmeans |   Init 3/5: inertia=3.781845
2026-08-19 17:17:26 | DEBUG    | fgvc.clustering.spherical_kmeans |   Init 4/5: inertia=3.715271
2026-08-19 17:17:26 | DEBUG    | fgvc.clustering.spherical_kmeans |   Init 5/5: inertia=3.768687
2026-08-19 17:17:26 | DEBUG    | fgvc.clustering.spherical_kmeans |   Init 1/5: inertia=3.356781
2026-08-19 17:17:26 | DEBUG    | fgvc.clustering.spherical_kmeans |   Init 2/5: inertia=3.743822
2026-08-19 17:17:26 | DEBUG    | fgvc.clustering.spherical_kmeans |   Init 3/5: inertia=3.510184
2026-08-19 17:17:26 | DEBUG    | fgvc.clustering.spherical_kmeans |   Init 4/5: inertia=3.460649
2026-08-19 17:17:26 | DEBUG    | fgvc.clustering.spherical_kmeans |   Init 5/5: inertia=3.606800
2026-08-19 17:17:26 | DEBUG    | fgvc.clustering.spherical_kmeans |   Init 1/5: inertia=3.074717
2026-08-19 17:17:26 | DEBUG    | fgvc.clustering.spherical_kmeans |   Init 2/5: inertia=3.449444
2026-08-19 17:17:26 | DEBUG    | fgvc.clustering.spherical_kmeans |   Init 3/5: inertia=3.135299
2026-08-19 17:17:26 | DEBUG    | fgvc.clustering.spherical_kmeans |   Init 4/5: inertia=3.146093
2026-08-19 17:17:26 | DEBUG    | fgvc.clustering.spherical_kmeans |   Init 5/5: inertia=3.166728
2026-08-19 17:17:26 | DEBUG    | fgvc.clustering.spherical_kmeans | K selection: best_k=2 | scores={2: {'silhouette': 0.2226, 'compactness': 0.8395, 'score': 0.3631}, 3: {'silhouette': 0.0948, 'compactness': 0.8556, 'score': 0.2374}, 4: {'silhouette': 0.0831, 'compactness': 0.8657, 'score': 0.1679}, 5: {'silhouette': 0.0656, 'compactness': 0.877, 'score': 0.0959}}
2026-08-19 17:17:26 | DEBUG    | fgvc.clustering.spherical_kmeans |   Init 1/10: inertia=4.159207
2026-08-19 17:17:26 | DEBUG    | fgvc.clustering.spherical_kmeans |   Init 2/10: inertia=4.012468
2026-08-19 17:17:26 | DEBUG    | fgvc.clustering.spherical_kmeans |   Init 3/10: inertia=4.062131
2026-08-19 17:17:26 | DEBUG    | fgvc.clustering.spherical_kmeans |   Init 4/10: inertia=4.340752
2026-08-19 17:17:26 | DEBUG    | fgvc.clustering.spherical_kmeans |   Init 5/10: inertia=4.046644
2026-08-19 17:17:26 | DEBUG    | fgvc.clustering.spherical_kmeans |   Init 6/10: inertia=4.017510
2026-08-19 17:17:26 | DEBUG    | fgvc.clustering.spherical_kmeans |   Init 7/10: inertia=4.093609
2026-08-19 17:17:26 | DEBUG    | fgvc.clustering.spherical_kmeans |   Init 8/10: inertia=4.208369
2026-08-19 17:17:26 | DEBUG    | fgvc.clustering.spherical_kmeans |   Init 9/10: inertia=3.994310
2026-08-19 17:17:26 | DEBUG    | fgvc.clustering.spherical_kmeans |   Init 10/10: inertia=4.307501
2026-08-19 17:17:26 | INFO     | fgvc.clustering.spherical_kmeans |   [White_necked_Raven] k_selected=2 | k_effective=1 | min_cluster=25 | max_cluster=25
2026-08-19 17:17:26 | INFO     | fgvc.clustering.spherical_kmeans |   [White_throated_Sparrow] 25 images
2026-08-19 17:17:26 | DEBUG    | fgvc.clustering.spherical_kmeans |   Init 1/5: inertia=3.549094
2026-08-19 17:17:26 | DEBUG    | fgvc.clustering.spherical_kmeans |   Init 2/5: inertia=3.610655
2026-08-19 17:17:26 | DEBUG    | fgvc.clustering.spherical_kmeans |   Init 3/5: inertia=3.382589
2026-08-19 17:17:26 | DEBUG    | fgvc.clustering.spherical_kmeans |   Init 4/5: inertia=3.441337
2026-08-19 17:17:26 | DEBUG    | fgvc.clustering.spherical_kmeans |   Init 5/5: inertia=3.571295
2026-08-19 17:17:26 | DEBUG    | fgvc.clustering.spherical_kmeans |   Init 1/5: inertia=3.232218
2026-08-19 17:17:26 | DEBUG    | fgvc.clustering.spherical_kmeans |   Init 2/5: inertia=3.328614
2026-08-19 17:17:26 | DEBUG    | fgvc.clustering.spherical_kmeans |   Init 3/5: inertia=3.183861
2026-08-19 17:17:26 | DEBUG    | fgvc.clustering.spherical_kmeans |   Init 4/5: inertia=3.096461
2026-08-19 17:17:26 | DEBUG    | fgvc.clustering.spherical_kmeans |   Init 5/5: inertia=3.062032
2026-08-19 17:17:26 | DEBUG    | fgvc.clustering.spherical_kmeans |   Init 1/5: inertia=2.790775
2026-08-19 17:17:26 | DEBUG    | fgvc.clustering.spherical_kmeans |   Init 2/5: inertia=2.962781
2026-08-19 17:17:26 | DEBUG    | fgvc.clustering.spherical_kmeans |   Init 3/5: inertia=2.853947
2026-08-19 17:17:26 | DEBUG    | fgvc.clustering.spherical_kmeans |   Init 4/5: inertia=3.037981
2026-08-19 17:17:26 | DEBUG    | fgvc.clustering.spherical_kmeans |   Init 5/5: inertia=2.863770
2026-08-19 17:17:26 | DEBUG    | fgvc.clustering.spherical_kmeans |   Init 1/5: inertia=2.652389
2026-08-19 17:17:26 | DEBUG    | fgvc.clustering.spherical_kmeans |   Init 2/5: inertia=2.713305
2026-08-19 17:17:26 | DEBUG    | fgvc.clustering.spherical_kmeans |   Init 3/5: inertia=2.708434
2026-08-19 17:17:26 | DEBUG    | fgvc.clustering.spherical_kmeans |   Init 4/5: inertia=2.939260
2026-08-19 17:17:26 | DEBUG    | fgvc.clustering.spherical_kmeans |   Init 5/5: inertia=2.673842
2026-08-19 17:17:26 | DEBUG    | fgvc.clustering.spherical_kmeans | K selection: best_k=2 | scores={2: {'silhouette': 0.2598, 'compactness': 0.8647, 'score': 0.3893}, 3: {'silhouette': 0.1837, 'compactness': 0.8775, 'score': 0.2885}, 4: {'silhouette': 0.0946, 'compactness': 0.8884, 'score': 0.1805}, 5: {'silhouette': 0.045, 'compactness': 0.8939, 'score': 0.0907}}
2026-08-19 17:17:26 | DEBUG    | fgvc.clustering.spherical_kmeans |   Init 1/10: inertia=3.549094
2026-08-19 17:17:26 | DEBUG    | fgvc.clustering.spherical_kmeans |   Init 2/10: inertia=3.610655
2026-08-19 17:17:26 | DEBUG    | fgvc.clustering.spherical_kmeans |   Init 3/10: inertia=3.382589
2026-08-19 17:17:26 | DEBUG    | fgvc.clustering.spherical_kmeans |   Init 4/10: inertia=3.441337
2026-08-19 17:17:26 | DEBUG    | fgvc.clustering.spherical_kmeans |   Init 5/10: inertia=3.571295
2026-08-19 17:17:26 | DEBUG    | fgvc.clustering.spherical_kmeans |   Init 6/10: inertia=3.476418
2026-08-19 17:17:26 | DEBUG    | fgvc.clustering.spherical_kmeans |   Init 7/10: inertia=3.382589
2026-08-19 17:17:26 | DEBUG    | fgvc.clustering.spherical_kmeans |   Init 8/10: inertia=3.630666
2026-08-19 17:17:26 | DEBUG    | fgvc.clustering.spherical_kmeans |   Init 9/10: inertia=3.370605
2026-08-19 17:17:26 | DEBUG    | fgvc.clustering.spherical_kmeans |   Init 10/10: inertia=3.505602
2026-08-19 17:17:26 | INFO     | fgvc.clustering.spherical_kmeans |   [White_throated_Sparrow] k_selected=2 | k_effective=1 | min_cluster=25 | max_cluster=25
2026-08-19 17:17:26 | INFO     | fgvc.clustering.spherical_kmeans |   [Wilson_Warbler] 25 images
2026-08-19 17:17:26 | DEBUG    | fgvc.clustering.spherical_kmeans |   Init 1/5: inertia=2.079826
2026-08-19 17:17:26 | DEBUG    | fgvc.clustering.spherical_kmeans |   Init 2/5: inertia=2.042000
2026-08-19 17:17:26 | DEBUG    | fgvc.clustering.spherical_kmeans |   Init 3/5: inertia=2.084577
2026-08-19 17:17:26 | DEBUG    | fgvc.clustering.spherical_kmeans |   Init 4/5: inertia=2.048398
2026-08-19 17:17:26 | DEBUG    | fgvc.clustering.spherical_kmeans |   Init 5/5: inertia=2.032792
2026-08-19 17:17:26 | DEBUG    | fgvc.clustering.spherical_kmeans |   Init 1/5: inertia=1.913171
2026-08-19 17:17:26 | DEBUG    | fgvc.clustering.spherical_kmeans |   Init 2/5: inertia=1.907427
2026-08-19 17:17:26 | DEBUG    | fgvc.clustering.spherical_kmeans |   Init 3/5: inertia=1.861332
2026-08-19 17:17:26 | DEBUG    | fgvc.clustering.spherical_kmeans |   Init 4/5: inertia=1.884801
2026-08-19 17:17:26 | DEBUG    | fgvc.clustering.spherical_kmeans |   Init 5/5: inertia=2.021444
2026-08-19 17:17:26 | DEBUG    | fgvc.clustering.spherical_kmeans |   Init 1/5: inertia=1.813373
2026-08-19 17:17:26 | DEBUG    | fgvc.clustering.spherical_kmeans |   Init 2/5: inertia=1.764171
2026-08-19 17:17:26 | DEBUG    | fgvc.clustering.spherical_kmeans |   Init 3/5: inertia=1.792522
2026-08-19 17:17:26 | DEBUG    | fgvc.clustering.spherical_kmeans |   Init 4/5: inertia=1.828714
2026-08-19 17:17:26 | DEBUG    | fgvc.clustering.spherical_kmeans |   Init 5/5: inertia=1.790883
2026-08-19 17:17:26 | DEBUG    | fgvc.clustering.spherical_kmeans |   Init 1/5: inertia=1.696761
2026-08-19 17:17:26 | DEBUG    | fgvc.clustering.spherical_kmeans |   Init 2/5: inertia=1.634491
2026-08-19 17:17:26 | DEBUG    | fgvc.clustering.spherical_kmeans |   Init 3/5: inertia=1.731153
2026-08-19 17:17:26 | DEBUG    | fgvc.clustering.spherical_kmeans |   Init 4/5: inertia=1.703344
2026-08-19 17:17:26 | DEBUG    | fgvc.clustering.spherical_kmeans |   Init 5/5: inertia=1.613024
2026-08-19 17:17:26 | DEBUG    | fgvc.clustering.spherical_kmeans | K selection: best_k=2 | scores={2: {'silhouette': 0.0993, 'compactness': 0.9187, 'score': 0.3252}, 3: {'silhouette': 0.095, 'compactness': 0.9255, 'score': 0.2585}, 4: {'silhouette': 0.0856, 'compactness': 0.9294, 'score': 0.1883}, 5: {'silhouette': 0.043, 'compactness': 0.9355, 'score': 0.1021}}
2026-08-19 17:17:26 | DEBUG    | fgvc.clustering.spherical_kmeans |   Init 1/10: inertia=2.079826
2026-08-19 17:17:26 | DEBUG    | fgvc.clustering.spherical_kmeans |   Init 2/10: inertia=2.042000
2026-08-19 17:17:26 | DEBUG    | fgvc.clustering.spherical_kmeans |   Init 3/10: inertia=2.084577
2026-08-19 17:17:26 | DEBUG    | fgvc.clustering.spherical_kmeans |   Init 4/10: inertia=2.048398
2026-08-19 17:17:26 | DEBUG    | fgvc.clustering.spherical_kmeans |   Init 5/10: inertia=2.032792
2026-08-19 17:17:26 | DEBUG    | fgvc.clustering.spherical_kmeans |   Init 6/10: inertia=2.079218
2026-08-19 17:17:26 | DEBUG    | fgvc.clustering.spherical_kmeans |   Init 7/10: inertia=2.048398
2026-08-19 17:17:26 | DEBUG    | fgvc.clustering.spherical_kmeans |   Init 8/10: inertia=2.127654
2026-08-19 17:17:26 | DEBUG    | fgvc.clustering.spherical_kmeans |   Init 9/10: inertia=2.042000
2026-08-19 17:17:26 | DEBUG    | fgvc.clustering.spherical_kmeans |   Init 10/10: inertia=2.037031
2026-08-19 17:17:26 | INFO     | fgvc.clustering.spherical_kmeans |   [Wilson_Warbler] k_selected=2 | k_effective=2 | min_cluster=12 | max_cluster=13
2026-08-19 17:17:26 | INFO     | fgvc.clustering.spherical_kmeans |   [Winter_Wren] 25 images
2026-08-19 17:17:26 | DEBUG    | fgvc.clustering.spherical_kmeans |   Init 1/5: inertia=3.101321
2026-08-19 17:17:26 | DEBUG    | fgvc.clustering.spherical_kmeans |   Init 2/5: inertia=3.161952
2026-08-19 17:17:26 | DEBUG    | fgvc.clustering.spherical_kmeans |   Init 3/5: inertia=3.108099
2026-08-19 17:17:26 | DEBUG    | fgvc.clustering.spherical_kmeans |   Init 4/5: inertia=3.202518
2026-08-19 17:17:26 | DEBUG    | fgvc.clustering.spherical_kmeans |   Init 5/5: inertia=3.044023
2026-08-19 17:17:26 | DEBUG    | fgvc.clustering.spherical_kmeans |   Init 1/5: inertia=2.883038
2026-08-19 17:17:26 | DEBUG    | fgvc.clustering.spherical_kmeans |   Init 2/5: inertia=2.911733
2026-08-19 17:17:26 | DEBUG    | fgvc.clustering.spherical_kmeans |   Init 3/5: inertia=2.791020
2026-08-19 17:17:26 | DEBUG    | fgvc.clustering.spherical_kmeans |   Init 4/5: inertia=2.922280
2026-08-19 17:17:26 | DEBUG    | fgvc.clustering.spherical_kmeans |   Init 5/5: inertia=2.892582
2026-08-19 17:17:26 | DEBUG    | fgvc.clustering.spherical_kmeans |   Init 1/5: inertia=2.654101
2026-08-19 17:17:26 | DEBUG    | fgvc.clustering.spherical_kmeans |   Init 2/5: inertia=2.664583
2026-08-19 17:17:26 | DEBUG    | fgvc.clustering.spherical_kmeans |   Init 3/5: inertia=2.656888
2026-08-19 17:17:26 | DEBUG    | fgvc.clustering.spherical_kmeans |   Init 4/5: inertia=2.688144
2026-08-19 17:17:26 | DEBUG    | fgvc.clustering.spherical_kmeans |   Init 5/5: inertia=2.666855
2026-08-19 17:17:26 | DEBUG    | fgvc.clustering.spherical_kmeans |   Init 1/5: inertia=2.487174
2026-08-19 17:17:26 | DEBUG    | fgvc.clustering.spherical_kmeans |   Init 2/5: inertia=2.519680
2026-08-19 17:17:26 | DEBUG    | fgvc.clustering.spherical_kmeans |   Init 3/5: inertia=2.469885
2026-08-19 17:17:26 | DEBUG    | fgvc.clustering.spherical_kmeans |   Init 4/5: inertia=2.445969
2026-08-19 17:17:26 | DEBUG    | fgvc.clustering.spherical_kmeans |   Init 5/5: inertia=2.414127
2026-08-19 17:17:26 | DEBUG    | fgvc.clustering.spherical_kmeans | K selection: best_k=2 | scores={2: {'silhouette': 0.2332, 'compactness': 0.8782, 'score': 0.3801}, 3: {'silhouette': 0.2025, 'compactness': 0.8884, 'score': 0.3011}, 4: {'silhouette': 0.1791, 'compactness': 0.8938, 'score': 0.2244}, 5: {'silhouette': 0.1361, 'compactness': 0.9034, 'score': 0.1391}}
2026-08-19 17:17:26 | DEBUG    | fgvc.clustering.spherical_kmeans |   Init 1/10: inertia=3.101321
2026-08-19 17:17:26 | DEBUG    | fgvc.clustering.spherical_kmeans |   Init 2/10: inertia=3.161952
2026-08-19 17:17:26 | DEBUG    | fgvc.clustering.spherical_kmeans |   Init 3/10: inertia=3.108099
2026-08-19 17:17:26 | DEBUG    | fgvc.clustering.spherical_kmeans |   Init 4/10: inertia=3.202518
2026-08-19 17:17:26 | DEBUG    | fgvc.clustering.spherical_kmeans |   Init 5/10: inertia=3.044023
2026-08-19 17:17:26 | DEBUG    | fgvc.clustering.spherical_kmeans |   Init 6/10: inertia=3.173775
2026-08-19 17:17:26 | DEBUG    | fgvc.clustering.spherical_kmeans |   Init 7/10: inertia=3.123580
2026-08-19 17:17:26 | DEBUG    | fgvc.clustering.spherical_kmeans |   Init 8/10: inertia=3.319575
2026-08-19 17:17:26 | DEBUG    | fgvc.clustering.spherical_kmeans |   Init 9/10: inertia=3.173775
2026-08-19 17:17:26 | DEBUG    | fgvc.clustering.spherical_kmeans |   Init 10/10: inertia=3.238127
2026-08-19 17:17:26 | INFO     | fgvc.clustering.spherical_kmeans |   [Winter_Wren] k_selected=2 | k_effective=2 | min_cluster=7 | max_cluster=18
2026-08-19 17:17:26 | INFO     | fgvc.clustering.spherical_kmeans |   [Worm_eating_Warbler] 25 images
2026-08-19 17:17:26 | DEBUG    | fgvc.clustering.spherical_kmeans |   Init 1/5: inertia=2.199142
2026-08-19 17:17:26 | DEBUG    | fgvc.clustering.spherical_kmeans |   Init 2/5: inertia=2.210773
2026-08-19 17:17:26 | DEBUG    | fgvc.clustering.spherical_kmeans |   Init 3/5: inertia=2.274534
2026-08-19 17:17:26 | DEBUG    | fgvc.clustering.spherical_kmeans |   Init 4/5: inertia=2.214467
2026-08-19 17:17:26 | DEBUG    | fgvc.clustering.spherical_kmeans |   Init 5/5: inertia=2.232758
2026-08-19 17:17:26 | DEBUG    | fgvc.clustering.spherical_kmeans |   Init 1/5: inertia=2.003676
2026-08-19 17:17:26 | DEBUG    | fgvc.clustering.spherical_kmeans |   Init 2/5: inertia=2.088887
2026-08-19 17:17:26 | DEBUG    | fgvc.clustering.spherical_kmeans |   Init 3/5: inertia=2.105994
2026-08-19 17:17:26 | DEBUG    | fgvc.clustering.spherical_kmeans |   Init 4/5: inertia=2.067005
2026-08-19 17:17:26 | DEBUG    | fgvc.clustering.spherical_kmeans |   Init 5/5: inertia=2.056974
2026-08-19 17:17:26 | DEBUG    | fgvc.clustering.spherical_kmeans |   Init 1/5: inertia=1.817899
2026-08-19 17:17:26 | DEBUG    | fgvc.clustering.spherical_kmeans |   Init 2/5: inertia=1.922509
2026-08-19 17:17:26 | DEBUG    | fgvc.clustering.spherical_kmeans |   Init 3/5: inertia=1.907671
2026-08-19 17:17:26 | DEBUG    | fgvc.clustering.spherical_kmeans |   Init 4/5: inertia=1.873916
2026-08-19 17:17:26 | DEBUG    | fgvc.clustering.spherical_kmeans |   Init 5/5: inertia=1.932044
2026-08-19 17:17:26 | DEBUG    | fgvc.clustering.spherical_kmeans |   Init 1/5: inertia=1.767884
2026-08-19 17:17:26 | DEBUG    | fgvc.clustering.spherical_kmeans |   Init 2/5: inertia=1.767368
2026-08-19 17:17:26 | DEBUG    | fgvc.clustering.spherical_kmeans |   Init 3/5: inertia=1.858504
2026-08-19 17:17:26 | DEBUG    | fgvc.clustering.spherical_kmeans |   Init 4/5: inertia=1.837817
2026-08-19 17:17:26 | DEBUG    | fgvc.clustering.spherical_kmeans |   Init 5/5: inertia=1.766253
2026-08-19 17:17:26 | DEBUG    | fgvc.clustering.spherical_kmeans | K selection: best_k=2 | scores={2: {'silhouette': 0.0688, 'compactness': 0.912, 'score': 0.308}, 3: {'silhouette': 0.0699, 'compactness': 0.9199, 'score': 0.2443}, 4: {'silhouette': 0.0757, 'compactness': 0.9273, 'score': 0.1827}, 5: {'silhouette': 0.0258, 'compactness': 0.9293, 'score': 0.0917}}
2026-08-19 17:17:26 | DEBUG    | fgvc.clustering.spherical_kmeans |   Init 1/10: inertia=2.199142
2026-08-19 17:17:26 | DEBUG    | fgvc.clustering.spherical_kmeans |   Init 2/10: inertia=2.210773
2026-08-19 17:17:26 | DEBUG    | fgvc.clustering.spherical_kmeans |   Init 3/10: inertia=2.274534
2026-08-19 17:17:26 | DEBUG    | fgvc.clustering.spherical_kmeans |   Init 4/10: inertia=2.214467
2026-08-19 17:17:26 | DEBUG    | fgvc.clustering.spherical_kmeans |   Init 5/10: inertia=2.232758
2026-08-19 17:17:26 | DEBUG    | fgvc.clustering.spherical_kmeans |   Init 6/10: inertia=2.278893
2026-08-19 17:17:26 | DEBUG    | fgvc.clustering.spherical_kmeans |   Init 7/10: inertia=2.281097
2026-08-19 17:17:26 | DEBUG    | fgvc.clustering.spherical_kmeans |   Init 8/10: inertia=2.248481
2026-08-19 17:17:26 | DEBUG    | fgvc.clustering.spherical_kmeans |   Init 9/10: inertia=2.214701
2026-08-19 17:17:26 | DEBUG    | fgvc.clustering.spherical_kmeans |   Init 10/10: inertia=2.221389
2026-08-19 17:17:26 | INFO     | fgvc.clustering.spherical_kmeans |   [Worm_eating_Warbler] k_selected=2 | k_effective=2 | min_cluster=11 | max_cluster=14
2026-08-19 17:17:26 | INFO     | fgvc.clustering.spherical_kmeans |   [Yellow_Warbler] 25 images
2026-08-19 17:17:26 | DEBUG    | fgvc.clustering.spherical_kmeans |   Init 1/5: inertia=2.728479
2026-08-19 17:17:26 | DEBUG    | fgvc.clustering.spherical_kmeans |   Init 2/5: inertia=2.981410
2026-08-19 17:17:26 | DEBUG    | fgvc.clustering.spherical_kmeans |   Init 3/5: inertia=2.917332
2026-08-19 17:17:26 | DEBUG    | fgvc.clustering.spherical_kmeans |   Init 4/5: inertia=2.940461
2026-08-19 17:17:26 | DEBUG    | fgvc.clustering.spherical_kmeans |   Init 5/5: inertia=2.728479
2026-08-19 17:17:26 | DEBUG    | fgvc.clustering.spherical_kmeans |   Init 1/5: inertia=2.565276
2026-08-19 17:17:26 | DEBUG    | fgvc.clustering.spherical_kmeans |   Init 2/5: inertia=2.507972
2026-08-19 17:17:26 | DEBUG    | fgvc.clustering.spherical_kmeans |   Init 3/5: inertia=2.560605
2026-08-19 17:17:26 | DEBUG    | fgvc.clustering.spherical_kmeans |   Init 4/5: inertia=2.641443
2026-08-19 17:17:26 | DEBUG    | fgvc.clustering.spherical_kmeans |   Init 5/5: inertia=2.639638
2026-08-19 17:17:26 | DEBUG    | fgvc.clustering.spherical_kmeans |   Init 1/5: inertia=2.438876
2026-08-19 17:17:26 | DEBUG    | fgvc.clustering.spherical_kmeans |   Init 2/5: inertia=2.403562
2026-08-19 17:17:26 | DEBUG    | fgvc.clustering.spherical_kmeans |   Init 3/5: inertia=2.330224
2026-08-19 17:17:26 | DEBUG    | fgvc.clustering.spherical_kmeans |   Init 4/5: inertia=2.468693
2026-08-19 17:17:26 | DEBUG    | fgvc.clustering.spherical_kmeans |   Init 5/5: inertia=2.379311
2026-08-19 17:17:26 | DEBUG    | fgvc.clustering.spherical_kmeans |   Init 1/5: inertia=2.234133
2026-08-19 17:17:26 | DEBUG    | fgvc.clustering.spherical_kmeans |   Init 2/5: inertia=2.261355
2026-08-19 17:17:26 | DEBUG    | fgvc.clustering.spherical_kmeans |   Init 3/5: inertia=2.257833
2026-08-19 17:17:26 | DEBUG    | fgvc.clustering.spherical_kmeans |   Init 4/5: inertia=2.214955
2026-08-19 17:17:26 | DEBUG    | fgvc.clustering.spherical_kmeans |   Init 5/5: inertia=2.364455
2026-08-19 17:17:26 | DEBUG    | fgvc.clustering.spherical_kmeans | K selection: best_k=2 | scores={2: {'silhouette': 0.2088, 'compactness': 0.8909, 'score': 0.3717}, 3: {'silhouette': 0.1184, 'compactness': 0.8997, 'score': 0.2624}, 4: {'silhouette': 0.1105, 'compactness': 0.9068, 'score': 0.1939}, 5: {'silhouette': 0.1034, 'compactness': 0.9114, 'score': 0.1251}}
2026-08-19 17:17:26 | DEBUG    | fgvc.clustering.spherical_kmeans |   Init 1/10: inertia=2.728479
2026-08-19 17:17:26 | DEBUG    | fgvc.clustering.spherical_kmeans |   Init 2/10: inertia=2.981410
2026-08-19 17:17:26 | DEBUG    | fgvc.clustering.spherical_kmeans |   Init 3/10: inertia=2.917332
2026-08-19 17:17:26 | DEBUG    | fgvc.clustering.spherical_kmeans |   Init 4/10: inertia=2.940461
2026-08-19 17:17:26 | DEBUG    | fgvc.clustering.spherical_kmeans |   Init 5/10: inertia=2.728479
2026-08-19 17:17:26 | DEBUG    | fgvc.clustering.spherical_kmeans |   Init 6/10: inertia=2.754313
2026-08-19 17:17:26 | DEBUG    | fgvc.clustering.spherical_kmeans |   Init 7/10: inertia=2.882294
2026-08-19 17:17:26 | DEBUG    | fgvc.clustering.spherical_kmeans |   Init 8/10: inertia=2.917293
2026-08-19 17:17:26 | DEBUG    | fgvc.clustering.spherical_kmeans |   Init 9/10: inertia=2.982576
2026-08-19 17:17:26 | DEBUG    | fgvc.clustering.spherical_kmeans |   Init 10/10: inertia=2.780164
2026-08-19 17:17:26 | INFO     | fgvc.clustering.spherical_kmeans |   [Yellow_Warbler] k_selected=2 | k_effective=2 | min_cluster=6 | max_cluster=19
2026-08-19 17:17:26 | INFO     | fgvc.clustering.spherical_kmeans |   [Yellow_bellied_Flycatcher] 25 images
2026-08-19 17:17:26 | DEBUG    | fgvc.clustering.spherical_kmeans |   Init 1/5: inertia=3.462650
2026-08-19 17:17:26 | DEBUG    | fgvc.clustering.spherical_kmeans |   Init 2/5: inertia=3.549888
2026-08-19 17:17:26 | DEBUG    | fgvc.clustering.spherical_kmeans |   Init 3/5: inertia=3.462087
2026-08-19 17:17:26 | DEBUG    | fgvc.clustering.spherical_kmeans |   Init 4/5: inertia=3.732282
2026-08-19 17:17:26 | DEBUG    | fgvc.clustering.spherical_kmeans |   Init 5/5: inertia=3.693285
2026-08-19 17:17:26 | DEBUG    | fgvc.clustering.spherical_kmeans |   Init 1/5: inertia=3.339891
2026-08-19 17:17:26 | DEBUG    | fgvc.clustering.spherical_kmeans |   Init 2/5: inertia=3.281250
2026-08-19 17:17:26 | DEBUG    | fgvc.clustering.spherical_kmeans |   Init 3/5: inertia=3.169188
2026-08-19 17:17:26 | DEBUG    | fgvc.clustering.spherical_kmeans |   Init 4/5: inertia=3.411828
2026-08-19 17:17:26 | DEBUG    | fgvc.clustering.spherical_kmeans |   Init 5/5: inertia=3.263062
2026-08-19 17:17:26 | DEBUG    | fgvc.clustering.spherical_kmeans |   Init 1/5: inertia=3.048470
2026-08-19 17:17:26 | DEBUG    | fgvc.clustering.spherical_kmeans |   Init 2/5: inertia=2.966243
2026-08-19 17:17:26 | DEBUG    | fgvc.clustering.spherical_kmeans |   Init 3/5: inertia=3.091842
2026-08-19 17:17:26 | DEBUG    | fgvc.clustering.spherical_kmeans |   Init 4/5: inertia=3.217019
2026-08-19 17:17:26 | DEBUG    | fgvc.clustering.spherical_kmeans |   Init 5/5: inertia=3.141750
2026-08-19 17:17:26 | DEBUG    | fgvc.clustering.spherical_kmeans |   Init 1/5: inertia=2.912204
2026-08-19 17:17:26 | DEBUG    | fgvc.clustering.spherical_kmeans |   Init 2/5: inertia=2.642649
2026-08-19 17:17:26 | DEBUG    | fgvc.clustering.spherical_kmeans |   Init 3/5: inertia=2.765841
2026-08-19 17:17:26 | DEBUG    | fgvc.clustering.spherical_kmeans |   Init 4/5: inertia=2.935934
2026-08-19 17:17:26 | DEBUG    | fgvc.clustering.spherical_kmeans |   Init 5/5: inertia=2.708854
2026-08-19 17:17:26 | DEBUG    | fgvc.clustering.spherical_kmeans | K selection: best_k=2 | scores={2: {'silhouette': 0.1699, 'compactness': 0.8615, 'score': 0.3434}, 3: {'silhouette': 0.1703, 'compactness': 0.8732, 'score': 0.2805}, 4: {'silhouette': 0.1203, 'compactness': 0.8814, 'score': 0.1912}, 5: {'silhouette': 0.1444, 'compactness': 0.8943, 'score': 0.1405}}
2026-08-19 17:17:26 | DEBUG    | fgvc.clustering.spherical_kmeans |   Init 1/10: inertia=3.462650
2026-08-19 17:17:26 | DEBUG    | fgvc.clustering.spherical_kmeans |   Init 2/10: inertia=3.549888
2026-08-19 17:17:26 | DEBUG    | fgvc.clustering.spherical_kmeans |   Init 3/10: inertia=3.462087
2026-08-19 17:17:26 | DEBUG    | fgvc.clustering.spherical_kmeans |   Init 4/10: inertia=3.732282
2026-08-19 17:17:26 | DEBUG    | fgvc.clustering.spherical_kmeans |   Init 5/10: inertia=3.693285
2026-08-19 17:17:26 | DEBUG    | fgvc.clustering.spherical_kmeans |   Init 6/10: inertia=3.822658
2026-08-19 17:17:26 | DEBUG    | fgvc.clustering.spherical_kmeans |   Init 7/10: inertia=3.728870
2026-08-19 17:17:26 | DEBUG    | fgvc.clustering.spherical_kmeans |   Init 8/10: inertia=3.462650
2026-08-19 17:17:26 | DEBUG    | fgvc.clustering.spherical_kmeans |   Init 9/10: inertia=3.552644
2026-08-19 17:17:26 | DEBUG    | fgvc.clustering.spherical_kmeans |   Init 10/10: inertia=3.748215
2026-08-19 17:17:26 | INFO     | fgvc.clustering.spherical_kmeans |   [Yellow_bellied_Flycatcher] k_selected=2 | k_effective=2 | min_cluster=11 | max_cluster=14
2026-08-19 17:17:26 | INFO     | fgvc.clustering.spherical_kmeans |   [Yellow_billed_Cuckoo] 25 images
2026-08-19 17:17:26 | DEBUG    | fgvc.clustering.spherical_kmeans |   Init 1/5: inertia=3.372073
2026-08-19 17:17:26 | DEBUG    | fgvc.clustering.spherical_kmeans |   Init 2/5: inertia=3.460612
2026-08-19 17:17:26 | DEBUG    | fgvc.clustering.spherical_kmeans |   Init 3/5: inertia=3.419034
2026-08-19 17:17:26 | DEBUG    | fgvc.clustering.spherical_kmeans |   Init 4/5: inertia=3.314934
2026-08-19 17:17:26 | DEBUG    | fgvc.clustering.spherical_kmeans |   Init 5/5: inertia=3.357450
2026-08-19 17:17:26 | DEBUG    | fgvc.clustering.spherical_kmeans |   Init 1/5: inertia=3.124679
2026-08-19 17:17:26 | DEBUG    | fgvc.clustering.spherical_kmeans |   Init 2/5: inertia=3.228411
2026-08-19 17:17:26 | DEBUG    | fgvc.clustering.spherical_kmeans |   Init 3/5: inertia=3.221630
2026-08-19 17:17:26 | DEBUG    | fgvc.clustering.spherical_kmeans |   Init 4/5: inertia=3.067604
2026-08-19 17:17:26 | DEBUG    | fgvc.clustering.spherical_kmeans |   Init 5/5: inertia=3.114421
2026-08-19 17:17:26 | DEBUG    | fgvc.clustering.spherical_kmeans |   Init 1/5: inertia=2.961316
2026-08-19 17:17:26 | DEBUG    | fgvc.clustering.spherical_kmeans |   Init 2/5: inertia=3.013928
2026-08-19 17:17:26 | DEBUG    | fgvc.clustering.spherical_kmeans |   Init 3/5: inertia=2.849118
2026-08-19 17:17:26 | DEBUG    | fgvc.clustering.spherical_kmeans |   Init 4/5: inertia=2.859506
2026-08-19 17:17:26 | DEBUG    | fgvc.clustering.spherical_kmeans |   Init 5/5: inertia=2.978798
2026-08-19 17:17:26 | DEBUG    | fgvc.clustering.spherical_kmeans |   Init 1/5: inertia=2.741570
2026-08-19 17:17:26 | DEBUG    | fgvc.clustering.spherical_kmeans |   Init 2/5: inertia=2.816465
2026-08-19 17:17:26 | DEBUG    | fgvc.clustering.spherical_kmeans |   Init 3/5: inertia=2.769123
2026-08-19 17:17:26 | DEBUG    | fgvc.clustering.spherical_kmeans |   Init 4/5: inertia=2.783790
2026-08-19 17:17:26 | DEBUG    | fgvc.clustering.spherical_kmeans |   Init 5/5: inertia=2.653425
2026-08-19 17:17:26 | DEBUG    | fgvc.clustering.spherical_kmeans | K selection: best_k=2 | scores={2: {'silhouette': 0.1712, 'compactness': 0.8674, 'score': 0.3458}, 3: {'silhouette': 0.0731, 'compactness': 0.8773, 'score': 0.2331}, 4: {'silhouette': 0.0506, 'compactness': 0.886, 'score': 0.1578}, 5: {'silhouette': 0.0361, 'compactness': 0.8939, 'score': 0.0862}}
2026-08-19 17:17:26 | DEBUG    | fgvc.clustering.spherical_kmeans |   Init 1/10: inertia=3.372073
2026-08-19 17:17:26 | DEBUG    | fgvc.clustering.spherical_kmeans |   Init 2/10: inertia=3.460612
2026-08-19 17:17:26 | DEBUG    | fgvc.clustering.spherical_kmeans |   Init 3/10: inertia=3.419034
2026-08-19 17:17:26 | DEBUG    | fgvc.clustering.spherical_kmeans |   Init 4/10: inertia=3.314934
2026-08-19 17:17:26 | DEBUG    | fgvc.clustering.spherical_kmeans |   Init 5/10: inertia=3.357450
2026-08-19 17:17:26 | DEBUG    | fgvc.clustering.spherical_kmeans |   Init 6/10: inertia=3.446562
2026-08-19 17:17:26 | DEBUG    | fgvc.clustering.spherical_kmeans |   Init 7/10: inertia=3.349519
2026-08-19 17:17:26 | DEBUG    | fgvc.clustering.spherical_kmeans |   Init 8/10: inertia=3.288951
2026-08-19 17:17:26 | DEBUG    | fgvc.clustering.spherical_kmeans |   Init 9/10: inertia=3.475434
2026-08-19 17:17:26 | DEBUG    | fgvc.clustering.spherical_kmeans |   Init 10/10: inertia=3.366818
2026-08-19 17:17:26 | INFO     | fgvc.clustering.spherical_kmeans |   [Yellow_billed_Cuckoo] k_selected=2 | k_effective=1 | min_cluster=25 | max_cluster=25
2026-08-19 17:17:26 | INFO     | fgvc.clustering.spherical_kmeans |   [Yellow_breasted_Chat] 25 images
2026-08-19 17:17:26 | DEBUG    | fgvc.clustering.spherical_kmeans |   Init 1/5: inertia=2.609172
2026-08-19 17:17:26 | DEBUG    | fgvc.clustering.spherical_kmeans |   Init 2/5: inertia=2.560838
2026-08-19 17:17:26 | DEBUG    | fgvc.clustering.spherical_kmeans |   Init 3/5: inertia=2.670163
2026-08-19 17:17:26 | DEBUG    | fgvc.clustering.spherical_kmeans |   Init 4/5: inertia=2.598620
2026-08-19 17:17:26 | DEBUG    | fgvc.clustering.spherical_kmeans |   Init 5/5: inertia=2.620186
2026-08-19 17:17:26 | DEBUG    | fgvc.clustering.spherical_kmeans |   Init 1/5: inertia=2.308221
2026-08-19 17:17:26 | DEBUG    | fgvc.clustering.spherical_kmeans |   Init 2/5: inertia=2.340381
2026-08-19 17:17:26 | DEBUG    | fgvc.clustering.spherical_kmeans |   Init 3/5: inertia=2.357931
2026-08-19 17:17:26 | DEBUG    | fgvc.clustering.spherical_kmeans |   Init 4/5: inertia=2.397604
2026-08-19 17:17:26 | DEBUG    | fgvc.clustering.spherical_kmeans |   Init 5/5: inertia=2.367736
2026-08-19 17:17:26 | DEBUG    | fgvc.clustering.spherical_kmeans |   Init 1/5: inertia=2.345904
2026-08-19 17:17:26 | DEBUG    | fgvc.clustering.spherical_kmeans |   Init 2/5: inertia=2.127670
2026-08-19 17:17:26 | DEBUG    | fgvc.clustering.spherical_kmeans |   Init 3/5: inertia=2.234564
2026-08-19 17:17:26 | DEBUG    | fgvc.clustering.spherical_kmeans |   Init 4/5: inertia=2.234407
2026-08-19 17:17:26 | DEBUG    | fgvc.clustering.spherical_kmeans |   Init 5/5: inertia=2.227110
2026-08-19 17:17:26 | DEBUG    | fgvc.clustering.spherical_kmeans |   Init 1/5: inertia=2.179330
2026-08-19 17:17:26 | DEBUG    | fgvc.clustering.spherical_kmeans |   Init 2/5: inertia=2.050823
2026-08-19 17:17:26 | DEBUG    | fgvc.clustering.spherical_kmeans |   Init 3/5: inertia=2.066557
2026-08-19 17:17:26 | DEBUG    | fgvc.clustering.spherical_kmeans |   Init 4/5: inertia=2.008558
2026-08-19 17:17:26 | DEBUG    | fgvc.clustering.spherical_kmeans |   Init 5/5: inertia=1.963555
2026-08-19 17:17:26 | DEBUG    | fgvc.clustering.spherical_kmeans | K selection: best_k=2 | scores={2: {'silhouette': 0.0984, 'compactness': 0.8976, 'score': 0.3185}, 3: {'silhouette': 0.1159, 'compactness': 0.9077, 'score': 0.2636}, 4: {'silhouette': 0.0947, 'compactness': 0.9149, 'score': 0.1885}, 5: {'silhouette': 0.0988, 'compactness': 0.9215, 'score': 0.1258}}
2026-08-19 17:17:26 | DEBUG    | fgvc.clustering.spherical_kmeans |   Init 1/10: inertia=2.609172
2026-08-19 17:17:26 | DEBUG    | fgvc.clustering.spherical_kmeans |   Init 2/10: inertia=2.560838
2026-08-19 17:17:26 | DEBUG    | fgvc.clustering.spherical_kmeans |   Init 3/10: inertia=2.670163
2026-08-19 17:17:26 | DEBUG    | fgvc.clustering.spherical_kmeans |   Init 4/10: inertia=2.598620
2026-08-19 17:17:26 | DEBUG    | fgvc.clustering.spherical_kmeans |   Init 5/10: inertia=2.620186
2026-08-19 17:17:26 | DEBUG    | fgvc.clustering.spherical_kmeans |   Init 6/10: inertia=2.529021
2026-08-19 17:17:26 | DEBUG    | fgvc.clustering.spherical_kmeans |   Init 7/10: inertia=2.621520
2026-08-19 17:17:26 | DEBUG    | fgvc.clustering.spherical_kmeans |   Init 8/10: inertia=2.648248
2026-08-19 17:17:26 | DEBUG    | fgvc.clustering.spherical_kmeans |   Init 9/10: inertia=2.576044
2026-08-19 17:17:26 | DEBUG    | fgvc.clustering.spherical_kmeans |   Init 10/10: inertia=2.574210
2026-08-19 17:17:26 | INFO     | fgvc.clustering.spherical_kmeans |   [Yellow_breasted_Chat] k_selected=2 | k_effective=2 | min_cluster=7 | max_cluster=18
2026-08-19 17:17:26 | INFO     | fgvc.clustering.spherical_kmeans |   [Yellow_headed_Blackbird] 25 images
2026-08-19 17:17:26 | DEBUG    | fgvc.clustering.spherical_kmeans |   Init 1/5: inertia=3.042143
2026-08-19 17:17:26 | DEBUG    | fgvc.clustering.spherical_kmeans |   Init 2/5: inertia=3.083332
2026-08-19 17:17:26 | DEBUG    | fgvc.clustering.spherical_kmeans |   Init 3/5: inertia=3.097664
2026-08-19 17:17:26 | DEBUG    | fgvc.clustering.spherical_kmeans |   Init 4/5: inertia=3.007118
2026-08-19 17:17:26 | DEBUG    | fgvc.clustering.spherical_kmeans |   Init 5/5: inertia=3.169336
2026-08-19 17:17:26 | DEBUG    | fgvc.clustering.spherical_kmeans |   Init 1/5: inertia=2.996645
2026-08-19 17:17:26 | DEBUG    | fgvc.clustering.spherical_kmeans |   Init 2/5: inertia=2.794456
2026-08-19 17:17:26 | DEBUG    | fgvc.clustering.spherical_kmeans |   Init 3/5: inertia=2.928938
2026-08-19 17:17:26 | DEBUG    | fgvc.clustering.spherical_kmeans |   Init 4/5: inertia=2.755953
2026-08-19 17:17:26 | DEBUG    | fgvc.clustering.spherical_kmeans |   Init 5/5: inertia=2.804422
2026-08-19 17:17:26 | DEBUG    | fgvc.clustering.spherical_kmeans |   Init 1/5: inertia=2.835850
2026-08-19 17:17:26 | DEBUG    | fgvc.clustering.spherical_kmeans |   Init 2/5: inertia=2.626379
2026-08-19 17:17:26 | DEBUG    | fgvc.clustering.spherical_kmeans |   Init 3/5: inertia=2.513166
2026-08-19 17:17:26 | DEBUG    | fgvc.clustering.spherical_kmeans |   Init 4/5: inertia=2.569402
2026-08-19 17:17:26 | DEBUG    | fgvc.clustering.spherical_kmeans |   Init 5/5: inertia=2.662657
2026-08-19 17:17:26 | DEBUG    | fgvc.clustering.spherical_kmeans |   Init 1/5: inertia=2.654498
2026-08-19 17:17:26 | DEBUG    | fgvc.clustering.spherical_kmeans |   Init 2/5: inertia=2.400135
2026-08-19 17:17:26 | DEBUG    | fgvc.clustering.spherical_kmeans |   Init 3/5: inertia=2.251290
2026-08-19 17:17:26 | DEBUG    | fgvc.clustering.spherical_kmeans |   Init 4/5: inertia=2.458311
2026-08-19 17:17:26 | DEBUG    | fgvc.clustering.spherical_kmeans |   Init 5/5: inertia=2.386633
2026-08-19 17:17:26 | DEBUG    | fgvc.clustering.spherical_kmeans | K selection: best_k=2 | scores={2: {'silhouette': 0.268, 'compactness': 0.8797, 'score': 0.3979}, 3: {'silhouette': 0.0487, 'compactness': 0.8898, 'score': 0.2246}, 4: {'silhouette': 0.0897, 'compactness': 0.8995, 'score': 0.1814}, 5: {'silhouette': 0.0663, 'compactness': 0.9099, 'score': 0.1061}}
2026-08-19 17:17:26 | DEBUG    | fgvc.clustering.spherical_kmeans |   Init 1/10: inertia=3.042143
2026-08-19 17:17:26 | DEBUG    | fgvc.clustering.spherical_kmeans |   Init 2/10: inertia=3.083332
2026-08-19 17:17:26 | DEBUG    | fgvc.clustering.spherical_kmeans |   Init 3/10: inertia=3.097664
2026-08-19 17:17:26 | DEBUG    | fgvc.clustering.spherical_kmeans |   Init 4/10: inertia=3.007118
2026-08-19 17:17:26 | DEBUG    | fgvc.clustering.spherical_kmeans |   Init 5/10: inertia=3.169336
2026-08-19 17:17:26 | DEBUG    | fgvc.clustering.spherical_kmeans |   Init 6/10: inertia=2.945888
2026-08-19 17:17:26 | DEBUG    | fgvc.clustering.spherical_kmeans |   Init 7/10: inertia=2.945888
2026-08-19 17:17:26 | DEBUG    | fgvc.clustering.spherical_kmeans |   Init 8/10: inertia=2.996612
2026-08-19 17:17:26 | DEBUG    | fgvc.clustering.spherical_kmeans |   Init 9/10: inertia=3.001207
2026-08-19 17:17:26 | DEBUG    | fgvc.clustering.spherical_kmeans |   Init 10/10: inertia=2.984645
2026-08-19 17:17:26 | INFO     | fgvc.clustering.spherical_kmeans |   [Yellow_headed_Blackbird] k_selected=2 | k_effective=1 | min_cluster=25 | max_cluster=25
2026-08-19 17:17:26 | INFO     | fgvc.clustering.spherical_kmeans |   [Yellow_throated_Vireo] 25 images
2026-08-19 17:17:26 | DEBUG    | fgvc.clustering.spherical_kmeans |   Init 1/5: inertia=2.603418
2026-08-19 17:17:26 | DEBUG    | fgvc.clustering.spherical_kmeans |   Init 2/5: inertia=2.618809
2026-08-19 17:17:26 | DEBUG    | fgvc.clustering.spherical_kmeans |   Init 3/5: inertia=2.609972
2026-08-19 17:17:26 | DEBUG    | fgvc.clustering.spherical_kmeans |   Init 4/5: inertia=2.687012
2026-08-19 17:17:26 | DEBUG    | fgvc.clustering.spherical_kmeans |   Init 5/5: inertia=2.602282
2026-08-19 17:17:26 | DEBUG    | fgvc.clustering.spherical_kmeans |   Init 1/5: inertia=2.372463
2026-08-19 17:17:26 | DEBUG    | fgvc.clustering.spherical_kmeans |   Init 2/5: inertia=2.456748
2026-08-19 17:17:26 | DEBUG    | fgvc.clustering.spherical_kmeans |   Init 3/5: inertia=2.423964
2026-08-19 17:17:26 | DEBUG    | fgvc.clustering.spherical_kmeans |   Init 4/5: inertia=2.397448
2026-08-19 17:17:26 | DEBUG    | fgvc.clustering.spherical_kmeans |   Init 5/5: inertia=2.421858
2026-08-19 17:17:26 | DEBUG    | fgvc.clustering.spherical_kmeans |   Init 1/5: inertia=2.136879
2026-08-19 17:17:26 | DEBUG    | fgvc.clustering.spherical_kmeans |   Init 2/5: inertia=2.266182
2026-08-19 17:17:26 | DEBUG    | fgvc.clustering.spherical_kmeans |   Init 3/5: inertia=2.150594
2026-08-19 17:17:26 | DEBUG    | fgvc.clustering.spherical_kmeans |   Init 4/5: inertia=2.295503
2026-08-19 17:17:26 | DEBUG    | fgvc.clustering.spherical_kmeans |   Init 5/5: inertia=2.187432
2026-08-19 17:17:26 | DEBUG    | fgvc.clustering.spherical_kmeans |   Init 1/5: inertia=2.010875
2026-08-19 17:17:26 | DEBUG    | fgvc.clustering.spherical_kmeans |   Init 2/5: inertia=1.927482
2026-08-19 17:17:26 | DEBUG    | fgvc.clustering.spherical_kmeans |   Init 3/5: inertia=2.003076
2026-08-19 17:17:26 | DEBUG    | fgvc.clustering.spherical_kmeans |   Init 4/5: inertia=2.006941
2026-08-19 17:17:26 | DEBUG    | fgvc.clustering.spherical_kmeans |   Init 5/5: inertia=1.948282
2026-08-19 17:17:26 | DEBUG    | fgvc.clustering.spherical_kmeans | K selection: best_k=2 | scores={2: {'silhouette': 0.1047, 'compactness': 0.8959, 'score': 0.3211}, 3: {'silhouette': 0.0246, 'compactness': 0.9051, 'score': 0.2172}, 4: {'silhouette': 0.0471, 'compactness': 0.9145, 'score': 0.1646}, 5: {'silhouette': 0.0895, 'compactness': 0.9229, 'score': 0.1216}}
2026-08-19 17:17:26 | DEBUG    | fgvc.clustering.spherical_kmeans |   Init 1/10: inertia=2.603418
2026-08-19 17:17:26 | DEBUG    | fgvc.clustering.spherical_kmeans |   Init 2/10: inertia=2.618809
2026-08-19 17:17:26 | DEBUG    | fgvc.clustering.spherical_kmeans |   Init 3/10: inertia=2.609972
2026-08-19 17:17:26 | DEBUG    | fgvc.clustering.spherical_kmeans |   Init 4/10: inertia=2.687012
2026-08-19 17:17:26 | DEBUG    | fgvc.clustering.spherical_kmeans |   Init 5/10: inertia=2.602282
2026-08-19 17:17:26 | DEBUG    | fgvc.clustering.spherical_kmeans |   Init 6/10: inertia=2.561316
2026-08-19 17:17:26 | DEBUG    | fgvc.clustering.spherical_kmeans |   Init 7/10: inertia=2.596907
2026-08-19 17:17:26 | DEBUG    | fgvc.clustering.spherical_kmeans |   Init 8/10: inertia=2.645010
2026-08-19 17:17:26 | DEBUG    | fgvc.clustering.spherical_kmeans |   Init 9/10: inertia=2.618809
2026-08-19 17:17:26 | DEBUG    | fgvc.clustering.spherical_kmeans |   Init 10/10: inertia=2.576284
2026-08-19 17:17:26 | INFO     | fgvc.clustering.spherical_kmeans |   [Yellow_throated_Vireo] k_selected=2 | k_effective=2 | min_cluster=12 | max_cluster=13
2026-08-19 17:17:26 | INFO     | fgvc.clustering.spherical_kmeans | Prototype memory saved -> /mnt/data/research/projects/fgvc/experiments/cub200/cub200_dinov3_ce_supcon_v9/prototype_memory | total prototypes: 350
2026-08-19 17:17:51 | INFO     | fgvc.embeddings.generate | Loading backbone from checkpoint: experiments/cub200/cub200_dinov3_ce_supcon_v9/checkpoints/backbone/best_cub200_dinov3_ce_supcon_v9.pt
2026-08-19 17:17:53 | INFO     | fgvc.embeddings.generate | Reconstructed checkpoint architecture: backbone=facebook/dinov3-vitb16-pretrain-lvd1689m, embedding_dim=768, use_supcon_head=True
2026-08-19 17:18:24 | INFO     | fgvc.embeddings.generate | Saved 994 embeddings (768D) -> /mnt/data/research/projects/fgvc/experiments/cub200/cub200_dinov3_ce_supcon_v9/embeddings/val
2026-08-19 17:18:41 | INFO     | fgvc.embeddings.generate | Loading backbone from checkpoint: experiments/cub200/cub200_dinov3_ce_supcon_v9/checkpoints/backbone/best_cub200_dinov3_ce_supcon_v9.pt
2026-08-19 17:18:43 | INFO     | fgvc.embeddings.generate | Reconstructed checkpoint architecture: backbone=facebook/dinov3-vitb16-pretrain-lvd1689m, embedding_dim=768, use_supcon_head=True
2026-08-19 17:21:27 | INFO     | fgvc.embeddings.generate | Saved 5794 embeddings (768D) -> /mnt/data/research/projects/fgvc/experiments/cub200/cub200_dinov3_ce_supcon_v9/embeddings/test
2026-08-19 17:21:40 | INFO     | fgvc.scripts.run_evaluation | Calibrating per-group thresholds on the val split...
2026-08-19 17:21:40 | INFO     | fgvc.clustering.spherical_kmeans | Loaded prototypes for 200 label_id(s) from /mnt/data/research/projects/fgvc/experiments/cub200/cub200_dinov3_ce_supcon_v9/prototype_memory
2026-08-19 17:21:40 | INFO     | fgvc.retrieval.engine | RetrievalEngine ready: 200 label_id(s) | 350 total prototypes
2026-08-19 17:21:40 | INFO     | fgvc.retrieval.calibrator |   group='': sim_thresh=0.6793 | margin_thresh=0.0422 | n_correct=912
2026-08-19 17:21:40 | INFO     | fgvc.retrieval.calibrator | Thresholds saved -> /mnt/data/research/projects/fgvc/experiments/cub200/cub200_dinov3_ce_supcon_v9/outputs/calibration/per_group_thresholds.json
2026-08-19 17:21:40 | INFO     | fgvc.clustering.spherical_kmeans | Loaded prototypes for 200 label_id(s) from /mnt/data/research/projects/fgvc/experiments/cub200/cub200_dinov3_ce_supcon_v9/prototype_memory
2026-08-19 17:21:40 | INFO     | fgvc.retrieval.engine | RetrievalEngine ready: 200 label_id(s) | 350 total prototypes
2026-08-19 17:21:40 | INFO     | fgvc.evaluation.evaluator | Running retrieval over 994 val queries...
2026-08-19 17:21:40 | INFO     | fgvc.evaluation.evaluator | Retrieval metrics: {'top1_label_accuracy': 0.9175, 'top1_group_accuracy': 1.0, 'top3_label_accuracy': 0.9748, 'top3_group_accuracy': 1.0, 'top5_label_accuracy': 0.9839, 'top5_group_accuracy': 1.0, 'mrr': 0.9459, 'n_queries': 994, 'recall_at_1': 0.9175, 'recall_at_3': 0.9748, 'recall_at_5': 0.9839}
2026-08-19 17:21:40 | INFO     | fgvc.evaluation.evaluator | Evaluation report saved -> /mnt/data/research/projects/fgvc/experiments/cub200/cub200_dinov3_ce_supcon_v9/outputs/evaluation/val_metrics.json
2026-08-19 17:21:40 | INFO     | fgvc.evaluation.evaluator | 
============================================================
  FGVC Evaluation Summary — VAL
============================================================
  Top-1 Label Accuracy : 0.9175
  Top-3 Label Accuracy : 0.9748
  Top-5 Label Accuracy : 0.9839
  MRR                  : 0.9459
  Ambiguity Rate       : 0.0905
============================================================
2026-08-19 17:21:42 | INFO     | fgvc.clustering.spherical_kmeans | Loaded prototypes for 200 label_id(s) from /mnt/data/research/projects/fgvc/experiments/cub200/cub200_dinov3_ce_supcon_v9/prototype_memory
2026-08-19 17:21:42 | INFO     | fgvc.retrieval.engine | RetrievalEngine ready: 200 label_id(s) | 350 total prototypes
2026-08-19 17:21:42 | INFO     | fgvc.evaluation.evaluator | Running retrieval over 5794 test queries...
2026-08-19 17:21:43 | INFO     | fgvc.evaluation.evaluator | Retrieval metrics: {'top1_label_accuracy': 0.8958, 'top1_group_accuracy': 1.0, 'top3_label_accuracy': 0.9689, 'top3_group_accuracy': 1.0, 'top5_label_accuracy': 0.9817, 'top5_group_accuracy': 1.0, 'mrr': 0.9315, 'n_queries': 5794, 'recall_at_1': 0.8958, 'recall_at_3': 0.9689, 'recall_at_5': 0.9817}
2026-08-19 17:21:43 | INFO     | fgvc.evaluation.evaluator | Evaluation report saved -> /mnt/data/research/projects/fgvc/experiments/cub200/cub200_dinov3_ce_supcon_v9/outputs/evaluation/test_metrics.json
2026-08-19 17:21:43 | INFO     | fgvc.evaluation.evaluator | 
============================================================
  FGVC Evaluation Summary — TEST
============================================================
  Top-1 Label Accuracy : 0.8958
  Top-3 Label Accuracy : 0.9689
  Top-5 Label Accuracy : 0.9817
  MRR                  : 0.9315
  Ambiguity Rate       : 0.0963
============================================================
2026-08-19 17:54:08 | INFO     | fgvc.scripts.train_backbone | Loaded splits: train=5000 | val=994 | raw_root=/mnt/data/research/datasets/CUB_200_2011/CUB_200_2011/images
2026-08-19 17:54:08 | INFO     | fgvc.scripts.train_backbone | Loaded splits: train=5000 | val=994 | raw_root=/mnt/data/research/datasets/CUB_200_2011/CUB_200_2011/images
2026-08-19 17:54:08 | INFO     | fgvc.scripts.train_backbone | Loaded splits: train=5000 | val=994 | raw_root=/mnt/data/research/datasets/CUB_200_2011/CUB_200_2011/images
2026-08-19 17:54:08 | INFO     | fgvc.scripts.train_backbone | Loaded splits: train=5000 | val=994 | raw_root=/mnt/data/research/datasets/CUB_200_2011/CUB_200_2011/images
2026-08-19 17:54:09 | INFO     | fgvc.scripts.train_backbone | DDP initialised | world_size=4 | rank=3 | device=cuda:3
2026-08-19 17:54:09 | INFO     | fgvc.scripts.train_backbone | 200 classes | 39 train batches/epoch | 8 val batches/epoch
2026-08-19 17:54:09 | INFO     | fgvc.scripts.train_backbone | DDP initialised | world_size=4 | rank=2 | device=cuda:2
2026-08-19 17:54:09 | INFO     | fgvc.scripts.train_backbone | 200 classes | 39 train batches/epoch | 8 val batches/epoch
2026-08-19 17:54:09 | INFO     | fgvc.scripts.train_backbone | DDP initialised | world_size=4 | rank=1 | device=cuda:1
2026-08-19 17:54:09 | INFO     | fgvc.scripts.train_backbone | 200 classes | 39 train batches/epoch | 8 val batches/epoch
2026-08-19 17:54:09 | INFO     | fgvc.scripts.train_backbone | DDP initialised | world_size=4 | rank=0 | device=cuda:0
2026-08-19 17:54:09 | INFO     | fgvc.scripts.train_backbone | 200 classes | 39 train batches/epoch | 8 val batches/epoch
2026-08-19 17:54:12 | INFO     | fgvc.backbone.trainer | Model params: 86,503,240 total | 86,503,240 trainable
2026-08-19 17:54:12 | INFO     | fgvc.backbone.trainer | Model params: 86,503,240 total | 86,503,240 trainable
2026-08-19 17:54:12 | INFO     | fgvc.backbone.trainer | Model params: 86,503,240 total | 86,503,240 trainable
2026-08-19 17:54:12 | INFO     | fgvc.backbone.trainer | Model params: 86,503,240 total | 86,503,240 trainable
2026-08-19 17:54:52 | INFO     | fgvc.backbone.trainer | Epoch 1/100 | train_loss=5.7808 | val_top1=0.0050 | val_top3=0.0231 | time=36s
2026-08-19 17:54:57 | INFO     | fgvc.backbone.trainer | New best checkpoint: val_top1=0.0050 -> best_cub200_dinov3_ce_supcon_v9.pt
2026-08-19 17:55:31 | INFO     | fgvc.backbone.trainer | Epoch 2/100 | train_loss=5.5446 | val_top1=0.0341 | val_top3=0.0924 | time=34s
2026-08-19 17:55:36 | INFO     | fgvc.backbone.trainer | New best checkpoint: val_top1=0.0341 -> best_cub200_dinov3_ce_supcon_v9.pt
2026-08-19 17:56:10 | INFO     | fgvc.backbone.trainer | Epoch 3/100 | train_loss=5.0507 | val_top1=0.2289 | val_top3=0.4287 | time=34s
2026-08-19 17:56:15 | INFO     | fgvc.backbone.trainer | New best checkpoint: val_top1=0.2289 -> best_cub200_dinov3_ce_supcon_v9.pt
2026-08-19 17:56:49 | INFO     | fgvc.backbone.trainer | Epoch 4/100 | train_loss=4.3524 | val_top1=0.4990 | val_top3=0.7500 | time=34s
2026-08-19 17:56:55 | INFO     | fgvc.backbone.trainer | New best checkpoint: val_top1=0.4990 -> best_cub200_dinov3_ce_supcon_v9.pt
2026-08-19 17:57:30 | INFO     | fgvc.backbone.trainer | Epoch 5/100 | train_loss=3.5949 | val_top1=0.6737 | val_top3=0.8735 | time=34s
2026-08-19 17:57:35 | INFO     | fgvc.backbone.trainer | New best checkpoint: val_top1=0.6737 -> best_cub200_dinov3_ce_supcon_v9.pt
2026-08-19 17:58:09 | INFO     | fgvc.backbone.trainer | Epoch 6/100 | train_loss=2.9205 | val_top1=0.7580 | val_top3=0.9227 | time=34s
2026-08-19 17:58:15 | INFO     | fgvc.backbone.trainer | New best checkpoint: val_top1=0.7580 -> best_cub200_dinov3_ce_supcon_v9.pt
2026-08-19 17:58:50 | INFO     | fgvc.backbone.trainer | Epoch 7/100 | train_loss=2.3716 | val_top1=0.8153 | val_top3=0.9538 | time=34s
2026-08-19 17:58:55 | INFO     | fgvc.backbone.trainer | New best checkpoint: val_top1=0.8153 -> best_cub200_dinov3_ce_supcon_v9.pt
2026-08-19 17:59:30 | INFO     | fgvc.backbone.trainer | Epoch 8/100 | train_loss=1.9443 | val_top1=0.8454 | val_top3=0.9659 | time=35s
2026-08-19 17:59:35 | INFO     | fgvc.backbone.trainer | New best checkpoint: val_top1=0.8454 -> best_cub200_dinov3_ce_supcon_v9.pt
2026-08-19 18:00:10 | INFO     | fgvc.backbone.trainer | Epoch 9/100 | train_loss=1.5733 | val_top1=0.8675 | val_top3=0.9669 | time=35s
2026-08-19 18:00:16 | INFO     | fgvc.backbone.trainer | New best checkpoint: val_top1=0.8675 -> best_cub200_dinov3_ce_supcon_v9.pt
2026-08-19 18:00:50 | INFO     | fgvc.backbone.trainer | Epoch 10/100 | train_loss=1.3207 | val_top1=0.8795 | val_top3=0.9729 | time=35s
2026-08-19 18:00:56 | INFO     | fgvc.backbone.trainer | New best checkpoint: val_top1=0.8795 -> best_cub200_dinov3_ce_supcon_v9.pt
2026-08-19 18:01:31 | INFO     | fgvc.backbone.trainer | Epoch 11/100 | train_loss=1.1449 | val_top1=0.8825 | val_top3=0.9719 | time=35s
2026-08-19 18:01:36 | INFO     | fgvc.backbone.trainer | New best checkpoint: val_top1=0.8825 -> best_cub200_dinov3_ce_supcon_v9.pt
2026-08-19 18:02:11 | INFO     | fgvc.backbone.trainer | Epoch 12/100 | train_loss=0.9939 | val_top1=0.8936 | val_top3=0.9739 | time=35s
2026-08-19 18:02:17 | INFO     | fgvc.backbone.trainer | New best checkpoint: val_top1=0.8936 -> best_cub200_dinov3_ce_supcon_v9.pt
2026-08-19 18:02:52 | INFO     | fgvc.backbone.trainer | Epoch 13/100 | train_loss=0.8596 | val_top1=0.8956 | val_top3=0.9779 | time=35s
2026-08-19 18:02:57 | INFO     | fgvc.backbone.trainer | New best checkpoint: val_top1=0.8956 -> best_cub200_dinov3_ce_supcon_v9.pt
2026-08-19 18:03:32 | INFO     | fgvc.backbone.trainer | Epoch 14/100 | train_loss=0.7267 | val_top1=0.8986 | val_top3=0.9779 | time=35s
2026-08-19 18:03:38 | INFO     | fgvc.backbone.trainer | New best checkpoint: val_top1=0.8986 -> best_cub200_dinov3_ce_supcon_v9.pt
2026-08-19 18:04:12 | INFO     | fgvc.backbone.trainer | Epoch 15/100 | train_loss=0.6475 | val_top1=0.9046 | val_top3=0.9799 | time=35s
2026-08-19 18:04:18 | INFO     | fgvc.backbone.trainer | New best checkpoint: val_top1=0.9046 -> best_cub200_dinov3_ce_supcon_v9.pt
2026-08-19 18:04:53 | INFO     | fgvc.backbone.trainer | Epoch 16/100 | train_loss=0.6425 | val_top1=0.9026 | val_top3=0.9779 | time=35s
2026-08-19 18:05:29 | INFO     | fgvc.backbone.trainer | Epoch 17/100 | train_loss=0.5144 | val_top1=0.9056 | val_top3=0.9759 | time=36s
2026-08-19 18:05:34 | INFO     | fgvc.backbone.trainer | New best checkpoint: val_top1=0.9056 -> best_cub200_dinov3_ce_supcon_v9.pt
2026-08-19 18:06:09 | INFO     | fgvc.backbone.trainer | Epoch 18/100 | train_loss=0.4944 | val_top1=0.9016 | val_top3=0.9739 | time=35s
2026-08-19 18:06:45 | INFO     | fgvc.backbone.trainer | Epoch 19/100 | train_loss=0.4497 | val_top1=0.9076 | val_top3=0.9769 | time=36s
2026-08-19 18:06:51 | INFO     | fgvc.backbone.trainer | New best checkpoint: val_top1=0.9076 -> best_cub200_dinov3_ce_supcon_v9.pt
2026-08-19 18:07:25 | INFO     | fgvc.backbone.trainer | Epoch 20/100 | train_loss=0.4220 | val_top1=0.9056 | val_top3=0.9749 | time=35s
2026-08-19 18:08:02 | INFO     | fgvc.backbone.trainer | Epoch 21/100 | train_loss=0.3807 | val_top1=0.9177 | val_top3=0.9749 | time=36s
2026-08-19 18:08:07 | INFO     | fgvc.backbone.trainer | New best checkpoint: val_top1=0.9177 -> best_cub200_dinov3_ce_supcon_v9.pt
2026-08-19 18:08:42 | INFO     | fgvc.backbone.trainer | Epoch 22/100 | train_loss=0.3535 | val_top1=0.9167 | val_top3=0.9759 | time=35s
2026-08-19 18:09:18 | INFO     | fgvc.backbone.trainer | Epoch 23/100 | train_loss=0.3032 | val_top1=0.9177 | val_top3=0.9769 | time=36s
2026-08-19 18:09:55 | INFO     | fgvc.backbone.trainer | Epoch 24/100 | train_loss=0.2964 | val_top1=0.9207 | val_top3=0.9779 | time=36s
2026-08-19 18:10:00 | INFO     | fgvc.backbone.trainer | New best checkpoint: val_top1=0.9207 -> best_cub200_dinov3_ce_supcon_v9.pt
2026-08-19 18:10:35 | INFO     | fgvc.backbone.trainer | Epoch 25/100 | train_loss=0.2529 | val_top1=0.9177 | val_top3=0.9779 | time=35s
2026-08-19 18:11:12 | INFO     | fgvc.backbone.trainer | Epoch 26/100 | train_loss=0.2410 | val_top1=0.9177 | val_top3=0.9769 | time=36s
2026-08-19 18:11:48 | INFO     | fgvc.backbone.trainer | Epoch 27/100 | train_loss=0.2177 | val_top1=0.9187 | val_top3=0.9769 | time=36s
2026-08-19 18:12:24 | INFO     | fgvc.backbone.trainer | Epoch 28/100 | train_loss=0.1949 | val_top1=0.9106 | val_top3=0.9779 | time=36s
2026-08-19 18:13:01 | INFO     | fgvc.backbone.trainer | Epoch 29/100 | train_loss=0.1777 | val_top1=0.9137 | val_top3=0.9739 | time=36s
2026-08-19 18:13:37 | INFO     | fgvc.backbone.trainer | Epoch 30/100 | train_loss=0.1679 | val_top1=0.9127 | val_top3=0.9759 | time=36s
2026-08-19 18:14:14 | INFO     | fgvc.backbone.trainer | Epoch 31/100 | train_loss=0.1449 | val_top1=0.9167 | val_top3=0.9759 | time=36s
2026-08-19 18:14:50 | INFO     | fgvc.backbone.trainer | Epoch 32/100 | train_loss=0.1382 | val_top1=0.9177 | val_top3=0.9749 | time=36s
2026-08-19 18:15:27 | INFO     | fgvc.backbone.trainer | Epoch 33/100 | train_loss=0.1428 | val_top1=0.9106 | val_top3=0.9739 | time=36s
2026-08-19 18:16:03 | INFO     | fgvc.backbone.trainer | Epoch 34/100 | train_loss=0.1110 | val_top1=0.9137 | val_top3=0.9769 | time=36s
2026-08-19 18:16:03 | INFO     | fgvc.backbone.trainer | Early stopping triggered after 10 epochs without improvement.
2026-08-19 18:20:57 | INFO     | fgvc.embeddings.generate | Using cached embeddings at /mnt/data/research/projects/fgvc/experiments/cub200/cub200_dinov3_ce_supcon_v9/embeddings/train
2026-08-24 18:46:25 | INFO     | fgvc.scripts.run_evaluation | Calibrating per-group thresholds on the val split...
2026-08-24 18:46:25 | INFO     | fgvc.clustering.spherical_kmeans | Loaded prototypes for 200 label_id(s) from /mnt/data/research/projects/fgvc/experiments/cub200/cub200_dinov3_ce_supcon_v9/prototype_memory
2026-08-24 18:46:25 | INFO     | fgvc.retrieval.engine | RetrievalEngine ready: 200 label_id(s) | 350 total prototypes
2026-08-24 18:46:25 | INFO     | fgvc.retrieval.calibrator |   group='': sim_thresh=0.6793 | margin_thresh=0.0422 | n_correct=912
2026-08-24 18:46:25 | INFO     | fgvc.retrieval.calibrator | Thresholds saved -> /mnt/data/research/projects/fgvc/experiments/cub200/cub200_dinov3_ce_supcon_v9/outputs/calibration/per_group_thresholds.json
2026-08-24 18:46:25 | INFO     | fgvc.clustering.spherical_kmeans | Loaded prototypes for 200 label_id(s) from /mnt/data/research/projects/fgvc/experiments/cub200/cub200_dinov3_ce_supcon_v9/prototype_memory
2026-08-24 18:46:25 | INFO     | fgvc.retrieval.engine | RetrievalEngine ready: 200 label_id(s) | 350 total prototypes
2026-08-24 18:46:25 | INFO     | fgvc.evaluation.evaluator | Running retrieval over 994 val queries...
2026-08-24 18:46:25 | INFO     | fgvc.evaluation.evaluator | Retrieval metrics: {'top1_label_accuracy': 0.9175, 'top1_group_accuracy': 1.0, 'top3_label_accuracy': 0.9748, 'top3_group_accuracy': 1.0, 'top5_label_accuracy': 0.9839, 'top5_group_accuracy': 1.0, 'mrr': 0.9459, 'n_queries': 994, 'recall_at_1': 0.9175, 'recall_at_3': 0.9748, 'recall_at_5': 0.9839}
2026-08-24 18:46:25 | INFO     | fgvc.evaluation.evaluator | Evaluation report saved -> /mnt/data/research/projects/fgvc/experiments/cub200/cub200_dinov3_ce_supcon_v9/outputs/evaluation/val_metrics.json
2026-08-24 18:46:25 | INFO     | fgvc.evaluation.evaluator | 
============================================================
  FGVC Evaluation Summary — VAL
============================================================
  Top-1 Label Accuracy : 0.9175
  Top-3 Label Accuracy : 0.9748
  Top-5 Label Accuracy : 0.9839
  MRR                  : 0.9459
  Ambiguity Rate       : 0.0905
============================================================
2026-08-24 18:46:27 | INFO     | fgvc.clustering.spherical_kmeans | Loaded prototypes for 200 label_id(s) from /mnt/data/research/projects/fgvc/experiments/cub200/cub200_dinov3_ce_supcon_v9/prototype_memory
2026-08-24 18:46:27 | INFO     | fgvc.retrieval.engine | RetrievalEngine ready: 200 label_id(s) | 350 total prototypes
2026-08-24 18:46:27 | INFO     | fgvc.evaluation.evaluator | Running retrieval over 5794 test queries...
2026-08-24 18:46:28 | INFO     | fgvc.evaluation.evaluator | Retrieval metrics: {'top1_label_accuracy': 0.8958, 'top1_group_accuracy': 1.0, 'top3_label_accuracy': 0.9689, 'top3_group_accuracy': 1.0, 'top5_label_accuracy': 0.9817, 'top5_group_accuracy': 1.0, 'mrr': 0.9315, 'n_queries': 5794, 'recall_at_1': 0.8958, 'recall_at_3': 0.9689, 'recall_at_5': 0.9817}
2026-08-24 18:46:28 | INFO     | fgvc.evaluation.evaluator | Evaluation report saved -> /mnt/data/research/projects/fgvc/experiments/cub200/cub200_dinov3_ce_supcon_v9/outputs/evaluation/test_metrics.json
2026-08-24 18:46:28 | INFO     | fgvc.evaluation.evaluator | 
============================================================
  FGVC Evaluation Summary — TEST
============================================================
  Top-1 Label Accuracy : 0.8958
  Top-3 Label Accuracy : 0.9689
  Top-5 Label Accuracy : 0.9817
  MRR                  : 0.9315
  Ambiguity Rate       : 0.0963
============================================================
2026-08-24 18:47:57 | INFO     | fgvc.visualization.visualize | Running UMAP on 994 points...
2026-08-24 18:48:09 | INFO     | fgvc.visualization.visualize | Saved umap_label_id_val.png
2026-08-24 18:48:09 | INFO     | fgvc.visualization.visualize | Running t-SNE on 994 points...
2026-08-24 18:48:11 | INFO     | fgvc.visualization.visualize | Saved tsne_label_id_val.png
2026-08-24 18:48:11 | INFO     | fgvc.clustering.spherical_kmeans | Loaded prototypes for 200 label_id(s) from /mnt/data/research/projects/fgvc/experiments/cub200/cub200_dinov3_ce_supcon_v9/prototype_memory
2026-08-24 18:48:11 | INFO     | fgvc.retrieval.engine | RetrievalEngine ready: 200 label_id(s) | 350 total prototypes
2026-08-24 18:48:14 | INFO     | fgvc.visualization.visualize | Saved retrieval_grid_val.png
2026-08-24 18:48:14 | INFO     | fgvc.scripts.run_visualization | Retrieval metrics for val: {'top1_label_accuracy': 0.9175, 'top1_group_accuracy': 1.0, 'top3_label_accuracy': 0.9748, 'top3_group_accuracy': 1.0, 'top5_label_accuracy': 0.9839, 'top5_group_accuracy': 1.0, 'mrr': 0.9459, 'n_queries': 994, 'recall_at_1': 0.9175, 'recall_at_3': 0.9748, 'recall_at_5': 0.9839}
2026-08-24 18:48:51 | INFO     | fgvc.visualization.visualize | Running UMAP on 5000 points...
2026-08-24 18:49:15 | INFO     | fgvc.visualization.visualize | Saved umap_label_id_test.png
2026-08-24 18:49:15 | INFO     | fgvc.visualization.visualize | Running t-SNE on 3000 points...
2026-08-24 18:49:19 | INFO     | fgvc.visualization.visualize | Saved tsne_label_id_test.png
2026-08-24 18:49:44 | INFO     | fgvc.clustering.spherical_kmeans | Loaded prototypes for 200 label_id(s) from /mnt/data/research/projects/fgvc/experiments/cub200/cub200_dinov3_ce_supcon_v9/prototype_memory
2026-08-24 18:49:44 | INFO     | fgvc.retrieval.engine | RetrievalEngine ready: 200 label_id(s) | 350 total prototypes
2026-08-24 18:49:48 | INFO     | fgvc.visualization.visualize | Saved retrieval_grid_test.png
2026-08-24 18:49:48 | INFO     | fgvc.scripts.run_visualization | Retrieval metrics for test: {'top1_label_accuracy': 0.8958, 'top1_group_accuracy': 1.0, 'top3_label_accuracy': 0.9689, 'top3_group_accuracy': 1.0, 'top5_label_accuracy': 0.9817, 'top5_group_accuracy': 1.0, 'mrr': 0.9315, 'n_queries': 5794, 'recall_at_1': 0.8958, 'recall_at_3': 0.9689, 'recall_at_5': 0.9817}
2026-08-24 18:49:49 | WARNING  | fgvc.visualization.visualize | PNG export for confusion matrix failed: ('The browser seemed to close immediately after starting.', 'You can set the `logging.Logger` level lower to see more output.', 'You may try installing a known working copy of Chrome by running ', '`$ choreo_get_chrome`.It may be your browser auto-updated and will now work upon restart. The browser we tried to start is located at /snap/bin/chromium.')
2026-08-24 18:49:49 | INFO     | fgvc.visualization.visualize | Saved confusion_matrix_test.html and no PNG
2026-08-24 18:49:51 | INFO     | fgvc.visualization.visualize | Saved failure_cases_test.png
