2026-08-20 15:24:15 | INFO     | fgvc.scripts.train_backbone | Loaded splits: train=5000 | val=994 | raw_root=/mnt/data/research/datasets/CUB_200_2011/CUB_200_2011/images
2026-08-20 15:24:15 | INFO     | fgvc.scripts.train_backbone | Loaded splits: train=5000 | val=994 | raw_root=/mnt/data/research/datasets/CUB_200_2011/CUB_200_2011/images
2026-08-20 15:24:15 | INFO     | fgvc.scripts.train_backbone | Loaded splits: train=5000 | val=994 | raw_root=/mnt/data/research/datasets/CUB_200_2011/CUB_200_2011/images
2026-08-20 15:24:15 | INFO     | fgvc.scripts.train_backbone | Loaded splits: train=5000 | val=994 | raw_root=/mnt/data/research/datasets/CUB_200_2011/CUB_200_2011/images
2026-08-20 15:24:16 | INFO     | fgvc.scripts.train_backbone | DDP initialised | world_size=4 | rank=1 | device=cuda:1
2026-08-20 15:24:16 | INFO     | fgvc.scripts.train_backbone | 200 classes | 39 train batches/epoch | 8 val batches/epoch
2026-08-20 15:24:16 | INFO     | fgvc.scripts.train_backbone | DDP initialised | world_size=4 | rank=3 | device=cuda:3
2026-08-20 15:24:16 | INFO     | fgvc.scripts.train_backbone | 200 classes | 39 train batches/epoch | 8 val batches/epoch
2026-08-20 15:24:16 | INFO     | fgvc.scripts.train_backbone | DDP initialised | world_size=4 | rank=0 | device=cuda:0
2026-08-20 15:24:16 | INFO     | fgvc.scripts.train_backbone | 200 classes | 39 train batches/epoch | 8 val batches/epoch
2026-08-20 15:24:16 | INFO     | fgvc.scripts.train_backbone | DDP initialised | world_size=4 | rank=2 | device=cuda:2
2026-08-20 15:24:16 | INFO     | fgvc.scripts.train_backbone | 200 classes | 39 train batches/epoch | 8 val batches/epoch
2026-08-20 15:24:18 | INFO     | fgvc.backbone.trainer | Model params: 86,503,240 total | 86,503,240 trainable
2026-08-20 15:24:18 | INFO     | fgvc.backbone.trainer | Model params: 86,503,240 total | 86,503,240 trainable
2026-08-20 15:24:18 | INFO     | fgvc.backbone.trainer | Model params: 86,503,240 total | 86,503,240 trainable
2026-08-20 15:24:18 | INFO     | fgvc.backbone.trainer | Model params: 86,503,240 total | 86,503,240 trainable
2026-08-20 15:25:07 | INFO     | fgvc.backbone.trainer | Epoch 1/100 | train_loss=5.7874 | val_top1=0.0070 | val_top3=0.0251 | time=46s
2026-08-20 15:25:09 | INFO     | fgvc.backbone.trainer | New best checkpoint: val_top1=0.0070 -> best_cub200_dinov3_ce_supcon_v13.pt
2026-08-20 15:25:53 | INFO     | fgvc.backbone.trainer | Epoch 2/100 | train_loss=5.6086 | val_top1=0.0291 | val_top3=0.0773 | time=44s
2026-08-20 15:25:58 | INFO     | fgvc.backbone.trainer | New best checkpoint: val_top1=0.0291 -> best_cub200_dinov3_ce_supcon_v13.pt
2026-08-20 15:26:42 | INFO     | fgvc.backbone.trainer | Epoch 3/100 | train_loss=5.1359 | val_top1=0.1847 | val_top3=0.3594 | time=43s
2026-08-20 15:26:48 | INFO     | fgvc.backbone.trainer | New best checkpoint: val_top1=0.1847 -> best_cub200_dinov3_ce_supcon_v13.pt
2026-08-20 15:27:31 | INFO     | fgvc.backbone.trainer | Epoch 4/100 | train_loss=4.5094 | val_top1=0.4608 | val_top3=0.7018 | time=44s
2026-08-20 15:27:37 | INFO     | fgvc.backbone.trainer | New best checkpoint: val_top1=0.4608 -> best_cub200_dinov3_ce_supcon_v13.pt
2026-08-20 15:28:21 | INFO     | fgvc.backbone.trainer | Epoch 5/100 | train_loss=3.8182 | val_top1=0.6315 | val_top3=0.8434 | time=44s
2026-08-20 15:28:27 | INFO     | fgvc.backbone.trainer | New best checkpoint: val_top1=0.6315 -> best_cub200_dinov3_ce_supcon_v13.pt
2026-08-20 15:29:11 | INFO     | fgvc.backbone.trainer | Epoch 6/100 | train_loss=3.1860 | val_top1=0.7299 | val_top3=0.9086 | time=44s
2026-08-20 15:29:17 | INFO     | fgvc.backbone.trainer | New best checkpoint: val_top1=0.7299 -> best_cub200_dinov3_ce_supcon_v13.pt
2026-08-20 15:30:01 | INFO     | fgvc.backbone.trainer | Epoch 7/100 | train_loss=2.6410 | val_top1=0.7992 | val_top3=0.9317 | time=44s
2026-08-20 15:30:07 | INFO     | fgvc.backbone.trainer | New best checkpoint: val_top1=0.7992 -> best_cub200_dinov3_ce_supcon_v13.pt
2026-08-20 15:30:51 | INFO     | fgvc.backbone.trainer | Epoch 8/100 | train_loss=2.1988 | val_top1=0.8253 | val_top3=0.9538 | time=44s
2026-08-20 15:30:57 | INFO     | fgvc.backbone.trainer | New best checkpoint: val_top1=0.8253 -> best_cub200_dinov3_ce_supcon_v13.pt
2026-08-20 15:31:41 | INFO     | fgvc.backbone.trainer | Epoch 9/100 | train_loss=1.8369 | val_top1=0.8514 | val_top3=0.9639 | time=44s
2026-08-20 15:31:47 | INFO     | fgvc.backbone.trainer | New best checkpoint: val_top1=0.8514 -> best_cub200_dinov3_ce_supcon_v13.pt
2026-08-20 15:32:31 | INFO     | fgvc.backbone.trainer | Epoch 10/100 | train_loss=1.5623 | val_top1=0.8655 | val_top3=0.9649 | time=44s
2026-08-20 15:32:37 | INFO     | fgvc.backbone.trainer | New best checkpoint: val_top1=0.8655 -> best_cub200_dinov3_ce_supcon_v13.pt
2026-08-20 15:33:21 | INFO     | fgvc.backbone.trainer | Epoch 11/100 | train_loss=1.3545 | val_top1=0.8775 | val_top3=0.9689 | time=44s
2026-08-20 15:33:27 | INFO     | fgvc.backbone.trainer | New best checkpoint: val_top1=0.8775 -> best_cub200_dinov3_ce_supcon_v13.pt
2026-08-20 15:34:11 | INFO     | fgvc.backbone.trainer | Epoch 12/100 | train_loss=1.2003 | val_top1=0.8805 | val_top3=0.9699 | time=44s
2026-08-20 15:34:17 | INFO     | fgvc.backbone.trainer | New best checkpoint: val_top1=0.8805 -> best_cub200_dinov3_ce_supcon_v13.pt
2026-08-20 15:35:01 | INFO     | fgvc.backbone.trainer | Epoch 13/100 | train_loss=1.0475 | val_top1=0.8946 | val_top3=0.9719 | time=44s
2026-08-20 15:35:07 | INFO     | fgvc.backbone.trainer | New best checkpoint: val_top1=0.8946 -> best_cub200_dinov3_ce_supcon_v13.pt
2026-08-20 15:35:51 | INFO     | fgvc.backbone.trainer | Epoch 14/100 | train_loss=0.9313 | val_top1=0.8916 | val_top3=0.9749 | time=44s
2026-08-20 15:36:37 | INFO     | fgvc.backbone.trainer | Epoch 15/100 | train_loss=0.8279 | val_top1=0.8916 | val_top3=0.9739 | time=46s
2026-08-20 15:37:24 | INFO     | fgvc.backbone.trainer | Epoch 16/100 | train_loss=0.7900 | val_top1=0.9026 | val_top3=0.9769 | time=46s
2026-08-20 15:37:29 | INFO     | fgvc.backbone.trainer | New best checkpoint: val_top1=0.9026 -> best_cub200_dinov3_ce_supcon_v13.pt
2026-08-20 15:38:14 | INFO     | fgvc.backbone.trainer | Epoch 17/100 | train_loss=0.6838 | val_top1=0.9046 | val_top3=0.9719 | time=44s
2026-08-20 15:38:20 | INFO     | fgvc.backbone.trainer | New best checkpoint: val_top1=0.9046 -> best_cub200_dinov3_ce_supcon_v13.pt
2026-08-20 15:39:04 | INFO     | fgvc.backbone.trainer | Epoch 18/100 | train_loss=0.6548 | val_top1=0.8976 | val_top3=0.9749 | time=44s
2026-08-20 15:39:50 | INFO     | fgvc.backbone.trainer | Epoch 19/100 | train_loss=0.6230 | val_top1=0.9096 | val_top3=0.9739 | time=46s
2026-08-20 15:39:56 | INFO     | fgvc.backbone.trainer | New best checkpoint: val_top1=0.9096 -> best_cub200_dinov3_ce_supcon_v13.pt
2026-08-20 15:40:40 | INFO     | fgvc.backbone.trainer | Epoch 20/100 | train_loss=0.5730 | val_top1=0.9076 | val_top3=0.9739 | time=44s
2026-08-20 15:41:26 | INFO     | fgvc.backbone.trainer | Epoch 21/100 | train_loss=0.5338 | val_top1=0.9157 | val_top3=0.9769 | time=46s
2026-08-20 15:41:32 | INFO     | fgvc.backbone.trainer | New best checkpoint: val_top1=0.9157 -> best_cub200_dinov3_ce_supcon_v13.pt
2026-08-20 15:42:16 | INFO     | fgvc.backbone.trainer | Epoch 22/100 | train_loss=0.5160 | val_top1=0.9157 | val_top3=0.9769 | time=44s
2026-08-20 15:43:02 | INFO     | fgvc.backbone.trainer | Epoch 23/100 | train_loss=0.4604 | val_top1=0.9137 | val_top3=0.9769 | time=46s
2026-08-20 15:43:48 | INFO     | fgvc.backbone.trainer | Epoch 24/100 | train_loss=0.4538 | val_top1=0.9147 | val_top3=0.9789 | time=46s
2026-08-20 15:44:34 | INFO     | fgvc.backbone.trainer | Epoch 25/100 | train_loss=0.4119 | val_top1=0.9197 | val_top3=0.9789 | time=46s
2026-08-20 15:44:40 | INFO     | fgvc.backbone.trainer | New best checkpoint: val_top1=0.9197 -> best_cub200_dinov3_ce_supcon_v13.pt
2026-08-20 15:45:24 | INFO     | fgvc.backbone.trainer | Epoch 26/100 | train_loss=0.4058 | val_top1=0.9207 | val_top3=0.9799 | time=44s
2026-08-20 15:45:30 | INFO     | fgvc.backbone.trainer | New best checkpoint: val_top1=0.9207 -> best_cub200_dinov3_ce_supcon_v13.pt
2026-08-20 15:46:15 | INFO     | fgvc.backbone.trainer | Epoch 27/100 | train_loss=0.3691 | val_top1=0.9147 | val_top3=0.9799 | time=44s
2026-08-20 15:47:01 | INFO     | fgvc.backbone.trainer | Epoch 28/100 | train_loss=0.3537 | val_top1=0.9167 | val_top3=0.9789 | time=46s
2026-08-20 15:47:47 | INFO     | fgvc.backbone.trainer | Epoch 29/100 | train_loss=0.3342 | val_top1=0.9167 | val_top3=0.9779 | time=46s
2026-08-20 15:48:33 | INFO     | fgvc.backbone.trainer | Epoch 30/100 | train_loss=0.3396 | val_top1=0.9187 | val_top3=0.9799 | time=46s
2026-08-20 15:49:19 | INFO     | fgvc.backbone.trainer | Epoch 31/100 | train_loss=0.2898 | val_top1=0.9227 | val_top3=0.9779 | time=46s
2026-08-20 15:49:25 | INFO     | fgvc.backbone.trainer | New best checkpoint: val_top1=0.9227 -> best_cub200_dinov3_ce_supcon_v13.pt
2026-08-20 15:50:09 | INFO     | fgvc.backbone.trainer | Epoch 32/100 | train_loss=0.3018 | val_top1=0.9217 | val_top3=0.9789 | time=44s
2026-08-20 15:50:55 | INFO     | fgvc.backbone.trainer | Epoch 33/100 | train_loss=0.2884 | val_top1=0.9177 | val_top3=0.9779 | time=46s
2026-08-20 15:51:42 | INFO     | fgvc.backbone.trainer | Epoch 34/100 | train_loss=0.2719 | val_top1=0.9197 | val_top3=0.9779 | time=46s
2026-08-20 15:52:28 | INFO     | fgvc.backbone.trainer | Epoch 35/100 | train_loss=0.2600 | val_top1=0.9167 | val_top3=0.9779 | time=46s
2026-08-20 15:53:14 | INFO     | fgvc.backbone.trainer | Epoch 36/100 | train_loss=0.2434 | val_top1=0.9177 | val_top3=0.9799 | time=46s
2026-08-20 15:53:14 | INFO     | fgvc.backbone.trainer | Early stopping triggered after 5 epochs without improvement.
2026-08-20 15:54:40 | INFO     | fgvc.embeddings.generate | Loading backbone from checkpoint: experiments/cub200/cub200_dinov3_ce_supcon_v13/checkpoints/backbone/best_cub200_dinov3_ce_supcon_v13.pt
2026-08-20 15:54:43 | INFO     | fgvc.embeddings.generate | Reconstructed checkpoint architecture: backbone=facebook/dinov3-vitb16-pretrain-lvd1689m, embedding_dim=768, use_supcon_head=True
2026-08-20 15:57:57 | INFO     | fgvc.embeddings.generate | Saved 5000 embeddings (768D) -> /mnt/data/research/projects/fgvc/experiments/cub200/cub200_dinov3_ce_supcon_v13/embeddings/train
2026-08-20 15:58:08 | INFO     | fgvc.scripts.run_clustering | Loaded 5000 embeddings (768D) from /mnt/data/research/projects/fgvc/experiments/cub200/cub200_dinov3_ce_supcon_v13/embeddings/train
2026-08-20 15:58:08 | INFO     | fgvc.clustering.spherical_kmeans | Building prototypes for 200 label_id(s)...
2026-08-20 15:58:08 | INFO     | fgvc.clustering.spherical_kmeans |   [Acadian_Flycatcher] 25 images
2026-08-20 15:58:08 | DEBUG    | fgvc.clustering.spherical_kmeans |   Init 1/5: inertia=4.599332
2026-08-20 15:58:08 | DEBUG    | fgvc.clustering.spherical_kmeans |   Init 2/5: inertia=4.638727
2026-08-20 15:58:08 | DEBUG    | fgvc.clustering.spherical_kmeans |   Init 3/5: inertia=4.681450
2026-08-20 15:58:08 | DEBUG    | fgvc.clustering.spherical_kmeans |   Init 4/5: inertia=4.807502
2026-08-20 15:58:08 | DEBUG    | fgvc.clustering.spherical_kmeans |   Init 5/5: inertia=4.621504
2026-08-20 15:58:08 | DEBUG    | fgvc.clustering.spherical_kmeans |   Init 1/5: inertia=4.196868
2026-08-20 15:58:08 | DEBUG    | fgvc.clustering.spherical_kmeans |   Init 2/5: inertia=4.498495
2026-08-20 15:58:08 | DEBUG    | fgvc.clustering.spherical_kmeans |   Init 3/5: inertia=4.283633
2026-08-20 15:58:08 | DEBUG    | fgvc.clustering.spherical_kmeans |   Init 4/5: inertia=4.155389
2026-08-20 15:58:08 | DEBUG    | fgvc.clustering.spherical_kmeans |   Init 5/5: inertia=4.308428
2026-08-20 15:58:08 | DEBUG    | fgvc.clustering.spherical_kmeans |   Init 1/5: inertia=3.934045
2026-08-20 15:58:08 | DEBUG    | fgvc.clustering.spherical_kmeans |   Init 2/5: inertia=3.913388
2026-08-20 15:58:08 | DEBUG    | fgvc.clustering.spherical_kmeans |   Init 3/5: inertia=3.947271
2026-08-20 15:58:08 | DEBUG    | fgvc.clustering.spherical_kmeans |   Init 4/5: inertia=3.922245
2026-08-20 15:58:08 | DEBUG    | fgvc.clustering.spherical_kmeans |   Init 5/5: inertia=3.810945
2026-08-20 15:58:08 | DEBUG    | fgvc.clustering.spherical_kmeans |   Init 1/5: inertia=3.553206
2026-08-20 15:58:08 | DEBUG    | fgvc.clustering.spherical_kmeans |   Init 2/5: inertia=3.495215
2026-08-20 15:58:08 | DEBUG    | fgvc.clustering.spherical_kmeans |   Init 3/5: inertia=3.795844
2026-08-20 15:58:08 | DEBUG    | fgvc.clustering.spherical_kmeans |   Init 4/5: inertia=3.536516
2026-08-20 15:58:08 | DEBUG    | fgvc.clustering.spherical_kmeans |   Init 5/5: inertia=3.853698
2026-08-20 15:58:08 | DEBUG    | fgvc.clustering.spherical_kmeans | K selection: best_k=2 | scores={2: {'silhouette': 0.0948, 'compactness': 0.816, 'score': 0.2922}, 3: {'silhouette': 0.08, 'compactness': 0.8338, 'score': 0.2235}, 4: {'silhouette': 0.1489, 'compactness': 0.8476, 'score': 0.1954}, 5: {'silhouette': 0.0575, 'compactness': 0.8602, 'score': 0.0868}}
2026-08-20 15:58:08 | DEBUG    | fgvc.clustering.spherical_kmeans |   Init 1/10: inertia=4.599332
2026-08-20 15:58:08 | DEBUG    | fgvc.clustering.spherical_kmeans |   Init 2/10: inertia=4.638727
2026-08-20 15:58:08 | DEBUG    | fgvc.clustering.spherical_kmeans |   Init 3/10: inertia=4.681450
2026-08-20 15:58:08 | DEBUG    | fgvc.clustering.spherical_kmeans |   Init 4/10: inertia=4.807502
2026-08-20 15:58:08 | DEBUG    | fgvc.clustering.spherical_kmeans |   Init 5/10: inertia=4.621504
2026-08-20 15:58:08 | DEBUG    | fgvc.clustering.spherical_kmeans |   Init 6/10: inertia=4.700934
2026-08-20 15:58:08 | DEBUG    | fgvc.clustering.spherical_kmeans |   Init 7/10: inertia=4.642828
2026-08-20 15:58:08 | DEBUG    | fgvc.clustering.spherical_kmeans |   Init 8/10: inertia=4.769448
2026-08-20 15:58:08 | DEBUG    | fgvc.clustering.spherical_kmeans |   Init 9/10: inertia=4.781401
2026-08-20 15:58:08 | DEBUG    | fgvc.clustering.spherical_kmeans |   Init 10/10: inertia=4.643000
2026-08-20 15:58:08 | INFO     | fgvc.clustering.spherical_kmeans |   [Acadian_Flycatcher] k_selected=2 | k_effective=2 | min_cluster=11 | max_cluster=14
2026-08-20 15:58:08 | INFO     | fgvc.clustering.spherical_kmeans |   [American_Crow] 25 images
2026-08-20 15:58:08 | DEBUG    | fgvc.clustering.spherical_kmeans |   Init 1/5: inertia=3.322658
2026-08-20 15:58:08 | DEBUG    | fgvc.clustering.spherical_kmeans |   Init 2/5: inertia=3.379677
2026-08-20 15:58:08 | DEBUG    | fgvc.clustering.spherical_kmeans |   Init 3/5: inertia=3.430696
2026-08-20 15:58:08 | DEBUG    | fgvc.clustering.spherical_kmeans |   Init 4/5: inertia=3.268174
2026-08-20 15:58:08 | DEBUG    | fgvc.clustering.spherical_kmeans |   Init 5/5: inertia=3.388921
2026-08-20 15:58:08 | DEBUG    | fgvc.clustering.spherical_kmeans |   Init 1/5: inertia=3.084231
2026-08-20 15:58:08 | DEBUG    | fgvc.clustering.spherical_kmeans |   Init 2/5: inertia=3.227175
2026-08-20 15:58:08 | DEBUG    | fgvc.clustering.spherical_kmeans |   Init 3/5: inertia=3.187828
2026-08-20 15:58:08 | DEBUG    | fgvc.clustering.spherical_kmeans |   Init 4/5: inertia=3.199207
2026-08-20 15:58:08 | DEBUG    | fgvc.clustering.spherical_kmeans |   Init 5/5: inertia=3.105262
2026-08-20 15:58:08 | DEBUG    | fgvc.clustering.spherical_kmeans |   Init 1/5: inertia=2.882091
2026-08-20 15:58:08 | DEBUG    | fgvc.clustering.spherical_kmeans |   Init 2/5: inertia=3.051783
2026-08-20 15:58:08 | DEBUG    | fgvc.clustering.spherical_kmeans |   Init 3/5: inertia=2.862956
2026-08-20 15:58:08 | DEBUG    | fgvc.clustering.spherical_kmeans |   Init 4/5: inertia=2.884902
2026-08-20 15:58:08 | DEBUG    | fgvc.clustering.spherical_kmeans |   Init 5/5: inertia=2.958991
2026-08-20 15:58:08 | DEBUG    | fgvc.clustering.spherical_kmeans |   Init 1/5: inertia=2.716038
2026-08-20 15:58:08 | DEBUG    | fgvc.clustering.spherical_kmeans |   Init 2/5: inertia=2.819322
2026-08-20 15:58:08 | DEBUG    | fgvc.clustering.spherical_kmeans |   Init 3/5: inertia=2.701853
2026-08-20 15:58:08 | DEBUG    | fgvc.clustering.spherical_kmeans |   Init 4/5: inertia=2.693233
2026-08-20 15:58:08 | DEBUG    | fgvc.clustering.spherical_kmeans |   Init 5/5: inertia=2.776509
2026-08-20 15:58:08 | DEBUG    | fgvc.clustering.spherical_kmeans | K selection: best_k=2 | scores={2: {'silhouette': 0.1302, 'compactness': 0.8693, 'score': 0.3259}, 3: {'silhouette': 0.0272, 'compactness': 0.8766, 'score': 0.2099}, 4: {'silhouette': 0.0585, 'compactness': 0.8855, 'score': 0.1616}, 5: {'silhouette': -0.0221, 'compactness': 0.8923, 'score': 0.0566}}
2026-08-20 15:58:08 | DEBUG    | fgvc.clustering.spherical_kmeans |   Init 1/10: inertia=3.322658
2026-08-20 15:58:08 | DEBUG    | fgvc.clustering.spherical_kmeans |   Init 2/10: inertia=3.379677
2026-08-20 15:58:08 | DEBUG    | fgvc.clustering.spherical_kmeans |   Init 3/10: inertia=3.430696
2026-08-20 15:58:08 | DEBUG    | fgvc.clustering.spherical_kmeans |   Init 4/10: inertia=3.268174
2026-08-20 15:58:08 | DEBUG    | fgvc.clustering.spherical_kmeans |   Init 5/10: inertia=3.388921
2026-08-20 15:58:08 | DEBUG    | fgvc.clustering.spherical_kmeans |   Init 6/10: inertia=3.430696
2026-08-20 15:58:08 | DEBUG    | fgvc.clustering.spherical_kmeans |   Init 7/10: inertia=3.403012
2026-08-20 15:58:08 | DEBUG    | fgvc.clustering.spherical_kmeans |   Init 8/10: inertia=3.348691
2026-08-20 15:58:08 | DEBUG    | fgvc.clustering.spherical_kmeans |   Init 9/10: inertia=3.329836
2026-08-20 15:58:08 | DEBUG    | fgvc.clustering.spherical_kmeans |   Init 10/10: inertia=3.303239
2026-08-20 15:58:08 | INFO     | fgvc.clustering.spherical_kmeans |   [American_Crow] k_selected=2 | k_effective=2 | min_cluster=5 | max_cluster=20
2026-08-20 15:58:08 | INFO     | fgvc.clustering.spherical_kmeans |   [American_Goldfinch] 25 images
2026-08-20 15:58:08 | DEBUG    | fgvc.clustering.spherical_kmeans |   Init 1/5: inertia=2.582514
2026-08-20 15:58:08 | DEBUG    | fgvc.clustering.spherical_kmeans |   Init 2/5: inertia=2.552226
2026-08-20 15:58:08 | DEBUG    | fgvc.clustering.spherical_kmeans |   Init 3/5: inertia=2.612929
2026-08-20 15:58:08 | DEBUG    | fgvc.clustering.spherical_kmeans |   Init 4/5: inertia=2.604759
2026-08-20 15:58:08 | DEBUG    | fgvc.clustering.spherical_kmeans |   Init 5/5: inertia=2.722239
2026-08-20 15:58:08 | DEBUG    | fgvc.clustering.spherical_kmeans |   Init 1/5: inertia=2.453784
2026-08-20 15:58:08 | DEBUG    | fgvc.clustering.spherical_kmeans |   Init 2/5: inertia=2.437873
2026-08-20 15:58:08 | DEBUG    | fgvc.clustering.spherical_kmeans |   Init 3/5: inertia=2.370510
2026-08-20 15:58:08 | DEBUG    | fgvc.clustering.spherical_kmeans |   Init 4/5: inertia=2.423376
2026-08-20 15:58:08 | DEBUG    | fgvc.clustering.spherical_kmeans |   Init 5/5: inertia=2.405980
2026-08-20 15:58:08 | DEBUG    | fgvc.clustering.spherical_kmeans |   Init 1/5: inertia=2.324262
2026-08-20 15:58:08 | DEBUG    | fgvc.clustering.spherical_kmeans |   Init 2/5: inertia=2.310456
2026-08-20 15:58:08 | DEBUG    | fgvc.clustering.spherical_kmeans |   Init 3/5: inertia=2.264604
2026-08-20 15:58:08 | DEBUG    | fgvc.clustering.spherical_kmeans |   Init 4/5: inertia=2.281474
2026-08-20 15:58:08 | DEBUG    | fgvc.clustering.spherical_kmeans |   Init 5/5: inertia=2.279289
2026-08-20 15:58:08 | DEBUG    | fgvc.clustering.spherical_kmeans |   Init 1/5: inertia=2.180019
2026-08-20 15:58:08 | DEBUG    | fgvc.clustering.spherical_kmeans |   Init 2/5: inertia=2.230385
2026-08-20 15:58:08 | DEBUG    | fgvc.clustering.spherical_kmeans |   Init 3/5: inertia=2.117298
2026-08-20 15:58:08 | DEBUG    | fgvc.clustering.spherical_kmeans |   Init 4/5: inertia=2.088141
2026-08-20 15:58:08 | DEBUG    | fgvc.clustering.spherical_kmeans |   Init 5/5: inertia=2.123096
2026-08-20 15:58:08 | DEBUG    | fgvc.clustering.spherical_kmeans | K selection: best_k=2 | scores={2: {'silhouette': 0.2253, 'compactness': 0.8979, 'score': 0.382}, 3: {'silhouette': 0.0285, 'compactness': 0.9052, 'score': 0.2191}, 4: {'silhouette': 0.0821, 'compactness': 0.9094, 'score': 0.1805}, 5: {'silhouette': 0.074, 'compactness': 0.9165, 'score': 0.112}}
2026-08-20 15:58:08 | DEBUG    | fgvc.clustering.spherical_kmeans |   Init 1/10: inertia=2.582514
2026-08-20 15:58:08 | DEBUG    | fgvc.clustering.spherical_kmeans |   Init 2/10: inertia=2.552226
2026-08-20 15:58:08 | DEBUG    | fgvc.clustering.spherical_kmeans |   Init 3/10: inertia=2.612929
2026-08-20 15:58:08 | DEBUG    | fgvc.clustering.spherical_kmeans |   Init 4/10: inertia=2.604759
2026-08-20 15:58:08 | DEBUG    | fgvc.clustering.spherical_kmeans |   Init 5/10: inertia=2.722239
2026-08-20 15:58:08 | DEBUG    | fgvc.clustering.spherical_kmeans |   Init 6/10: inertia=2.574228
2026-08-20 15:58:08 | DEBUG    | fgvc.clustering.spherical_kmeans |   Init 7/10: inertia=2.657976
2026-08-20 15:58:08 | DEBUG    | fgvc.clustering.spherical_kmeans |   Init 8/10: inertia=2.682328
2026-08-20 15:58:08 | DEBUG    | fgvc.clustering.spherical_kmeans |   Init 9/10: inertia=2.552226
2026-08-20 15:58:08 | DEBUG    | fgvc.clustering.spherical_kmeans |   Init 10/10: inertia=2.552765
2026-08-20 15:58:08 | INFO     | fgvc.clustering.spherical_kmeans |   [American_Goldfinch] k_selected=2 | k_effective=2 | min_cluster=5 | max_cluster=20
2026-08-20 15:58:08 | INFO     | fgvc.clustering.spherical_kmeans |   [American_Pipit] 25 images
2026-08-20 15:58:08 | DEBUG    | fgvc.clustering.spherical_kmeans |   Init 1/5: inertia=4.520049
2026-08-20 15:58:08 | DEBUG    | fgvc.clustering.spherical_kmeans |   Init 2/5: inertia=4.383175
2026-08-20 15:58:08 | DEBUG    | fgvc.clustering.spherical_kmeans |   Init 3/5: inertia=4.590346
2026-08-20 15:58:08 | DEBUG    | fgvc.clustering.spherical_kmeans |   Init 4/5: inertia=4.640289
2026-08-20 15:58:08 | DEBUG    | fgvc.clustering.spherical_kmeans |   Init 5/5: inertia=4.470576
2026-08-20 15:58:08 | DEBUG    | fgvc.clustering.spherical_kmeans |   Init 1/5: inertia=4.213953
2026-08-20 15:58:08 | DEBUG    | fgvc.clustering.spherical_kmeans |   Init 2/5: inertia=4.240091
2026-08-20 15:58:08 | DEBUG    | fgvc.clustering.spherical_kmeans |   Init 3/5: inertia=4.051227
2026-08-20 15:58:08 | DEBUG    | fgvc.clustering.spherical_kmeans |   Init 4/5: inertia=4.185750
2026-08-20 15:58:08 | DEBUG    | fgvc.clustering.spherical_kmeans |   Init 5/5: inertia=4.228669
2026-08-20 15:58:08 | DEBUG    | fgvc.clustering.spherical_kmeans |   Init 1/5: inertia=3.899105
2026-08-20 15:58:08 | DEBUG    | fgvc.clustering.spherical_kmeans |   Init 2/5: inertia=3.889936
2026-08-20 15:58:08 | DEBUG    | fgvc.clustering.spherical_kmeans |   Init 3/5: inertia=4.021331
2026-08-20 15:58:08 | DEBUG    | fgvc.clustering.spherical_kmeans |   Init 4/5: inertia=3.681334
2026-08-20 15:58:08 | DEBUG    | fgvc.clustering.spherical_kmeans |   Init 5/5: inertia=3.831445
2026-08-20 15:58:08 | DEBUG    | fgvc.clustering.spherical_kmeans |   Init 1/5: inertia=3.638994
2026-08-20 15:58:08 | DEBUG    | fgvc.clustering.spherical_kmeans |   Init 2/5: inertia=3.473002
2026-08-20 15:58:08 | DEBUG    | fgvc.clustering.spherical_kmeans |   Init 3/5: inertia=3.531490
2026-08-20 15:58:08 | DEBUG    | fgvc.clustering.spherical_kmeans |   Init 4/5: inertia=3.499663
2026-08-20 15:58:08 | DEBUG    | fgvc.clustering.spherical_kmeans |   Init 5/5: inertia=3.661873
2026-08-20 15:58:08 | DEBUG    | fgvc.clustering.spherical_kmeans | K selection: best_k=2 | scores={2: {'silhouette': 0.1568, 'compactness': 0.8247, 'score': 0.3258}, 3: {'silhouette': 0.0755, 'compactness': 0.838, 'score': 0.2225}, 4: {'silhouette': 0.0454, 'compactness': 0.8527, 'score': 0.1452}, 5: {'silhouette': 0.0346, 'compactness': 0.8611, 'score': 0.0756}}
2026-08-20 15:58:08 | DEBUG    | fgvc.clustering.spherical_kmeans |   Init 1/10: inertia=4.520049
2026-08-20 15:58:08 | DEBUG    | fgvc.clustering.spherical_kmeans |   Init 2/10: inertia=4.383175
2026-08-20 15:58:08 | DEBUG    | fgvc.clustering.spherical_kmeans |   Init 3/10: inertia=4.590346
2026-08-20 15:58:08 | DEBUG    | fgvc.clustering.spherical_kmeans |   Init 4/10: inertia=4.640289
2026-08-20 15:58:08 | DEBUG    | fgvc.clustering.spherical_kmeans |   Init 5/10: inertia=4.470576
2026-08-20 15:58:08 | DEBUG    | fgvc.clustering.spherical_kmeans |   Init 6/10: inertia=4.639050
2026-08-20 15:58:08 | DEBUG    | fgvc.clustering.spherical_kmeans |   Init 7/10: inertia=4.470576
2026-08-20 15:58:08 | DEBUG    | fgvc.clustering.spherical_kmeans |   Init 8/10: inertia=4.480325
2026-08-20 15:58:08 | DEBUG    | fgvc.clustering.spherical_kmeans |   Init 9/10: inertia=4.470576
2026-08-20 15:58:08 | DEBUG    | fgvc.clustering.spherical_kmeans |   Init 10/10: inertia=4.607763
2026-08-20 15:58:08 | INFO     | fgvc.clustering.spherical_kmeans |   [American_Pipit] k_selected=2 | k_effective=2 | min_cluster=8 | max_cluster=17
2026-08-20 15:58:08 | INFO     | fgvc.clustering.spherical_kmeans |   [American_Redstart] 25 images
2026-08-20 15:58:08 | DEBUG    | fgvc.clustering.spherical_kmeans |   Init 1/5: inertia=2.674273
2026-08-20 15:58:08 | DEBUG    | fgvc.clustering.spherical_kmeans |   Init 2/5: inertia=2.742394
2026-08-20 15:58:08 | DEBUG    | fgvc.clustering.spherical_kmeans |   Init 3/5: inertia=2.584845
2026-08-20 15:58:08 | DEBUG    | fgvc.clustering.spherical_kmeans |   Init 4/5: inertia=2.632283
2026-08-20 15:58:08 | DEBUG    | fgvc.clustering.spherical_kmeans |   Init 5/5: inertia=2.664043
2026-08-20 15:58:08 | DEBUG    | fgvc.clustering.spherical_kmeans |   Init 1/5: inertia=2.593978
2026-08-20 15:58:08 | DEBUG    | fgvc.clustering.spherical_kmeans |   Init 2/5: inertia=2.460354
2026-08-20 15:58:08 | DEBUG    | fgvc.clustering.spherical_kmeans |   Init 3/5: inertia=2.479639
2026-08-20 15:58:08 | DEBUG    | fgvc.clustering.spherical_kmeans |   Init 4/5: inertia=2.452889
2026-08-20 15:58:08 | DEBUG    | fgvc.clustering.spherical_kmeans |   Init 5/5: inertia=2.175559
2026-08-20 15:58:08 | DEBUG    | fgvc.clustering.spherical_kmeans |   Init 1/5: inertia=2.491250
2026-08-20 15:58:08 | DEBUG    | fgvc.clustering.spherical_kmeans |   Init 2/5: inertia=2.076540
2026-08-20 15:58:08 | DEBUG    | fgvc.clustering.spherical_kmeans |   Init 3/5: inertia=2.310106
2026-08-20 15:58:08 | DEBUG    | fgvc.clustering.spherical_kmeans |   Init 4/5: inertia=2.025641
2026-08-20 15:58:08 | DEBUG    | fgvc.clustering.spherical_kmeans |   Init 5/5: inertia=2.211654
2026-08-20 15:58:08 | DEBUG    | fgvc.clustering.spherical_kmeans |   Init 1/5: inertia=2.042617
2026-08-20 15:58:08 | DEBUG    | fgvc.clustering.spherical_kmeans |   Init 2/5: inertia=1.902556
2026-08-20 15:58:08 | DEBUG    | fgvc.clustering.spherical_kmeans |   Init 3/5: inertia=1.893389
2026-08-20 15:58:08 | DEBUG    | fgvc.clustering.spherical_kmeans |   Init 4/5: inertia=1.973330
2026-08-20 15:58:08 | DEBUG    | fgvc.clustering.spherical_kmeans |   Init 5/5: inertia=1.804432
2026-08-20 15:58:08 | DEBUG    | fgvc.clustering.spherical_kmeans | K selection: best_k=2 | scores={2: {'silhouette': 0.4506, 'compactness': 0.8966, 'score': 0.4943}, 3: {'silhouette': 0.464, 'compactness': 0.913, 'score': 0.4392}, 4: {'silhouette': 0.1998, 'compactness': 0.919, 'score': 0.2423}, 5: {'silhouette': 0.0808, 'compactness': 0.9278, 'score': 0.1187}}
2026-08-20 15:58:08 | DEBUG    | fgvc.clustering.spherical_kmeans |   Init 1/10: inertia=2.674273
2026-08-20 15:58:08 | DEBUG    | fgvc.clustering.spherical_kmeans |   Init 2/10: inertia=2.742394
2026-08-20 15:58:08 | DEBUG    | fgvc.clustering.spherical_kmeans |   Init 3/10: inertia=2.584845
2026-08-20 15:58:08 | DEBUG    | fgvc.clustering.spherical_kmeans |   Init 4/10: inertia=2.632283
2026-08-20 15:58:08 | DEBUG    | fgvc.clustering.spherical_kmeans |   Init 5/10: inertia=2.664043
2026-08-20 15:58:08 | DEBUG    | fgvc.clustering.spherical_kmeans |   Init 6/10: inertia=2.714463
2026-08-20 15:58:08 | DEBUG    | fgvc.clustering.spherical_kmeans |   Init 7/10: inertia=2.864526
2026-08-20 15:58:08 | DEBUG    | fgvc.clustering.spherical_kmeans |   Init 8/10: inertia=2.660271
2026-08-20 15:58:08 | DEBUG    | fgvc.clustering.spherical_kmeans |   Init 9/10: inertia=2.664043
2026-08-20 15:58:08 | DEBUG    | fgvc.clustering.spherical_kmeans |   Init 10/10: inertia=2.749533
2026-08-20 15:58:08 | INFO     | fgvc.clustering.spherical_kmeans |   [American_Redstart] k_selected=2 | k_effective=1 | min_cluster=25 | max_cluster=25
2026-08-20 15:58:08 | INFO     | fgvc.clustering.spherical_kmeans |   [American_Three_toed_Woodpecker] 25 images
2026-08-20 15:58:08 | DEBUG    | fgvc.clustering.spherical_kmeans |   Init 1/5: inertia=4.118724
2026-08-20 15:58:08 | DEBUG    | fgvc.clustering.spherical_kmeans |   Init 2/5: inertia=4.410797
2026-08-20 15:58:08 | DEBUG    | fgvc.clustering.spherical_kmeans |   Init 3/5: inertia=4.191352
2026-08-20 15:58:08 | DEBUG    | fgvc.clustering.spherical_kmeans |   Init 4/5: inertia=4.354382
2026-08-20 15:58:08 | DEBUG    | fgvc.clustering.spherical_kmeans |   Init 5/5: inertia=4.033736
2026-08-20 15:58:08 | DEBUG    | fgvc.clustering.spherical_kmeans |   Init 1/5: inertia=3.805625
2026-08-20 15:58:08 | DEBUG    | fgvc.clustering.spherical_kmeans |   Init 2/5: inertia=4.319012
2026-08-20 15:58:08 | DEBUG    | fgvc.clustering.spherical_kmeans |   Init 3/5: inertia=3.764631
2026-08-20 15:58:08 | DEBUG    | fgvc.clustering.spherical_kmeans |   Init 4/5: inertia=3.746182
2026-08-20 15:58:08 | DEBUG    | fgvc.clustering.spherical_kmeans |   Init 5/5: inertia=3.677793
2026-08-20 15:58:08 | DEBUG    | fgvc.clustering.spherical_kmeans |   Init 1/5: inertia=3.540292
2026-08-20 15:58:08 | DEBUG    | fgvc.clustering.spherical_kmeans |   Init 2/5: inertia=3.566917
2026-08-20 15:58:08 | DEBUG    | fgvc.clustering.spherical_kmeans |   Init 3/5: inertia=3.425687
2026-08-20 15:58:08 | DEBUG    | fgvc.clustering.spherical_kmeans |   Init 4/5: inertia=3.406740
2026-08-20 15:58:08 | DEBUG    | fgvc.clustering.spherical_kmeans |   Init 5/5: inertia=3.436605
2026-08-20 15:58:08 | DEBUG    | fgvc.clustering.spherical_kmeans |   Init 1/5: inertia=3.172175
2026-08-20 15:58:08 | DEBUG    | fgvc.clustering.spherical_kmeans |   Init 2/5: inertia=3.120714
2026-08-20 15:58:08 | DEBUG    | fgvc.clustering.spherical_kmeans |   Init 3/5: inertia=2.973868
2026-08-20 15:58:08 | DEBUG    | fgvc.clustering.spherical_kmeans |   Init 4/5: inertia=3.262262
2026-08-20 15:58:08 | DEBUG    | fgvc.clustering.spherical_kmeans |   Init 5/5: inertia=3.203736
2026-08-20 15:58:08 | DEBUG    | fgvc.clustering.spherical_kmeans | K selection: best_k=2 | scores={2: {'silhouette': 0.2532, 'compactness': 0.8387, 'score': 0.3782}, 3: {'silhouette': 0.2525, 'compactness': 0.8529, 'score': 0.3154}, 4: {'silhouette': 0.1953, 'compactness': 0.8637, 'score': 0.2234}, 5: {'silhouette': 0.1388, 'compactness': 0.881, 'score': 0.1337}}
2026-08-20 15:58:08 | DEBUG    | fgvc.clustering.spherical_kmeans |   Init 1/10: inertia=4.118724
2026-08-20 15:58:08 | DEBUG    | fgvc.clustering.spherical_kmeans |   Init 2/10: inertia=4.410797
2026-08-20 15:58:08 | DEBUG    | fgvc.clustering.spherical_kmeans |   Init 3/10: inertia=4.191352
2026-08-20 15:58:08 | DEBUG    | fgvc.clustering.spherical_kmeans |   Init 4/10: inertia=4.354382
2026-08-20 15:58:08 | DEBUG    | fgvc.clustering.spherical_kmeans |   Init 5/10: inertia=4.033736
2026-08-20 15:58:08 | DEBUG    | fgvc.clustering.spherical_kmeans |   Init 6/10: inertia=4.245209
2026-08-20 15:58:08 | DEBUG    | fgvc.clustering.spherical_kmeans |   Init 7/10: inertia=4.215712
2026-08-20 15:58:08 | DEBUG    | fgvc.clustering.spherical_kmeans |   Init 8/10: inertia=4.424098
2026-08-20 15:58:08 | DEBUG    | fgvc.clustering.spherical_kmeans |   Init 9/10: inertia=4.306935
2026-08-20 15:58:08 | DEBUG    | fgvc.clustering.spherical_kmeans |   Init 10/10: inertia=4.191352
2026-08-20 15:58:08 | INFO     | fgvc.clustering.spherical_kmeans |   [American_Three_toed_Woodpecker] k_selected=2 | k_effective=2 | min_cluster=5 | max_cluster=20
2026-08-20 15:58:08 | INFO     | fgvc.clustering.spherical_kmeans |   [Anna_Hummingbird] 25 images
2026-08-20 15:58:08 | DEBUG    | fgvc.clustering.spherical_kmeans |   Init 1/5: inertia=3.171008
2026-08-20 15:58:08 | DEBUG    | fgvc.clustering.spherical_kmeans |   Init 2/5: inertia=3.495090
2026-08-20 15:58:08 | DEBUG    | fgvc.clustering.spherical_kmeans |   Init 3/5: inertia=3.355469
2026-08-20 15:58:08 | DEBUG    | fgvc.clustering.spherical_kmeans |   Init 4/5: inertia=3.509585
2026-08-20 15:58:08 | DEBUG    | fgvc.clustering.spherical_kmeans |   Init 5/5: inertia=3.487720
2026-08-20 15:58:08 | DEBUG    | fgvc.clustering.spherical_kmeans |   Init 1/5: inertia=2.858871
2026-08-20 15:58:08 | DEBUG    | fgvc.clustering.spherical_kmeans |   Init 2/5: inertia=2.921555
2026-08-20 15:58:08 | DEBUG    | fgvc.clustering.spherical_kmeans |   Init 3/5: inertia=2.988374
2026-08-20 15:58:08 | DEBUG    | fgvc.clustering.spherical_kmeans |   Init 4/5: inertia=3.066171
2026-08-20 15:58:08 | DEBUG    | fgvc.clustering.spherical_kmeans |   Init 5/5: inertia=2.926078
2026-08-20 15:58:08 | DEBUG    | fgvc.clustering.spherical_kmeans |   Init 1/5: inertia=2.727253
2026-08-20 15:58:08 | DEBUG    | fgvc.clustering.spherical_kmeans |   Init 2/5: inertia=2.782734
2026-08-20 15:58:08 | DEBUG    | fgvc.clustering.spherical_kmeans |   Init 3/5: inertia=2.622753
2026-08-20 15:58:08 | DEBUG    | fgvc.clustering.spherical_kmeans |   Init 4/5: inertia=2.723351
2026-08-20 15:58:08 | DEBUG    | fgvc.clustering.spherical_kmeans |   Init 5/5: inertia=3.006913
2026-08-20 15:58:08 | DEBUG    | fgvc.clustering.spherical_kmeans |   Init 1/5: inertia=2.455811
2026-08-20 15:58:08 | DEBUG    | fgvc.clustering.spherical_kmeans |   Init 2/5: inertia=2.688604
2026-08-20 15:58:08 | DEBUG    | fgvc.clustering.spherical_kmeans |   Init 3/5: inertia=2.479521
2026-08-20 15:58:08 | DEBUG    | fgvc.clustering.spherical_kmeans |   Init 4/5: inertia=2.503912
2026-08-20 15:58:08 | DEBUG    | fgvc.clustering.spherical_kmeans |   Init 5/5: inertia=2.483866
2026-08-20 15:58:08 | DEBUG    | fgvc.clustering.spherical_kmeans | K selection: best_k=2 | scores={2: {'silhouette': 0.2974, 'compactness': 0.8732, 'score': 0.4106}, 3: {'silhouette': 0.1613, 'compactness': 0.8856, 'score': 0.2797}, 4: {'silhouette': 0.0933, 'compactness': 0.8951, 'score': 0.1818}, 5: {'silhouette': 0.1222, 'compactness': 0.9018, 'score': 0.1316}}
2026-08-20 15:58:08 | DEBUG    | fgvc.clustering.spherical_kmeans |   Init 1/10: inertia=3.171008
2026-08-20 15:58:08 | DEBUG    | fgvc.clustering.spherical_kmeans |   Init 2/10: inertia=3.495090
2026-08-20 15:58:08 | DEBUG    | fgvc.clustering.spherical_kmeans |   Init 3/10: inertia=3.355469
2026-08-20 15:58:08 | DEBUG    | fgvc.clustering.spherical_kmeans |   Init 4/10: inertia=3.509585
2026-08-20 15:58:08 | DEBUG    | fgvc.clustering.spherical_kmeans |   Init 5/10: inertia=3.487720
2026-08-20 15:58:08 | DEBUG    | fgvc.clustering.spherical_kmeans |   Init 6/10: inertia=3.318616
2026-08-20 15:58:08 | DEBUG    | fgvc.clustering.spherical_kmeans |   Init 7/10: inertia=3.416862
2026-08-20 15:58:08 | DEBUG    | fgvc.clustering.spherical_kmeans |   Init 8/10: inertia=3.464428
2026-08-20 15:58:08 | DEBUG    | fgvc.clustering.spherical_kmeans |   Init 9/10: inertia=3.495090
2026-08-20 15:58:08 | DEBUG    | fgvc.clustering.spherical_kmeans |   Init 10/10: inertia=3.318616
2026-08-20 15:58:08 | INFO     | fgvc.clustering.spherical_kmeans |   [Anna_Hummingbird] k_selected=2 | k_effective=2 | min_cluster=6 | max_cluster=19
2026-08-20 15:58:08 | INFO     | fgvc.clustering.spherical_kmeans |   [Artic_Tern] 25 images
2026-08-20 15:58:08 | DEBUG    | fgvc.clustering.spherical_kmeans |   Init 1/5: inertia=3.211712
2026-08-20 15:58:08 | DEBUG    | fgvc.clustering.spherical_kmeans |   Init 2/5: inertia=3.258487
2026-08-20 15:58:08 | DEBUG    | fgvc.clustering.spherical_kmeans |   Init 3/5: inertia=3.211712
2026-08-20 15:58:08 | DEBUG    | fgvc.clustering.spherical_kmeans |   Init 4/5: inertia=3.288343
2026-08-20 15:58:08 | DEBUG    | fgvc.clustering.spherical_kmeans |   Init 5/5: inertia=3.399413
2026-08-20 15:58:08 | DEBUG    | fgvc.clustering.spherical_kmeans |   Init 1/5: inertia=2.750108
2026-08-20 15:58:08 | DEBUG    | fgvc.clustering.spherical_kmeans |   Init 2/5: inertia=2.750108
2026-08-20 15:58:08 | DEBUG    | fgvc.clustering.spherical_kmeans |   Init 3/5: inertia=3.016634
2026-08-20 15:58:08 | DEBUG    | fgvc.clustering.spherical_kmeans |   Init 4/5: inertia=2.926300
2026-08-20 15:58:08 | DEBUG    | fgvc.clustering.spherical_kmeans |   Init 5/5: inertia=3.102195
2026-08-20 15:58:08 | DEBUG    | fgvc.clustering.spherical_kmeans |   Init 1/5: inertia=2.592051
2026-08-20 15:58:08 | DEBUG    | fgvc.clustering.spherical_kmeans |   Init 2/5: inertia=2.460145
2026-08-20 15:58:08 | DEBUG    | fgvc.clustering.spherical_kmeans |   Init 3/5: inertia=2.393112
2026-08-20 15:58:08 | DEBUG    | fgvc.clustering.spherical_kmeans |   Init 4/5: inertia=2.774345
2026-08-20 15:58:08 | DEBUG    | fgvc.clustering.spherical_kmeans |   Init 5/5: inertia=2.784783
2026-08-20 15:58:08 | DEBUG    | fgvc.clustering.spherical_kmeans |   Init 1/5: inertia=2.120930
2026-08-20 15:58:08 | DEBUG    | fgvc.clustering.spherical_kmeans |   Init 2/5: inertia=2.290581
2026-08-20 15:58:08 | DEBUG    | fgvc.clustering.spherical_kmeans |   Init 3/5: inertia=2.560126
2026-08-20 15:58:08 | DEBUG    | fgvc.clustering.spherical_kmeans |   Init 4/5: inertia=2.499810
2026-08-20 15:58:08 | DEBUG    | fgvc.clustering.spherical_kmeans |   Init 5/5: inertia=2.500703
2026-08-20 15:58:08 | DEBUG    | fgvc.clustering.spherical_kmeans | K selection: best_k=2 | scores={2: {'silhouette': 0.5759, 'compactness': 0.8715, 'score': 0.5494}, 3: {'silhouette': 0.429, 'compactness': 0.89, 'score': 0.4148}, 4: {'silhouette': 0.1401, 'compactness': 0.9043, 'score': 0.208}, 5: {'silhouette': 0.1195, 'compactness': 0.9152, 'score': 0.1343}}
2026-08-20 15:58:08 | DEBUG    | fgvc.clustering.spherical_kmeans |   Init 1/10: inertia=3.211712
2026-08-20 15:58:08 | DEBUG    | fgvc.clustering.spherical_kmeans |   Init 2/10: inertia=3.258487
2026-08-20 15:58:08 | DEBUG    | fgvc.clustering.spherical_kmeans |   Init 3/10: inertia=3.211712
2026-08-20 15:58:08 | DEBUG    | fgvc.clustering.spherical_kmeans |   Init 4/10: inertia=3.288343
2026-08-20 15:58:08 | DEBUG    | fgvc.clustering.spherical_kmeans |   Init 5/10: inertia=3.399413
2026-08-20 15:58:08 | DEBUG    | fgvc.clustering.spherical_kmeans |   Init 6/10: inertia=3.211712
2026-08-20 15:58:08 | DEBUG    | fgvc.clustering.spherical_kmeans |   Init 7/10: inertia=3.318036
2026-08-20 15:58:08 | DEBUG    | fgvc.clustering.spherical_kmeans |   Init 8/10: inertia=3.384252
2026-08-20 15:58:08 | DEBUG    | fgvc.clustering.spherical_kmeans |   Init 9/10: inertia=3.311973
2026-08-20 15:58:08 | DEBUG    | fgvc.clustering.spherical_kmeans |   Init 10/10: inertia=3.463986
2026-08-20 15:58:08 | INFO     | fgvc.clustering.spherical_kmeans |   [Artic_Tern] k_selected=2 | k_effective=1 | min_cluster=25 | max_cluster=25
2026-08-20 15:58:08 | INFO     | fgvc.clustering.spherical_kmeans |   [Baird_Sparrow] 25 images
2026-08-20 15:58:08 | DEBUG    | fgvc.clustering.spherical_kmeans |   Init 1/5: inertia=3.853076
2026-08-20 15:58:08 | DEBUG    | fgvc.clustering.spherical_kmeans |   Init 2/5: inertia=3.848934
2026-08-20 15:58:08 | DEBUG    | fgvc.clustering.spherical_kmeans |   Init 3/5: inertia=3.715423
2026-08-20 15:58:08 | DEBUG    | fgvc.clustering.spherical_kmeans |   Init 4/5: inertia=3.876615
2026-08-20 15:58:08 | DEBUG    | fgvc.clustering.spherical_kmeans |   Init 5/5: inertia=3.824514
2026-08-20 15:58:08 | DEBUG    | fgvc.clustering.spherical_kmeans |   Init 1/5: inertia=3.660353
2026-08-20 15:58:08 | DEBUG    | fgvc.clustering.spherical_kmeans |   Init 2/5: inertia=3.382207
2026-08-20 15:58:08 | DEBUG    | fgvc.clustering.spherical_kmeans |   Init 3/5: inertia=3.600358
2026-08-20 15:58:08 | DEBUG    | fgvc.clustering.spherical_kmeans |   Init 4/5: inertia=3.315729
2026-08-20 15:58:08 | DEBUG    | fgvc.clustering.spherical_kmeans |   Init 5/5: inertia=3.658595
2026-08-20 15:58:08 | DEBUG    | fgvc.clustering.spherical_kmeans |   Init 1/5: inertia=3.406643
2026-08-20 15:58:08 | DEBUG    | fgvc.clustering.spherical_kmeans |   Init 2/5: inertia=3.082323
2026-08-20 15:58:08 | DEBUG    | fgvc.clustering.spherical_kmeans |   Init 3/5: inertia=3.116615
2026-08-20 15:58:08 | DEBUG    | fgvc.clustering.spherical_kmeans |   Init 4/5: inertia=3.280727
2026-08-20 15:58:08 | DEBUG    | fgvc.clustering.spherical_kmeans |   Init 5/5: inertia=3.081650
2026-08-20 15:58:08 | DEBUG    | fgvc.clustering.spherical_kmeans |   Init 1/5: inertia=3.037791
2026-08-20 15:58:08 | DEBUG    | fgvc.clustering.spherical_kmeans |   Init 2/5: inertia=2.884066
2026-08-20 15:58:08 | DEBUG    | fgvc.clustering.spherical_kmeans |   Init 3/5: inertia=3.078572
2026-08-20 15:58:08 | DEBUG    | fgvc.clustering.spherical_kmeans |   Init 4/5: inertia=2.929883
2026-08-20 15:58:08 | DEBUG    | fgvc.clustering.spherical_kmeans |   Init 5/5: inertia=2.997836
2026-08-20 15:58:08 | DEBUG    | fgvc.clustering.spherical_kmeans | K selection: best_k=2 | scores={2: {'silhouette': 0.4331, 'compactness': 0.8514, 'score': 0.472}, 3: {'silhouette': 0.1021, 'compactness': 0.8674, 'score': 0.2446}, 4: {'silhouette': 0.078, 'compactness': 0.8767, 'score': 0.1687}, 5: {'silhouette': 0.0423, 'compactness': 0.8846, 'score': 0.0865}}
2026-08-20 15:58:08 | DEBUG    | fgvc.clustering.spherical_kmeans |   Init 1/10: inertia=3.853076
2026-08-20 15:58:08 | DEBUG    | fgvc.clustering.spherical_kmeans |   Init 2/10: inertia=3.848934
2026-08-20 15:58:08 | DEBUG    | fgvc.clustering.spherical_kmeans |   Init 3/10: inertia=3.715423
2026-08-20 15:58:08 | DEBUG    | fgvc.clustering.spherical_kmeans |   Init 4/10: inertia=3.876615
2026-08-20 15:58:08 | DEBUG    | fgvc.clustering.spherical_kmeans |   Init 5/10: inertia=3.824514
2026-08-20 15:58:08 | DEBUG    | fgvc.clustering.spherical_kmeans |   Init 6/10: inertia=3.715423
2026-08-20 15:58:08 | DEBUG    | fgvc.clustering.spherical_kmeans |   Init 7/10: inertia=3.933297
2026-08-20 15:58:08 | DEBUG    | fgvc.clustering.spherical_kmeans |   Init 8/10: inertia=3.963457
2026-08-20 15:58:08 | DEBUG    | fgvc.clustering.spherical_kmeans |   Init 9/10: inertia=3.949206
2026-08-20 15:58:08 | DEBUG    | fgvc.clustering.spherical_kmeans |   Init 10/10: inertia=3.791465
2026-08-20 15:58:08 | INFO     | fgvc.clustering.spherical_kmeans |   [Baird_Sparrow] k_selected=2 | k_effective=1 | min_cluster=25 | max_cluster=25
2026-08-20 15:58:08 | INFO     | fgvc.clustering.spherical_kmeans |   [Baltimore_Oriole] 25 images
2026-08-20 15:58:08 | DEBUG    | fgvc.clustering.spherical_kmeans |   Init 1/5: inertia=2.565850
2026-08-20 15:58:08 | DEBUG    | fgvc.clustering.spherical_kmeans |   Init 2/5: inertia=3.182436
2026-08-20 15:58:08 | DEBUG    | fgvc.clustering.spherical_kmeans |   Init 3/5: inertia=2.565850
2026-08-20 15:58:08 | DEBUG    | fgvc.clustering.spherical_kmeans |   Init 4/5: inertia=2.565850
2026-08-20 15:58:08 | DEBUG    | fgvc.clustering.spherical_kmeans |   Init 5/5: inertia=2.565850
2026-08-20 15:58:08 | DEBUG    | fgvc.clustering.spherical_kmeans |   Init 1/5: inertia=2.390256
2026-08-20 15:58:08 | DEBUG    | fgvc.clustering.spherical_kmeans |   Init 2/5: inertia=2.439675
2026-08-20 15:58:08 | DEBUG    | fgvc.clustering.spherical_kmeans |   Init 3/5: inertia=2.633286
2026-08-20 15:58:08 | DEBUG    | fgvc.clustering.spherical_kmeans |   Init 4/5: inertia=2.370883
2026-08-20 15:58:08 | DEBUG    | fgvc.clustering.spherical_kmeans |   Init 5/5: inertia=2.347710
2026-08-20 15:58:08 | DEBUG    | fgvc.clustering.spherical_kmeans |   Init 1/5: inertia=2.261422
2026-08-20 15:58:08 | DEBUG    | fgvc.clustering.spherical_kmeans |   Init 2/5: inertia=2.261370
2026-08-20 15:58:08 | DEBUG    | fgvc.clustering.spherical_kmeans |   Init 3/5: inertia=2.236260
2026-08-20 15:58:09 | DEBUG    | fgvc.clustering.spherical_kmeans |   Init 4/5: inertia=2.215242
2026-08-20 15:58:09 | DEBUG    | fgvc.clustering.spherical_kmeans |   Init 5/5: inertia=2.188623
2026-08-20 15:58:09 | DEBUG    | fgvc.clustering.spherical_kmeans |   Init 1/5: inertia=2.171830
2026-08-20 15:58:09 | DEBUG    | fgvc.clustering.spherical_kmeans |   Init 2/5: inertia=2.165495
2026-08-20 15:58:09 | DEBUG    | fgvc.clustering.spherical_kmeans |   Init 3/5: inertia=2.239039
2026-08-20 15:58:09 | DEBUG    | fgvc.clustering.spherical_kmeans |   Init 4/5: inertia=2.124619
2026-08-20 15:58:09 | DEBUG    | fgvc.clustering.spherical_kmeans |   Init 5/5: inertia=2.103114
2026-08-20 15:58:09 | DEBUG    | fgvc.clustering.spherical_kmeans | K selection: best_k=2 | scores={2: {'silhouette': 0.456, 'compactness': 0.8974, 'score': 0.4972}, 3: {'silhouette': 0.3716, 'compactness': 0.9061, 'score': 0.3909}, 4: {'silhouette': 0.2697, 'compactness': 0.9125, 'score': 0.2753}, 5: {'silhouette': 0.0865, 'compactness': 0.9159, 'score': 0.118}}
2026-08-20 15:58:09 | DEBUG    | fgvc.clustering.spherical_kmeans |   Init 1/10: inertia=2.565850
2026-08-20 15:58:09 | DEBUG    | fgvc.clustering.spherical_kmeans |   Init 2/10: inertia=3.182436
2026-08-20 15:58:09 | DEBUG    | fgvc.clustering.spherical_kmeans |   Init 3/10: inertia=2.565850
2026-08-20 15:58:09 | DEBUG    | fgvc.clustering.spherical_kmeans |   Init 4/10: inertia=2.565850
2026-08-20 15:58:09 | DEBUG    | fgvc.clustering.spherical_kmeans |   Init 5/10: inertia=2.565850
2026-08-20 15:58:09 | DEBUG    | fgvc.clustering.spherical_kmeans |   Init 6/10: inertia=2.565850
2026-08-20 15:58:09 | DEBUG    | fgvc.clustering.spherical_kmeans |   Init 7/10: inertia=3.195432
2026-08-20 15:58:09 | DEBUG    | fgvc.clustering.spherical_kmeans |   Init 8/10: inertia=2.565850
2026-08-20 15:58:09 | DEBUG    | fgvc.clustering.spherical_kmeans |   Init 9/10: inertia=3.161331
2026-08-20 15:58:09 | DEBUG    | fgvc.clustering.spherical_kmeans |   Init 10/10: inertia=2.565850
2026-08-20 15:58:09 | INFO     | fgvc.clustering.spherical_kmeans |   [Baltimore_Oriole] k_selected=2 | k_effective=2 | min_cluster=5 | max_cluster=20
2026-08-20 15:58:09 | INFO     | fgvc.clustering.spherical_kmeans |   [Bank_Swallow] 25 images
2026-08-20 15:58:09 | DEBUG    | fgvc.clustering.spherical_kmeans |   Init 1/5: inertia=5.351238
2026-08-20 15:58:09 | DEBUG    | fgvc.clustering.spherical_kmeans |   Init 2/5: inertia=5.299170
2026-08-20 15:58:09 | DEBUG    | fgvc.clustering.spherical_kmeans |   Init 3/5: inertia=5.326271
2026-08-20 15:58:09 | DEBUG    | fgvc.clustering.spherical_kmeans |   Init 4/5: inertia=5.060307
2026-08-20 15:58:09 | DEBUG    | fgvc.clustering.spherical_kmeans |   Init 5/5: inertia=5.304073
2026-08-20 15:58:09 | DEBUG    | fgvc.clustering.spherical_kmeans |   Init 1/5: inertia=4.778557
2026-08-20 15:58:09 | DEBUG    | fgvc.clustering.spherical_kmeans |   Init 2/5: inertia=4.686976
2026-08-20 15:58:09 | DEBUG    | fgvc.clustering.spherical_kmeans |   Init 3/5: inertia=4.878246
2026-08-20 15:58:09 | DEBUG    | fgvc.clustering.spherical_kmeans |   Init 4/5: inertia=4.613729
2026-08-20 15:58:09 | DEBUG    | fgvc.clustering.spherical_kmeans |   Init 5/5: inertia=4.663295
2026-08-20 15:58:09 | DEBUG    | fgvc.clustering.spherical_kmeans |   Init 1/5: inertia=4.445236
2026-08-20 15:58:09 | DEBUG    | fgvc.clustering.spherical_kmeans |   Init 2/5: inertia=4.209433
2026-08-20 15:58:09 | DEBUG    | fgvc.clustering.spherical_kmeans |   Init 3/5: inertia=4.298440
2026-08-20 15:58:09 | DEBUG    | fgvc.clustering.spherical_kmeans |   Init 4/5: inertia=4.394197
2026-08-20 15:58:09 | DEBUG    | fgvc.clustering.spherical_kmeans |   Init 5/5: inertia=4.595914
2026-08-20 15:58:09 | DEBUG    | fgvc.clustering.spherical_kmeans |   Init 1/5: inertia=4.152114
2026-08-20 15:58:09 | DEBUG    | fgvc.clustering.spherical_kmeans |   Init 2/5: inertia=3.860478
2026-08-20 15:58:09 | DEBUG    | fgvc.clustering.spherical_kmeans |   Init 3/5: inertia=3.832884
2026-08-20 15:58:09 | DEBUG    | fgvc.clustering.spherical_kmeans |   Init 4/5: inertia=4.255769
2026-08-20 15:58:09 | DEBUG    | fgvc.clustering.spherical_kmeans |   Init 5/5: inertia=3.926659
2026-08-20 15:58:09 | DEBUG    | fgvc.clustering.spherical_kmeans | K selection: best_k=2 | scores={2: {'silhouette': 0.4786, 'compactness': 0.7976, 'score': 0.4786}, 3: {'silhouette': 0.0941, 'compactness': 0.8155, 'score': 0.225}, 4: {'silhouette': 0.1004, 'compactness': 0.8316, 'score': 0.1664}, 5: {'silhouette': 0.0818, 'compactness': 0.8467, 'score': 0.0949}}
2026-08-20 15:58:09 | DEBUG    | fgvc.clustering.spherical_kmeans |   Init 1/10: inertia=5.351238
2026-08-20 15:58:09 | DEBUG    | fgvc.clustering.spherical_kmeans |   Init 2/10: inertia=5.299170
2026-08-20 15:58:09 | DEBUG    | fgvc.clustering.spherical_kmeans |   Init 3/10: inertia=5.326271
2026-08-20 15:58:09 | DEBUG    | fgvc.clustering.spherical_kmeans |   Init 4/10: inertia=5.060307
2026-08-20 15:58:09 | DEBUG    | fgvc.clustering.spherical_kmeans |   Init 5/10: inertia=5.304073
2026-08-20 15:58:09 | DEBUG    | fgvc.clustering.spherical_kmeans |   Init 6/10: inertia=5.347813
2026-08-20 15:58:09 | DEBUG    | fgvc.clustering.spherical_kmeans |   Init 7/10: inertia=5.455568
2026-08-20 15:58:09 | DEBUG    | fgvc.clustering.spherical_kmeans |   Init 8/10: inertia=5.060307
2026-08-20 15:58:09 | DEBUG    | fgvc.clustering.spherical_kmeans |   Init 9/10: inertia=5.294287
2026-08-20 15:58:09 | DEBUG    | fgvc.clustering.spherical_kmeans |   Init 10/10: inertia=5.221432
2026-08-20 15:58:09 | INFO     | fgvc.clustering.spherical_kmeans |   [Bank_Swallow] k_selected=2 | k_effective=1 | min_cluster=25 | max_cluster=25
2026-08-20 15:58:09 | INFO     | fgvc.clustering.spherical_kmeans |   [Barn_Swallow] 25 images
2026-08-20 15:58:09 | DEBUG    | fgvc.clustering.spherical_kmeans |   Init 1/5: inertia=4.016906
2026-08-20 15:58:09 | DEBUG    | fgvc.clustering.spherical_kmeans |   Init 2/5: inertia=4.105910
2026-08-20 15:58:09 | DEBUG    | fgvc.clustering.spherical_kmeans |   Init 3/5: inertia=4.114517
2026-08-20 15:58:09 | DEBUG    | fgvc.clustering.spherical_kmeans |   Init 4/5: inertia=3.776597
2026-08-20 15:58:09 | DEBUG    | fgvc.clustering.spherical_kmeans |   Init 5/5: inertia=3.777203
2026-08-20 15:58:09 | DEBUG    | fgvc.clustering.spherical_kmeans |   Init 1/5: inertia=3.591560
2026-08-20 15:58:09 | DEBUG    | fgvc.clustering.spherical_kmeans |   Init 2/5: inertia=3.628116
2026-08-20 15:58:09 | DEBUG    | fgvc.clustering.spherical_kmeans |   Init 3/5: inertia=3.719841
2026-08-20 15:58:09 | DEBUG    | fgvc.clustering.spherical_kmeans |   Init 4/5: inertia=3.445162
2026-08-20 15:58:09 | DEBUG    | fgvc.clustering.spherical_kmeans |   Init 5/5: inertia=3.992974
2026-08-20 15:58:09 | DEBUG    | fgvc.clustering.spherical_kmeans |   Init 1/5: inertia=3.244562
2026-08-20 15:58:09 | DEBUG    | fgvc.clustering.spherical_kmeans |   Init 2/5: inertia=3.260842
2026-08-20 15:58:09 | DEBUG    | fgvc.clustering.spherical_kmeans |   Init 3/5: inertia=3.360965
2026-08-20 15:58:09 | DEBUG    | fgvc.clustering.spherical_kmeans |   Init 4/5: inertia=3.344414
2026-08-20 15:58:09 | DEBUG    | fgvc.clustering.spherical_kmeans |   Init 5/5: inertia=3.071754
2026-08-20 15:58:09 | DEBUG    | fgvc.clustering.spherical_kmeans |   Init 1/5: inertia=2.974623
2026-08-20 15:58:09 | DEBUG    | fgvc.clustering.spherical_kmeans |   Init 2/5: inertia=2.841734
2026-08-20 15:58:09 | DEBUG    | fgvc.clustering.spherical_kmeans |   Init 3/5: inertia=3.078651
2026-08-20 15:58:09 | DEBUG    | fgvc.clustering.spherical_kmeans |   Init 4/5: inertia=2.835036
2026-08-20 15:58:09 | DEBUG    | fgvc.clustering.spherical_kmeans |   Init 5/5: inertia=2.868957
2026-08-20 15:58:09 | DEBUG    | fgvc.clustering.spherical_kmeans | K selection: best_k=2 | scores={2: {'silhouette': 0.2708, 'compactness': 0.8489, 'score': 0.3901}, 3: {'silhouette': 0.2353, 'compactness': 0.8622, 'score': 0.3096}, 4: {'silhouette': 0.2393, 'compactness': 0.8771, 'score': 0.2494}, 5: {'silhouette': 0.2415, 'compactness': 0.8866, 'score': 0.1867}}
2026-08-20 15:58:09 | DEBUG    | fgvc.clustering.spherical_kmeans |   Init 1/10: inertia=4.016906
2026-08-20 15:58:09 | DEBUG    | fgvc.clustering.spherical_kmeans |   Init 2/10: inertia=4.105910
2026-08-20 15:58:09 | DEBUG    | fgvc.clustering.spherical_kmeans |   Init 3/10: inertia=4.114517
2026-08-20 15:58:09 | DEBUG    | fgvc.clustering.spherical_kmeans |   Init 4/10: inertia=3.776597
2026-08-20 15:58:09 | DEBUG    | fgvc.clustering.spherical_kmeans |   Init 5/10: inertia=3.777203
2026-08-20 15:58:09 | DEBUG    | fgvc.clustering.spherical_kmeans |   Init 6/10: inertia=3.776597
2026-08-20 15:58:09 | DEBUG    | fgvc.clustering.spherical_kmeans |   Init 7/10: inertia=4.094399
2026-08-20 15:58:09 | DEBUG    | fgvc.clustering.spherical_kmeans |   Init 8/10: inertia=3.793486
2026-08-20 15:58:09 | DEBUG    | fgvc.clustering.spherical_kmeans |   Init 9/10: inertia=3.914963
2026-08-20 15:58:09 | DEBUG    | fgvc.clustering.spherical_kmeans |   Init 10/10: inertia=3.793486
2026-08-20 15:58:09 | INFO     | fgvc.clustering.spherical_kmeans |   [Barn_Swallow] k_selected=2 | k_effective=2 | min_cluster=7 | max_cluster=18
2026-08-20 15:58:09 | INFO     | fgvc.clustering.spherical_kmeans |   [Bay_breasted_Warbler] 25 images
2026-08-20 15:58:09 | DEBUG    | fgvc.clustering.spherical_kmeans |   Init 1/5: inertia=3.077399
2026-08-20 15:58:09 | DEBUG    | fgvc.clustering.spherical_kmeans |   Init 2/5: inertia=3.095840
2026-08-20 15:58:09 | DEBUG    | fgvc.clustering.spherical_kmeans |   Init 3/5: inertia=3.077399
2026-08-20 15:58:09 | DEBUG    | fgvc.clustering.spherical_kmeans |   Init 4/5: inertia=3.077399
2026-08-20 15:58:09 | DEBUG    | fgvc.clustering.spherical_kmeans |   Init 5/5: inertia=3.077399
2026-08-20 15:58:09 | DEBUG    | fgvc.clustering.spherical_kmeans |   Init 1/5: inertia=2.733434
2026-08-20 15:58:09 | DEBUG    | fgvc.clustering.spherical_kmeans |   Init 2/5: inertia=2.859788
2026-08-20 15:58:09 | DEBUG    | fgvc.clustering.spherical_kmeans |   Init 3/5: inertia=2.866777
2026-08-20 15:58:09 | DEBUG    | fgvc.clustering.spherical_kmeans |   Init 4/5: inertia=2.860774
2026-08-20 15:58:09 | DEBUG    | fgvc.clustering.spherical_kmeans |   Init 5/5: inertia=2.905406
2026-08-20 15:58:09 | DEBUG    | fgvc.clustering.spherical_kmeans |   Init 1/5: inertia=2.473112
2026-08-20 15:58:09 | DEBUG    | fgvc.clustering.spherical_kmeans |   Init 2/5: inertia=2.742436
2026-08-20 15:58:09 | DEBUG    | fgvc.clustering.spherical_kmeans |   Init 3/5: inertia=2.752724
2026-08-20 15:58:09 | DEBUG    | fgvc.clustering.spherical_kmeans |   Init 4/5: inertia=2.731784
2026-08-20 15:58:09 | DEBUG    | fgvc.clustering.spherical_kmeans |   Init 5/5: inertia=2.633773
2026-08-20 15:58:09 | DEBUG    | fgvc.clustering.spherical_kmeans |   Init 1/5: inertia=2.278296
2026-08-20 15:58:09 | DEBUG    | fgvc.clustering.spherical_kmeans |   Init 2/5: inertia=2.685936
2026-08-20 15:58:09 | DEBUG    | fgvc.clustering.spherical_kmeans |   Init 3/5: inertia=2.639185
2026-08-20 15:58:09 | DEBUG    | fgvc.clustering.spherical_kmeans |   Init 4/5: inertia=2.444871
2026-08-20 15:58:09 | DEBUG    | fgvc.clustering.spherical_kmeans |   Init 5/5: inertia=2.538887
2026-08-20 15:58:09 | DEBUG    | fgvc.clustering.spherical_kmeans | K selection: best_k=2 | scores={2: {'silhouette': 0.499, 'compactness': 0.8769, 'score': 0.5126}, 3: {'silhouette': 0.4673, 'compactness': 0.8907, 'score': 0.4342}, 4: {'silhouette': 0.2228, 'compactness': 0.9011, 'score': 0.2484}, 5: {'silhouette': 0.1432, 'compactness': 0.9089, 'score': 0.1443}}
2026-08-20 15:58:09 | DEBUG    | fgvc.clustering.spherical_kmeans |   Init 1/10: inertia=3.077399
2026-08-20 15:58:09 | DEBUG    | fgvc.clustering.spherical_kmeans |   Init 2/10: inertia=3.095840
2026-08-20 15:58:09 | DEBUG    | fgvc.clustering.spherical_kmeans |   Init 3/10: inertia=3.077399
2026-08-20 15:58:09 | DEBUG    | fgvc.clustering.spherical_kmeans |   Init 4/10: inertia=3.077399
2026-08-20 15:58:09 | DEBUG    | fgvc.clustering.spherical_kmeans |   Init 5/10: inertia=3.077399
2026-08-20 15:58:09 | DEBUG    | fgvc.clustering.spherical_kmeans |   Init 6/10: inertia=3.077399
2026-08-20 15:58:09 | DEBUG    | fgvc.clustering.spherical_kmeans |   Init 7/10: inertia=3.095840
2026-08-20 15:58:09 | DEBUG    | fgvc.clustering.spherical_kmeans |   Init 8/10: inertia=3.077399
2026-08-20 15:58:09 | DEBUG    | fgvc.clustering.spherical_kmeans |   Init 9/10: inertia=3.077399
2026-08-20 15:58:09 | DEBUG    | fgvc.clustering.spherical_kmeans |   Init 10/10: inertia=3.077399
2026-08-20 15:58:09 | INFO     | fgvc.clustering.spherical_kmeans |   [Bay_breasted_Warbler] k_selected=2 | k_effective=2 | min_cluster=7 | max_cluster=18
2026-08-20 15:58:09 | INFO     | fgvc.clustering.spherical_kmeans |   [Belted_Kingfisher] 25 images
2026-08-20 15:58:09 | DEBUG    | fgvc.clustering.spherical_kmeans |   Init 1/5: inertia=3.808554
2026-08-20 15:58:09 | DEBUG    | fgvc.clustering.spherical_kmeans |   Init 2/5: inertia=3.704169
2026-08-20 15:58:09 | DEBUG    | fgvc.clustering.spherical_kmeans |   Init 3/5: inertia=3.876007
2026-08-20 15:58:09 | DEBUG    | fgvc.clustering.spherical_kmeans |   Init 4/5: inertia=3.808554
2026-08-20 15:58:09 | DEBUG    | fgvc.clustering.spherical_kmeans |   Init 5/5: inertia=4.186945
2026-08-20 15:58:09 | DEBUG    | fgvc.clustering.spherical_kmeans |   Init 1/5: inertia=3.559528
2026-08-20 15:58:09 | DEBUG    | fgvc.clustering.spherical_kmeans |   Init 2/5: inertia=3.104825
2026-08-20 15:58:09 | DEBUG    | fgvc.clustering.spherical_kmeans |   Init 3/5: inertia=3.310688
2026-08-20 15:58:09 | DEBUG    | fgvc.clustering.spherical_kmeans |   Init 4/5: inertia=3.076233
2026-08-20 15:58:09 | DEBUG    | fgvc.clustering.spherical_kmeans |   Init 5/5: inertia=3.104112
2026-08-20 15:58:09 | DEBUG    | fgvc.clustering.spherical_kmeans |   Init 1/5: inertia=3.288861
2026-08-20 15:58:09 | DEBUG    | fgvc.clustering.spherical_kmeans |   Init 2/5: inertia=3.131077
2026-08-20 15:58:09 | DEBUG    | fgvc.clustering.spherical_kmeans |   Init 3/5: inertia=2.841799
2026-08-20 15:58:09 | DEBUG    | fgvc.clustering.spherical_kmeans |   Init 4/5: inertia=2.886350
2026-08-20 15:58:09 | DEBUG    | fgvc.clustering.spherical_kmeans |   Init 5/5: inertia=3.340409
2026-08-20 15:58:09 | DEBUG    | fgvc.clustering.spherical_kmeans |   Init 1/5: inertia=2.601911
2026-08-20 15:58:09 | DEBUG    | fgvc.clustering.spherical_kmeans |   Init 2/5: inertia=2.836098
2026-08-20 15:58:09 | DEBUG    | fgvc.clustering.spherical_kmeans |   Init 3/5: inertia=2.836794
2026-08-20 15:58:09 | DEBUG    | fgvc.clustering.spherical_kmeans |   Init 4/5: inertia=2.712416
2026-08-20 15:58:09 | DEBUG    | fgvc.clustering.spherical_kmeans |   Init 5/5: inertia=3.016398
2026-08-20 15:58:09 | DEBUG    | fgvc.clustering.spherical_kmeans | K selection: best_k=2 | scores={2: {'silhouette': 0.2302, 'compactness': 0.8518, 'score': 0.3707}, 3: {'silhouette': 0.2486, 'compactness': 0.877, 'score': 0.3207}, 4: {'silhouette': 0.2164, 'compactness': 0.8863, 'score': 0.2408}, 5: {'silhouette': 0.1968, 'compactness': 0.8959, 'score': 0.1672}}
2026-08-20 15:58:09 | DEBUG    | fgvc.clustering.spherical_kmeans |   Init 1/10: inertia=3.808554
2026-08-20 15:58:09 | DEBUG    | fgvc.clustering.spherical_kmeans |   Init 2/10: inertia=3.704169
2026-08-20 15:58:09 | DEBUG    | fgvc.clustering.spherical_kmeans |   Init 3/10: inertia=3.876007
2026-08-20 15:58:09 | DEBUG    | fgvc.clustering.spherical_kmeans |   Init 4/10: inertia=3.808554
2026-08-20 15:58:09 | DEBUG    | fgvc.clustering.spherical_kmeans |   Init 5/10: inertia=4.186945
2026-08-20 15:58:09 | DEBUG    | fgvc.clustering.spherical_kmeans |   Init 6/10: inertia=3.808554
2026-08-20 15:58:09 | DEBUG    | fgvc.clustering.spherical_kmeans |   Init 7/10: inertia=3.981593
2026-08-20 15:58:09 | DEBUG    | fgvc.clustering.spherical_kmeans |   Init 8/10: inertia=3.899259
2026-08-20 15:58:09 | DEBUG    | fgvc.clustering.spherical_kmeans |   Init 9/10: inertia=3.704169
2026-08-20 15:58:09 | DEBUG    | fgvc.clustering.spherical_kmeans |   Init 10/10: inertia=3.767792
2026-08-20 15:58:09 | INFO     | fgvc.clustering.spherical_kmeans |   [Belted_Kingfisher] k_selected=2 | k_effective=2 | min_cluster=12 | max_cluster=13
2026-08-20 15:58:09 | INFO     | fgvc.clustering.spherical_kmeans |   [Bewick_Wren] 25 images
2026-08-20 15:58:09 | DEBUG    | fgvc.clustering.spherical_kmeans |   Init 1/5: inertia=3.859778
2026-08-20 15:58:09 | DEBUG    | fgvc.clustering.spherical_kmeans |   Init 2/5: inertia=3.754132
2026-08-20 15:58:09 | DEBUG    | fgvc.clustering.spherical_kmeans |   Init 3/5: inertia=3.819754
2026-08-20 15:58:09 | DEBUG    | fgvc.clustering.spherical_kmeans |   Init 4/5: inertia=3.913860
2026-08-20 15:58:09 | DEBUG    | fgvc.clustering.spherical_kmeans |   Init 5/5: inertia=3.694446
2026-08-20 15:58:09 | DEBUG    | fgvc.clustering.spherical_kmeans |   Init 1/5: inertia=3.621770
2026-08-20 15:58:09 | DEBUG    | fgvc.clustering.spherical_kmeans |   Init 2/5: inertia=3.474339
2026-08-20 15:58:09 | DEBUG    | fgvc.clustering.spherical_kmeans |   Init 3/5: inertia=3.420612
2026-08-20 15:58:09 | DEBUG    | fgvc.clustering.spherical_kmeans |   Init 4/5: inertia=3.587746
2026-08-20 15:58:09 | DEBUG    | fgvc.clustering.spherical_kmeans |   Init 5/5: inertia=3.533531
2026-08-20 15:58:09 | DEBUG    | fgvc.clustering.spherical_kmeans |   Init 1/5: inertia=3.561931
2026-08-20 15:58:09 | DEBUG    | fgvc.clustering.spherical_kmeans |   Init 2/5: inertia=3.245987
2026-08-20 15:58:09 | DEBUG    | fgvc.clustering.spherical_kmeans |   Init 3/5: inertia=3.277461
2026-08-20 15:58:09 | DEBUG    | fgvc.clustering.spherical_kmeans |   Init 4/5: inertia=3.227986
2026-08-20 15:58:09 | DEBUG    | fgvc.clustering.spherical_kmeans |   Init 5/5: inertia=3.117851
2026-08-20 15:58:09 | DEBUG    | fgvc.clustering.spherical_kmeans |   Init 1/5: inertia=3.334017
2026-08-20 15:58:09 | DEBUG    | fgvc.clustering.spherical_kmeans |   Init 2/5: inertia=2.966429
2026-08-20 15:58:09 | DEBUG    | fgvc.clustering.spherical_kmeans |   Init 3/5: inertia=2.975548
2026-08-20 15:58:09 | DEBUG    | fgvc.clustering.spherical_kmeans |   Init 4/5: inertia=3.085500
2026-08-20 15:58:09 | DEBUG    | fgvc.clustering.spherical_kmeans |   Init 5/5: inertia=3.062823
2026-08-20 15:58:09 | DEBUG    | fgvc.clustering.spherical_kmeans | K selection: best_k=2 | scores={2: {'silhouette': 0.3227, 'compactness': 0.8522, 'score': 0.417}, 3: {'silhouette': 0.1727, 'compactness': 0.8632, 'score': 0.2786}, 4: {'silhouette': 0.0743, 'compactness': 0.8753, 'score': 0.1664}, 5: {'silhouette': 0.058, 'compactness': 0.8813, 'score': 0.0934}}
2026-08-20 15:58:09 | DEBUG    | fgvc.clustering.spherical_kmeans |   Init 1/10: inertia=3.859778
2026-08-20 15:58:09 | DEBUG    | fgvc.clustering.spherical_kmeans |   Init 2/10: inertia=3.754132
2026-08-20 15:58:09 | DEBUG    | fgvc.clustering.spherical_kmeans |   Init 3/10: inertia=3.819754
2026-08-20 15:58:09 | DEBUG    | fgvc.clustering.spherical_kmeans |   Init 4/10: inertia=3.913860
2026-08-20 15:58:09 | DEBUG    | fgvc.clustering.spherical_kmeans |   Init 5/10: inertia=3.694446
2026-08-20 15:58:09 | DEBUG    | fgvc.clustering.spherical_kmeans |   Init 6/10: inertia=3.848150
2026-08-20 15:58:09 | DEBUG    | fgvc.clustering.spherical_kmeans |   Init 7/10: inertia=3.694446
2026-08-20 15:58:09 | DEBUG    | fgvc.clustering.spherical_kmeans |   Init 8/10: inertia=3.839657
2026-08-20 15:58:09 | DEBUG    | fgvc.clustering.spherical_kmeans |   Init 9/10: inertia=3.694446
2026-08-20 15:58:09 | DEBUG    | fgvc.clustering.spherical_kmeans |   Init 10/10: inertia=3.763289
2026-08-20 15:58:09 | INFO     | fgvc.clustering.spherical_kmeans |   [Bewick_Wren] k_selected=2 | k_effective=1 | min_cluster=25 | max_cluster=25
2026-08-20 15:58:09 | INFO     | fgvc.clustering.spherical_kmeans |   [Black_Tern] 25 images
2026-08-20 15:58:09 | DEBUG    | fgvc.clustering.spherical_kmeans |   Init 1/5: inertia=5.444054
2026-08-20 15:58:09 | DEBUG    | fgvc.clustering.spherical_kmeans |   Init 2/5: inertia=5.480509
2026-08-20 15:58:09 | DEBUG    | fgvc.clustering.spherical_kmeans |   Init 3/5: inertia=5.879930
2026-08-20 15:58:09 | DEBUG    | fgvc.clustering.spherical_kmeans |   Init 4/5: inertia=5.955407
2026-08-20 15:58:09 | DEBUG    | fgvc.clustering.spherical_kmeans |   Init 5/5: inertia=5.637009
2026-08-20 15:58:09 | DEBUG    | fgvc.clustering.spherical_kmeans |   Init 1/5: inertia=4.992376
2026-08-20 15:58:09 | DEBUG    | fgvc.clustering.spherical_kmeans |   Init 2/5: inertia=4.836694
2026-08-20 15:58:09 | DEBUG    | fgvc.clustering.spherical_kmeans |   Init 3/5: inertia=5.325660
2026-08-20 15:58:09 | DEBUG    | fgvc.clustering.spherical_kmeans |   Init 4/5: inertia=5.415505
2026-08-20 15:58:09 | DEBUG    | fgvc.clustering.spherical_kmeans |   Init 5/5: inertia=5.016278
2026-08-20 15:58:09 | DEBUG    | fgvc.clustering.spherical_kmeans |   Init 1/5: inertia=4.698181
2026-08-20 15:58:09 | DEBUG    | fgvc.clustering.spherical_kmeans |   Init 2/5: inertia=5.033340
2026-08-20 15:58:09 | DEBUG    | fgvc.clustering.spherical_kmeans |   Init 3/5: inertia=4.989874
2026-08-20 15:58:09 | DEBUG    | fgvc.clustering.spherical_kmeans |   Init 4/5: inertia=4.615108
2026-08-20 15:58:09 | DEBUG    | fgvc.clustering.spherical_kmeans |   Init 5/5: inertia=5.136930
2026-08-20 15:58:09 | DEBUG    | fgvc.clustering.spherical_kmeans |   Init 1/5: inertia=4.111343
2026-08-20 15:58:09 | DEBUG    | fgvc.clustering.spherical_kmeans |   Init 2/5: inertia=4.573389
2026-08-20 15:58:09 | DEBUG    | fgvc.clustering.spherical_kmeans |   Init 3/5: inertia=3.868262
2026-08-20 15:58:09 | DEBUG    | fgvc.clustering.spherical_kmeans |   Init 4/5: inertia=4.081971
2026-08-20 15:58:09 | DEBUG    | fgvc.clustering.spherical_kmeans |   Init 5/5: inertia=4.273805
2026-08-20 15:58:09 | DEBUG    | fgvc.clustering.spherical_kmeans | K selection: best_k=2 | scores={2: {'silhouette': 0.2735, 'compactness': 0.7822, 'score': 0.3714}, 3: {'silhouette': 0.1484, 'compactness': 0.8065, 'score': 0.2495}, 4: {'silhouette': 0.0722, 'compactness': 0.8154, 'score': 0.1474}, 5: {'silhouette': 0.1719, 'compactness': 0.8453, 'score': 0.1395}}
2026-08-20 15:58:09 | DEBUG    | fgvc.clustering.spherical_kmeans |   Init 1/10: inertia=5.444054
2026-08-20 15:58:09 | DEBUG    | fgvc.clustering.spherical_kmeans |   Init 2/10: inertia=5.480509
2026-08-20 15:58:09 | DEBUG    | fgvc.clustering.spherical_kmeans |   Init 3/10: inertia=5.879930
2026-08-20 15:58:09 | DEBUG    | fgvc.clustering.spherical_kmeans |   Init 4/10: inertia=5.955407
2026-08-20 15:58:09 | DEBUG    | fgvc.clustering.spherical_kmeans |   Init 5/10: inertia=5.637009
2026-08-20 15:58:09 | DEBUG    | fgvc.clustering.spherical_kmeans |   Init 6/10: inertia=5.602982
2026-08-20 15:58:09 | DEBUG    | fgvc.clustering.spherical_kmeans |   Init 7/10: inertia=5.444054
2026-08-20 15:58:09 | DEBUG    | fgvc.clustering.spherical_kmeans |   Init 8/10: inertia=5.541452
2026-08-20 15:58:09 | DEBUG    | fgvc.clustering.spherical_kmeans |   Init 9/10: inertia=5.931245
2026-08-20 15:58:09 | DEBUG    | fgvc.clustering.spherical_kmeans |   Init 10/10: inertia=5.541452
2026-08-20 15:58:09 | INFO     | fgvc.clustering.spherical_kmeans |   [Black_Tern] k_selected=2 | k_effective=2 | min_cluster=6 | max_cluster=19
2026-08-20 15:58:09 | INFO     | fgvc.clustering.spherical_kmeans |   [Black_and_white_Warbler] 25 images
2026-08-20 15:58:09 | DEBUG    | fgvc.clustering.spherical_kmeans |   Init 1/5: inertia=2.897720
2026-08-20 15:58:09 | DEBUG    | fgvc.clustering.spherical_kmeans |   Init 2/5: inertia=3.216448
2026-08-20 15:58:09 | DEBUG    | fgvc.clustering.spherical_kmeans |   Init 3/5: inertia=2.888963
2026-08-20 15:58:09 | DEBUG    | fgvc.clustering.spherical_kmeans |   Init 4/5: inertia=3.299813
2026-08-20 15:58:09 | DEBUG    | fgvc.clustering.spherical_kmeans |   Init 5/5: inertia=2.887667
2026-08-20 15:58:09 | DEBUG    | fgvc.clustering.spherical_kmeans |   Init 1/5: inertia=2.696828
2026-08-20 15:58:09 | DEBUG    | fgvc.clustering.spherical_kmeans |   Init 2/5: inertia=2.647702
2026-08-20 15:58:09 | DEBUG    | fgvc.clustering.spherical_kmeans |   Init 3/5: inertia=2.691074
2026-08-20 15:58:09 | DEBUG    | fgvc.clustering.spherical_kmeans |   Init 4/5: inertia=2.694140
2026-08-20 15:58:09 | DEBUG    | fgvc.clustering.spherical_kmeans |   Init 5/5: inertia=2.647702
2026-08-20 15:58:09 | DEBUG    | fgvc.clustering.spherical_kmeans |   Init 1/5: inertia=2.491177
2026-08-20 15:58:09 | DEBUG    | fgvc.clustering.spherical_kmeans |   Init 2/5: inertia=2.579640
2026-08-20 15:58:09 | DEBUG    | fgvc.clustering.spherical_kmeans |   Init 3/5: inertia=2.586406
2026-08-20 15:58:09 | DEBUG    | fgvc.clustering.spherical_kmeans |   Init 4/5: inertia=2.570879
2026-08-20 15:58:09 | DEBUG    | fgvc.clustering.spherical_kmeans |   Init 5/5: inertia=2.496645
2026-08-20 15:58:09 | DEBUG    | fgvc.clustering.spherical_kmeans |   Init 1/5: inertia=2.422683
2026-08-20 15:58:09 | DEBUG    | fgvc.clustering.spherical_kmeans |   Init 2/5: inertia=2.467745
2026-08-20 15:58:09 | DEBUG    | fgvc.clustering.spherical_kmeans |   Init 3/5: inertia=2.305231
2026-08-20 15:58:09 | DEBUG    | fgvc.clustering.spherical_kmeans |   Init 4/5: inertia=2.275963
2026-08-20 15:58:09 | DEBUG    | fgvc.clustering.spherical_kmeans |   Init 5/5: inertia=2.316255
2026-08-20 15:58:09 | DEBUG    | fgvc.clustering.spherical_kmeans | K selection: best_k=2 | scores={2: {'silhouette': 0.2324, 'compactness': 0.8845, 'score': 0.3815}, 3: {'silhouette': 0.2171, 'compactness': 0.8941, 'score': 0.3101}, 4: {'silhouette': 0.0988, 'compactness': 0.9004, 'score': 0.1862}, 5: {'silhouette': 0.0387, 'compactness': 0.909, 'score': 0.0921}}
2026-08-20 15:58:09 | DEBUG    | fgvc.clustering.spherical_kmeans |   Init 1/10: inertia=2.897720
2026-08-20 15:58:09 | DEBUG    | fgvc.clustering.spherical_kmeans |   Init 2/10: inertia=3.216448
2026-08-20 15:58:09 | DEBUG    | fgvc.clustering.spherical_kmeans |   Init 3/10: inertia=2.888963
2026-08-20 15:58:09 | DEBUG    | fgvc.clustering.spherical_kmeans |   Init 4/10: inertia=3.299813
2026-08-20 15:58:09 | DEBUG    | fgvc.clustering.spherical_kmeans |   Init 5/10: inertia=2.887667
2026-08-20 15:58:09 | DEBUG    | fgvc.clustering.spherical_kmeans |   Init 6/10: inertia=2.995244
2026-08-20 15:58:09 | DEBUG    | fgvc.clustering.spherical_kmeans |   Init 7/10: inertia=2.887667
2026-08-20 15:58:09 | DEBUG    | fgvc.clustering.spherical_kmeans |   Init 8/10: inertia=2.888963
2026-08-20 15:58:09 | DEBUG    | fgvc.clustering.spherical_kmeans |   Init 9/10: inertia=2.902454
2026-08-20 15:58:09 | DEBUG    | fgvc.clustering.spherical_kmeans |   Init 10/10: inertia=2.888963
2026-08-20 15:58:09 | INFO     | fgvc.clustering.spherical_kmeans |   [Black_and_white_Warbler] k_selected=2 | k_effective=2 | min_cluster=10 | max_cluster=15
2026-08-20 15:58:09 | INFO     | fgvc.clustering.spherical_kmeans |   [Black_billed_Cuckoo] 25 images
2026-08-20 15:58:09 | DEBUG    | fgvc.clustering.spherical_kmeans |   Init 1/5: inertia=3.929104
2026-08-20 15:58:09 | DEBUG    | fgvc.clustering.spherical_kmeans |   Init 2/5: inertia=4.208886
2026-08-20 15:58:09 | DEBUG    | fgvc.clustering.spherical_kmeans |   Init 3/5: inertia=3.929104
2026-08-20 15:58:09 | DEBUG    | fgvc.clustering.spherical_kmeans |   Init 4/5: inertia=4.103008
2026-08-20 15:58:09 | DEBUG    | fgvc.clustering.spherical_kmeans |   Init 5/5: inertia=3.895111
2026-08-20 15:58:09 | DEBUG    | fgvc.clustering.spherical_kmeans |   Init 1/5: inertia=3.387705
2026-08-20 15:58:09 | DEBUG    | fgvc.clustering.spherical_kmeans |   Init 2/5: inertia=3.603898
2026-08-20 15:58:09 | DEBUG    | fgvc.clustering.spherical_kmeans |   Init 3/5: inertia=3.671650
2026-08-20 15:58:09 | DEBUG    | fgvc.clustering.spherical_kmeans |   Init 4/5: inertia=3.387705
2026-08-20 15:58:09 | DEBUG    | fgvc.clustering.spherical_kmeans |   Init 5/5: inertia=3.645991
2026-08-20 15:58:09 | DEBUG    | fgvc.clustering.spherical_kmeans |   Init 1/5: inertia=3.225368
2026-08-20 15:58:09 | DEBUG    | fgvc.clustering.spherical_kmeans |   Init 2/5: inertia=3.232958
2026-08-20 15:58:09 | DEBUG    | fgvc.clustering.spherical_kmeans |   Init 3/5: inertia=3.176487
2026-08-20 15:58:09 | DEBUG    | fgvc.clustering.spherical_kmeans |   Init 4/5: inertia=3.118200
2026-08-20 15:58:09 | DEBUG    | fgvc.clustering.spherical_kmeans |   Init 5/5: inertia=3.389701
2026-08-20 15:58:09 | DEBUG    | fgvc.clustering.spherical_kmeans |   Init 1/5: inertia=2.928358
2026-08-20 15:58:09 | DEBUG    | fgvc.clustering.spherical_kmeans |   Init 2/5: inertia=3.190213
2026-08-20 15:58:09 | DEBUG    | fgvc.clustering.spherical_kmeans |   Init 3/5: inertia=2.925361
2026-08-20 15:58:09 | DEBUG    | fgvc.clustering.spherical_kmeans |   Init 4/5: inertia=2.956206
2026-08-20 15:58:09 | DEBUG    | fgvc.clustering.spherical_kmeans |   Init 5/5: inertia=2.949888
2026-08-20 15:58:09 | DEBUG    | fgvc.clustering.spherical_kmeans | K selection: best_k=2 | scores={2: {'silhouette': 0.3021, 'compactness': 0.8442, 'score': 0.4043}, 3: {'silhouette': 0.2, 'compactness': 0.8645, 'score': 0.2927}, 4: {'silhouette': 0.1585, 'compactness': 0.8753, 'score': 0.2085}, 5: {'silhouette': 0.0877, 'compactness': 0.883, 'score': 0.1088}}
2026-08-20 15:58:09 | DEBUG    | fgvc.clustering.spherical_kmeans |   Init 1/10: inertia=3.929104
2026-08-20 15:58:09 | DEBUG    | fgvc.clustering.spherical_kmeans |   Init 2/10: inertia=4.208886
2026-08-20 15:58:09 | DEBUG    | fgvc.clustering.spherical_kmeans |   Init 3/10: inertia=3.929104
2026-08-20 15:58:09 | DEBUG    | fgvc.clustering.spherical_kmeans |   Init 4/10: inertia=4.103008
2026-08-20 15:58:09 | DEBUG    | fgvc.clustering.spherical_kmeans |   Init 5/10: inertia=3.895111
2026-08-20 15:58:09 | DEBUG    | fgvc.clustering.spherical_kmeans |   Init 6/10: inertia=3.835813
2026-08-20 15:58:09 | DEBUG    | fgvc.clustering.spherical_kmeans |   Init 7/10: inertia=4.189781
2026-08-20 15:58:09 | DEBUG    | fgvc.clustering.spherical_kmeans |   Init 8/10: inertia=3.943636
2026-08-20 15:58:09 | DEBUG    | fgvc.clustering.spherical_kmeans |   Init 9/10: inertia=3.895111
2026-08-20 15:58:09 | DEBUG    | fgvc.clustering.spherical_kmeans |   Init 10/10: inertia=4.009225
2026-08-20 15:58:09 | INFO     | fgvc.clustering.spherical_kmeans |   [Black_billed_Cuckoo] k_selected=2 | k_effective=1 | min_cluster=25 | max_cluster=25
2026-08-20 15:58:09 | INFO     | fgvc.clustering.spherical_kmeans |   [Black_capped_Vireo] 25 images
2026-08-20 15:58:09 | DEBUG    | fgvc.clustering.spherical_kmeans |   Init 1/5: inertia=4.363472
2026-08-20 15:58:09 | DEBUG    | fgvc.clustering.spherical_kmeans |   Init 2/5: inertia=4.240433
2026-08-20 15:58:09 | DEBUG    | fgvc.clustering.spherical_kmeans |   Init 3/5: inertia=4.283794
2026-08-20 15:58:09 | DEBUG    | fgvc.clustering.spherical_kmeans |   Init 4/5: inertia=4.073155
2026-08-20 15:58:09 | DEBUG    | fgvc.clustering.spherical_kmeans |   Init 5/5: inertia=4.236095
2026-08-20 15:58:09 | DEBUG    | fgvc.clustering.spherical_kmeans |   Init 1/5: inertia=4.064939
2026-08-20 15:58:09 | DEBUG    | fgvc.clustering.spherical_kmeans |   Init 2/5: inertia=3.753476
2026-08-20 15:58:09 | DEBUG    | fgvc.clustering.spherical_kmeans |   Init 3/5: inertia=3.822325
2026-08-20 15:58:09 | DEBUG    | fgvc.clustering.spherical_kmeans |   Init 4/5: inertia=3.656982
2026-08-20 15:58:09 | DEBUG    | fgvc.clustering.spherical_kmeans |   Init 5/5: inertia=3.706415
2026-08-20 15:58:09 | DEBUG    | fgvc.clustering.spherical_kmeans |   Init 1/5: inertia=3.461164
2026-08-20 15:58:09 | DEBUG    | fgvc.clustering.spherical_kmeans |   Init 2/5: inertia=3.465678
2026-08-20 15:58:09 | DEBUG    | fgvc.clustering.spherical_kmeans |   Init 3/5: inertia=3.290827
2026-08-20 15:58:09 | DEBUG    | fgvc.clustering.spherical_kmeans |   Init 4/5: inertia=3.384184
2026-08-20 15:58:09 | DEBUG    | fgvc.clustering.spherical_kmeans |   Init 5/5: inertia=3.338788
2026-08-20 15:58:09 | DEBUG    | fgvc.clustering.spherical_kmeans |   Init 1/5: inertia=3.162577
2026-08-20 15:58:09 | DEBUG    | fgvc.clustering.spherical_kmeans |   Init 2/5: inertia=3.207545
2026-08-20 15:58:09 | DEBUG    | fgvc.clustering.spherical_kmeans |   Init 3/5: inertia=3.469809
2026-08-20 15:58:09 | DEBUG    | fgvc.clustering.spherical_kmeans |   Init 4/5: inertia=3.261832
2026-08-20 15:58:09 | DEBUG    | fgvc.clustering.spherical_kmeans |   Init 5/5: inertia=3.054413
2026-08-20 15:58:09 | DEBUG    | fgvc.clustering.spherical_kmeans | K selection: best_k=2 | scores={2: {'silhouette': 0.331, 'compactness': 0.8371, 'score': 0.4166}, 3: {'silhouette': 0.1072, 'compactness': 0.8537, 'score': 0.243}, 4: {'silhouette': 0.2784, 'compactness': 0.8684, 'score': 0.2664}, 5: {'silhouette': 0.0914, 'compactness': 0.8778, 'score': 0.1091}}
2026-08-20 15:58:09 | DEBUG    | fgvc.clustering.spherical_kmeans |   Init 1/10: inertia=4.363472
2026-08-20 15:58:09 | DEBUG    | fgvc.clustering.spherical_kmeans |   Init 2/10: inertia=4.240433
2026-08-20 15:58:09 | DEBUG    | fgvc.clustering.spherical_kmeans |   Init 3/10: inertia=4.283794
2026-08-20 15:58:09 | DEBUG    | fgvc.clustering.spherical_kmeans |   Init 4/10: inertia=4.073155
2026-08-20 15:58:09 | DEBUG    | fgvc.clustering.spherical_kmeans |   Init 5/10: inertia=4.236095
2026-08-20 15:58:09 | DEBUG    | fgvc.clustering.spherical_kmeans |   Init 6/10: inertia=4.366242
2026-08-20 15:58:09 | DEBUG    | fgvc.clustering.spherical_kmeans |   Init 7/10: inertia=4.279496
2026-08-20 15:58:09 | DEBUG    | fgvc.clustering.spherical_kmeans |   Init 8/10: inertia=4.073149
2026-08-20 15:58:09 | DEBUG    | fgvc.clustering.spherical_kmeans |   Init 9/10: inertia=4.240433
2026-08-20 15:58:09 | DEBUG    | fgvc.clustering.spherical_kmeans |   Init 10/10: inertia=4.363472
2026-08-20 15:58:09 | INFO     | fgvc.clustering.spherical_kmeans |   [Black_capped_Vireo] k_selected=2 | k_effective=1 | min_cluster=25 | max_cluster=25
2026-08-20 15:58:09 | INFO     | fgvc.clustering.spherical_kmeans |   [Black_footed_Albatross] 25 images
2026-08-20 15:58:09 | DEBUG    | fgvc.clustering.spherical_kmeans |   Init 1/5: inertia=4.424212
2026-08-20 15:58:09 | DEBUG    | fgvc.clustering.spherical_kmeans |   Init 2/5: inertia=4.135566
2026-08-20 15:58:09 | DEBUG    | fgvc.clustering.spherical_kmeans |   Init 3/5: inertia=4.003994
2026-08-20 15:58:09 | DEBUG    | fgvc.clustering.spherical_kmeans |   Init 4/5: inertia=4.034184
2026-08-20 15:58:09 | DEBUG    | fgvc.clustering.spherical_kmeans |   Init 5/5: inertia=4.135566
2026-08-20 15:58:09 | DEBUG    | fgvc.clustering.spherical_kmeans |   Init 1/5: inertia=3.684399
2026-08-20 15:58:09 | DEBUG    | fgvc.clustering.spherical_kmeans |   Init 2/5: inertia=3.821736
2026-08-20 15:58:09 | DEBUG    | fgvc.clustering.spherical_kmeans |   Init 3/5: inertia=3.807378
2026-08-20 15:58:09 | DEBUG    | fgvc.clustering.spherical_kmeans |   Init 4/5: inertia=3.623798
2026-08-20 15:58:09 | DEBUG    | fgvc.clustering.spherical_kmeans |   Init 5/5: inertia=3.823747
2026-08-20 15:58:09 | DEBUG    | fgvc.clustering.spherical_kmeans |   Init 1/5: inertia=3.626783
2026-08-20 15:58:09 | DEBUG    | fgvc.clustering.spherical_kmeans |   Init 2/5: inertia=3.552146
2026-08-20 15:58:09 | DEBUG    | fgvc.clustering.spherical_kmeans |   Init 3/5: inertia=3.338595
2026-08-20 15:58:09 | DEBUG    | fgvc.clustering.spherical_kmeans |   Init 4/5: inertia=3.354524
2026-08-20 15:58:09 | DEBUG    | fgvc.clustering.spherical_kmeans |   Init 5/5: inertia=3.382925
2026-08-20 15:58:09 | DEBUG    | fgvc.clustering.spherical_kmeans |   Init 1/5: inertia=3.205740
2026-08-20 15:58:09 | DEBUG    | fgvc.clustering.spherical_kmeans |   Init 2/5: inertia=3.173364
2026-08-20 15:58:09 | DEBUG    | fgvc.clustering.spherical_kmeans |   Init 3/5: inertia=3.325568
2026-08-20 15:58:09 | DEBUG    | fgvc.clustering.spherical_kmeans |   Init 4/5: inertia=3.049263
2026-08-20 15:58:09 | DEBUG    | fgvc.clustering.spherical_kmeans |   Init 5/5: inertia=3.159483
2026-08-20 15:58:09 | DEBUG    | fgvc.clustering.spherical_kmeans | K selection: best_k=2 | scores={2: {'silhouette': 0.2521, 'compactness': 0.8398, 'score': 0.378}, 3: {'silhouette': 0.2122, 'compactness': 0.855, 'score': 0.2959}, 4: {'silhouette': 0.1295, 'compactness': 0.8665, 'score': 0.1914}, 5: {'silhouette': 0.1019, 'compactness': 0.878, 'score': 0.1143}}
2026-08-20 15:58:09 | DEBUG    | fgvc.clustering.spherical_kmeans |   Init 1/10: inertia=4.424212
2026-08-20 15:58:09 | DEBUG    | fgvc.clustering.spherical_kmeans |   Init 2/10: inertia=4.135566
2026-08-20 15:58:09 | DEBUG    | fgvc.clustering.spherical_kmeans |   Init 3/10: inertia=4.003994
2026-08-20 15:58:09 | DEBUG    | fgvc.clustering.spherical_kmeans |   Init 4/10: inertia=4.034184
2026-08-20 15:58:09 | DEBUG    | fgvc.clustering.spherical_kmeans |   Init 5/10: inertia=4.135566
2026-08-20 15:58:09 | DEBUG    | fgvc.clustering.spherical_kmeans |   Init 6/10: inertia=3.946247
2026-08-20 15:58:09 | DEBUG    | fgvc.clustering.spherical_kmeans |   Init 7/10: inertia=4.457880
2026-08-20 15:58:09 | DEBUG    | fgvc.clustering.spherical_kmeans |   Init 8/10: inertia=3.977239
2026-08-20 15:58:09 | DEBUG    | fgvc.clustering.spherical_kmeans |   Init 9/10: inertia=4.135566
2026-08-20 15:58:09 | DEBUG    | fgvc.clustering.spherical_kmeans |   Init 10/10: inertia=4.104661
2026-08-20 15:58:09 | INFO     | fgvc.clustering.spherical_kmeans |   [Black_footed_Albatross] k_selected=2 | k_effective=2 | min_cluster=9 | max_cluster=16
2026-08-20 15:58:09 | INFO     | fgvc.clustering.spherical_kmeans |   [Black_throated_Blue_Warbler] 25 images
2026-08-20 15:58:09 | DEBUG    | fgvc.clustering.spherical_kmeans |   Init 1/5: inertia=3.307176
2026-08-20 15:58:09 | DEBUG    | fgvc.clustering.spherical_kmeans |   Init 2/5: inertia=3.769846
2026-08-20 15:58:09 | DEBUG    | fgvc.clustering.spherical_kmeans |   Init 3/5: inertia=3.782819
2026-08-20 15:58:09 | DEBUG    | fgvc.clustering.spherical_kmeans |   Init 4/5: inertia=3.765940
2026-08-20 15:58:09 | DEBUG    | fgvc.clustering.spherical_kmeans |   Init 5/5: inertia=3.778369
2026-08-20 15:58:09 | DEBUG    | fgvc.clustering.spherical_kmeans |   Init 1/5: inertia=3.040860
2026-08-20 15:58:09 | DEBUG    | fgvc.clustering.spherical_kmeans |   Init 2/5: inertia=3.190470
2026-08-20 15:58:09 | DEBUG    | fgvc.clustering.spherical_kmeans |   Init 3/5: inertia=3.542045
2026-08-20 15:58:09 | DEBUG    | fgvc.clustering.spherical_kmeans |   Init 4/5: inertia=3.027744
2026-08-20 15:58:09 | DEBUG    | fgvc.clustering.spherical_kmeans |   Init 5/5: inertia=3.505891
2026-08-20 15:58:09 | DEBUG    | fgvc.clustering.spherical_kmeans |   Init 1/5: inertia=2.821393
2026-08-20 15:58:09 | DEBUG    | fgvc.clustering.spherical_kmeans |   Init 2/5: inertia=3.091602
2026-08-20 15:58:09 | DEBUG    | fgvc.clustering.spherical_kmeans |   Init 3/5: inertia=2.940750
2026-08-20 15:58:09 | DEBUG    | fgvc.clustering.spherical_kmeans |   Init 4/5: inertia=2.838294
2026-08-20 15:58:09 | DEBUG    | fgvc.clustering.spherical_kmeans |   Init 5/5: inertia=3.058063
2026-08-20 15:58:09 | DEBUG    | fgvc.clustering.spherical_kmeans |   Init 1/5: inertia=2.514294
2026-08-20 15:58:09 | DEBUG    | fgvc.clustering.spherical_kmeans |   Init 2/5: inertia=2.682254
2026-08-20 15:58:09 | DEBUG    | fgvc.clustering.spherical_kmeans |   Init 3/5: inertia=2.637961
2026-08-20 15:58:09 | DEBUG    | fgvc.clustering.spherical_kmeans |   Init 4/5: inertia=2.671669
2026-08-20 15:58:09 | DEBUG    | fgvc.clustering.spherical_kmeans |   Init 5/5: inertia=2.712512
2026-08-20 15:58:09 | DEBUG    | fgvc.clustering.spherical_kmeans | K selection: best_k=2 | scores={2: {'silhouette': 0.5392, 'compactness': 0.8677, 'score': 0.5299}, 3: {'silhouette': 0.1046, 'compactness': 0.8789, 'score': 0.2493}, 4: {'silhouette': 0.073, 'compactness': 0.8871, 'score': 0.1693}, 5: {'silhouette': 0.0871, 'compactness': 0.8994, 'score': 0.1134}}
2026-08-20 15:58:09 | DEBUG    | fgvc.clustering.spherical_kmeans |   Init 1/10: inertia=3.307176
2026-08-20 15:58:09 | DEBUG    | fgvc.clustering.spherical_kmeans |   Init 2/10: inertia=3.769846
2026-08-20 15:58:09 | DEBUG    | fgvc.clustering.spherical_kmeans |   Init 3/10: inertia=3.782819
2026-08-20 15:58:09 | DEBUG    | fgvc.clustering.spherical_kmeans |   Init 4/10: inertia=3.765940
2026-08-20 15:58:09 | DEBUG    | fgvc.clustering.spherical_kmeans |   Init 5/10: inertia=3.778369
2026-08-20 15:58:09 | DEBUG    | fgvc.clustering.spherical_kmeans |   Init 6/10: inertia=3.851490
2026-08-20 15:58:09 | DEBUG    | fgvc.clustering.spherical_kmeans |   Init 7/10: inertia=3.725425
2026-08-20 15:58:09 | DEBUG    | fgvc.clustering.spherical_kmeans |   Init 8/10: inertia=3.823010
2026-08-20 15:58:09 | DEBUG    | fgvc.clustering.spherical_kmeans |   Init 9/10: inertia=3.734821
2026-08-20 15:58:09 | DEBUG    | fgvc.clustering.spherical_kmeans |   Init 10/10: inertia=3.307176
2026-08-20 15:58:09 | INFO     | fgvc.clustering.spherical_kmeans |   [Black_throated_Blue_Warbler] k_selected=2 | k_effective=1 | min_cluster=25 | max_cluster=25
2026-08-20 15:58:09 | INFO     | fgvc.clustering.spherical_kmeans |   [Black_throated_Sparrow] 25 images
2026-08-20 15:58:09 | DEBUG    | fgvc.clustering.spherical_kmeans |   Init 1/5: inertia=3.159243
2026-08-20 15:58:09 | DEBUG    | fgvc.clustering.spherical_kmeans |   Init 2/5: inertia=3.394906
2026-08-20 15:58:09 | DEBUG    | fgvc.clustering.spherical_kmeans |   Init 3/5: inertia=3.458049
2026-08-20 15:58:09 | DEBUG    | fgvc.clustering.spherical_kmeans |   Init 4/5: inertia=3.476441
2026-08-20 15:58:09 | DEBUG    | fgvc.clustering.spherical_kmeans |   Init 5/5: inertia=3.357254
2026-08-20 15:58:09 | DEBUG    | fgvc.clustering.spherical_kmeans |   Init 1/5: inertia=2.940699
2026-08-20 15:58:09 | DEBUG    | fgvc.clustering.spherical_kmeans |   Init 2/5: inertia=3.172040
2026-08-20 15:58:09 | DEBUG    | fgvc.clustering.spherical_kmeans |   Init 3/5: inertia=3.064603
2026-08-20 15:58:09 | DEBUG    | fgvc.clustering.spherical_kmeans |   Init 4/5: inertia=2.948521
2026-08-20 15:58:09 | DEBUG    | fgvc.clustering.spherical_kmeans |   Init 5/5: inertia=2.915841
2026-08-20 15:58:09 | DEBUG    | fgvc.clustering.spherical_kmeans |   Init 1/5: inertia=2.735033
2026-08-20 15:58:09 | DEBUG    | fgvc.clustering.spherical_kmeans |   Init 2/5: inertia=3.013734
2026-08-20 15:58:09 | DEBUG    | fgvc.clustering.spherical_kmeans |   Init 3/5: inertia=2.965321
2026-08-20 15:58:09 | DEBUG    | fgvc.clustering.spherical_kmeans |   Init 4/5: inertia=2.937553
2026-08-20 15:58:09 | DEBUG    | fgvc.clustering.spherical_kmeans |   Init 5/5: inertia=2.741026
2026-08-20 15:58:09 | DEBUG    | fgvc.clustering.spherical_kmeans |   Init 1/5: inertia=2.525622
2026-08-20 15:58:09 | DEBUG    | fgvc.clustering.spherical_kmeans |   Init 2/5: inertia=2.726743
2026-08-20 15:58:09 | DEBUG    | fgvc.clustering.spherical_kmeans |   Init 3/5: inertia=2.697940
2026-08-20 15:58:09 | DEBUG    | fgvc.clustering.spherical_kmeans |   Init 4/5: inertia=2.473941
2026-08-20 15:58:09 | DEBUG    | fgvc.clustering.spherical_kmeans |   Init 5/5: inertia=2.780693
2026-08-20 15:58:09 | DEBUG    | fgvc.clustering.spherical_kmeans | K selection: best_k=2 | scores={2: {'silhouette': 0.5458, 'compactness': 0.8736, 'score': 0.535}, 3: {'silhouette': 0.0631, 'compactness': 0.8834, 'score': 0.2299}, 4: {'silhouette': 0.0851, 'compactness': 0.8906, 'score': 0.1764}, 5: {'silhouette': 0.0667, 'compactness': 0.901, 'score': 0.1037}}
2026-08-20 15:58:09 | DEBUG    | fgvc.clustering.spherical_kmeans |   Init 1/10: inertia=3.159243
2026-08-20 15:58:09 | DEBUG    | fgvc.clustering.spherical_kmeans |   Init 2/10: inertia=3.394906
2026-08-20 15:58:09 | DEBUG    | fgvc.clustering.spherical_kmeans |   Init 3/10: inertia=3.458049
2026-08-20 15:58:09 | DEBUG    | fgvc.clustering.spherical_kmeans |   Init 4/10: inertia=3.476441
2026-08-20 15:58:09 | DEBUG    | fgvc.clustering.spherical_kmeans |   Init 5/10: inertia=3.357254
2026-08-20 15:58:09 | DEBUG    | fgvc.clustering.spherical_kmeans |   Init 6/10: inertia=3.427906
2026-08-20 15:58:09 | DEBUG    | fgvc.clustering.spherical_kmeans |   Init 7/10: inertia=3.429118
2026-08-20 15:58:09 | DEBUG    | fgvc.clustering.spherical_kmeans |   Init 8/10: inertia=3.419302
2026-08-20 15:58:09 | DEBUG    | fgvc.clustering.spherical_kmeans |   Init 9/10: inertia=3.502079
2026-08-20 15:58:09 | DEBUG    | fgvc.clustering.spherical_kmeans |   Init 10/10: inertia=3.389443
2026-08-20 15:58:09 | INFO     | fgvc.clustering.spherical_kmeans |   [Black_throated_Sparrow] k_selected=2 | k_effective=1 | min_cluster=25 | max_cluster=25
2026-08-20 15:58:09 | INFO     | fgvc.clustering.spherical_kmeans |   [Blue_Grosbeak] 25 images
2026-08-20 15:58:09 | DEBUG    | fgvc.clustering.spherical_kmeans |   Init 1/5: inertia=3.287398
2026-08-20 15:58:09 | DEBUG    | fgvc.clustering.spherical_kmeans |   Init 2/5: inertia=3.406160
2026-08-20 15:58:09 | DEBUG    | fgvc.clustering.spherical_kmeans |   Init 3/5: inertia=3.439708
2026-08-20 15:58:09 | DEBUG    | fgvc.clustering.spherical_kmeans |   Init 4/5: inertia=3.325263
2026-08-20 15:58:09 | DEBUG    | fgvc.clustering.spherical_kmeans |   Init 5/5: inertia=3.335683
2026-08-20 15:58:09 | DEBUG    | fgvc.clustering.spherical_kmeans |   Init 1/5: inertia=2.907051
2026-08-20 15:58:09 | DEBUG    | fgvc.clustering.spherical_kmeans |   Init 2/5: inertia=2.687882
2026-08-20 15:58:09 | DEBUG    | fgvc.clustering.spherical_kmeans |   Init 3/5: inertia=2.983745
2026-08-20 15:58:09 | DEBUG    | fgvc.clustering.spherical_kmeans |   Init 4/5: inertia=3.104263
2026-08-20 15:58:09 | DEBUG    | fgvc.clustering.spherical_kmeans |   Init 5/5: inertia=2.840838
2026-08-20 15:58:09 | DEBUG    | fgvc.clustering.spherical_kmeans |   Init 1/5: inertia=2.685487
2026-08-20 15:58:09 | DEBUG    | fgvc.clustering.spherical_kmeans |   Init 2/5: inertia=2.505644
2026-08-20 15:58:09 | DEBUG    | fgvc.clustering.spherical_kmeans |   Init 3/5: inertia=3.032741
2026-08-20 15:58:09 | DEBUG    | fgvc.clustering.spherical_kmeans |   Init 4/5: inertia=2.462620
2026-08-20 15:58:09 | DEBUG    | fgvc.clustering.spherical_kmeans |   Init 5/5: inertia=2.752574
2026-08-20 15:58:09 | DEBUG    | fgvc.clustering.spherical_kmeans |   Init 1/5: inertia=2.649006
2026-08-20 15:58:09 | DEBUG    | fgvc.clustering.spherical_kmeans |   Init 2/5: inertia=2.322632
2026-08-20 15:58:09 | DEBUG    | fgvc.clustering.spherical_kmeans |   Init 3/5: inertia=2.297614
2026-08-20 15:58:09 | DEBUG    | fgvc.clustering.spherical_kmeans |   Init 4/5: inertia=2.431609
2026-08-20 15:58:09 | DEBUG    | fgvc.clustering.spherical_kmeans |   Init 5/5: inertia=2.317452
2026-08-20 15:58:09 | DEBUG    | fgvc.clustering.spherical_kmeans | K selection: best_k=2 | scores={2: {'silhouette': 0.2144, 'compactness': 0.8685, 'score': 0.3678}, 3: {'silhouette': 0.3174, 'compactness': 0.8925, 'score': 0.3598}, 4: {'silhouette': 0.0813, 'compactness': 0.9015, 'score': 0.1778}, 5: {'silhouette': 0.0281, 'compactness': 0.9081, 'score': 0.0865}}
2026-08-20 15:58:09 | DEBUG    | fgvc.clustering.spherical_kmeans |   Init 1/10: inertia=3.287398
2026-08-20 15:58:09 | DEBUG    | fgvc.clustering.spherical_kmeans |   Init 2/10: inertia=3.406160
2026-08-20 15:58:09 | DEBUG    | fgvc.clustering.spherical_kmeans |   Init 3/10: inertia=3.439708
2026-08-20 15:58:09 | DEBUG    | fgvc.clustering.spherical_kmeans |   Init 4/10: inertia=3.325263
2026-08-20 15:58:09 | DEBUG    | fgvc.clustering.spherical_kmeans |   Init 5/10: inertia=3.335683
2026-08-20 15:58:09 | DEBUG    | fgvc.clustering.spherical_kmeans |   Init 6/10: inertia=3.202419
2026-08-20 15:58:09 | DEBUG    | fgvc.clustering.spherical_kmeans |   Init 7/10: inertia=3.295725
2026-08-20 15:58:09 | DEBUG    | fgvc.clustering.spherical_kmeans |   Init 8/10: inertia=3.427309
2026-08-20 15:58:09 | DEBUG    | fgvc.clustering.spherical_kmeans |   Init 9/10: inertia=3.206255
2026-08-20 15:58:09 | DEBUG    | fgvc.clustering.spherical_kmeans |   Init 10/10: inertia=3.152687
2026-08-20 15:58:09 | INFO     | fgvc.clustering.spherical_kmeans |   [Blue_Grosbeak] k_selected=2 | k_effective=1 | min_cluster=25 | max_cluster=25
2026-08-20 15:58:09 | INFO     | fgvc.clustering.spherical_kmeans |   [Blue_Jay] 25 images
2026-08-20 15:58:09 | DEBUG    | fgvc.clustering.spherical_kmeans |   Init 1/5: inertia=3.059146
2026-08-20 15:58:09 | DEBUG    | fgvc.clustering.spherical_kmeans |   Init 2/5: inertia=3.373725
2026-08-20 15:58:09 | DEBUG    | fgvc.clustering.spherical_kmeans |   Init 3/5: inertia=3.059146
2026-08-20 15:58:09 | DEBUG    | fgvc.clustering.spherical_kmeans |   Init 4/5: inertia=3.274355
2026-08-20 15:58:09 | DEBUG    | fgvc.clustering.spherical_kmeans |   Init 5/5: inertia=3.369865
2026-08-20 15:58:09 | DEBUG    | fgvc.clustering.spherical_kmeans |   Init 1/5: inertia=2.784235
2026-08-20 15:58:09 | DEBUG    | fgvc.clustering.spherical_kmeans |   Init 2/5: inertia=2.796467
2026-08-20 15:58:09 | DEBUG    | fgvc.clustering.spherical_kmeans |   Init 3/5: inertia=3.164304
2026-08-20 15:58:09 | DEBUG    | fgvc.clustering.spherical_kmeans |   Init 4/5: inertia=2.736097
2026-08-20 15:58:09 | DEBUG    | fgvc.clustering.spherical_kmeans |   Init 5/5: inertia=3.223056
2026-08-20 15:58:09 | DEBUG    | fgvc.clustering.spherical_kmeans |   Init 1/5: inertia=2.648514
2026-08-20 15:58:09 | DEBUG    | fgvc.clustering.spherical_kmeans |   Init 2/5: inertia=2.662122
2026-08-20 15:58:09 | DEBUG    | fgvc.clustering.spherical_kmeans |   Init 3/5: inertia=2.506205
2026-08-20 15:58:09 | DEBUG    | fgvc.clustering.spherical_kmeans |   Init 4/5: inertia=2.856066
2026-08-20 15:58:09 | DEBUG    | fgvc.clustering.spherical_kmeans |   Init 5/5: inertia=2.773996
2026-08-20 15:58:09 | DEBUG    | fgvc.clustering.spherical_kmeans |   Init 1/5: inertia=2.476748
2026-08-20 15:58:09 | DEBUG    | fgvc.clustering.spherical_kmeans |   Init 2/5: inertia=2.430851
2026-08-20 15:58:09 | DEBUG    | fgvc.clustering.spherical_kmeans |   Init 3/5: inertia=2.767678
2026-08-20 15:58:09 | DEBUG    | fgvc.clustering.spherical_kmeans |   Init 4/5: inertia=2.311305
2026-08-20 15:58:09 | DEBUG    | fgvc.clustering.spherical_kmeans |   Init 5/5: inertia=2.654966
2026-08-20 15:58:09 | DEBUG    | fgvc.clustering.spherical_kmeans | K selection: best_k=2 | scores={2: {'silhouette': 0.5373, 'compactness': 0.8776, 'score': 0.5319}, 3: {'silhouette': 0.4862, 'compactness': 0.8906, 'score': 0.4436}, 4: {'silhouette': 0.1303, 'compactness': 0.8998, 'score': 0.2017}, 5: {'silhouette': 0.0977, 'compactness': 0.9075, 'score': 0.1211}}
2026-08-20 15:58:09 | DEBUG    | fgvc.clustering.spherical_kmeans |   Init 1/10: inertia=3.059146
2026-08-20 15:58:09 | DEBUG    | fgvc.clustering.spherical_kmeans |   Init 2/10: inertia=3.373725
2026-08-20 15:58:09 | DEBUG    | fgvc.clustering.spherical_kmeans |   Init 3/10: inertia=3.059146
2026-08-20 15:58:09 | DEBUG    | fgvc.clustering.spherical_kmeans |   Init 4/10: inertia=3.274355
2026-08-20 15:58:09 | DEBUG    | fgvc.clustering.spherical_kmeans |   Init 5/10: inertia=3.369865
2026-08-20 15:58:09 | DEBUG    | fgvc.clustering.spherical_kmeans |   Init 6/10: inertia=3.274355
2026-08-20 15:58:09 | DEBUG    | fgvc.clustering.spherical_kmeans |   Init 7/10: inertia=3.172181
2026-08-20 15:58:09 | DEBUG    | fgvc.clustering.spherical_kmeans |   Init 8/10: inertia=3.372598
2026-08-20 15:58:09 | DEBUG    | fgvc.clustering.spherical_kmeans |   Init 9/10: inertia=3.418822
2026-08-20 15:58:09 | DEBUG    | fgvc.clustering.spherical_kmeans |   Init 10/10: inertia=3.152605
2026-08-20 15:58:09 | INFO     | fgvc.clustering.spherical_kmeans |   [Blue_Jay] k_selected=2 | k_effective=1 | min_cluster=25 | max_cluster=25
2026-08-20 15:58:09 | INFO     | fgvc.clustering.spherical_kmeans |   [Blue_headed_Vireo] 25 images
2026-08-20 15:58:09 | DEBUG    | fgvc.clustering.spherical_kmeans |   Init 1/5: inertia=3.265498
2026-08-20 15:58:09 | DEBUG    | fgvc.clustering.spherical_kmeans |   Init 2/5: inertia=3.417393
2026-08-20 15:58:09 | DEBUG    | fgvc.clustering.spherical_kmeans |   Init 3/5: inertia=3.452323
2026-08-20 15:58:09 | DEBUG    | fgvc.clustering.spherical_kmeans |   Init 4/5: inertia=3.180167
2026-08-20 15:58:09 | DEBUG    | fgvc.clustering.spherical_kmeans |   Init 5/5: inertia=3.243360
2026-08-20 15:58:09 | DEBUG    | fgvc.clustering.spherical_kmeans |   Init 1/5: inertia=3.200276
2026-08-20 15:58:09 | DEBUG    | fgvc.clustering.spherical_kmeans |   Init 2/5: inertia=2.969043
2026-08-20 15:58:09 | DEBUG    | fgvc.clustering.spherical_kmeans |   Init 3/5: inertia=2.967945
2026-08-20 15:58:09 | DEBUG    | fgvc.clustering.spherical_kmeans |   Init 4/5: inertia=3.203166
2026-08-20 15:58:09 | DEBUG    | fgvc.clustering.spherical_kmeans |   Init 5/5: inertia=3.017821
2026-08-20 15:58:09 | DEBUG    | fgvc.clustering.spherical_kmeans |   Init 1/5: inertia=2.931748
2026-08-20 15:58:09 | DEBUG    | fgvc.clustering.spherical_kmeans |   Init 2/5: inertia=2.808969
2026-08-20 15:58:09 | DEBUG    | fgvc.clustering.spherical_kmeans |   Init 3/5: inertia=2.751160
2026-08-20 15:58:09 | DEBUG    | fgvc.clustering.spherical_kmeans |   Init 4/5: inertia=2.807939
2026-08-20 15:58:09 | DEBUG    | fgvc.clustering.spherical_kmeans |   Init 5/5: inertia=2.706169
2026-08-20 15:58:09 | DEBUG    | fgvc.clustering.spherical_kmeans |   Init 1/5: inertia=2.788034
2026-08-20 15:58:09 | DEBUG    | fgvc.clustering.spherical_kmeans |   Init 2/5: inertia=2.555196
2026-08-20 15:58:09 | DEBUG    | fgvc.clustering.spherical_kmeans |   Init 3/5: inertia=2.719402
2026-08-20 15:58:09 | DEBUG    | fgvc.clustering.spherical_kmeans |   Init 4/5: inertia=2.670273
2026-08-20 15:58:09 | DEBUG    | fgvc.clustering.spherical_kmeans |   Init 5/5: inertia=2.522838
2026-08-20 15:58:09 | DEBUG    | fgvc.clustering.spherical_kmeans | K selection: best_k=2 | scores={2: {'silhouette': 0.4027, 'compactness': 0.8728, 'score': 0.4632}, 3: {'silhouette': 0.055, 'compactness': 0.8813, 'score': 0.2252}, 4: {'silhouette': 0.078, 'compactness': 0.8918, 'score': 0.1732}, 5: {'silhouette': 0.0706, 'compactness': 0.8991, 'score': 0.105}}
2026-08-20 15:58:09 | DEBUG    | fgvc.clustering.spherical_kmeans |   Init 1/10: inertia=3.265498
2026-08-20 15:58:09 | DEBUG    | fgvc.clustering.spherical_kmeans |   Init 2/10: inertia=3.417393
2026-08-20 15:58:09 | DEBUG    | fgvc.clustering.spherical_kmeans |   Init 3/10: inertia=3.452323
2026-08-20 15:58:09 | DEBUG    | fgvc.clustering.spherical_kmeans |   Init 4/10: inertia=3.180167
2026-08-20 15:58:09 | DEBUG    | fgvc.clustering.spherical_kmeans |   Init 5/10: inertia=3.243360
2026-08-20 15:58:09 | DEBUG    | fgvc.clustering.spherical_kmeans |   Init 6/10: inertia=3.431515
2026-08-20 15:58:09 | DEBUG    | fgvc.clustering.spherical_kmeans |   Init 7/10: inertia=3.452532
2026-08-20 15:58:09 | DEBUG    | fgvc.clustering.spherical_kmeans |   Init 8/10: inertia=3.522953
2026-08-20 15:58:09 | DEBUG    | fgvc.clustering.spherical_kmeans |   Init 9/10: inertia=3.237640
2026-08-20 15:58:09 | DEBUG    | fgvc.clustering.spherical_kmeans |   Init 10/10: inertia=3.400592
2026-08-20 15:58:09 | INFO     | fgvc.clustering.spherical_kmeans |   [Blue_headed_Vireo] k_selected=2 | k_effective=1 | min_cluster=25 | max_cluster=25
2026-08-20 15:58:09 | INFO     | fgvc.clustering.spherical_kmeans |   [Blue_winged_Warbler] 25 images
2026-08-20 15:58:09 | DEBUG    | fgvc.clustering.spherical_kmeans |   Init 1/5: inertia=3.806107
2026-08-20 15:58:09 | DEBUG    | fgvc.clustering.spherical_kmeans |   Init 2/5: inertia=4.026161
2026-08-20 15:58:09 | DEBUG    | fgvc.clustering.spherical_kmeans |   Init 3/5: inertia=4.029707
2026-08-20 15:58:09 | DEBUG    | fgvc.clustering.spherical_kmeans |   Init 4/5: inertia=3.769228
2026-08-20 15:58:09 | DEBUG    | fgvc.clustering.spherical_kmeans |   Init 5/5: inertia=4.024449
2026-08-20 15:58:09 | DEBUG    | fgvc.clustering.spherical_kmeans |   Init 1/5: inertia=3.474786
2026-08-20 15:58:09 | DEBUG    | fgvc.clustering.spherical_kmeans |   Init 2/5: inertia=3.469098
2026-08-20 15:58:09 | DEBUG    | fgvc.clustering.spherical_kmeans |   Init 3/5: inertia=3.558067
2026-08-20 15:58:09 | DEBUG    | fgvc.clustering.spherical_kmeans |   Init 4/5: inertia=3.438653
2026-08-20 15:58:09 | DEBUG    | fgvc.clustering.spherical_kmeans |   Init 5/5: inertia=3.728953
2026-08-20 15:58:09 | DEBUG    | fgvc.clustering.spherical_kmeans |   Init 1/5: inertia=3.107957
2026-08-20 15:58:09 | DEBUG    | fgvc.clustering.spherical_kmeans |   Init 2/5: inertia=3.255497
2026-08-20 15:58:09 | DEBUG    | fgvc.clustering.spherical_kmeans |   Init 3/5: inertia=3.214582
2026-08-20 15:58:09 | DEBUG    | fgvc.clustering.spherical_kmeans |   Init 4/5: inertia=3.305204
2026-08-20 15:58:09 | DEBUG    | fgvc.clustering.spherical_kmeans |   Init 5/5: inertia=3.550855
2026-08-20 15:58:09 | DEBUG    | fgvc.clustering.spherical_kmeans |   Init 1/5: inertia=2.842167
2026-08-20 15:58:09 | DEBUG    | fgvc.clustering.spherical_kmeans |   Init 2/5: inertia=2.885371
2026-08-20 15:58:09 | DEBUG    | fgvc.clustering.spherical_kmeans |   Init 3/5: inertia=3.184865
2026-08-20 15:58:09 | DEBUG    | fgvc.clustering.spherical_kmeans |   Init 4/5: inertia=3.152594
2026-08-20 15:58:09 | DEBUG    | fgvc.clustering.spherical_kmeans |   Init 5/5: inertia=3.034197
2026-08-20 15:58:09 | DEBUG    | fgvc.clustering.spherical_kmeans | K selection: best_k=2 | scores={2: {'silhouette': 0.2968, 'compactness': 0.8492, 'score': 0.4032}, 3: {'silhouette': 0.2913, 'compactness': 0.8625, 'score': 0.3377}, 4: {'silhouette': 0.3026, 'compactness': 0.8757, 'score': 0.2806}, 5: {'silhouette': 0.2564, 'compactness': 0.8863, 'score': 0.1941}}
2026-08-20 15:58:09 | DEBUG    | fgvc.clustering.spherical_kmeans |   Init 1/10: inertia=3.806107
2026-08-20 15:58:09 | DEBUG    | fgvc.clustering.spherical_kmeans |   Init 2/10: inertia=4.026161
2026-08-20 15:58:09 | DEBUG    | fgvc.clustering.spherical_kmeans |   Init 3/10: inertia=4.029707
2026-08-20 15:58:09 | DEBUG    | fgvc.clustering.spherical_kmeans |   Init 4/10: inertia=3.769228
2026-08-20 15:58:09 | DEBUG    | fgvc.clustering.spherical_kmeans |   Init 5/10: inertia=4.024449
2026-08-20 15:58:09 | DEBUG    | fgvc.clustering.spherical_kmeans |   Init 6/10: inertia=3.806107
2026-08-20 15:58:09 | DEBUG    | fgvc.clustering.spherical_kmeans |   Init 7/10: inertia=3.811949
2026-08-20 15:58:09 | DEBUG    | fgvc.clustering.spherical_kmeans |   Init 8/10: inertia=4.020128
2026-08-20 15:58:09 | DEBUG    | fgvc.clustering.spherical_kmeans |   Init 9/10: inertia=4.081131
2026-08-20 15:58:09 | DEBUG    | fgvc.clustering.spherical_kmeans |   Init 10/10: inertia=3.996001
2026-08-20 15:58:09 | INFO     | fgvc.clustering.spherical_kmeans |   [Blue_winged_Warbler] k_selected=2 | k_effective=2 | min_cluster=5 | max_cluster=20
2026-08-20 15:58:09 | INFO     | fgvc.clustering.spherical_kmeans |   [Boat_tailed_Grackle] 25 images
2026-08-20 15:58:09 | DEBUG    | fgvc.clustering.spherical_kmeans |   Init 1/5: inertia=4.207290
2026-08-20 15:58:09 | DEBUG    | fgvc.clustering.spherical_kmeans |   Init 2/5: inertia=4.279210
2026-08-20 15:58:09 | DEBUG    | fgvc.clustering.spherical_kmeans |   Init 3/5: inertia=4.279210
2026-08-20 15:58:09 | DEBUG    | fgvc.clustering.spherical_kmeans |   Init 4/5: inertia=4.207290
2026-08-20 15:58:09 | DEBUG    | fgvc.clustering.spherical_kmeans |   Init 5/5: inertia=4.207290
2026-08-20 15:58:09 | DEBUG    | fgvc.clustering.spherical_kmeans |   Init 1/5: inertia=3.675698
2026-08-20 15:58:09 | DEBUG    | fgvc.clustering.spherical_kmeans |   Init 2/5: inertia=3.815413
2026-08-20 15:58:09 | DEBUG    | fgvc.clustering.spherical_kmeans |   Init 3/5: inertia=3.630772
2026-08-20 15:58:09 | DEBUG    | fgvc.clustering.spherical_kmeans |   Init 4/5: inertia=3.930622
2026-08-20 15:58:09 | DEBUG    | fgvc.clustering.spherical_kmeans |   Init 5/5: inertia=3.602409
2026-08-20 15:58:09 | DEBUG    | fgvc.clustering.spherical_kmeans |   Init 1/5: inertia=3.462038
2026-08-20 15:58:09 | DEBUG    | fgvc.clustering.spherical_kmeans |   Init 2/5: inertia=3.604974
2026-08-20 15:58:09 | DEBUG    | fgvc.clustering.spherical_kmeans |   Init 3/5: inertia=3.560350
2026-08-20 15:58:09 | DEBUG    | fgvc.clustering.spherical_kmeans |   Init 4/5: inertia=3.304652
2026-08-20 15:58:09 | DEBUG    | fgvc.clustering.spherical_kmeans |   Init 5/5: inertia=3.353465
2026-08-20 15:58:09 | DEBUG    | fgvc.clustering.spherical_kmeans |   Init 1/5: inertia=3.205226
2026-08-20 15:58:09 | DEBUG    | fgvc.clustering.spherical_kmeans |   Init 2/5: inertia=3.430118
2026-08-20 15:58:09 | DEBUG    | fgvc.clustering.spherical_kmeans |   Init 3/5: inertia=3.085369
2026-08-20 15:58:09 | DEBUG    | fgvc.clustering.spherical_kmeans |   Init 4/5: inertia=3.236923
2026-08-20 15:58:09 | DEBUG    | fgvc.clustering.spherical_kmeans |   Init 5/5: inertia=3.092348
2026-08-20 15:58:09 | DEBUG    | fgvc.clustering.spherical_kmeans | K selection: best_k=2 | scores={2: {'silhouette': 0.4779, 'compactness': 0.8317, 'score': 0.4885}, 3: {'silhouette': 0.2941, 'compactness': 0.8559, 'score': 0.3371}, 4: {'silhouette': 0.2342, 'compactness': 0.8678, 'score': 0.2441}, 5: {'silhouette': 0.1492, 'compactness': 0.8766, 'score': 0.1376}}
2026-08-20 15:58:09 | DEBUG    | fgvc.clustering.spherical_kmeans |   Init 1/10: inertia=4.207290
2026-08-20 15:58:09 | DEBUG    | fgvc.clustering.spherical_kmeans |   Init 2/10: inertia=4.279210
2026-08-20 15:58:09 | DEBUG    | fgvc.clustering.spherical_kmeans |   Init 3/10: inertia=4.279210
2026-08-20 15:58:09 | DEBUG    | fgvc.clustering.spherical_kmeans |   Init 4/10: inertia=4.207290
2026-08-20 15:58:09 | DEBUG    | fgvc.clustering.spherical_kmeans |   Init 5/10: inertia=4.207290
2026-08-20 15:58:09 | DEBUG    | fgvc.clustering.spherical_kmeans |   Init 6/10: inertia=4.279210
2026-08-20 15:58:09 | DEBUG    | fgvc.clustering.spherical_kmeans |   Init 7/10: inertia=4.279210
2026-08-20 15:58:09 | DEBUG    | fgvc.clustering.spherical_kmeans |   Init 8/10: inertia=4.207290
2026-08-20 15:58:09 | DEBUG    | fgvc.clustering.spherical_kmeans |   Init 9/10: inertia=4.207290
2026-08-20 15:58:09 | DEBUG    | fgvc.clustering.spherical_kmeans |   Init 10/10: inertia=4.207290
2026-08-20 15:58:09 | INFO     | fgvc.clustering.spherical_kmeans |   [Boat_tailed_Grackle] k_selected=2 | k_effective=2 | min_cluster=5 | max_cluster=20
2026-08-20 15:58:09 | INFO     | fgvc.clustering.spherical_kmeans |   [Bobolink] 25 images
2026-08-20 15:58:09 | DEBUG    | fgvc.clustering.spherical_kmeans |   Init 1/5: inertia=4.204243
2026-08-20 15:58:09 | DEBUG    | fgvc.clustering.spherical_kmeans |   Init 2/5: inertia=4.016171
2026-08-20 15:58:09 | DEBUG    | fgvc.clustering.spherical_kmeans |   Init 3/5: inertia=4.204243
2026-08-20 15:58:09 | DEBUG    | fgvc.clustering.spherical_kmeans |   Init 4/5: inertia=4.109270
2026-08-20 15:58:09 | DEBUG    | fgvc.clustering.spherical_kmeans |   Init 5/5: inertia=4.095541
2026-08-20 15:58:09 | DEBUG    | fgvc.clustering.spherical_kmeans |   Init 1/5: inertia=3.611134
2026-08-20 15:58:09 | DEBUG    | fgvc.clustering.spherical_kmeans |   Init 2/5: inertia=3.914296
2026-08-20 15:58:09 | DEBUG    | fgvc.clustering.spherical_kmeans |   Init 3/5: inertia=4.008611
2026-08-20 15:58:09 | DEBUG    | fgvc.clustering.spherical_kmeans |   Init 4/5: inertia=3.919656
2026-08-20 15:58:09 | DEBUG    | fgvc.clustering.spherical_kmeans |   Init 5/5: inertia=3.771673
2026-08-20 15:58:09 | DEBUG    | fgvc.clustering.spherical_kmeans |   Init 1/5: inertia=3.229132
2026-08-20 15:58:09 | DEBUG    | fgvc.clustering.spherical_kmeans |   Init 2/5: inertia=3.582976
2026-08-20 15:58:09 | DEBUG    | fgvc.clustering.spherical_kmeans |   Init 3/5: inertia=3.422238
2026-08-20 15:58:09 | DEBUG    | fgvc.clustering.spherical_kmeans |   Init 4/5: inertia=3.610763
2026-08-20 15:58:09 | DEBUG    | fgvc.clustering.spherical_kmeans |   Init 5/5: inertia=3.617908
2026-08-20 15:58:09 | DEBUG    | fgvc.clustering.spherical_kmeans |   Init 1/5: inertia=2.975033
2026-08-20 15:58:09 | DEBUG    | fgvc.clustering.spherical_kmeans |   Init 2/5: inertia=3.026542
2026-08-20 15:58:09 | DEBUG    | fgvc.clustering.spherical_kmeans |   Init 3/5: inertia=3.009214
2026-08-20 15:58:09 | DEBUG    | fgvc.clustering.spherical_kmeans |   Init 4/5: inertia=3.231421
2026-08-20 15:58:09 | DEBUG    | fgvc.clustering.spherical_kmeans |   Init 5/5: inertia=3.224518
2026-08-20 15:58:09 | DEBUG    | fgvc.clustering.spherical_kmeans | K selection: best_k=2 | scores={2: {'silhouette': 0.523, 'compactness': 0.8394, 'score': 0.5133}, 3: {'silhouette': 0.185, 'compactness': 0.8556, 'score': 0.2825}, 4: {'silhouette': 0.1119, 'compactness': 0.8708, 'score': 0.1839}, 5: {'silhouette': 0.0703, 'compactness': 0.881, 'score': 0.0994}}
2026-08-20 15:58:09 | DEBUG    | fgvc.clustering.spherical_kmeans |   Init 1/10: inertia=4.204243
2026-08-20 15:58:09 | DEBUG    | fgvc.clustering.spherical_kmeans |   Init 2/10: inertia=4.016171
2026-08-20 15:58:09 | DEBUG    | fgvc.clustering.spherical_kmeans |   Init 3/10: inertia=4.204243
2026-08-20 15:58:09 | DEBUG    | fgvc.clustering.spherical_kmeans |   Init 4/10: inertia=4.109270
2026-08-20 15:58:09 | DEBUG    | fgvc.clustering.spherical_kmeans |   Init 5/10: inertia=4.095541
2026-08-20 15:58:09 | DEBUG    | fgvc.clustering.spherical_kmeans |   Init 6/10: inertia=4.146061
2026-08-20 15:58:09 | DEBUG    | fgvc.clustering.spherical_kmeans |   Init 7/10: inertia=4.293483
2026-08-20 15:58:09 | DEBUG    | fgvc.clustering.spherical_kmeans |   Init 8/10: inertia=4.016171
2026-08-20 15:58:09 | DEBUG    | fgvc.clustering.spherical_kmeans |   Init 9/10: inertia=4.207043
2026-08-20 15:58:09 | DEBUG    | fgvc.clustering.spherical_kmeans |   Init 10/10: inertia=4.039032
2026-08-20 15:58:09 | INFO     | fgvc.clustering.spherical_kmeans |   [Bobolink] k_selected=2 | k_effective=1 | min_cluster=25 | max_cluster=25
2026-08-20 15:58:09 | INFO     | fgvc.clustering.spherical_kmeans |   [Bohemian_Waxwing] 25 images
2026-08-20 15:58:09 | DEBUG    | fgvc.clustering.spherical_kmeans |   Init 1/5: inertia=3.023225
2026-08-20 15:58:09 | DEBUG    | fgvc.clustering.spherical_kmeans |   Init 2/5: inertia=3.006145
2026-08-20 15:58:09 | DEBUG    | fgvc.clustering.spherical_kmeans |   Init 3/5: inertia=3.031588
2026-08-20 15:58:09 | DEBUG    | fgvc.clustering.spherical_kmeans |   Init 4/5: inertia=3.002753
2026-08-20 15:58:09 | DEBUG    | fgvc.clustering.spherical_kmeans |   Init 5/5: inertia=2.983470
2026-08-20 15:58:09 | DEBUG    | fgvc.clustering.spherical_kmeans |   Init 1/5: inertia=2.659321
2026-08-20 15:58:09 | DEBUG    | fgvc.clustering.spherical_kmeans |   Init 2/5: inertia=2.887339
2026-08-20 15:58:09 | DEBUG    | fgvc.clustering.spherical_kmeans |   Init 3/5: inertia=2.752528
2026-08-20 15:58:09 | DEBUG    | fgvc.clustering.spherical_kmeans |   Init 4/5: inertia=2.639898
2026-08-20 15:58:09 | DEBUG    | fgvc.clustering.spherical_kmeans |   Init 5/5: inertia=2.745070
2026-08-20 15:58:09 | DEBUG    | fgvc.clustering.spherical_kmeans |   Init 1/5: inertia=2.391886
2026-08-20 15:58:09 | DEBUG    | fgvc.clustering.spherical_kmeans |   Init 2/5: inertia=2.547180
2026-08-20 15:58:09 | DEBUG    | fgvc.clustering.spherical_kmeans |   Init 3/5: inertia=2.532298
2026-08-20 15:58:09 | DEBUG    | fgvc.clustering.spherical_kmeans |   Init 4/5: inertia=2.479207
2026-08-20 15:58:09 | DEBUG    | fgvc.clustering.spherical_kmeans |   Init 5/5: inertia=2.517506
2026-08-20 15:58:09 | DEBUG    | fgvc.clustering.spherical_kmeans |   Init 1/5: inertia=2.201962
2026-08-20 15:58:09 | DEBUG    | fgvc.clustering.spherical_kmeans |   Init 2/5: inertia=2.363567
2026-08-20 15:58:09 | DEBUG    | fgvc.clustering.spherical_kmeans |   Init 3/5: inertia=2.307598
2026-08-20 15:58:09 | DEBUG    | fgvc.clustering.spherical_kmeans |   Init 4/5: inertia=2.222994
2026-08-20 15:58:09 | DEBUG    | fgvc.clustering.spherical_kmeans |   Init 5/5: inertia=2.448370
2026-08-20 15:58:09 | DEBUG    | fgvc.clustering.spherical_kmeans | K selection: best_k=2 | scores={2: {'silhouette': 0.3131, 'compactness': 0.8807, 'score': 0.4208}, 3: {'silhouette': 0.3072, 'compactness': 0.8944, 'score': 0.3552}, 4: {'silhouette': 0.2855, 'compactness': 0.9043, 'score': 0.2807}, 5: {'silhouette': 0.067, 'compactness': 0.9119, 'score': 0.1071}}
2026-08-20 15:58:09 | DEBUG    | fgvc.clustering.spherical_kmeans |   Init 1/10: inertia=3.023225
2026-08-20 15:58:09 | DEBUG    | fgvc.clustering.spherical_kmeans |   Init 2/10: inertia=3.006145
2026-08-20 15:58:09 | DEBUG    | fgvc.clustering.spherical_kmeans |   Init 3/10: inertia=3.031588
2026-08-20 15:58:09 | DEBUG    | fgvc.clustering.spherical_kmeans |   Init 4/10: inertia=3.002753
2026-08-20 15:58:09 | DEBUG    | fgvc.clustering.spherical_kmeans |   Init 5/10: inertia=2.983470
2026-08-20 15:58:09 | DEBUG    | fgvc.clustering.spherical_kmeans |   Init 6/10: inertia=3.066845
2026-08-20 15:58:09 | DEBUG    | fgvc.clustering.spherical_kmeans |   Init 7/10: inertia=2.982183
2026-08-20 15:58:09 | DEBUG    | fgvc.clustering.spherical_kmeans |   Init 8/10: inertia=3.056242
2026-08-20 15:58:09 | DEBUG    | fgvc.clustering.spherical_kmeans |   Init 9/10: inertia=3.058331
2026-08-20 15:58:09 | DEBUG    | fgvc.clustering.spherical_kmeans |   Init 10/10: inertia=3.036724
2026-08-20 15:58:09 | INFO     | fgvc.clustering.spherical_kmeans |   [Bohemian_Waxwing] k_selected=2 | k_effective=2 | min_cluster=11 | max_cluster=14
2026-08-20 15:58:09 | INFO     | fgvc.clustering.spherical_kmeans |   [Brandt_Cormorant] 25 images
2026-08-20 15:58:09 | DEBUG    | fgvc.clustering.spherical_kmeans |   Init 1/5: inertia=5.208741
2026-08-20 15:58:09 | DEBUG    | fgvc.clustering.spherical_kmeans |   Init 2/5: inertia=5.184560
2026-08-20 15:58:09 | DEBUG    | fgvc.clustering.spherical_kmeans |   Init 3/5: inertia=5.492485
2026-08-20 15:58:09 | DEBUG    | fgvc.clustering.spherical_kmeans |   Init 4/5: inertia=5.275968
2026-08-20 15:58:09 | DEBUG    | fgvc.clustering.spherical_kmeans |   Init 5/5: inertia=5.458763
2026-08-20 15:58:09 | DEBUG    | fgvc.clustering.spherical_kmeans |   Init 1/5: inertia=4.568212
2026-08-20 15:58:09 | DEBUG    | fgvc.clustering.spherical_kmeans |   Init 2/5: inertia=4.857389
2026-08-20 15:58:09 | DEBUG    | fgvc.clustering.spherical_kmeans |   Init 3/5: inertia=4.861909
2026-08-20 15:58:09 | DEBUG    | fgvc.clustering.spherical_kmeans |   Init 4/5: inertia=4.688810
2026-08-20 15:58:09 | DEBUG    | fgvc.clustering.spherical_kmeans |   Init 5/5: inertia=4.703051
2026-08-20 15:58:09 | DEBUG    | fgvc.clustering.spherical_kmeans |   Init 1/5: inertia=4.238550
2026-08-20 15:58:09 | DEBUG    | fgvc.clustering.spherical_kmeans |   Init 2/5: inertia=4.395453
2026-08-20 15:58:09 | DEBUG    | fgvc.clustering.spherical_kmeans |   Init 3/5: inertia=4.740570
2026-08-20 15:58:09 | DEBUG    | fgvc.clustering.spherical_kmeans |   Init 4/5: inertia=4.325692
2026-08-20 15:58:09 | DEBUG    | fgvc.clustering.spherical_kmeans |   Init 5/5: inertia=4.739597
2026-08-20 15:58:09 | DEBUG    | fgvc.clustering.spherical_kmeans |   Init 1/5: inertia=4.003270
2026-08-20 15:58:09 | DEBUG    | fgvc.clustering.spherical_kmeans |   Init 2/5: inertia=4.031608
2026-08-20 15:58:09 | DEBUG    | fgvc.clustering.spherical_kmeans |   Init 3/5: inertia=4.059249
2026-08-20 15:58:09 | DEBUG    | fgvc.clustering.spherical_kmeans |   Init 4/5: inertia=3.955966
2026-08-20 15:58:09 | DEBUG    | fgvc.clustering.spherical_kmeans |   Init 5/5: inertia=3.965047
2026-08-20 15:58:09 | DEBUG    | fgvc.clustering.spherical_kmeans | K selection: best_k=2 | scores={2: {'silhouette': 0.1502, 'compactness': 0.7926, 'score': 0.3129}, 3: {'silhouette': 0.1381, 'compactness': 0.8173, 'score': 0.2476}, 4: {'silhouette': 0.1011, 'compactness': 0.8305, 'score': 0.1664}, 5: {'silhouette': 0.0848, 'compactness': 0.8418, 'score': 0.0949}}
2026-08-20 15:58:09 | DEBUG    | fgvc.clustering.spherical_kmeans |   Init 1/10: inertia=5.208741
2026-08-20 15:58:09 | DEBUG    | fgvc.clustering.spherical_kmeans |   Init 2/10: inertia=5.184560
2026-08-20 15:58:09 | DEBUG    | fgvc.clustering.spherical_kmeans |   Init 3/10: inertia=5.492485
2026-08-20 15:58:09 | DEBUG    | fgvc.clustering.spherical_kmeans |   Init 4/10: inertia=5.275968
2026-08-20 15:58:09 | DEBUG    | fgvc.clustering.spherical_kmeans |   Init 5/10: inertia=5.458763
2026-08-20 15:58:09 | DEBUG    | fgvc.clustering.spherical_kmeans |   Init 6/10: inertia=5.443546
2026-08-20 15:58:09 | DEBUG    | fgvc.clustering.spherical_kmeans |   Init 7/10: inertia=5.379107
2026-08-20 15:58:09 | DEBUG    | fgvc.clustering.spherical_kmeans |   Init 8/10: inertia=5.183792
2026-08-20 15:58:09 | DEBUG    | fgvc.clustering.spherical_kmeans |   Init 9/10: inertia=5.184560
2026-08-20 15:58:09 | DEBUG    | fgvc.clustering.spherical_kmeans |   Init 10/10: inertia=5.195161
2026-08-20 15:58:09 | INFO     | fgvc.clustering.spherical_kmeans |   [Brandt_Cormorant] k_selected=2 | k_effective=2 | min_cluster=8 | max_cluster=17
2026-08-20 15:58:09 | INFO     | fgvc.clustering.spherical_kmeans |   [Brewer_Blackbird] 25 images
2026-08-20 15:58:09 | DEBUG    | fgvc.clustering.spherical_kmeans |   Init 1/5: inertia=3.704661
2026-08-20 15:58:09 | DEBUG    | fgvc.clustering.spherical_kmeans |   Init 2/5: inertia=4.118489
2026-08-20 15:58:09 | DEBUG    | fgvc.clustering.spherical_kmeans |   Init 3/5: inertia=3.704661
2026-08-20 15:58:09 | DEBUG    | fgvc.clustering.spherical_kmeans |   Init 4/5: inertia=3.704661
2026-08-20 15:58:09 | DEBUG    | fgvc.clustering.spherical_kmeans |   Init 5/5: inertia=3.704661
2026-08-20 15:58:09 | DEBUG    | fgvc.clustering.spherical_kmeans |   Init 1/5: inertia=3.410177
2026-08-20 15:58:09 | DEBUG    | fgvc.clustering.spherical_kmeans |   Init 2/5: inertia=3.411768
2026-08-20 15:58:09 | DEBUG    | fgvc.clustering.spherical_kmeans |   Init 3/5: inertia=3.343673
2026-08-20 15:58:09 | DEBUG    | fgvc.clustering.spherical_kmeans |   Init 4/5: inertia=3.485352
2026-08-20 15:58:09 | DEBUG    | fgvc.clustering.spherical_kmeans |   Init 5/5: inertia=3.639354
2026-08-20 15:58:09 | DEBUG    | fgvc.clustering.spherical_kmeans |   Init 1/5: inertia=3.252111
2026-08-20 15:58:09 | DEBUG    | fgvc.clustering.spherical_kmeans |   Init 2/5: inertia=3.292449
2026-08-20 15:58:09 | DEBUG    | fgvc.clustering.spherical_kmeans |   Init 3/5: inertia=3.240558
2026-08-20 15:58:09 | DEBUG    | fgvc.clustering.spherical_kmeans |   Init 4/5: inertia=3.107559
2026-08-20 15:58:09 | DEBUG    | fgvc.clustering.spherical_kmeans |   Init 5/5: inertia=2.941691
2026-08-20 15:58:09 | DEBUG    | fgvc.clustering.spherical_kmeans |   Init 1/5: inertia=2.926501
2026-08-20 15:58:09 | DEBUG    | fgvc.clustering.spherical_kmeans |   Init 2/5: inertia=3.101598
2026-08-20 15:58:09 | DEBUG    | fgvc.clustering.spherical_kmeans |   Init 3/5: inertia=2.923376
2026-08-20 15:58:09 | DEBUG    | fgvc.clustering.spherical_kmeans |   Init 4/5: inertia=2.875531
2026-08-20 15:58:09 | DEBUG    | fgvc.clustering.spherical_kmeans |   Init 5/5: inertia=2.820776
2026-08-20 15:58:09 | DEBUG    | fgvc.clustering.spherical_kmeans | K selection: best_k=2 | scores={2: {'silhouette': 0.5088, 'compactness': 0.8518, 'score': 0.51}, 3: {'silhouette': 0.3241, 'compactness': 0.8663, 'score': 0.3552}, 4: {'silhouette': 0.2264, 'compactness': 0.8823, 'score': 0.2446}, 5: {'silhouette': 0.1765, 'compactness': 0.8872, 'score': 0.1544}}
2026-08-20 15:58:09 | DEBUG    | fgvc.clustering.spherical_kmeans |   Init 1/10: inertia=3.704661
2026-08-20 15:58:09 | DEBUG    | fgvc.clustering.spherical_kmeans |   Init 2/10: inertia=4.118489
2026-08-20 15:58:09 | DEBUG    | fgvc.clustering.spherical_kmeans |   Init 3/10: inertia=3.704661
2026-08-20 15:58:09 | DEBUG    | fgvc.clustering.spherical_kmeans |   Init 4/10: inertia=3.704661
2026-08-20 15:58:09 | DEBUG    | fgvc.clustering.spherical_kmeans |   Init 5/10: inertia=3.704661
2026-08-20 15:58:09 | DEBUG    | fgvc.clustering.spherical_kmeans |   Init 6/10: inertia=4.808999
2026-08-20 15:58:09 | DEBUG    | fgvc.clustering.spherical_kmeans |   Init 7/10: inertia=3.704661
2026-08-20 15:58:09 | DEBUG    | fgvc.clustering.spherical_kmeans |   Init 8/10: inertia=3.704661
2026-08-20 15:58:09 | DEBUG    | fgvc.clustering.spherical_kmeans |   Init 9/10: inertia=3.704661
2026-08-20 15:58:09 | DEBUG    | fgvc.clustering.spherical_kmeans |   Init 10/10: inertia=3.704661
2026-08-20 15:58:09 | INFO     | fgvc.clustering.spherical_kmeans |   [Brewer_Blackbird] k_selected=2 | k_effective=2 | min_cluster=5 | max_cluster=20
2026-08-20 15:58:09 | INFO     | fgvc.clustering.spherical_kmeans |   [Brewer_Sparrow] 25 images
2026-08-20 15:58:09 | DEBUG    | fgvc.clustering.spherical_kmeans |   Init 1/5: inertia=4.656549
2026-08-20 15:58:09 | DEBUG    | fgvc.clustering.spherical_kmeans |   Init 2/5: inertia=4.618498
2026-08-20 15:58:09 | DEBUG    | fgvc.clustering.spherical_kmeans |   Init 3/5: inertia=4.558008
2026-08-20 15:58:09 | DEBUG    | fgvc.clustering.spherical_kmeans |   Init 4/5: inertia=4.535683
2026-08-20 15:58:09 | DEBUG    | fgvc.clustering.spherical_kmeans |   Init 5/5: inertia=4.671911
2026-08-20 15:58:09 | DEBUG    | fgvc.clustering.spherical_kmeans |   Init 1/5: inertia=4.304500
2026-08-20 15:58:09 | DEBUG    | fgvc.clustering.spherical_kmeans |   Init 2/5: inertia=4.315289
2026-08-20 15:58:09 | DEBUG    | fgvc.clustering.spherical_kmeans |   Init 3/5: inertia=4.243712
2026-08-20 15:58:09 | DEBUG    | fgvc.clustering.spherical_kmeans |   Init 4/5: inertia=4.312528
2026-08-20 15:58:09 | DEBUG    | fgvc.clustering.spherical_kmeans |   Init 5/5: inertia=4.189216
2026-08-20 15:58:09 | DEBUG    | fgvc.clustering.spherical_kmeans |   Init 1/5: inertia=4.077754
2026-08-20 15:58:09 | DEBUG    | fgvc.clustering.spherical_kmeans |   Init 2/5: inertia=3.949899
2026-08-20 15:58:09 | DEBUG    | fgvc.clustering.spherical_kmeans |   Init 3/5: inertia=4.119166
2026-08-20 15:58:09 | DEBUG    | fgvc.clustering.spherical_kmeans |   Init 4/5: inertia=3.927001
2026-08-20 15:58:09 | DEBUG    | fgvc.clustering.spherical_kmeans |   Init 5/5: inertia=3.983074
2026-08-20 15:58:09 | DEBUG    | fgvc.clustering.spherical_kmeans |   Init 1/5: inertia=3.742736
2026-08-20 15:58:09 | DEBUG    | fgvc.clustering.spherical_kmeans |   Init 2/5: inertia=3.697882
2026-08-20 15:58:09 | DEBUG    | fgvc.clustering.spherical_kmeans |   Init 3/5: inertia=3.608481
2026-08-20 15:58:09 | DEBUG    | fgvc.clustering.spherical_kmeans |   Init 4/5: inertia=3.662878
2026-08-20 15:58:09 | DEBUG    | fgvc.clustering.spherical_kmeans |   Init 5/5: inertia=3.547259
2026-08-20 15:58:09 | DEBUG    | fgvc.clustering.spherical_kmeans | K selection: best_k=2 | scores={2: {'silhouette': 0.0995, 'compactness': 0.8186, 'score': 0.2953}, 3: {'silhouette': 0.0973, 'compactness': 0.8324, 'score': 0.2317}, 4: {'silhouette': 0.0511, 'compactness': 0.8429, 'score': 0.1451}, 5: {'silhouette': 0.065, 'compactness': 0.8581, 'score': 0.0899}}
2026-08-20 15:58:09 | DEBUG    | fgvc.clustering.spherical_kmeans |   Init 1/10: inertia=4.656549
2026-08-20 15:58:09 | DEBUG    | fgvc.clustering.spherical_kmeans |   Init 2/10: inertia=4.618498
2026-08-20 15:58:09 | DEBUG    | fgvc.clustering.spherical_kmeans |   Init 3/10: inertia=4.558008
2026-08-20 15:58:09 | DEBUG    | fgvc.clustering.spherical_kmeans |   Init 4/10: inertia=4.535683
2026-08-20 15:58:09 | DEBUG    | fgvc.clustering.spherical_kmeans |   Init 5/10: inertia=4.671911
2026-08-20 15:58:09 | DEBUG    | fgvc.clustering.spherical_kmeans |   Init 6/10: inertia=4.638790
2026-08-20 15:58:09 | DEBUG    | fgvc.clustering.spherical_kmeans |   Init 7/10: inertia=4.602385
2026-08-20 15:58:09 | DEBUG    | fgvc.clustering.spherical_kmeans |   Init 8/10: inertia=4.560210
2026-08-20 15:58:09 | DEBUG    | fgvc.clustering.spherical_kmeans |   Init 9/10: inertia=4.468290
2026-08-20 15:58:09 | DEBUG    | fgvc.clustering.spherical_kmeans |   Init 10/10: inertia=4.472477
2026-08-20 15:58:09 | INFO     | fgvc.clustering.spherical_kmeans |   [Brewer_Sparrow] k_selected=2 | k_effective=2 | min_cluster=7 | max_cluster=18
2026-08-20 15:58:09 | INFO     | fgvc.clustering.spherical_kmeans |   [Bronzed_Cowbird] 25 images
2026-08-20 15:58:09 | DEBUG    | fgvc.clustering.spherical_kmeans |   Init 1/5: inertia=3.198354
2026-08-20 15:58:09 | DEBUG    | fgvc.clustering.spherical_kmeans |   Init 2/5: inertia=3.527389
2026-08-20 15:58:09 | DEBUG    | fgvc.clustering.spherical_kmeans |   Init 3/5: inertia=3.306383
2026-08-20 15:58:09 | DEBUG    | fgvc.clustering.spherical_kmeans |   Init 4/5: inertia=3.414171
2026-08-20 15:58:09 | DEBUG    | fgvc.clustering.spherical_kmeans |   Init 5/5: inertia=3.466601
2026-08-20 15:58:09 | DEBUG    | fgvc.clustering.spherical_kmeans |   Init 1/5: inertia=2.947937
2026-08-20 15:58:09 | DEBUG    | fgvc.clustering.spherical_kmeans |   Init 2/5: inertia=3.023089
2026-08-20 15:58:09 | DEBUG    | fgvc.clustering.spherical_kmeans |   Init 3/5: inertia=3.275561
2026-08-20 15:58:09 | DEBUG    | fgvc.clustering.spherical_kmeans |   Init 4/5: inertia=3.111116
2026-08-20 15:58:09 | DEBUG    | fgvc.clustering.spherical_kmeans |   Init 5/5: inertia=3.013432
2026-08-20 15:58:09 | DEBUG    | fgvc.clustering.spherical_kmeans |   Init 1/5: inertia=2.770003
2026-08-20 15:58:09 | DEBUG    | fgvc.clustering.spherical_kmeans |   Init 2/5: inertia=2.814310
2026-08-20 15:58:09 | DEBUG    | fgvc.clustering.spherical_kmeans |   Init 3/5: inertia=2.852462
2026-08-20 15:58:09 | DEBUG    | fgvc.clustering.spherical_kmeans |   Init 4/5: inertia=2.779557
2026-08-20 15:58:09 | DEBUG    | fgvc.clustering.spherical_kmeans |   Init 5/5: inertia=2.702249
2026-08-20 15:58:09 | DEBUG    | fgvc.clustering.spherical_kmeans |   Init 1/5: inertia=2.582469
2026-08-20 15:58:09 | DEBUG    | fgvc.clustering.spherical_kmeans |   Init 2/5: inertia=2.867969
2026-08-20 15:58:09 | DEBUG    | fgvc.clustering.spherical_kmeans |   Init 3/5: inertia=2.462949
2026-08-20 15:58:09 | DEBUG    | fgvc.clustering.spherical_kmeans |   Init 4/5: inertia=2.512676
2026-08-20 15:58:09 | DEBUG    | fgvc.clustering.spherical_kmeans |   Init 5/5: inertia=2.799633
2026-08-20 15:58:09 | DEBUG    | fgvc.clustering.spherical_kmeans | K selection: best_k=2 | scores={2: {'silhouette': 0.4819, 'compactness': 0.8721, 'score': 0.5026}, 3: {'silhouette': 0.0691, 'compactness': 0.8821, 'score': 0.2325}, 4: {'silhouette': 0.1689, 'compactness': 0.8919, 'score': 0.2187}, 5: {'silhouette': 0.0356, 'compactness': 0.9015, 'score': 0.0883}}
2026-08-20 15:58:09 | DEBUG    | fgvc.clustering.spherical_kmeans |   Init 1/10: inertia=3.198354
2026-08-20 15:58:09 | DEBUG    | fgvc.clustering.spherical_kmeans |   Init 2/10: inertia=3.527389
2026-08-20 15:58:09 | DEBUG    | fgvc.clustering.spherical_kmeans |   Init 3/10: inertia=3.306383
2026-08-20 15:58:09 | DEBUG    | fgvc.clustering.spherical_kmeans |   Init 4/10: inertia=3.414171
2026-08-20 15:58:09 | DEBUG    | fgvc.clustering.spherical_kmeans |   Init 5/10: inertia=3.466601
2026-08-20 15:58:09 | DEBUG    | fgvc.clustering.spherical_kmeans |   Init 6/10: inertia=3.481640
2026-08-20 15:58:09 | DEBUG    | fgvc.clustering.spherical_kmeans |   Init 7/10: inertia=3.351020
2026-08-20 15:58:09 | DEBUG    | fgvc.clustering.spherical_kmeans |   Init 8/10: inertia=3.306383
2026-08-20 15:58:09 | DEBUG    | fgvc.clustering.spherical_kmeans |   Init 9/10: inertia=3.460100
2026-08-20 15:58:09 | DEBUG    | fgvc.clustering.spherical_kmeans |   Init 10/10: inertia=3.211938
2026-08-20 15:58:09 | INFO     | fgvc.clustering.spherical_kmeans |   [Bronzed_Cowbird] k_selected=2 | k_effective=1 | min_cluster=25 | max_cluster=25
2026-08-20 15:58:09 | INFO     | fgvc.clustering.spherical_kmeans |   [Brown_Creeper] 25 images
2026-08-20 15:58:09 | DEBUG    | fgvc.clustering.spherical_kmeans |   Init 1/5: inertia=3.448658
2026-08-20 15:58:09 | DEBUG    | fgvc.clustering.spherical_kmeans |   Init 2/5: inertia=3.490286
2026-08-20 15:58:09 | DEBUG    | fgvc.clustering.spherical_kmeans |   Init 3/5: inertia=3.459085
2026-08-20 15:58:09 | DEBUG    | fgvc.clustering.spherical_kmeans |   Init 4/5: inertia=3.536862
2026-08-20 15:58:09 | DEBUG    | fgvc.clustering.spherical_kmeans |   Init 5/5: inertia=3.409052
2026-08-20 15:58:09 | DEBUG    | fgvc.clustering.spherical_kmeans |   Init 1/5: inertia=3.240791
2026-08-20 15:58:09 | DEBUG    | fgvc.clustering.spherical_kmeans |   Init 2/5: inertia=3.282892
2026-08-20 15:58:09 | DEBUG    | fgvc.clustering.spherical_kmeans |   Init 3/5: inertia=3.233977
2026-08-20 15:58:09 | DEBUG    | fgvc.clustering.spherical_kmeans |   Init 4/5: inertia=3.197514
2026-08-20 15:58:09 | DEBUG    | fgvc.clustering.spherical_kmeans |   Init 5/5: inertia=2.820550
2026-08-20 15:58:09 | DEBUG    | fgvc.clustering.spherical_kmeans |   Init 1/5: inertia=3.010760
2026-08-20 15:58:09 | DEBUG    | fgvc.clustering.spherical_kmeans |   Init 2/5: inertia=3.045547
2026-08-20 15:58:09 | DEBUG    | fgvc.clustering.spherical_kmeans |   Init 3/5: inertia=2.952486
2026-08-20 15:58:09 | DEBUG    | fgvc.clustering.spherical_kmeans |   Init 4/5: inertia=2.653985
2026-08-20 15:58:09 | DEBUG    | fgvc.clustering.spherical_kmeans |   Init 5/5: inertia=2.620284
2026-08-20 15:58:09 | DEBUG    | fgvc.clustering.spherical_kmeans |   Init 1/5: inertia=2.533514
2026-08-20 15:58:09 | DEBUG    | fgvc.clustering.spherical_kmeans |   Init 2/5: inertia=2.866547
2026-08-20 15:58:09 | DEBUG    | fgvc.clustering.spherical_kmeans |   Init 3/5: inertia=2.516463
2026-08-20 15:58:09 | DEBUG    | fgvc.clustering.spherical_kmeans |   Init 4/5: inertia=2.363393
2026-08-20 15:58:09 | DEBUG    | fgvc.clustering.spherical_kmeans |   Init 5/5: inertia=2.388665
2026-08-20 15:58:09 | DEBUG    | fgvc.clustering.spherical_kmeans | K selection: best_k=2 | scores={2: {'silhouette': 0.0863, 'compactness': 0.8636, 'score': 0.3022}, 3: {'silhouette': 0.07, 'compactness': 0.8872, 'score': 0.2345}, 4: {'silhouette': 0.0958, 'compactness': 0.8952, 'score': 0.1831}, 5: {'silhouette': 0.066, 'compactness': 0.9055, 'score': 0.1046}}
2026-08-20 15:58:09 | DEBUG    | fgvc.clustering.spherical_kmeans |   Init 1/10: inertia=3.448658
2026-08-20 15:58:09 | DEBUG    | fgvc.clustering.spherical_kmeans |   Init 2/10: inertia=3.490286
2026-08-20 15:58:09 | DEBUG    | fgvc.clustering.spherical_kmeans |   Init 3/10: inertia=3.459085
2026-08-20 15:58:09 | DEBUG    | fgvc.clustering.spherical_kmeans |   Init 4/10: inertia=3.536862
2026-08-20 15:58:09 | DEBUG    | fgvc.clustering.spherical_kmeans |   Init 5/10: inertia=3.409052
2026-08-20 15:58:09 | DEBUG    | fgvc.clustering.spherical_kmeans |   Init 6/10: inertia=3.406608
2026-08-20 15:58:09 | DEBUG    | fgvc.clustering.spherical_kmeans |   Init 7/10: inertia=3.478046
2026-08-20 15:58:09 | DEBUG    | fgvc.clustering.spherical_kmeans |   Init 8/10: inertia=3.390375
2026-08-20 15:58:09 | DEBUG    | fgvc.clustering.spherical_kmeans |   Init 9/10: inertia=3.468765
2026-08-20 15:58:09 | DEBUG    | fgvc.clustering.spherical_kmeans |   Init 10/10: inertia=3.337747
2026-08-20 15:58:09 | INFO     | fgvc.clustering.spherical_kmeans |   [Brown_Creeper] k_selected=2 | k_effective=2 | min_cluster=5 | max_cluster=20
2026-08-20 15:58:09 | INFO     | fgvc.clustering.spherical_kmeans |   [Brown_Pelican] 25 images
2026-08-20 15:58:09 | DEBUG    | fgvc.clustering.spherical_kmeans |   Init 1/5: inertia=3.166272
2026-08-20 15:58:09 | DEBUG    | fgvc.clustering.spherical_kmeans |   Init 2/5: inertia=2.736952
2026-08-20 15:58:09 | DEBUG    | fgvc.clustering.spherical_kmeans |   Init 3/5: inertia=2.710932
2026-08-20 15:58:09 | DEBUG    | fgvc.clustering.spherical_kmeans |   Init 4/5: inertia=2.711648
2026-08-20 15:58:09 | DEBUG    | fgvc.clustering.spherical_kmeans |   Init 5/5: inertia=2.722735
2026-08-20 15:58:09 | DEBUG    | fgvc.clustering.spherical_kmeans |   Init 1/5: inertia=2.664130
2026-08-20 15:58:09 | DEBUG    | fgvc.clustering.spherical_kmeans |   Init 2/5: inertia=2.399168
2026-08-20 15:58:09 | DEBUG    | fgvc.clustering.spherical_kmeans |   Init 3/5: inertia=2.380532
2026-08-20 15:58:09 | DEBUG    | fgvc.clustering.spherical_kmeans |   Init 4/5: inertia=2.381350
2026-08-20 15:58:09 | DEBUG    | fgvc.clustering.spherical_kmeans |   Init 5/5: inertia=2.428870
2026-08-20 15:58:09 | DEBUG    | fgvc.clustering.spherical_kmeans |   Init 1/5: inertia=2.340348
2026-08-20 15:58:09 | DEBUG    | fgvc.clustering.spherical_kmeans |   Init 2/5: inertia=2.136900
2026-08-20 15:58:09 | DEBUG    | fgvc.clustering.spherical_kmeans |   Init 3/5: inertia=2.643818
2026-08-20 15:58:09 | DEBUG    | fgvc.clustering.spherical_kmeans |   Init 4/5: inertia=2.338979
2026-08-20 15:58:09 | DEBUG    | fgvc.clustering.spherical_kmeans |   Init 5/5: inertia=2.278739
2026-08-20 15:58:09 | DEBUG    | fgvc.clustering.spherical_kmeans |   Init 1/5: inertia=2.101274
2026-08-20 15:58:09 | DEBUG    | fgvc.clustering.spherical_kmeans |   Init 2/5: inertia=2.139344
2026-08-20 15:58:09 | DEBUG    | fgvc.clustering.spherical_kmeans |   Init 3/5: inertia=2.294330
2026-08-20 15:58:09 | DEBUG    | fgvc.clustering.spherical_kmeans |   Init 4/5: inertia=2.103965
2026-08-20 15:58:09 | DEBUG    | fgvc.clustering.spherical_kmeans |   Init 5/5: inertia=2.105508
2026-08-20 15:58:09 | DEBUG    | fgvc.clustering.spherical_kmeans | K selection: best_k=2 | scores={2: {'silhouette': 0.2503, 'compactness': 0.8916, 'score': 0.3926}, 3: {'silhouette': 0.2906, 'compactness': 0.9048, 'score': 0.3501}, 4: {'silhouette': 0.2189, 'compactness': 0.9145, 'score': 0.2505}, 5: {'silhouette': 0.1225, 'compactness': 0.9159, 'score': 0.136}}
2026-08-20 15:58:09 | DEBUG    | fgvc.clustering.spherical_kmeans |   Init 1/10: inertia=3.166272
2026-08-20 15:58:09 | DEBUG    | fgvc.clustering.spherical_kmeans |   Init 2/10: inertia=2.736952
2026-08-20 15:58:09 | DEBUG    | fgvc.clustering.spherical_kmeans |   Init 3/10: inertia=2.710932
2026-08-20 15:58:09 | DEBUG    | fgvc.clustering.spherical_kmeans |   Init 4/10: inertia=2.711648
2026-08-20 15:58:09 | DEBUG    | fgvc.clustering.spherical_kmeans |   Init 5/10: inertia=2.722735
2026-08-20 15:58:09 | DEBUG    | fgvc.clustering.spherical_kmeans |   Init 6/10: inertia=3.152434
2026-08-20 15:58:09 | DEBUG    | fgvc.clustering.spherical_kmeans |   Init 7/10: inertia=2.724833
2026-08-20 15:58:09 | DEBUG    | fgvc.clustering.spherical_kmeans |   Init 8/10: inertia=2.710932
2026-08-20 15:58:09 | DEBUG    | fgvc.clustering.spherical_kmeans |   Init 9/10: inertia=2.736952
2026-08-20 15:58:09 | DEBUG    | fgvc.clustering.spherical_kmeans |   Init 10/10: inertia=2.701879
2026-08-20 15:58:09 | INFO     | fgvc.clustering.spherical_kmeans |   [Brown_Pelican] k_selected=2 | k_effective=2 | min_cluster=9 | max_cluster=16
2026-08-20 15:58:09 | INFO     | fgvc.clustering.spherical_kmeans |   [Brown_Thrasher] 25 images
2026-08-20 15:58:09 | DEBUG    | fgvc.clustering.spherical_kmeans |   Init 1/5: inertia=3.470543
2026-08-20 15:58:09 | DEBUG    | fgvc.clustering.spherical_kmeans |   Init 2/5: inertia=3.174519
2026-08-20 15:58:09 | DEBUG    | fgvc.clustering.spherical_kmeans |   Init 3/5: inertia=3.206582
2026-08-20 15:58:09 | DEBUG    | fgvc.clustering.spherical_kmeans |   Init 4/5: inertia=3.319518
2026-08-20 15:58:09 | DEBUG    | fgvc.clustering.spherical_kmeans |   Init 5/5: inertia=3.433485
2026-08-20 15:58:09 | DEBUG    | fgvc.clustering.spherical_kmeans |   Init 1/5: inertia=3.125821
2026-08-20 15:58:09 | DEBUG    | fgvc.clustering.spherical_kmeans |   Init 2/5: inertia=3.124595
2026-08-20 15:58:09 | DEBUG    | fgvc.clustering.spherical_kmeans |   Init 3/5: inertia=3.069487
2026-08-20 15:58:09 | DEBUG    | fgvc.clustering.spherical_kmeans |   Init 4/5: inertia=3.142363
2026-08-20 15:58:09 | DEBUG    | fgvc.clustering.spherical_kmeans |   Init 5/5: inertia=3.064451
2026-08-20 15:58:09 | DEBUG    | fgvc.clustering.spherical_kmeans |   Init 1/5: inertia=2.972793
2026-08-20 15:58:09 | DEBUG    | fgvc.clustering.spherical_kmeans |   Init 2/5: inertia=2.792233
2026-08-20 15:58:09 | DEBUG    | fgvc.clustering.spherical_kmeans |   Init 3/5: inertia=2.691833
2026-08-20 15:58:09 | DEBUG    | fgvc.clustering.spherical_kmeans |   Init 4/5: inertia=2.743271
2026-08-20 15:58:09 | DEBUG    | fgvc.clustering.spherical_kmeans |   Init 5/5: inertia=2.842372
2026-08-20 15:58:09 | DEBUG    | fgvc.clustering.spherical_kmeans |   Init 1/5: inertia=2.572198
2026-08-20 15:58:09 | DEBUG    | fgvc.clustering.spherical_kmeans |   Init 2/5: inertia=2.589261
2026-08-20 15:58:09 | DEBUG    | fgvc.clustering.spherical_kmeans |   Init 3/5: inertia=2.499379
2026-08-20 15:58:09 | DEBUG    | fgvc.clustering.spherical_kmeans |   Init 4/5: inertia=2.769307
2026-08-20 15:58:09 | DEBUG    | fgvc.clustering.spherical_kmeans |   Init 5/5: inertia=2.430346
2026-08-20 15:58:09 | DEBUG    | fgvc.clustering.spherical_kmeans | K selection: best_k=2 | scores={2: {'silhouette': 0.2468, 'compactness': 0.873, 'score': 0.3853}, 3: {'silhouette': 0.0556, 'compactness': 0.8774, 'score': 0.2244}, 4: {'silhouette': 0.1005, 'compactness': 0.8923, 'score': 0.1846}, 5: {'silhouette': 0.124, 'compactness': 0.9028, 'score': 0.1328}}
2026-08-20 15:58:09 | DEBUG    | fgvc.clustering.spherical_kmeans |   Init 1/10: inertia=3.470543
2026-08-20 15:58:09 | DEBUG    | fgvc.clustering.spherical_kmeans |   Init 2/10: inertia=3.174519
2026-08-20 15:58:09 | DEBUG    | fgvc.clustering.spherical_kmeans |   Init 3/10: inertia=3.206582
2026-08-20 15:58:09 | DEBUG    | fgvc.clustering.spherical_kmeans |   Init 4/10: inertia=3.319518
2026-08-20 15:58:09 | DEBUG    | fgvc.clustering.spherical_kmeans |   Init 5/10: inertia=3.433485
2026-08-20 15:58:09 | DEBUG    | fgvc.clustering.spherical_kmeans |   Init 6/10: inertia=3.415437
2026-08-20 15:58:09 | DEBUG    | fgvc.clustering.spherical_kmeans |   Init 7/10: inertia=3.136534
2026-08-20 15:58:09 | DEBUG    | fgvc.clustering.spherical_kmeans |   Init 8/10: inertia=3.367797
2026-08-20 15:58:09 | DEBUG    | fgvc.clustering.spherical_kmeans |   Init 9/10: inertia=3.206582
2026-08-20 15:58:09 | DEBUG    | fgvc.clustering.spherical_kmeans |   Init 10/10: inertia=3.311752
2026-08-20 15:58:09 | INFO     | fgvc.clustering.spherical_kmeans |   [Brown_Thrasher] k_selected=2 | k_effective=2 | min_cluster=7 | max_cluster=18
2026-08-20 15:58:09 | INFO     | fgvc.clustering.spherical_kmeans |   [Cactus_Wren] 25 images
2026-08-20 15:58:09 | DEBUG    | fgvc.clustering.spherical_kmeans |   Init 1/5: inertia=3.800045
2026-08-20 15:58:09 | DEBUG    | fgvc.clustering.spherical_kmeans |   Init 2/5: inertia=3.780668
2026-08-20 15:58:09 | DEBUG    | fgvc.clustering.spherical_kmeans |   Init 3/5: inertia=3.823311
2026-08-20 15:58:09 | DEBUG    | fgvc.clustering.spherical_kmeans |   Init 4/5: inertia=3.871512
2026-08-20 15:58:09 | DEBUG    | fgvc.clustering.spherical_kmeans |   Init 5/5: inertia=3.764770
2026-08-20 15:58:09 | DEBUG    | fgvc.clustering.spherical_kmeans |   Init 1/5: inertia=3.427160
2026-08-20 15:58:09 | DEBUG    | fgvc.clustering.spherical_kmeans |   Init 2/5: inertia=3.424936
2026-08-20 15:58:09 | DEBUG    | fgvc.clustering.spherical_kmeans |   Init 3/5: inertia=3.511387
2026-08-20 15:58:09 | DEBUG    | fgvc.clustering.spherical_kmeans |   Init 4/5: inertia=3.508370
2026-08-20 15:58:09 | DEBUG    | fgvc.clustering.spherical_kmeans |   Init 5/5: inertia=3.618537
2026-08-20 15:58:09 | DEBUG    | fgvc.clustering.spherical_kmeans |   Init 1/5: inertia=3.308385
2026-08-20 15:58:09 | DEBUG    | fgvc.clustering.spherical_kmeans |   Init 2/5: inertia=3.238982
2026-08-20 15:58:09 | DEBUG    | fgvc.clustering.spherical_kmeans |   Init 3/5: inertia=3.170073
2026-08-20 15:58:09 | DEBUG    | fgvc.clustering.spherical_kmeans |   Init 4/5: inertia=3.115484
2026-08-20 15:58:09 | DEBUG    | fgvc.clustering.spherical_kmeans |   Init 5/5: inertia=3.190044
2026-08-20 15:58:09 | DEBUG    | fgvc.clustering.spherical_kmeans |   Init 1/5: inertia=3.089180
2026-08-20 15:58:09 | DEBUG    | fgvc.clustering.spherical_kmeans |   Init 2/5: inertia=2.916694
2026-08-20 15:58:09 | DEBUG    | fgvc.clustering.spherical_kmeans |   Init 3/5: inertia=2.848962
2026-08-20 15:58:09 | DEBUG    | fgvc.clustering.spherical_kmeans |   Init 4/5: inertia=3.030299
2026-08-20 15:58:09 | DEBUG    | fgvc.clustering.spherical_kmeans |   Init 5/5: inertia=2.948794
2026-08-20 15:58:09 | DEBUG    | fgvc.clustering.spherical_kmeans | K selection: best_k=2 | scores={2: {'silhouette': 0.2621, 'compactness': 0.8494, 'score': 0.3859}, 3: {'silhouette': 0.0954, 'compactness': 0.863, 'score': 0.2399}, 4: {'silhouette': 0.1613, 'compactness': 0.8754, 'score': 0.2099}, 5: {'silhouette': 0.1278, 'compactness': 0.886, 'score': 0.1297}}
2026-08-20 15:58:09 | DEBUG    | fgvc.clustering.spherical_kmeans |   Init 1/10: inertia=3.800045
2026-08-20 15:58:09 | DEBUG    | fgvc.clustering.spherical_kmeans |   Init 2/10: inertia=3.780668
2026-08-20 15:58:09 | DEBUG    | fgvc.clustering.spherical_kmeans |   Init 3/10: inertia=3.823311
2026-08-20 15:58:09 | DEBUG    | fgvc.clustering.spherical_kmeans |   Init 4/10: inertia=3.871512
2026-08-20 15:58:09 | DEBUG    | fgvc.clustering.spherical_kmeans |   Init 5/10: inertia=3.764770
2026-08-20 15:58:09 | DEBUG    | fgvc.clustering.spherical_kmeans |   Init 6/10: inertia=3.779984
2026-08-20 15:58:09 | DEBUG    | fgvc.clustering.spherical_kmeans |   Init 7/10: inertia=3.917134
2026-08-20 15:58:09 | DEBUG    | fgvc.clustering.spherical_kmeans |   Init 8/10: inertia=3.800045
2026-08-20 15:58:09 | DEBUG    | fgvc.clustering.spherical_kmeans |   Init 9/10: inertia=3.835102
2026-08-20 15:58:09 | DEBUG    | fgvc.clustering.spherical_kmeans |   Init 10/10: inertia=3.880580
2026-08-20 15:58:09 | INFO     | fgvc.clustering.spherical_kmeans |   [Cactus_Wren] k_selected=2 | k_effective=1 | min_cluster=25 | max_cluster=25
2026-08-20 15:58:09 | INFO     | fgvc.clustering.spherical_kmeans |   [California_Gull] 25 images
2026-08-20 15:58:09 | DEBUG    | fgvc.clustering.spherical_kmeans |   Init 1/5: inertia=4.027844
2026-08-20 15:58:09 | DEBUG    | fgvc.clustering.spherical_kmeans |   Init 2/5: inertia=3.972508
2026-08-20 15:58:09 | DEBUG    | fgvc.clustering.spherical_kmeans |   Init 3/5: inertia=3.817224
2026-08-20 15:58:09 | DEBUG    | fgvc.clustering.spherical_kmeans |   Init 4/5: inertia=3.753182
2026-08-20 15:58:09 | DEBUG    | fgvc.clustering.spherical_kmeans |   Init 5/5: inertia=3.928747
2026-08-20 15:58:09 | DEBUG    | fgvc.clustering.spherical_kmeans |   Init 1/5: inertia=3.656356
2026-08-20 15:58:09 | DEBUG    | fgvc.clustering.spherical_kmeans |   Init 2/5: inertia=3.259903
2026-08-20 15:58:09 | DEBUG    | fgvc.clustering.spherical_kmeans |   Init 3/5: inertia=3.254958
2026-08-20 15:58:09 | DEBUG    | fgvc.clustering.spherical_kmeans |   Init 4/5: inertia=3.693525
2026-08-20 15:58:09 | DEBUG    | fgvc.clustering.spherical_kmeans |   Init 5/5: inertia=3.545790
2026-08-20 15:58:09 | DEBUG    | fgvc.clustering.spherical_kmeans |   Init 1/5: inertia=3.249020
2026-08-20 15:58:09 | DEBUG    | fgvc.clustering.spherical_kmeans |   Init 2/5: inertia=3.063669
2026-08-20 15:58:09 | DEBUG    | fgvc.clustering.spherical_kmeans |   Init 3/5: inertia=3.341245
2026-08-20 15:58:09 | DEBUG    | fgvc.clustering.spherical_kmeans |   Init 4/5: inertia=3.444703
2026-08-20 15:58:09 | DEBUG    | fgvc.clustering.spherical_kmeans |   Init 5/5: inertia=3.050177
2026-08-20 15:58:09 | DEBUG    | fgvc.clustering.spherical_kmeans |   Init 1/5: inertia=2.745295
2026-08-20 15:58:09 | DEBUG    | fgvc.clustering.spherical_kmeans |   Init 2/5: inertia=3.034651
2026-08-20 15:58:09 | DEBUG    | fgvc.clustering.spherical_kmeans |   Init 3/5: inertia=3.218280
2026-08-20 15:58:09 | DEBUG    | fgvc.clustering.spherical_kmeans |   Init 4/5: inertia=3.003203
2026-08-20 15:58:09 | DEBUG    | fgvc.clustering.spherical_kmeans |   Init 5/5: inertia=2.874561
2026-08-20 15:58:09 | DEBUG    | fgvc.clustering.spherical_kmeans | K selection: best_k=2 | scores={2: {'silhouette': 0.2127, 'compactness': 0.8499, 'score': 0.3613}, 3: {'silhouette': 0.2099, 'compactness': 0.8698, 'score': 0.2992}, 4: {'silhouette': 0.232, 'compactness': 0.878, 'score': 0.246}, 5: {'silhouette': 0.0847, 'compactness': 0.8902, 'score': 0.1094}}
2026-08-20 15:58:09 | DEBUG    | fgvc.clustering.spherical_kmeans |   Init 1/10: inertia=4.027844
2026-08-20 15:58:09 | DEBUG    | fgvc.clustering.spherical_kmeans |   Init 2/10: inertia=3.972508
2026-08-20 15:58:09 | DEBUG    | fgvc.clustering.spherical_kmeans |   Init 3/10: inertia=3.817224
2026-08-20 15:58:09 | DEBUG    | fgvc.clustering.spherical_kmeans |   Init 4/10: inertia=3.753182
2026-08-20 15:58:09 | DEBUG    | fgvc.clustering.spherical_kmeans |   Init 5/10: inertia=3.928747
2026-08-20 15:58:09 | DEBUG    | fgvc.clustering.spherical_kmeans |   Init 6/10: inertia=3.924671
2026-08-20 15:58:09 | DEBUG    | fgvc.clustering.spherical_kmeans |   Init 7/10: inertia=4.185129
2026-08-20 15:58:09 | DEBUG    | fgvc.clustering.spherical_kmeans |   Init 8/10: inertia=3.796539
2026-08-20 15:58:09 | DEBUG    | fgvc.clustering.spherical_kmeans |   Init 9/10: inertia=4.049009
2026-08-20 15:58:09 | DEBUG    | fgvc.clustering.spherical_kmeans |   Init 10/10: inertia=3.815574
2026-08-20 15:58:09 | INFO     | fgvc.clustering.spherical_kmeans |   [California_Gull] k_selected=2 | k_effective=2 | min_cluster=10 | max_cluster=15
2026-08-20 15:58:09 | INFO     | fgvc.clustering.spherical_kmeans |   [Canada_Warbler] 25 images
2026-08-20 15:58:09 | DEBUG    | fgvc.clustering.spherical_kmeans |   Init 1/5: inertia=2.968898
2026-08-20 15:58:09 | DEBUG    | fgvc.clustering.spherical_kmeans |   Init 2/5: inertia=3.068250
2026-08-20 15:58:09 | DEBUG    | fgvc.clustering.spherical_kmeans |   Init 3/5: inertia=2.903369
2026-08-20 15:58:09 | DEBUG    | fgvc.clustering.spherical_kmeans |   Init 4/5: inertia=3.016349
2026-08-20 15:58:09 | DEBUG    | fgvc.clustering.spherical_kmeans |   Init 5/5: inertia=3.021079
2026-08-20 15:58:09 | DEBUG    | fgvc.clustering.spherical_kmeans |   Init 1/5: inertia=2.755550
2026-08-20 15:58:09 | DEBUG    | fgvc.clustering.spherical_kmeans |   Init 2/5: inertia=2.675442
2026-08-20 15:58:09 | DEBUG    | fgvc.clustering.spherical_kmeans |   Init 3/5: inertia=2.726129
2026-08-20 15:58:09 | DEBUG    | fgvc.clustering.spherical_kmeans |   Init 4/5: inertia=2.767159
2026-08-20 15:58:09 | DEBUG    | fgvc.clustering.spherical_kmeans |   Init 5/5: inertia=2.877776
2026-08-20 15:58:09 | DEBUG    | fgvc.clustering.spherical_kmeans |   Init 1/5: inertia=2.545131
2026-08-20 15:58:09 | DEBUG    | fgvc.clustering.spherical_kmeans |   Init 2/5: inertia=2.440392
2026-08-20 15:58:09 | DEBUG    | fgvc.clustering.spherical_kmeans |   Init 3/5: inertia=2.496768
2026-08-20 15:58:09 | DEBUG    | fgvc.clustering.spherical_kmeans |   Init 4/5: inertia=2.572691
2026-08-20 15:58:09 | DEBUG    | fgvc.clustering.spherical_kmeans |   Init 5/5: inertia=2.621868
2026-08-20 15:58:09 | DEBUG    | fgvc.clustering.spherical_kmeans |   Init 1/5: inertia=2.286441
2026-08-20 15:58:09 | DEBUG    | fgvc.clustering.spherical_kmeans |   Init 2/5: inertia=2.391444
2026-08-20 15:58:09 | DEBUG    | fgvc.clustering.spherical_kmeans |   Init 3/5: inertia=2.322771
2026-08-20 15:58:09 | DEBUG    | fgvc.clustering.spherical_kmeans |   Init 4/5: inertia=2.374261
2026-08-20 15:58:09 | DEBUG    | fgvc.clustering.spherical_kmeans |   Init 5/5: inertia=2.362167
2026-08-20 15:58:09 | DEBUG    | fgvc.clustering.spherical_kmeans | K selection: best_k=2 | scores={2: {'silhouette': 0.2014, 'compactness': 0.8839, 'score': 0.3659}, 3: {'silhouette': 0.1426, 'compactness': 0.893, 'score': 0.2725}, 4: {'silhouette': 0.116, 'compactness': 0.9024, 'score': 0.1954}, 5: {'silhouette': 0.0996, 'compactness': 0.9085, 'score': 0.1223}}
2026-08-20 15:58:09 | DEBUG    | fgvc.clustering.spherical_kmeans |   Init 1/10: inertia=2.968898
2026-08-20 15:58:09 | DEBUG    | fgvc.clustering.spherical_kmeans |   Init 2/10: inertia=3.068250
2026-08-20 15:58:09 | DEBUG    | fgvc.clustering.spherical_kmeans |   Init 3/10: inertia=2.903369
2026-08-20 15:58:09 | DEBUG    | fgvc.clustering.spherical_kmeans |   Init 4/10: inertia=3.016349
2026-08-20 15:58:09 | DEBUG    | fgvc.clustering.spherical_kmeans |   Init 5/10: inertia=3.021079
2026-08-20 15:58:09 | DEBUG    | fgvc.clustering.spherical_kmeans |   Init 6/10: inertia=3.035508
2026-08-20 15:58:09 | DEBUG    | fgvc.clustering.spherical_kmeans |   Init 7/10: inertia=2.904935
2026-08-20 15:58:09 | DEBUG    | fgvc.clustering.spherical_kmeans |   Init 8/10: inertia=2.908693
2026-08-20 15:58:09 | DEBUG    | fgvc.clustering.spherical_kmeans |   Init 9/10: inertia=2.968898
2026-08-20 15:58:09 | DEBUG    | fgvc.clustering.spherical_kmeans |   Init 10/10: inertia=3.021388
2026-08-20 15:58:09 | INFO     | fgvc.clustering.spherical_kmeans |   [Canada_Warbler] k_selected=2 | k_effective=2 | min_cluster=6 | max_cluster=19
2026-08-20 15:58:09 | INFO     | fgvc.clustering.spherical_kmeans |   [Cape_Glossy_Starling] 25 images
2026-08-20 15:58:09 | DEBUG    | fgvc.clustering.spherical_kmeans |   Init 1/5: inertia=2.122646
2026-08-20 15:58:09 | DEBUG    | fgvc.clustering.spherical_kmeans |   Init 2/5: inertia=2.205723
2026-08-20 15:58:09 | DEBUG    | fgvc.clustering.spherical_kmeans |   Init 3/5: inertia=2.114354
2026-08-20 15:58:09 | DEBUG    | fgvc.clustering.spherical_kmeans |   Init 4/5: inertia=2.111253
2026-08-20 15:58:09 | DEBUG    | fgvc.clustering.spherical_kmeans |   Init 5/5: inertia=2.179902
2026-08-20 15:58:09 | DEBUG    | fgvc.clustering.spherical_kmeans |   Init 1/5: inertia=1.924526
2026-08-20 15:58:09 | DEBUG    | fgvc.clustering.spherical_kmeans |   Init 2/5: inertia=1.993275
2026-08-20 15:58:09 | DEBUG    | fgvc.clustering.spherical_kmeans |   Init 3/5: inertia=1.944967
2026-08-20 15:58:09 | DEBUG    | fgvc.clustering.spherical_kmeans |   Init 4/5: inertia=1.987812
2026-08-20 15:58:09 | DEBUG    | fgvc.clustering.spherical_kmeans |   Init 5/5: inertia=2.077834
2026-08-20 15:58:09 | DEBUG    | fgvc.clustering.spherical_kmeans |   Init 1/5: inertia=1.763957
2026-08-20 15:58:09 | DEBUG    | fgvc.clustering.spherical_kmeans |   Init 2/5: inertia=1.827356
2026-08-20 15:58:09 | DEBUG    | fgvc.clustering.spherical_kmeans |   Init 3/5: inertia=1.781864
2026-08-20 15:58:09 | DEBUG    | fgvc.clustering.spherical_kmeans |   Init 4/5: inertia=1.871418
2026-08-20 15:58:09 | DEBUG    | fgvc.clustering.spherical_kmeans |   Init 5/5: inertia=1.864206
2026-08-20 15:58:09 | DEBUG    | fgvc.clustering.spherical_kmeans |   Init 1/5: inertia=1.657355
2026-08-20 15:58:09 | DEBUG    | fgvc.clustering.spherical_kmeans |   Init 2/5: inertia=1.740484
2026-08-20 15:58:09 | DEBUG    | fgvc.clustering.spherical_kmeans |   Init 3/5: inertia=1.690103
2026-08-20 15:58:09 | DEBUG    | fgvc.clustering.spherical_kmeans |   Init 4/5: inertia=1.740985
2026-08-20 15:58:09 | DEBUG    | fgvc.clustering.spherical_kmeans |   Init 5/5: inertia=1.674598
2026-08-20 15:58:09 | DEBUG    | fgvc.clustering.spherical_kmeans | K selection: best_k=2 | scores={2: {'silhouette': 0.1153, 'compactness': 0.9155, 'score': 0.3323}, 3: {'silhouette': 0.1622, 'compactness': 0.923, 'score': 0.2913}, 4: {'silhouette': 0.1056, 'compactness': 0.9294, 'score': 0.1983}, 5: {'silhouette': 0.0826, 'compactness': 0.9337, 'score': 0.1214}}
2026-08-20 15:58:09 | DEBUG    | fgvc.clustering.spherical_kmeans |   Init 1/10: inertia=2.122646
2026-08-20 15:58:09 | DEBUG    | fgvc.clustering.spherical_kmeans |   Init 2/10: inertia=2.205723
2026-08-20 15:58:09 | DEBUG    | fgvc.clustering.spherical_kmeans |   Init 3/10: inertia=2.114354
2026-08-20 15:58:09 | DEBUG    | fgvc.clustering.spherical_kmeans |   Init 4/10: inertia=2.111253
2026-08-20 15:58:09 | DEBUG    | fgvc.clustering.spherical_kmeans |   Init 5/10: inertia=2.179902
2026-08-20 15:58:09 | DEBUG    | fgvc.clustering.spherical_kmeans |   Init 6/10: inertia=2.228844
2026-08-20 15:58:09 | DEBUG    | fgvc.clustering.spherical_kmeans |   Init 7/10: inertia=2.133133
2026-08-20 15:58:09 | DEBUG    | fgvc.clustering.spherical_kmeans |   Init 8/10: inertia=2.111212
2026-08-20 15:58:09 | DEBUG    | fgvc.clustering.spherical_kmeans |   Init 9/10: inertia=2.111212
2026-08-20 15:58:09 | DEBUG    | fgvc.clustering.spherical_kmeans |   Init 10/10: inertia=2.111212
2026-08-20 15:58:09 | INFO     | fgvc.clustering.spherical_kmeans |   [Cape_Glossy_Starling] k_selected=2 | k_effective=1 | min_cluster=25 | max_cluster=25
2026-08-20 15:58:09 | INFO     | fgvc.clustering.spherical_kmeans |   [Cape_May_Warbler] 25 images
2026-08-20 15:58:09 | DEBUG    | fgvc.clustering.spherical_kmeans |   Init 1/5: inertia=3.736072
2026-08-20 15:58:09 | DEBUG    | fgvc.clustering.spherical_kmeans |   Init 2/5: inertia=3.400791
2026-08-20 15:58:09 | DEBUG    | fgvc.clustering.spherical_kmeans |   Init 3/5: inertia=3.629755
2026-08-20 15:58:09 | DEBUG    | fgvc.clustering.spherical_kmeans |   Init 4/5: inertia=3.400791
2026-08-20 15:58:09 | DEBUG    | fgvc.clustering.spherical_kmeans |   Init 5/5: inertia=3.663446
2026-08-20 15:58:09 | DEBUG    | fgvc.clustering.spherical_kmeans |   Init 1/5: inertia=3.226135
2026-08-20 15:58:09 | DEBUG    | fgvc.clustering.spherical_kmeans |   Init 2/5: inertia=3.253480
2026-08-20 15:58:09 | DEBUG    | fgvc.clustering.spherical_kmeans |   Init 3/5: inertia=3.228872
2026-08-20 15:58:09 | DEBUG    | fgvc.clustering.spherical_kmeans |   Init 4/5: inertia=3.185947
2026-08-20 15:58:09 | DEBUG    | fgvc.clustering.spherical_kmeans |   Init 5/5: inertia=3.300225
2026-08-20 15:58:09 | DEBUG    | fgvc.clustering.spherical_kmeans |   Init 1/5: inertia=3.118034
2026-08-20 15:58:09 | DEBUG    | fgvc.clustering.spherical_kmeans |   Init 2/5: inertia=2.846740
2026-08-20 15:58:09 | DEBUG    | fgvc.clustering.spherical_kmeans |   Init 3/5: inertia=2.839721
2026-08-20 15:58:09 | DEBUG    | fgvc.clustering.spherical_kmeans |   Init 4/5: inertia=3.049440
2026-08-20 15:58:09 | DEBUG    | fgvc.clustering.spherical_kmeans |   Init 5/5: inertia=3.107999
2026-08-20 15:58:09 | DEBUG    | fgvc.clustering.spherical_kmeans |   Init 1/5: inertia=2.802436
2026-08-20 15:58:09 | DEBUG    | fgvc.clustering.spherical_kmeans |   Init 2/5: inertia=2.736212
2026-08-20 15:58:09 | DEBUG    | fgvc.clustering.spherical_kmeans |   Init 3/5: inertia=2.807737
2026-08-20 15:58:09 | DEBUG    | fgvc.clustering.spherical_kmeans |   Init 4/5: inertia=3.003123
2026-08-20 15:58:09 | DEBUG    | fgvc.clustering.spherical_kmeans |   Init 5/5: inertia=2.872918
2026-08-20 15:58:09 | DEBUG    | fgvc.clustering.spherical_kmeans | K selection: best_k=2 | scores={2: {'silhouette': 0.2353, 'compactness': 0.864, 'score': 0.3768}, 3: {'silhouette': 0.1478, 'compactness': 0.8726, 'score': 0.269}, 4: {'silhouette': 0.1021, 'compactness': 0.8864, 'score': 0.1837}, 5: {'silhouette': -0.0199, 'compactness': 0.8906, 'score': 0.0572}}
2026-08-20 15:58:09 | DEBUG    | fgvc.clustering.spherical_kmeans |   Init 1/10: inertia=3.736072
2026-08-20 15:58:09 | DEBUG    | fgvc.clustering.spherical_kmeans |   Init 2/10: inertia=3.400791
2026-08-20 15:58:09 | DEBUG    | fgvc.clustering.spherical_kmeans |   Init 3/10: inertia=3.629755
2026-08-20 15:58:09 | DEBUG    | fgvc.clustering.spherical_kmeans |   Init 4/10: inertia=3.400791
2026-08-20 15:58:09 | DEBUG    | fgvc.clustering.spherical_kmeans |   Init 5/10: inertia=3.663446
2026-08-20 15:58:09 | DEBUG    | fgvc.clustering.spherical_kmeans |   Init 6/10: inertia=3.596900
2026-08-20 15:58:09 | DEBUG    | fgvc.clustering.spherical_kmeans |   Init 7/10: inertia=3.461391
2026-08-20 15:58:09 | DEBUG    | fgvc.clustering.spherical_kmeans |   Init 8/10: inertia=3.461391
2026-08-20 15:58:09 | DEBUG    | fgvc.clustering.spherical_kmeans |   Init 9/10: inertia=3.502434
2026-08-20 15:58:09 | DEBUG    | fgvc.clustering.spherical_kmeans |   Init 10/10: inertia=3.734582
2026-08-20 15:58:09 | INFO     | fgvc.clustering.spherical_kmeans |   [Cape_May_Warbler] k_selected=2 | k_effective=2 | min_cluster=6 | max_cluster=19
2026-08-20 15:58:09 | INFO     | fgvc.clustering.spherical_kmeans |   [Cardinal] 25 images
2026-08-20 15:58:09 | DEBUG    | fgvc.clustering.spherical_kmeans |   Init 1/5: inertia=2.684640
2026-08-20 15:58:09 | DEBUG    | fgvc.clustering.spherical_kmeans |   Init 2/5: inertia=2.684640
2026-08-20 15:58:09 | DEBUG    | fgvc.clustering.spherical_kmeans |   Init 3/5: inertia=3.182980
2026-08-20 15:58:09 | DEBUG    | fgvc.clustering.spherical_kmeans |   Init 4/5: inertia=3.045644
2026-08-20 15:58:09 | DEBUG    | fgvc.clustering.spherical_kmeans |   Init 5/5: inertia=2.684640
2026-08-20 15:58:09 | DEBUG    | fgvc.clustering.spherical_kmeans |   Init 1/5: inertia=2.481546
2026-08-20 15:58:09 | DEBUG    | fgvc.clustering.spherical_kmeans |   Init 2/5: inertia=2.437809
2026-08-20 15:58:09 | DEBUG    | fgvc.clustering.spherical_kmeans |   Init 3/5: inertia=2.502990
2026-08-20 15:58:09 | DEBUG    | fgvc.clustering.spherical_kmeans |   Init 4/5: inertia=2.486608
2026-08-20 15:58:09 | DEBUG    | fgvc.clustering.spherical_kmeans |   Init 5/5: inertia=2.369624
2026-08-20 15:58:09 | DEBUG    | fgvc.clustering.spherical_kmeans |   Init 1/5: inertia=2.276312
2026-08-20 15:58:09 | DEBUG    | fgvc.clustering.spherical_kmeans |   Init 2/5: inertia=2.144911
2026-08-20 15:58:09 | DEBUG    | fgvc.clustering.spherical_kmeans |   Init 3/5: inertia=2.061666
2026-08-20 15:58:09 | DEBUG    | fgvc.clustering.spherical_kmeans |   Init 4/5: inertia=2.173084
2026-08-20 15:58:09 | DEBUG    | fgvc.clustering.spherical_kmeans |   Init 5/5: inertia=2.378701
2026-08-20 15:58:09 | DEBUG    | fgvc.clustering.spherical_kmeans |   Init 1/5: inertia=2.109894
2026-08-20 15:58:09 | DEBUG    | fgvc.clustering.spherical_kmeans |   Init 2/5: inertia=2.019423
2026-08-20 15:58:09 | DEBUG    | fgvc.clustering.spherical_kmeans |   Init 3/5: inertia=2.013175
2026-08-20 15:58:09 | DEBUG    | fgvc.clustering.spherical_kmeans |   Init 4/5: inertia=2.057913
2026-08-20 15:58:09 | DEBUG    | fgvc.clustering.spherical_kmeans |   Init 5/5: inertia=2.068355
2026-08-20 15:58:09 | DEBUG    | fgvc.clustering.spherical_kmeans | K selection: best_k=2 | scores={2: {'silhouette': 0.4572, 'compactness': 0.8926, 'score': 0.4964}, 3: {'silhouette': 0.4326, 'compactness': 0.9052, 'score': 0.4212}, 4: {'silhouette': 0.4342, 'compactness': 0.9175, 'score': 0.359}, 5: {'silhouette': 0.0662, 'compactness': 0.9195, 'score': 0.1089}}
2026-08-20 15:58:09 | DEBUG    | fgvc.clustering.spherical_kmeans |   Init 1/10: inertia=2.684640
2026-08-20 15:58:09 | DEBUG    | fgvc.clustering.spherical_kmeans |   Init 2/10: inertia=2.684640
2026-08-20 15:58:09 | DEBUG    | fgvc.clustering.spherical_kmeans |   Init 3/10: inertia=3.182980
2026-08-20 15:58:09 | DEBUG    | fgvc.clustering.spherical_kmeans |   Init 4/10: inertia=3.045644
2026-08-20 15:58:09 | DEBUG    | fgvc.clustering.spherical_kmeans |   Init 5/10: inertia=2.684640
2026-08-20 15:58:09 | DEBUG    | fgvc.clustering.spherical_kmeans |   Init 6/10: inertia=3.045644
2026-08-20 15:58:09 | DEBUG    | fgvc.clustering.spherical_kmeans |   Init 7/10: inertia=2.684640
2026-08-20 15:58:09 | DEBUG    | fgvc.clustering.spherical_kmeans |   Init 8/10: inertia=2.684640
2026-08-20 15:58:09 | DEBUG    | fgvc.clustering.spherical_kmeans |   Init 9/10: inertia=2.684640
2026-08-20 15:58:09 | DEBUG    | fgvc.clustering.spherical_kmeans |   Init 10/10: inertia=2.684640
2026-08-20 15:58:09 | INFO     | fgvc.clustering.spherical_kmeans |   [Cardinal] k_selected=2 | k_effective=1 | min_cluster=25 | max_cluster=25
2026-08-20 15:58:09 | INFO     | fgvc.clustering.spherical_kmeans |   [Carolina_Wren] 25 images
2026-08-20 15:58:09 | DEBUG    | fgvc.clustering.spherical_kmeans |   Init 1/5: inertia=3.201025
2026-08-20 15:58:09 | DEBUG    | fgvc.clustering.spherical_kmeans |   Init 2/5: inertia=3.250334
2026-08-20 15:58:09 | DEBUG    | fgvc.clustering.spherical_kmeans |   Init 3/5: inertia=3.197704
2026-08-20 15:58:09 | DEBUG    | fgvc.clustering.spherical_kmeans |   Init 4/5: inertia=3.182069
2026-08-20 15:58:09 | DEBUG    | fgvc.clustering.spherical_kmeans |   Init 5/5: inertia=3.215933
2026-08-20 15:58:09 | DEBUG    | fgvc.clustering.spherical_kmeans |   Init 1/5: inertia=3.038484
2026-08-20 15:58:09 | DEBUG    | fgvc.clustering.spherical_kmeans |   Init 2/5: inertia=2.944837
2026-08-20 15:58:09 | DEBUG    | fgvc.clustering.spherical_kmeans |   Init 3/5: inertia=3.086457
2026-08-20 15:58:09 | DEBUG    | fgvc.clustering.spherical_kmeans |   Init 4/5: inertia=3.040223
2026-08-20 15:58:09 | DEBUG    | fgvc.clustering.spherical_kmeans |   Init 5/5: inertia=2.921795
2026-08-20 15:58:09 | DEBUG    | fgvc.clustering.spherical_kmeans |   Init 1/5: inertia=2.869899
2026-08-20 15:58:09 | DEBUG    | fgvc.clustering.spherical_kmeans |   Init 2/5: inertia=2.802030
2026-08-20 15:58:09 | DEBUG    | fgvc.clustering.spherical_kmeans |   Init 3/5: inertia=2.761810
2026-08-20 15:58:09 | DEBUG    | fgvc.clustering.spherical_kmeans |   Init 4/5: inertia=2.759551
2026-08-20 15:58:09 | DEBUG    | fgvc.clustering.spherical_kmeans |   Init 5/5: inertia=2.746764
2026-08-20 15:58:09 | DEBUG    | fgvc.clustering.spherical_kmeans |   Init 1/5: inertia=2.623145
2026-08-20 15:58:09 | DEBUG    | fgvc.clustering.spherical_kmeans |   Init 2/5: inertia=2.572310
2026-08-20 15:58:09 | DEBUG    | fgvc.clustering.spherical_kmeans |   Init 3/5: inertia=2.523223
2026-08-20 15:58:09 | DEBUG    | fgvc.clustering.spherical_kmeans |   Init 4/5: inertia=2.510203
2026-08-20 15:58:09 | DEBUG    | fgvc.clustering.spherical_kmeans |   Init 5/5: inertia=2.509822
2026-08-20 15:58:09 | DEBUG    | fgvc.clustering.spherical_kmeans | K selection: best_k=2 | scores={2: {'silhouette': 0.0729, 'compactness': 0.8727, 'score': 0.2983}, 3: {'silhouette': 0.0795, 'compactness': 0.8831, 'score': 0.238}, 4: {'silhouette': 0.0504, 'compactness': 0.8901, 'score': 0.1589}, 5: {'silhouette': 0.0402, 'compactness': 0.8996, 'score': 0.09}}
2026-08-20 15:58:09 | DEBUG    | fgvc.clustering.spherical_kmeans |   Init 1/10: inertia=3.201025
2026-08-20 15:58:09 | DEBUG    | fgvc.clustering.spherical_kmeans |   Init 2/10: inertia=3.250334
2026-08-20 15:58:09 | DEBUG    | fgvc.clustering.spherical_kmeans |   Init 3/10: inertia=3.197704
2026-08-20 15:58:09 | DEBUG    | fgvc.clustering.spherical_kmeans |   Init 4/10: inertia=3.182069
2026-08-20 15:58:09 | DEBUG    | fgvc.clustering.spherical_kmeans |   Init 5/10: inertia=3.215933
2026-08-20 15:58:09 | DEBUG    | fgvc.clustering.spherical_kmeans |   Init 6/10: inertia=3.250334
2026-08-20 15:58:09 | DEBUG    | fgvc.clustering.spherical_kmeans |   Init 7/10: inertia=3.167761
2026-08-20 15:58:09 | DEBUG    | fgvc.clustering.spherical_kmeans |   Init 8/10: inertia=3.210694
2026-08-20 15:58:09 | DEBUG    | fgvc.clustering.spherical_kmeans |   Init 9/10: inertia=3.259335
2026-08-20 15:58:09 | DEBUG    | fgvc.clustering.spherical_kmeans |   Init 10/10: inertia=3.224332
2026-08-20 15:58:09 | INFO     | fgvc.clustering.spherical_kmeans |   [Carolina_Wren] k_selected=2 | k_effective=2 | min_cluster=9 | max_cluster=16
2026-08-20 15:58:09 | INFO     | fgvc.clustering.spherical_kmeans |   [Caspian_Tern] 25 images
2026-08-20 15:58:09 | DEBUG    | fgvc.clustering.spherical_kmeans |   Init 1/5: inertia=3.527280
2026-08-20 15:58:09 | DEBUG    | fgvc.clustering.spherical_kmeans |   Init 2/5: inertia=3.532231
2026-08-20 15:58:09 | DEBUG    | fgvc.clustering.spherical_kmeans |   Init 3/5: inertia=3.539015
2026-08-20 15:58:09 | DEBUG    | fgvc.clustering.spherical_kmeans |   Init 4/5: inertia=3.539015
2026-08-20 15:58:09 | DEBUG    | fgvc.clustering.spherical_kmeans |   Init 5/5: inertia=3.559186
2026-08-20 15:58:09 | DEBUG    | fgvc.clustering.spherical_kmeans |   Init 1/5: inertia=3.318957
2026-08-20 15:58:09 | DEBUG    | fgvc.clustering.spherical_kmeans |   Init 2/5: inertia=3.287448
2026-08-20 15:58:09 | DEBUG    | fgvc.clustering.spherical_kmeans |   Init 3/5: inertia=3.290787
2026-08-20 15:58:09 | DEBUG    | fgvc.clustering.spherical_kmeans |   Init 4/5: inertia=3.180173
2026-08-20 15:58:09 | DEBUG    | fgvc.clustering.spherical_kmeans |   Init 5/5: inertia=3.180522
2026-08-20 15:58:09 | DEBUG    | fgvc.clustering.spherical_kmeans |   Init 1/5: inertia=2.973929
2026-08-20 15:58:09 | DEBUG    | fgvc.clustering.spherical_kmeans |   Init 2/5: inertia=2.874483
2026-08-20 15:58:09 | DEBUG    | fgvc.clustering.spherical_kmeans |   Init 3/5: inertia=2.951457
2026-08-20 15:58:09 | DEBUG    | fgvc.clustering.spherical_kmeans |   Init 4/5: inertia=3.003356
2026-08-20 15:58:09 | DEBUG    | fgvc.clustering.spherical_kmeans |   Init 5/5: inertia=2.771322
2026-08-20 15:58:09 | DEBUG    | fgvc.clustering.spherical_kmeans |   Init 1/5: inertia=2.717509
2026-08-20 15:58:09 | DEBUG    | fgvc.clustering.spherical_kmeans |   Init 2/5: inertia=2.709228
2026-08-20 15:58:09 | DEBUG    | fgvc.clustering.spherical_kmeans |   Init 3/5: inertia=2.607093
2026-08-20 15:58:09 | DEBUG    | fgvc.clustering.spherical_kmeans |   Init 4/5: inertia=2.517329
2026-08-20 15:58:09 | DEBUG    | fgvc.clustering.spherical_kmeans |   Init 5/5: inertia=2.699920
2026-08-20 15:58:09 | DEBUG    | fgvc.clustering.spherical_kmeans | K selection: best_k=2 | scores={2: {'silhouette': 0.2274, 'compactness': 0.8589, 'score': 0.3714}, 3: {'silhouette': 0.1405, 'compactness': 0.8728, 'score': 0.2654}, 4: {'silhouette': 0.0989, 'compactness': 0.8891, 'score': 0.1828}, 5: {'silhouette': 0.0719, 'compactness': 0.8993, 'score': 0.1058}}
2026-08-20 15:58:09 | DEBUG    | fgvc.clustering.spherical_kmeans |   Init 1/10: inertia=3.527280
2026-08-20 15:58:09 | DEBUG    | fgvc.clustering.spherical_kmeans |   Init 2/10: inertia=3.532231
2026-08-20 15:58:09 | DEBUG    | fgvc.clustering.spherical_kmeans |   Init 3/10: inertia=3.539015
2026-08-20 15:58:09 | DEBUG    | fgvc.clustering.spherical_kmeans |   Init 4/10: inertia=3.539015
2026-08-20 15:58:09 | DEBUG    | fgvc.clustering.spherical_kmeans |   Init 5/10: inertia=3.559186
2026-08-20 15:58:09 | DEBUG    | fgvc.clustering.spherical_kmeans |   Init 6/10: inertia=3.543166
2026-08-20 15:58:09 | DEBUG    | fgvc.clustering.spherical_kmeans |   Init 7/10: inertia=3.833364
2026-08-20 15:58:09 | DEBUG    | fgvc.clustering.spherical_kmeans |   Init 8/10: inertia=3.596116
2026-08-20 15:58:09 | DEBUG    | fgvc.clustering.spherical_kmeans |   Init 9/10: inertia=3.539015
2026-08-20 15:58:09 | DEBUG    | fgvc.clustering.spherical_kmeans |   Init 10/10: inertia=3.521445
2026-08-20 15:58:09 | INFO     | fgvc.clustering.spherical_kmeans |   [Caspian_Tern] k_selected=2 | k_effective=2 | min_cluster=7 | max_cluster=18
2026-08-20 15:58:09 | INFO     | fgvc.clustering.spherical_kmeans |   [Cedar_Waxwing] 25 images
2026-08-20 15:58:09 | DEBUG    | fgvc.clustering.spherical_kmeans |   Init 1/5: inertia=2.758953
2026-08-20 15:58:09 | DEBUG    | fgvc.clustering.spherical_kmeans |   Init 2/5: inertia=2.740464
2026-08-20 15:58:09 | DEBUG    | fgvc.clustering.spherical_kmeans |   Init 3/5: inertia=2.669425
2026-08-20 15:58:09 | DEBUG    | fgvc.clustering.spherical_kmeans |   Init 4/5: inertia=2.792805
2026-08-20 15:58:09 | DEBUG    | fgvc.clustering.spherical_kmeans |   Init 5/5: inertia=2.745439
2026-08-20 15:58:09 | DEBUG    | fgvc.clustering.spherical_kmeans |   Init 1/5: inertia=2.513522
2026-08-20 15:58:09 | DEBUG    | fgvc.clustering.spherical_kmeans |   Init 2/5: inertia=2.521859
2026-08-20 15:58:09 | DEBUG    | fgvc.clustering.spherical_kmeans |   Init 3/5: inertia=2.489404
2026-08-20 15:58:09 | DEBUG    | fgvc.clustering.spherical_kmeans |   Init 4/5: inertia=2.609281
2026-08-20 15:58:09 | DEBUG    | fgvc.clustering.spherical_kmeans |   Init 5/5: inertia=2.539884
2026-08-20 15:58:09 | DEBUG    | fgvc.clustering.spherical_kmeans |   Init 1/5: inertia=2.301402
2026-08-20 15:58:09 | DEBUG    | fgvc.clustering.spherical_kmeans |   Init 2/5: inertia=2.285262
2026-08-20 15:58:09 | DEBUG    | fgvc.clustering.spherical_kmeans |   Init 3/5: inertia=2.284466
2026-08-20 15:58:09 | DEBUG    | fgvc.clustering.spherical_kmeans |   Init 4/5: inertia=2.229625
2026-08-20 15:58:09 | DEBUG    | fgvc.clustering.spherical_kmeans |   Init 5/5: inertia=2.321663
2026-08-20 15:58:09 | DEBUG    | fgvc.clustering.spherical_kmeans |   Init 1/5: inertia=2.069773
2026-08-20 15:58:09 | DEBUG    | fgvc.clustering.spherical_kmeans |   Init 2/5: inertia=2.099864
2026-08-20 15:58:09 | DEBUG    | fgvc.clustering.spherical_kmeans |   Init 3/5: inertia=2.296576
2026-08-20 15:58:09 | DEBUG    | fgvc.clustering.spherical_kmeans |   Init 4/5: inertia=2.128879
2026-08-20 15:58:09 | DEBUG    | fgvc.clustering.spherical_kmeans |   Init 5/5: inertia=2.143289
2026-08-20 15:58:09 | DEBUG    | fgvc.clustering.spherical_kmeans | K selection: best_k=2 | scores={2: {'silhouette': 0.095, 'compactness': 0.8932, 'score': 0.3155}, 3: {'silhouette': 0.0717, 'compactness': 0.9004, 'score': 0.2393}, 4: {'silhouette': 0.0969, 'compactness': 0.9108, 'score': 0.1884}, 5: {'silhouette': 0.1223, 'compactness': 0.9172, 'score': 0.1363}}
2026-08-20 15:58:09 | DEBUG    | fgvc.clustering.spherical_kmeans |   Init 1/10: inertia=2.758953
2026-08-20 15:58:09 | DEBUG    | fgvc.clustering.spherical_kmeans |   Init 2/10: inertia=2.740464
2026-08-20 15:58:09 | DEBUG    | fgvc.clustering.spherical_kmeans |   Init 3/10: inertia=2.669425
2026-08-20 15:58:09 | DEBUG    | fgvc.clustering.spherical_kmeans |   Init 4/10: inertia=2.792805
2026-08-20 15:58:09 | DEBUG    | fgvc.clustering.spherical_kmeans |   Init 5/10: inertia=2.745439
2026-08-20 15:58:09 | DEBUG    | fgvc.clustering.spherical_kmeans |   Init 6/10: inertia=2.721238
2026-08-20 15:58:09 | DEBUG    | fgvc.clustering.spherical_kmeans |   Init 7/10: inertia=2.765652
2026-08-20 15:58:09 | DEBUG    | fgvc.clustering.spherical_kmeans |   Init 8/10: inertia=2.843740
2026-08-20 15:58:09 | DEBUG    | fgvc.clustering.spherical_kmeans |   Init 9/10: inertia=2.761297
2026-08-20 15:58:09 | DEBUG    | fgvc.clustering.spherical_kmeans |   Init 10/10: inertia=2.821372
2026-08-20 15:58:09 | INFO     | fgvc.clustering.spherical_kmeans |   [Cedar_Waxwing] k_selected=2 | k_effective=2 | min_cluster=7 | max_cluster=18
2026-08-20 15:58:09 | INFO     | fgvc.clustering.spherical_kmeans |   [Cerulean_Warbler] 25 images
2026-08-20 15:58:09 | DEBUG    | fgvc.clustering.spherical_kmeans |   Init 1/5: inertia=3.298126
2026-08-20 15:58:09 | DEBUG    | fgvc.clustering.spherical_kmeans |   Init 2/5: inertia=3.366881
2026-08-20 15:58:09 | DEBUG    | fgvc.clustering.spherical_kmeans |   Init 3/5: inertia=3.403498
2026-08-20 15:58:09 | DEBUG    | fgvc.clustering.spherical_kmeans |   Init 4/5: inertia=3.368891
2026-08-20 15:58:09 | DEBUG    | fgvc.clustering.spherical_kmeans |   Init 5/5: inertia=3.242614
2026-08-20 15:58:09 | DEBUG    | fgvc.clustering.spherical_kmeans |   Init 1/5: inertia=3.136350
2026-08-20 15:58:09 | DEBUG    | fgvc.clustering.spherical_kmeans |   Init 2/5: inertia=3.114917
2026-08-20 15:58:09 | DEBUG    | fgvc.clustering.spherical_kmeans |   Init 3/5: inertia=2.963220
2026-08-20 15:58:09 | DEBUG    | fgvc.clustering.spherical_kmeans |   Init 4/5: inertia=3.086884
2026-08-20 15:58:09 | DEBUG    | fgvc.clustering.spherical_kmeans |   Init 5/5: inertia=3.055208
2026-08-20 15:58:09 | DEBUG    | fgvc.clustering.spherical_kmeans |   Init 1/5: inertia=3.011893
2026-08-20 15:58:09 | DEBUG    | fgvc.clustering.spherical_kmeans |   Init 2/5: inertia=2.917770
2026-08-20 15:58:09 | DEBUG    | fgvc.clustering.spherical_kmeans |   Init 3/5: inertia=2.864975
2026-08-20 15:58:09 | DEBUG    | fgvc.clustering.spherical_kmeans |   Init 4/5: inertia=2.731440
2026-08-20 15:58:09 | DEBUG    | fgvc.clustering.spherical_kmeans |   Init 5/5: inertia=2.965269
2026-08-20 15:58:09 | DEBUG    | fgvc.clustering.spherical_kmeans |   Init 1/5: inertia=2.801247
2026-08-20 15:58:09 | DEBUG    | fgvc.clustering.spherical_kmeans |   Init 2/5: inertia=2.532089
2026-08-20 15:58:09 | DEBUG    | fgvc.clustering.spherical_kmeans |   Init 3/5: inertia=2.550982
2026-08-20 15:58:09 | DEBUG    | fgvc.clustering.spherical_kmeans |   Init 4/5: inertia=2.563324
2026-08-20 15:58:09 | DEBUG    | fgvc.clustering.spherical_kmeans |   Init 5/5: inertia=2.706124
2026-08-20 15:58:09 | DEBUG    | fgvc.clustering.spherical_kmeans | K selection: best_k=2 | scores={2: {'silhouette': 0.4039, 'compactness': 0.8703, 'score': 0.463}, 3: {'silhouette': 0.1077, 'compactness': 0.8815, 'score': 0.2516}, 4: {'silhouette': 0.13, 'compactness': 0.8907, 'score': 0.1989}, 5: {'silhouette': -0.0026, 'compactness': 0.8987, 'score': 0.0683}}
2026-08-20 15:58:09 | DEBUG    | fgvc.clustering.spherical_kmeans |   Init 1/10: inertia=3.298126
2026-08-20 15:58:09 | DEBUG    | fgvc.clustering.spherical_kmeans |   Init 2/10: inertia=3.366881
2026-08-20 15:58:09 | DEBUG    | fgvc.clustering.spherical_kmeans |   Init 3/10: inertia=3.403498
2026-08-20 15:58:09 | DEBUG    | fgvc.clustering.spherical_kmeans |   Init 4/10: inertia=3.368891
2026-08-20 15:58:09 | DEBUG    | fgvc.clustering.spherical_kmeans |   Init 5/10: inertia=3.242614
2026-08-20 15:58:09 | DEBUG    | fgvc.clustering.spherical_kmeans |   Init 6/10: inertia=3.263479
2026-08-20 15:58:09 | DEBUG    | fgvc.clustering.spherical_kmeans |   Init 7/10: inertia=3.242614
2026-08-20 15:58:09 | DEBUG    | fgvc.clustering.spherical_kmeans |   Init 8/10: inertia=3.241292
2026-08-20 15:58:09 | DEBUG    | fgvc.clustering.spherical_kmeans |   Init 9/10: inertia=3.242614
2026-08-20 15:58:09 | DEBUG    | fgvc.clustering.spherical_kmeans |   Init 10/10: inertia=3.301692
2026-08-20 15:58:09 | INFO     | fgvc.clustering.spherical_kmeans |   [Cerulean_Warbler] k_selected=2 | k_effective=1 | min_cluster=25 | max_cluster=25
2026-08-20 15:58:09 | INFO     | fgvc.clustering.spherical_kmeans |   [Chestnut_sided_Warbler] 25 images
2026-08-20 15:58:09 | DEBUG    | fgvc.clustering.spherical_kmeans |   Init 1/5: inertia=3.214678
2026-08-20 15:58:09 | DEBUG    | fgvc.clustering.spherical_kmeans |   Init 2/5: inertia=3.214678
2026-08-20 15:58:09 | DEBUG    | fgvc.clustering.spherical_kmeans |   Init 3/5: inertia=3.214678
2026-08-20 15:58:09 | DEBUG    | fgvc.clustering.spherical_kmeans |   Init 4/5: inertia=3.214678
2026-08-20 15:58:09 | DEBUG    | fgvc.clustering.spherical_kmeans |   Init 5/5: inertia=3.214678
2026-08-20 15:58:09 | DEBUG    | fgvc.clustering.spherical_kmeans |   Init 1/5: inertia=2.952954
2026-08-20 15:58:09 | DEBUG    | fgvc.clustering.spherical_kmeans |   Init 2/5: inertia=2.999364
2026-08-20 15:58:09 | DEBUG    | fgvc.clustering.spherical_kmeans |   Init 3/5: inertia=3.030229
2026-08-20 15:58:09 | DEBUG    | fgvc.clustering.spherical_kmeans |   Init 4/5: inertia=2.952954
2026-08-20 15:58:09 | DEBUG    | fgvc.clustering.spherical_kmeans |   Init 5/5: inertia=2.923701
2026-08-20 15:58:09 | DEBUG    | fgvc.clustering.spherical_kmeans |   Init 1/5: inertia=2.783381
2026-08-20 15:58:09 | DEBUG    | fgvc.clustering.spherical_kmeans |   Init 2/5: inertia=2.822968
2026-08-20 15:58:09 | DEBUG    | fgvc.clustering.spherical_kmeans |   Init 3/5: inertia=2.781039
2026-08-20 15:58:09 | DEBUG    | fgvc.clustering.spherical_kmeans |   Init 4/5: inertia=2.805761
2026-08-20 15:58:09 | DEBUG    | fgvc.clustering.spherical_kmeans |   Init 5/5: inertia=2.885280
2026-08-20 15:58:09 | DEBUG    | fgvc.clustering.spherical_kmeans |   Init 1/5: inertia=2.611466
2026-08-20 15:58:09 | DEBUG    | fgvc.clustering.spherical_kmeans |   Init 2/5: inertia=2.592676
2026-08-20 15:58:09 | DEBUG    | fgvc.clustering.spherical_kmeans |   Init 3/5: inertia=2.575553
2026-08-20 15:58:09 | DEBUG    | fgvc.clustering.spherical_kmeans |   Init 4/5: inertia=2.552158
2026-08-20 15:58:09 | DEBUG    | fgvc.clustering.spherical_kmeans |   Init 5/5: inertia=2.392104
2026-08-20 15:58:09 | DEBUG    | fgvc.clustering.spherical_kmeans | K selection: best_k=2 | scores={2: {'silhouette': 0.4865, 'compactness': 0.8714, 'score': 0.5047}, 3: {'silhouette': 0.4055, 'compactness': 0.8831, 'score': 0.401}, 4: {'silhouette': 0.1995, 'compactness': 0.8888, 'score': 0.233}, 5: {'silhouette': 0.1548, 'compactness': 0.9043, 'score': 0.1487}}
2026-08-20 15:58:09 | DEBUG    | fgvc.clustering.spherical_kmeans |   Init 1/10: inertia=3.214678
2026-08-20 15:58:09 | DEBUG    | fgvc.clustering.spherical_kmeans |   Init 2/10: inertia=3.214678
2026-08-20 15:58:09 | DEBUG    | fgvc.clustering.spherical_kmeans |   Init 3/10: inertia=3.214678
2026-08-20 15:58:09 | DEBUG    | fgvc.clustering.spherical_kmeans |   Init 4/10: inertia=3.214678
2026-08-20 15:58:09 | DEBUG    | fgvc.clustering.spherical_kmeans |   Init 5/10: inertia=3.214678
2026-08-20 15:58:09 | DEBUG    | fgvc.clustering.spherical_kmeans |   Init 6/10: inertia=3.214678
2026-08-20 15:58:09 | DEBUG    | fgvc.clustering.spherical_kmeans |   Init 7/10: inertia=4.463431
2026-08-20 15:58:09 | DEBUG    | fgvc.clustering.spherical_kmeans |   Init 8/10: inertia=3.214678
2026-08-20 15:58:09 | DEBUG    | fgvc.clustering.spherical_kmeans |   Init 9/10: inertia=3.214678
2026-08-20 15:58:09 | DEBUG    | fgvc.clustering.spherical_kmeans |   Init 10/10: inertia=4.435750
2026-08-20 15:58:09 | INFO     | fgvc.clustering.spherical_kmeans |   [Chestnut_sided_Warbler] k_selected=2 | k_effective=2 | min_cluster=7 | max_cluster=18
2026-08-20 15:58:09 | INFO     | fgvc.clustering.spherical_kmeans |   [Chipping_Sparrow] 25 images
2026-08-20 15:58:09 | DEBUG    | fgvc.clustering.spherical_kmeans |   Init 1/5: inertia=4.733653
2026-08-20 15:58:09 | DEBUG    | fgvc.clustering.spherical_kmeans |   Init 2/5: inertia=4.521044
2026-08-20 15:58:09 | DEBUG    | fgvc.clustering.spherical_kmeans |   Init 3/5: inertia=4.486413
2026-08-20 15:58:09 | DEBUG    | fgvc.clustering.spherical_kmeans |   Init 4/5: inertia=4.666656
2026-08-20 15:58:09 | DEBUG    | fgvc.clustering.spherical_kmeans |   Init 5/5: inertia=4.594798
2026-08-20 15:58:09 | DEBUG    | fgvc.clustering.spherical_kmeans |   Init 1/5: inertia=4.319343
2026-08-20 15:58:09 | DEBUG    | fgvc.clustering.spherical_kmeans |   Init 2/5: inertia=3.966079
2026-08-20 15:58:09 | DEBUG    | fgvc.clustering.spherical_kmeans |   Init 3/5: inertia=3.883716
2026-08-20 15:58:09 | DEBUG    | fgvc.clustering.spherical_kmeans |   Init 4/5: inertia=4.155681
2026-08-20 15:58:09 | DEBUG    | fgvc.clustering.spherical_kmeans |   Init 5/5: inertia=4.300134
2026-08-20 15:58:09 | DEBUG    | fgvc.clustering.spherical_kmeans |   Init 1/5: inertia=3.823376
2026-08-20 15:58:09 | DEBUG    | fgvc.clustering.spherical_kmeans |   Init 2/5: inertia=3.679204
2026-08-20 15:58:09 | DEBUG    | fgvc.clustering.spherical_kmeans |   Init 3/5: inertia=3.833268
2026-08-20 15:58:09 | DEBUG    | fgvc.clustering.spherical_kmeans |   Init 4/5: inertia=3.645039
2026-08-20 15:58:09 | DEBUG    | fgvc.clustering.spherical_kmeans |   Init 5/5: inertia=4.021483
2026-08-20 15:58:09 | DEBUG    | fgvc.clustering.spherical_kmeans |   Init 1/5: inertia=3.398746
2026-08-20 15:58:09 | DEBUG    | fgvc.clustering.spherical_kmeans |   Init 2/5: inertia=3.389085
2026-08-20 15:58:09 | DEBUG    | fgvc.clustering.spherical_kmeans |   Init 3/5: inertia=3.477725
2026-08-20 15:58:09 | DEBUG    | fgvc.clustering.spherical_kmeans |   Init 4/5: inertia=3.476655
2026-08-20 15:58:09 | DEBUG    | fgvc.clustering.spherical_kmeans |   Init 5/5: inertia=3.391283
2026-08-20 15:58:09 | DEBUG    | fgvc.clustering.spherical_kmeans | K selection: best_k=2 | scores={2: {'silhouette': 0.2556, 'compactness': 0.8205, 'score': 0.374}, 3: {'silhouette': 0.2588, 'compactness': 0.8447, 'score': 0.3161}, 4: {'silhouette': 0.2676, 'compactness': 0.8542, 'score': 0.2567}, 5: {'silhouette': 0.1597, 'compactness': 0.8644, 'score': 0.1392}}
2026-08-20 15:58:09 | DEBUG    | fgvc.clustering.spherical_kmeans |   Init 1/10: inertia=4.733653
2026-08-20 15:58:09 | DEBUG    | fgvc.clustering.spherical_kmeans |   Init 2/10: inertia=4.521044
2026-08-20 15:58:09 | DEBUG    | fgvc.clustering.spherical_kmeans |   Init 3/10: inertia=4.486413
2026-08-20 15:58:09 | DEBUG    | fgvc.clustering.spherical_kmeans |   Init 4/10: inertia=4.666656
2026-08-20 15:58:09 | DEBUG    | fgvc.clustering.spherical_kmeans |   Init 5/10: inertia=4.594798
2026-08-20 15:58:09 | DEBUG    | fgvc.clustering.spherical_kmeans |   Init 6/10: inertia=4.438272
2026-08-20 15:58:09 | DEBUG    | fgvc.clustering.spherical_kmeans |   Init 7/10: inertia=4.670004
2026-08-20 15:58:09 | DEBUG    | fgvc.clustering.spherical_kmeans |   Init 8/10: inertia=4.677386
2026-08-20 15:58:09 | DEBUG    | fgvc.clustering.spherical_kmeans |   Init 9/10: inertia=4.614338
2026-08-20 15:58:09 | DEBUG    | fgvc.clustering.spherical_kmeans |   Init 10/10: inertia=4.554483
2026-08-20 15:58:09 | INFO     | fgvc.clustering.spherical_kmeans |   [Chipping_Sparrow] k_selected=2 | k_effective=2 | min_cluster=6 | max_cluster=19
2026-08-20 15:58:09 | INFO     | fgvc.clustering.spherical_kmeans |   [Chuck_will_Widow] 25 images
2026-08-20 15:58:09 | DEBUG    | fgvc.clustering.spherical_kmeans |   Init 1/5: inertia=4.052228
2026-08-20 15:58:09 | DEBUG    | fgvc.clustering.spherical_kmeans |   Init 2/5: inertia=4.046902
2026-08-20 15:58:09 | DEBUG    | fgvc.clustering.spherical_kmeans |   Init 3/5: inertia=4.192936
2026-08-20 15:58:09 | DEBUG    | fgvc.clustering.spherical_kmeans |   Init 4/5: inertia=4.230117
2026-08-20 15:58:09 | DEBUG    | fgvc.clustering.spherical_kmeans |   Init 5/5: inertia=4.120740
2026-08-20 15:58:09 | DEBUG    | fgvc.clustering.spherical_kmeans |   Init 1/5: inertia=3.729805
2026-08-20 15:58:09 | DEBUG    | fgvc.clustering.spherical_kmeans |   Init 2/5: inertia=3.736304
2026-08-20 15:58:09 | DEBUG    | fgvc.clustering.spherical_kmeans |   Init 3/5: inertia=3.878471
2026-08-20 15:58:09 | DEBUG    | fgvc.clustering.spherical_kmeans |   Init 4/5: inertia=3.830494
2026-08-20 15:58:09 | DEBUG    | fgvc.clustering.spherical_kmeans |   Init 5/5: inertia=3.903689
2026-08-20 15:58:09 | DEBUG    | fgvc.clustering.spherical_kmeans |   Init 1/5: inertia=3.515302
2026-08-20 15:58:09 | DEBUG    | fgvc.clustering.spherical_kmeans |   Init 2/5: inertia=3.692999
2026-08-20 15:58:09 | DEBUG    | fgvc.clustering.spherical_kmeans |   Init 3/5: inertia=3.541083
2026-08-20 15:58:09 | DEBUG    | fgvc.clustering.spherical_kmeans |   Init 4/5: inertia=3.581595
2026-08-20 15:58:09 | DEBUG    | fgvc.clustering.spherical_kmeans |   Init 5/5: inertia=3.500427
2026-08-20 15:58:09 | DEBUG    | fgvc.clustering.spherical_kmeans |   Init 1/5: inertia=3.345570
2026-08-20 15:58:09 | DEBUG    | fgvc.clustering.spherical_kmeans |   Init 2/5: inertia=3.254967
2026-08-20 15:58:09 | DEBUG    | fgvc.clustering.spherical_kmeans |   Init 3/5: inertia=3.317597
2026-08-20 15:58:09 | DEBUG    | fgvc.clustering.spherical_kmeans |   Init 4/5: inertia=3.494838
2026-08-20 15:58:09 | DEBUG    | fgvc.clustering.spherical_kmeans |   Init 5/5: inertia=3.246844
2026-08-20 15:58:09 | DEBUG    | fgvc.clustering.spherical_kmeans | K selection: best_k=2 | scores={2: {'silhouette': 0.1067, 'compactness': 0.8381, 'score': 0.3048}, 3: {'silhouette': 0.0936, 'compactness': 0.8508, 'score': 0.2354}, 4: {'silhouette': 0.1053, 'compactness': 0.86, 'score': 0.1773}, 5: {'silhouette': 0.0677, 'compactness': 0.8701, 'score': 0.0949}}
2026-08-20 15:58:09 | DEBUG    | fgvc.clustering.spherical_kmeans |   Init 1/10: inertia=4.052228
2026-08-20 15:58:09 | DEBUG    | fgvc.clustering.spherical_kmeans |   Init 2/10: inertia=4.046902
2026-08-20 15:58:09 | DEBUG    | fgvc.clustering.spherical_kmeans |   Init 3/10: inertia=4.192936
2026-08-20 15:58:09 | DEBUG    | fgvc.clustering.spherical_kmeans |   Init 4/10: inertia=4.230117
2026-08-20 15:58:09 | DEBUG    | fgvc.clustering.spherical_kmeans |   Init 5/10: inertia=4.120740
2026-08-20 15:58:09 | DEBUG    | fgvc.clustering.spherical_kmeans |   Init 6/10: inertia=4.118947
2026-08-20 15:58:09 | DEBUG    | fgvc.clustering.spherical_kmeans |   Init 7/10: inertia=4.031296
2026-08-20 15:58:09 | DEBUG    | fgvc.clustering.spherical_kmeans |   Init 8/10: inertia=4.077111
2026-08-20 15:58:09 | DEBUG    | fgvc.clustering.spherical_kmeans |   Init 9/10: inertia=4.140011
2026-08-20 15:58:09 | DEBUG    | fgvc.clustering.spherical_kmeans |   Init 10/10: inertia=4.096694
2026-08-20 15:58:09 | INFO     | fgvc.clustering.spherical_kmeans |   [Chuck_will_Widow] k_selected=2 | k_effective=2 | min_cluster=10 | max_cluster=15
2026-08-20 15:58:09 | INFO     | fgvc.clustering.spherical_kmeans |   [Clark_Nutcracker] 25 images
2026-08-20 15:58:09 | DEBUG    | fgvc.clustering.spherical_kmeans |   Init 1/5: inertia=3.260889
2026-08-20 15:58:09 | DEBUG    | fgvc.clustering.spherical_kmeans |   Init 2/5: inertia=3.253956
2026-08-20 15:58:09 | DEBUG    | fgvc.clustering.spherical_kmeans |   Init 3/5: inertia=3.298618
2026-08-20 15:58:09 | DEBUG    | fgvc.clustering.spherical_kmeans |   Init 4/5: inertia=3.315280
2026-08-20 15:58:09 | DEBUG    | fgvc.clustering.spherical_kmeans |   Init 5/5: inertia=3.299056
2026-08-20 15:58:09 | DEBUG    | fgvc.clustering.spherical_kmeans |   Init 1/5: inertia=2.967651
2026-08-20 15:58:09 | DEBUG    | fgvc.clustering.spherical_kmeans |   Init 2/5: inertia=3.064085
2026-08-20 15:58:09 | DEBUG    | fgvc.clustering.spherical_kmeans |   Init 3/5: inertia=3.106095
2026-08-20 15:58:09 | DEBUG    | fgvc.clustering.spherical_kmeans |   Init 4/5: inertia=3.024231
2026-08-20 15:58:09 | DEBUG    | fgvc.clustering.spherical_kmeans |   Init 5/5: inertia=3.061622
2026-08-20 15:58:09 | DEBUG    | fgvc.clustering.spherical_kmeans |   Init 1/5: inertia=2.774929
2026-08-20 15:58:09 | DEBUG    | fgvc.clustering.spherical_kmeans |   Init 2/5: inertia=2.623779
2026-08-20 15:58:09 | DEBUG    | fgvc.clustering.spherical_kmeans |   Init 3/5: inertia=2.666312
2026-08-20 15:58:09 | DEBUG    | fgvc.clustering.spherical_kmeans |   Init 4/5: inertia=2.884738
2026-08-20 15:58:09 | DEBUG    | fgvc.clustering.spherical_kmeans |   Init 5/5: inertia=2.763688
2026-08-20 15:58:09 | DEBUG    | fgvc.clustering.spherical_kmeans |   Init 1/5: inertia=2.624689
2026-08-20 15:58:09 | DEBUG    | fgvc.clustering.spherical_kmeans |   Init 2/5: inertia=2.572323
2026-08-20 15:58:09 | DEBUG    | fgvc.clustering.spherical_kmeans |   Init 3/5: inertia=2.545875
2026-08-20 15:58:09 | DEBUG    | fgvc.clustering.spherical_kmeans |   Init 4/5: inertia=2.635290
2026-08-20 15:58:09 | DEBUG    | fgvc.clustering.spherical_kmeans |   Init 5/5: inertia=2.389524
2026-08-20 15:58:09 | DEBUG    | fgvc.clustering.spherical_kmeans | K selection: best_k=2 | scores={2: {'silhouette': 0.078, 'compactness': 0.8698, 'score': 0.2999}, 3: {'silhouette': 0.0338, 'compactness': 0.8813, 'score': 0.2146}, 4: {'silhouette': 0.069, 'compactness': 0.895, 'score': 0.1697}, 5: {'silhouette': 0.0159, 'compactness': 0.9044, 'score': 0.0793}}
2026-08-20 15:58:09 | DEBUG    | fgvc.clustering.spherical_kmeans |   Init 1/10: inertia=3.260889
2026-08-20 15:58:09 | DEBUG    | fgvc.clustering.spherical_kmeans |   Init 2/10: inertia=3.253956
2026-08-20 15:58:09 | DEBUG    | fgvc.clustering.spherical_kmeans |   Init 3/10: inertia=3.298618
2026-08-20 15:58:09 | DEBUG    | fgvc.clustering.spherical_kmeans |   Init 4/10: inertia=3.315280
2026-08-20 15:58:09 | DEBUG    | fgvc.clustering.spherical_kmeans |   Init 5/10: inertia=3.299056
2026-08-20 15:58:09 | DEBUG    | fgvc.clustering.spherical_kmeans |   Init 6/10: inertia=3.249724
2026-08-20 15:58:09 | DEBUG    | fgvc.clustering.spherical_kmeans |   Init 7/10: inertia=3.124544
2026-08-20 15:58:09 | DEBUG    | fgvc.clustering.spherical_kmeans |   Init 8/10: inertia=3.249487
2026-08-20 15:58:09 | DEBUG    | fgvc.clustering.spherical_kmeans |   Init 9/10: inertia=3.408502
2026-08-20 15:58:09 | DEBUG    | fgvc.clustering.spherical_kmeans |   Init 10/10: inertia=3.335946
2026-08-20 15:58:09 | INFO     | fgvc.clustering.spherical_kmeans |   [Clark_Nutcracker] k_selected=2 | k_effective=1 | min_cluster=25 | max_cluster=25
2026-08-20 15:58:09 | INFO     | fgvc.clustering.spherical_kmeans |   [Clay_colored_Sparrow] 25 images
2026-08-20 15:58:09 | DEBUG    | fgvc.clustering.spherical_kmeans |   Init 1/5: inertia=3.967882
2026-08-20 15:58:09 | DEBUG    | fgvc.clustering.spherical_kmeans |   Init 2/5: inertia=4.019618
2026-08-20 15:58:09 | DEBUG    | fgvc.clustering.spherical_kmeans |   Init 3/5: inertia=4.155073
2026-08-20 15:58:09 | DEBUG    | fgvc.clustering.spherical_kmeans |   Init 4/5: inertia=4.075091
2026-08-20 15:58:09 | DEBUG    | fgvc.clustering.spherical_kmeans |   Init 5/5: inertia=4.229082
2026-08-20 15:58:09 | DEBUG    | fgvc.clustering.spherical_kmeans |   Init 1/5: inertia=3.544032
2026-08-20 15:58:09 | DEBUG    | fgvc.clustering.spherical_kmeans |   Init 2/5: inertia=3.745541
2026-08-20 15:58:09 | DEBUG    | fgvc.clustering.spherical_kmeans |   Init 3/5: inertia=3.717784
2026-08-20 15:58:09 | DEBUG    | fgvc.clustering.spherical_kmeans |   Init 4/5: inertia=3.589418
2026-08-20 15:58:09 | DEBUG    | fgvc.clustering.spherical_kmeans |   Init 5/5: inertia=3.741870
2026-08-20 15:58:09 | DEBUG    | fgvc.clustering.spherical_kmeans |   Init 1/5: inertia=3.334009
2026-08-20 15:58:09 | DEBUG    | fgvc.clustering.spherical_kmeans |   Init 2/5: inertia=3.565230
2026-08-20 15:58:09 | DEBUG    | fgvc.clustering.spherical_kmeans |   Init 3/5: inertia=3.527167
2026-08-20 15:58:09 | DEBUG    | fgvc.clustering.spherical_kmeans |   Init 4/5: inertia=3.641862
2026-08-20 15:58:09 | DEBUG    | fgvc.clustering.spherical_kmeans |   Init 5/5: inertia=3.488878
2026-08-20 15:58:09 | DEBUG    | fgvc.clustering.spherical_kmeans |   Init 1/5: inertia=3.107126
2026-08-20 15:58:09 | DEBUG    | fgvc.clustering.spherical_kmeans |   Init 2/5: inertia=3.307011
2026-08-20 15:58:09 | DEBUG    | fgvc.clustering.spherical_kmeans |   Init 3/5: inertia=3.224100
2026-08-20 15:58:09 | DEBUG    | fgvc.clustering.spherical_kmeans |   Init 4/5: inertia=3.204737
2026-08-20 15:58:09 | DEBUG    | fgvc.clustering.spherical_kmeans |   Init 5/5: inertia=3.162267
2026-08-20 15:58:09 | DEBUG    | fgvc.clustering.spherical_kmeans | K selection: best_k=2 | scores={2: {'silhouette': 0.1576, 'compactness': 0.8413, 'score': 0.3312}, 3: {'silhouette': 0.1728, 'compactness': 0.8582, 'score': 0.2772}, 4: {'silhouette': 0.0555, 'compactness': 0.8666, 'score': 0.1544}, 5: {'silhouette': 0.0334, 'compactness': 0.8757, 'score': 0.0794}}
2026-08-20 15:58:09 | DEBUG    | fgvc.clustering.spherical_kmeans |   Init 1/10: inertia=3.967882
2026-08-20 15:58:09 | DEBUG    | fgvc.clustering.spherical_kmeans |   Init 2/10: inertia=4.019618
2026-08-20 15:58:09 | DEBUG    | fgvc.clustering.spherical_kmeans |   Init 3/10: inertia=4.155073
2026-08-20 15:58:09 | DEBUG    | fgvc.clustering.spherical_kmeans |   Init 4/10: inertia=4.075091
2026-08-20 15:58:09 | DEBUG    | fgvc.clustering.spherical_kmeans |   Init 5/10: inertia=4.229082
2026-08-20 15:58:09 | DEBUG    | fgvc.clustering.spherical_kmeans |   Init 6/10: inertia=4.055276
2026-08-20 15:58:09 | DEBUG    | fgvc.clustering.spherical_kmeans |   Init 7/10: inertia=4.097525
2026-08-20 15:58:09 | DEBUG    | fgvc.clustering.spherical_kmeans |   Init 8/10: inertia=4.123529
2026-08-20 15:58:09 | DEBUG    | fgvc.clustering.spherical_kmeans |   Init 9/10: inertia=4.028084
2026-08-20 15:58:09 | DEBUG    | fgvc.clustering.spherical_kmeans |   Init 10/10: inertia=3.967882
2026-08-20 15:58:09 | INFO     | fgvc.clustering.spherical_kmeans |   [Clay_colored_Sparrow] k_selected=2 | k_effective=2 | min_cluster=7 | max_cluster=18
2026-08-20 15:58:09 | INFO     | fgvc.clustering.spherical_kmeans |   [Cliff_Swallow] 25 images
2026-08-20 15:58:09 | DEBUG    | fgvc.clustering.spherical_kmeans |   Init 1/5: inertia=5.906560
2026-08-20 15:58:09 | DEBUG    | fgvc.clustering.spherical_kmeans |   Init 2/5: inertia=5.903651
2026-08-20 15:58:09 | DEBUG    | fgvc.clustering.spherical_kmeans |   Init 3/5: inertia=5.895742
2026-08-20 15:58:09 | DEBUG    | fgvc.clustering.spherical_kmeans |   Init 4/5: inertia=5.923615
2026-08-20 15:58:09 | DEBUG    | fgvc.clustering.spherical_kmeans |   Init 5/5: inertia=6.037265
2026-08-20 15:58:09 | DEBUG    | fgvc.clustering.spherical_kmeans |   Init 1/5: inertia=5.283070
2026-08-20 15:58:09 | DEBUG    | fgvc.clustering.spherical_kmeans |   Init 2/5: inertia=5.756176
2026-08-20 15:58:09 | DEBUG    | fgvc.clustering.spherical_kmeans |   Init 3/5: inertia=5.438878
2026-08-20 15:58:09 | DEBUG    | fgvc.clustering.spherical_kmeans |   Init 4/5: inertia=5.593987
2026-08-20 15:58:09 | DEBUG    | fgvc.clustering.spherical_kmeans |   Init 5/5: inertia=5.351567
2026-08-20 15:58:09 | DEBUG    | fgvc.clustering.spherical_kmeans |   Init 1/5: inertia=4.892274
2026-08-20 15:58:09 | DEBUG    | fgvc.clustering.spherical_kmeans |   Init 2/5: inertia=5.056414
2026-08-20 15:58:09 | DEBUG    | fgvc.clustering.spherical_kmeans |   Init 3/5: inertia=5.265809
2026-08-20 15:58:09 | DEBUG    | fgvc.clustering.spherical_kmeans |   Init 4/5: inertia=4.889445
2026-08-20 15:58:09 | DEBUG    | fgvc.clustering.spherical_kmeans |   Init 5/5: inertia=4.852385
2026-08-20 15:58:09 | DEBUG    | fgvc.clustering.spherical_kmeans |   Init 1/5: inertia=4.493335
2026-08-20 15:58:09 | DEBUG    | fgvc.clustering.spherical_kmeans |   Init 2/5: inertia=4.773867
2026-08-20 15:58:09 | DEBUG    | fgvc.clustering.spherical_kmeans |   Init 3/5: inertia=4.896474
2026-08-20 15:58:09 | DEBUG    | fgvc.clustering.spherical_kmeans |   Init 4/5: inertia=4.536088
2026-08-20 15:58:09 | DEBUG    | fgvc.clustering.spherical_kmeans |   Init 5/5: inertia=4.749254
2026-08-20 15:58:09 | DEBUG    | fgvc.clustering.spherical_kmeans | K selection: best_k=2 | scores={2: {'silhouette': 0.0785, 'compactness': 0.7642, 'score': 0.2685}, 3: {'silhouette': 0.0848, 'compactness': 0.7887, 'score': 0.2123}, 4: {'silhouette': 0.0922, 'compactness': 0.8059, 'score': 0.1545}, 5: {'silhouette': 0.0387, 'compactness': 0.8203, 'score': 0.0654}}
2026-08-20 15:58:09 | DEBUG    | fgvc.clustering.spherical_kmeans |   Init 1/10: inertia=5.906560
2026-08-20 15:58:09 | DEBUG    | fgvc.clustering.spherical_kmeans |   Init 2/10: inertia=5.903651
2026-08-20 15:58:09 | DEBUG    | fgvc.clustering.spherical_kmeans |   Init 3/10: inertia=5.895742
2026-08-20 15:58:09 | DEBUG    | fgvc.clustering.spherical_kmeans |   Init 4/10: inertia=5.923615
2026-08-20 15:58:09 | DEBUG    | fgvc.clustering.spherical_kmeans |   Init 5/10: inertia=6.037265
2026-08-20 15:58:09 | DEBUG    | fgvc.clustering.spherical_kmeans |   Init 6/10: inertia=5.895742
2026-08-20 15:58:09 | DEBUG    | fgvc.clustering.spherical_kmeans |   Init 7/10: inertia=5.890481
2026-08-20 15:58:09 | DEBUG    | fgvc.clustering.spherical_kmeans |   Init 8/10: inertia=5.951196
2026-08-20 15:58:09 | DEBUG    | fgvc.clustering.spherical_kmeans |   Init 9/10: inertia=6.093956
2026-08-20 15:58:09 | DEBUG    | fgvc.clustering.spherical_kmeans |   Init 10/10: inertia=5.874004
2026-08-20 15:58:09 | INFO     | fgvc.clustering.spherical_kmeans |   [Cliff_Swallow] k_selected=2 | k_effective=1 | min_cluster=25 | max_cluster=25
2026-08-20 15:58:09 | INFO     | fgvc.clustering.spherical_kmeans |   [Common_Raven] 25 images
2026-08-20 15:58:09 | DEBUG    | fgvc.clustering.spherical_kmeans |   Init 1/5: inertia=3.033607
2026-08-20 15:58:09 | DEBUG    | fgvc.clustering.spherical_kmeans |   Init 2/5: inertia=3.022167
2026-08-20 15:58:09 | DEBUG    | fgvc.clustering.spherical_kmeans |   Init 3/5: inertia=3.077585
2026-08-20 15:58:09 | DEBUG    | fgvc.clustering.spherical_kmeans |   Init 4/5: inertia=3.076229
2026-08-20 15:58:09 | DEBUG    | fgvc.clustering.spherical_kmeans |   Init 5/5: inertia=2.985857
2026-08-20 15:58:09 | DEBUG    | fgvc.clustering.spherical_kmeans |   Init 1/5: inertia=2.749212
2026-08-20 15:58:09 | DEBUG    | fgvc.clustering.spherical_kmeans |   Init 2/5: inertia=2.824665
2026-08-20 15:58:09 | DEBUG    | fgvc.clustering.spherical_kmeans |   Init 3/5: inertia=2.846204
2026-08-20 15:58:09 | DEBUG    | fgvc.clustering.spherical_kmeans |   Init 4/5: inertia=2.869432
2026-08-20 15:58:09 | DEBUG    | fgvc.clustering.spherical_kmeans |   Init 5/5: inertia=2.843182
2026-08-20 15:58:09 | DEBUG    | fgvc.clustering.spherical_kmeans |   Init 1/5: inertia=2.544591
2026-08-20 15:58:09 | DEBUG    | fgvc.clustering.spherical_kmeans |   Init 2/5: inertia=2.624096
2026-08-20 15:58:09 | DEBUG    | fgvc.clustering.spherical_kmeans |   Init 3/5: inertia=2.537860
2026-08-20 15:58:09 | DEBUG    | fgvc.clustering.spherical_kmeans |   Init 4/5: inertia=2.608334
2026-08-20 15:58:09 | DEBUG    | fgvc.clustering.spherical_kmeans |   Init 5/5: inertia=2.693707
2026-08-20 15:58:09 | DEBUG    | fgvc.clustering.spherical_kmeans |   Init 1/5: inertia=2.435210
2026-08-20 15:58:09 | DEBUG    | fgvc.clustering.spherical_kmeans |   Init 2/5: inertia=2.508569
2026-08-20 15:58:09 | DEBUG    | fgvc.clustering.spherical_kmeans |   Init 3/5: inertia=2.358772
2026-08-20 15:58:09 | DEBUG    | fgvc.clustering.spherical_kmeans |   Init 4/5: inertia=2.406895
2026-08-20 15:58:09 | DEBUG    | fgvc.clustering.spherical_kmeans |   Init 5/5: inertia=2.410443
2026-08-20 15:58:09 | DEBUG    | fgvc.clustering.spherical_kmeans | K selection: best_k=2 | scores={2: {'silhouette': 0.0777, 'compactness': 0.8806, 'score': 0.303}, 3: {'silhouette': 0.0684, 'compactness': 0.89, 'score': 0.2345}, 4: {'silhouette': 0.0581, 'compactness': 0.8985, 'score': 0.1653}, 5: {'silhouette': 0.0524, 'compactness': 0.9056, 'score': 0.0979}}
2026-08-20 15:58:09 | DEBUG    | fgvc.clustering.spherical_kmeans |   Init 1/10: inertia=3.033607
2026-08-20 15:58:09 | DEBUG    | fgvc.clustering.spherical_kmeans |   Init 2/10: inertia=3.022167
2026-08-20 15:58:09 | DEBUG    | fgvc.clustering.spherical_kmeans |   Init 3/10: inertia=3.077585
2026-08-20 15:58:09 | DEBUG    | fgvc.clustering.spherical_kmeans |   Init 4/10: inertia=3.076229
2026-08-20 15:58:09 | DEBUG    | fgvc.clustering.spherical_kmeans |   Init 5/10: inertia=2.985857
2026-08-20 15:58:09 | DEBUG    | fgvc.clustering.spherical_kmeans |   Init 6/10: inertia=3.055090
2026-08-20 15:58:09 | DEBUG    | fgvc.clustering.spherical_kmeans |   Init 7/10: inertia=3.012557
2026-08-20 15:58:09 | DEBUG    | fgvc.clustering.spherical_kmeans |   Init 8/10: inertia=3.038074
2026-08-20 15:58:09 | DEBUG    | fgvc.clustering.spherical_kmeans |   Init 9/10: inertia=3.010735
2026-08-20 15:58:09 | DEBUG    | fgvc.clustering.spherical_kmeans |   Init 10/10: inertia=3.069591
2026-08-20 15:58:09 | INFO     | fgvc.clustering.spherical_kmeans |   [Common_Raven] k_selected=2 | k_effective=2 | min_cluster=11 | max_cluster=14
2026-08-20 15:58:09 | INFO     | fgvc.clustering.spherical_kmeans |   [Common_Tern] 25 images
2026-08-20 15:58:09 | DEBUG    | fgvc.clustering.spherical_kmeans |   Init 1/5: inertia=3.004899
2026-08-20 15:58:09 | DEBUG    | fgvc.clustering.spherical_kmeans |   Init 2/5: inertia=3.067575
2026-08-20 15:58:09 | DEBUG    | fgvc.clustering.spherical_kmeans |   Init 3/5: inertia=3.014538
2026-08-20 15:58:09 | DEBUG    | fgvc.clustering.spherical_kmeans |   Init 4/5: inertia=3.225847
2026-08-20 15:58:09 | DEBUG    | fgvc.clustering.spherical_kmeans |   Init 5/5: inertia=3.066916
2026-08-20 15:58:09 | DEBUG    | fgvc.clustering.spherical_kmeans |   Init 1/5: inertia=2.887362
2026-08-20 15:58:09 | DEBUG    | fgvc.clustering.spherical_kmeans |   Init 2/5: inertia=2.710809
2026-08-20 15:58:09 | DEBUG    | fgvc.clustering.spherical_kmeans |   Init 3/5: inertia=2.721479
2026-08-20 15:58:09 | DEBUG    | fgvc.clustering.spherical_kmeans |   Init 4/5: inertia=2.851390
2026-08-20 15:58:09 | DEBUG    | fgvc.clustering.spherical_kmeans |   Init 5/5: inertia=2.749897
2026-08-20 15:58:09 | DEBUG    | fgvc.clustering.spherical_kmeans |   Init 1/5: inertia=2.789504
2026-08-20 15:58:09 | DEBUG    | fgvc.clustering.spherical_kmeans |   Init 2/5: inertia=2.514756
2026-08-20 15:58:09 | DEBUG    | fgvc.clustering.spherical_kmeans |   Init 3/5: inertia=2.736174
2026-08-20 15:58:09 | DEBUG    | fgvc.clustering.spherical_kmeans |   Init 4/5: inertia=2.640841
2026-08-20 15:58:09 | DEBUG    | fgvc.clustering.spherical_kmeans |   Init 5/5: inertia=2.628743
2026-08-20 15:58:09 | DEBUG    | fgvc.clustering.spherical_kmeans |   Init 1/5: inertia=2.614937
2026-08-20 15:58:09 | DEBUG    | fgvc.clustering.spherical_kmeans |   Init 2/5: inertia=2.230361
2026-08-20 15:58:09 | DEBUG    | fgvc.clustering.spherical_kmeans |   Init 3/5: inertia=2.367918
2026-08-20 15:58:09 | DEBUG    | fgvc.clustering.spherical_kmeans |   Init 4/5: inertia=2.425640
2026-08-20 15:58:09 | DEBUG    | fgvc.clustering.spherical_kmeans |   Init 5/5: inertia=2.246423
2026-08-20 15:58:09 | DEBUG    | fgvc.clustering.spherical_kmeans | K selection: best_k=2 | scores={2: {'silhouette': 0.1723, 'compactness': 0.8798, 'score': 0.3501}, 3: {'silhouette': 0.1367, 'compactness': 0.8916, 'score': 0.2692}, 4: {'silhouette': 0.1293, 'compactness': 0.8994, 'score': 0.2011}, 5: {'silhouette': 0.1366, 'compactness': 0.9108, 'score': 0.1416}}
2026-08-20 15:58:09 | DEBUG    | fgvc.clustering.spherical_kmeans |   Init 1/10: inertia=3.004899
2026-08-20 15:58:09 | DEBUG    | fgvc.clustering.spherical_kmeans |   Init 2/10: inertia=3.067575
2026-08-20 15:58:09 | DEBUG    | fgvc.clustering.spherical_kmeans |   Init 3/10: inertia=3.014538
2026-08-20 15:58:09 | DEBUG    | fgvc.clustering.spherical_kmeans |   Init 4/10: inertia=3.225847
2026-08-20 15:58:09 | DEBUG    | fgvc.clustering.spherical_kmeans |   Init 5/10: inertia=3.066916
2026-08-20 15:58:09 | DEBUG    | fgvc.clustering.spherical_kmeans |   Init 6/10: inertia=2.972486
2026-08-20 15:58:09 | DEBUG    | fgvc.clustering.spherical_kmeans |   Init 7/10: inertia=2.940711
2026-08-20 15:58:09 | DEBUG    | fgvc.clustering.spherical_kmeans |   Init 8/10: inertia=3.025404
2026-08-20 15:58:09 | DEBUG    | fgvc.clustering.spherical_kmeans |   Init 9/10: inertia=3.046573
2026-08-20 15:58:09 | DEBUG    | fgvc.clustering.spherical_kmeans |   Init 10/10: inertia=2.982255
2026-08-20 15:58:09 | INFO     | fgvc.clustering.spherical_kmeans |   [Common_Tern] k_selected=2 | k_effective=2 | min_cluster=5 | max_cluster=20
2026-08-20 15:58:09 | INFO     | fgvc.clustering.spherical_kmeans |   [Common_Yellowthroat] 25 images
2026-08-20 15:58:09 | DEBUG    | fgvc.clustering.spherical_kmeans |   Init 1/5: inertia=2.948630
2026-08-20 15:58:09 | DEBUG    | fgvc.clustering.spherical_kmeans |   Init 2/5: inertia=2.998893
2026-08-20 15:58:09 | DEBUG    | fgvc.clustering.spherical_kmeans |   Init 3/5: inertia=2.663155
2026-08-20 15:58:09 | DEBUG    | fgvc.clustering.spherical_kmeans |   Init 4/5: inertia=2.698590
2026-08-20 15:58:09 | DEBUG    | fgvc.clustering.spherical_kmeans |   Init 5/5: inertia=2.815932
2026-08-20 15:58:09 | DEBUG    | fgvc.clustering.spherical_kmeans |   Init 1/5: inertia=2.788038
2026-08-20 15:58:09 | DEBUG    | fgvc.clustering.spherical_kmeans |   Init 2/5: inertia=2.463835
2026-08-20 15:58:09 | DEBUG    | fgvc.clustering.spherical_kmeans |   Init 3/5: inertia=2.557935
2026-08-20 15:58:09 | DEBUG    | fgvc.clustering.spherical_kmeans |   Init 4/5: inertia=2.410498
2026-08-20 15:58:09 | DEBUG    | fgvc.clustering.spherical_kmeans |   Init 5/5: inertia=2.485809
2026-08-20 15:58:09 | DEBUG    | fgvc.clustering.spherical_kmeans |   Init 1/5: inertia=2.597378
2026-08-20 15:58:09 | DEBUG    | fgvc.clustering.spherical_kmeans |   Init 2/5: inertia=2.477907
2026-08-20 15:58:09 | DEBUG    | fgvc.clustering.spherical_kmeans |   Init 3/5: inertia=2.216832
2026-08-20 15:58:09 | DEBUG    | fgvc.clustering.spherical_kmeans |   Init 4/5: inertia=2.243665
2026-08-20 15:58:09 | DEBUG    | fgvc.clustering.spherical_kmeans |   Init 5/5: inertia=2.176701
2026-08-20 15:58:09 | DEBUG    | fgvc.clustering.spherical_kmeans |   Init 1/5: inertia=2.204931
2026-08-20 15:58:09 | DEBUG    | fgvc.clustering.spherical_kmeans |   Init 2/5: inertia=2.115673
2026-08-20 15:58:09 | DEBUG    | fgvc.clustering.spherical_kmeans |   Init 3/5: inertia=2.245002
2026-08-20 15:58:09 | DEBUG    | fgvc.clustering.spherical_kmeans |   Init 4/5: inertia=1.915981
2026-08-20 15:58:09 | DEBUG    | fgvc.clustering.spherical_kmeans |   Init 5/5: inertia=2.450796
2026-08-20 15:58:09 | DEBUG    | fgvc.clustering.spherical_kmeans | K selection: best_k=2 | scores={2: {'silhouette': 0.3881, 'compactness': 0.8935, 'score': 0.4621}, 3: {'silhouette': 0.1665, 'compactness': 0.9036, 'score': 0.2877}, 4: {'silhouette': 0.0866, 'compactness': 0.9129, 'score': 0.1838}, 5: {'silhouette': 0.1184, 'compactness': 0.9234, 'score': 0.1362}}
2026-08-20 15:58:09 | DEBUG    | fgvc.clustering.spherical_kmeans |   Init 1/10: inertia=2.948630
2026-08-20 15:58:09 | DEBUG    | fgvc.clustering.spherical_kmeans |   Init 2/10: inertia=2.998893
2026-08-20 15:58:09 | DEBUG    | fgvc.clustering.spherical_kmeans |   Init 3/10: inertia=2.663155
2026-08-20 15:58:09 | DEBUG    | fgvc.clustering.spherical_kmeans |   Init 4/10: inertia=2.698590
2026-08-20 15:58:09 | DEBUG    | fgvc.clustering.spherical_kmeans |   Init 5/10: inertia=2.815932
2026-08-20 15:58:09 | DEBUG    | fgvc.clustering.spherical_kmeans |   Init 6/10: inertia=2.663155
2026-08-20 15:58:09 | DEBUG    | fgvc.clustering.spherical_kmeans |   Init 7/10: inertia=2.698590
2026-08-20 15:58:09 | DEBUG    | fgvc.clustering.spherical_kmeans |   Init 8/10: inertia=3.011466
2026-08-20 15:58:09 | DEBUG    | fgvc.clustering.spherical_kmeans |   Init 9/10: inertia=2.775490
2026-08-20 15:58:09 | DEBUG    | fgvc.clustering.spherical_kmeans |   Init 10/10: inertia=2.834303
2026-08-20 15:58:09 | INFO     | fgvc.clustering.spherical_kmeans |   [Common_Yellowthroat] k_selected=2 | k_effective=1 | min_cluster=25 | max_cluster=25
2026-08-20 15:58:09 | INFO     | fgvc.clustering.spherical_kmeans |   [Crested_Auklet] 25 images
2026-08-20 15:58:09 | DEBUG    | fgvc.clustering.spherical_kmeans |   Init 1/5: inertia=4.232228
2026-08-20 15:58:09 | DEBUG    | fgvc.clustering.spherical_kmeans |   Init 2/5: inertia=4.268715
2026-08-20 15:58:09 | DEBUG    | fgvc.clustering.spherical_kmeans |   Init 3/5: inertia=4.224524
2026-08-20 15:58:09 | DEBUG    | fgvc.clustering.spherical_kmeans |   Init 4/5: inertia=4.162544
2026-08-20 15:58:09 | DEBUG    | fgvc.clustering.spherical_kmeans |   Init 5/5: inertia=4.268715
2026-08-20 15:58:09 | DEBUG    | fgvc.clustering.spherical_kmeans |   Init 1/5: inertia=3.778319
2026-08-20 15:58:09 | DEBUG    | fgvc.clustering.spherical_kmeans |   Init 2/5: inertia=3.893400
2026-08-20 15:58:09 | DEBUG    | fgvc.clustering.spherical_kmeans |   Init 3/5: inertia=3.827096
2026-08-20 15:58:09 | DEBUG    | fgvc.clustering.spherical_kmeans |   Init 4/5: inertia=3.859714
2026-08-20 15:58:09 | DEBUG    | fgvc.clustering.spherical_kmeans |   Init 5/5: inertia=4.004051
2026-08-20 15:58:09 | DEBUG    | fgvc.clustering.spherical_kmeans |   Init 1/5: inertia=3.676749
2026-08-20 15:58:09 | DEBUG    | fgvc.clustering.spherical_kmeans |   Init 2/5: inertia=3.573117
2026-08-20 15:58:09 | DEBUG    | fgvc.clustering.spherical_kmeans |   Init 3/5: inertia=3.665750
2026-08-20 15:58:09 | DEBUG    | fgvc.clustering.spherical_kmeans |   Init 4/5: inertia=3.590539
2026-08-20 15:58:09 | DEBUG    | fgvc.clustering.spherical_kmeans |   Init 5/5: inertia=3.421290
2026-08-20 15:58:09 | DEBUG    | fgvc.clustering.spherical_kmeans |   Init 1/5: inertia=3.306298
2026-08-20 15:58:09 | DEBUG    | fgvc.clustering.spherical_kmeans |   Init 2/5: inertia=3.254821
2026-08-20 15:58:09 | DEBUG    | fgvc.clustering.spherical_kmeans |   Init 3/5: inertia=3.432137
2026-08-20 15:58:09 | DEBUG    | fgvc.clustering.spherical_kmeans |   Init 4/5: inertia=3.245756
2026-08-20 15:58:09 | DEBUG    | fgvc.clustering.spherical_kmeans |   Init 5/5: inertia=3.235746
2026-08-20 15:58:09 | DEBUG    | fgvc.clustering.spherical_kmeans | K selection: best_k=2 | scores={2: {'silhouette': 0.1192, 'compactness': 0.8335, 'score': 0.3096}, 3: {'silhouette': 0.0629, 'compactness': 0.8489, 'score': 0.2195}, 4: {'silhouette': 0.123, 'compactness': 0.8631, 'score': 0.1871}, 5: {'silhouette': 0.1167, 'compactness': 0.8706, 'score': 0.1195}}
2026-08-20 15:58:09 | DEBUG    | fgvc.clustering.spherical_kmeans |   Init 1/10: inertia=4.232228
2026-08-20 15:58:09 | DEBUG    | fgvc.clustering.spherical_kmeans |   Init 2/10: inertia=4.268715
2026-08-20 15:58:09 | DEBUG    | fgvc.clustering.spherical_kmeans |   Init 3/10: inertia=4.224524
2026-08-20 15:58:09 | DEBUG    | fgvc.clustering.spherical_kmeans |   Init 4/10: inertia=4.162544
2026-08-20 15:58:09 | DEBUG    | fgvc.clustering.spherical_kmeans |   Init 5/10: inertia=4.268715
2026-08-20 15:58:09 | DEBUG    | fgvc.clustering.spherical_kmeans |   Init 6/10: inertia=4.181104
2026-08-20 15:58:09 | DEBUG    | fgvc.clustering.spherical_kmeans |   Init 7/10: inertia=4.268715
2026-08-20 15:58:09 | DEBUG    | fgvc.clustering.spherical_kmeans |   Init 8/10: inertia=4.207191
2026-08-20 15:58:09 | DEBUG    | fgvc.clustering.spherical_kmeans |   Init 9/10: inertia=4.268715
2026-08-20 15:58:09 | DEBUG    | fgvc.clustering.spherical_kmeans |   Init 10/10: inertia=4.207191
2026-08-20 15:58:09 | INFO     | fgvc.clustering.spherical_kmeans |   [Crested_Auklet] k_selected=2 | k_effective=2 | min_cluster=12 | max_cluster=13
2026-08-20 15:58:09 | INFO     | fgvc.clustering.spherical_kmeans |   [Dark_eyed_Junco] 25 images
2026-08-20 15:58:09 | DEBUG    | fgvc.clustering.spherical_kmeans |   Init 1/5: inertia=3.892951
2026-08-20 15:58:09 | DEBUG    | fgvc.clustering.spherical_kmeans |   Init 2/5: inertia=3.857296
2026-08-20 15:58:09 | DEBUG    | fgvc.clustering.spherical_kmeans |   Init 3/5: inertia=3.920685
2026-08-20 15:58:09 | DEBUG    | fgvc.clustering.spherical_kmeans |   Init 4/5: inertia=3.887216
2026-08-20 15:58:09 | DEBUG    | fgvc.clustering.spherical_kmeans |   Init 5/5: inertia=3.935175
2026-08-20 15:58:09 | DEBUG    | fgvc.clustering.spherical_kmeans |   Init 1/5: inertia=3.487689
2026-08-20 15:58:09 | DEBUG    | fgvc.clustering.spherical_kmeans |   Init 2/5: inertia=3.708919
2026-08-20 15:58:09 | DEBUG    | fgvc.clustering.spherical_kmeans |   Init 3/5: inertia=3.690590
2026-08-20 15:58:09 | DEBUG    | fgvc.clustering.spherical_kmeans |   Init 4/5: inertia=3.673580
2026-08-20 15:58:09 | DEBUG    | fgvc.clustering.spherical_kmeans |   Init 5/5: inertia=3.578564
2026-08-20 15:58:09 | DEBUG    | fgvc.clustering.spherical_kmeans |   Init 1/5: inertia=3.280250
2026-08-20 15:58:09 | DEBUG    | fgvc.clustering.spherical_kmeans |   Init 2/5: inertia=3.356570
2026-08-20 15:58:09 | DEBUG    | fgvc.clustering.spherical_kmeans |   Init 3/5: inertia=3.305482
2026-08-20 15:58:09 | DEBUG    | fgvc.clustering.spherical_kmeans |   Init 4/5: inertia=3.412627
2026-08-20 15:58:09 | DEBUG    | fgvc.clustering.spherical_kmeans |   Init 5/5: inertia=3.469357
2026-08-20 15:58:09 | DEBUG    | fgvc.clustering.spherical_kmeans |   Init 1/5: inertia=2.961239
2026-08-20 15:58:09 | DEBUG    | fgvc.clustering.spherical_kmeans |   Init 2/5: inertia=3.122320
2026-08-20 15:58:09 | DEBUG    | fgvc.clustering.spherical_kmeans |   Init 3/5: inertia=2.768927
2026-08-20 15:58:09 | DEBUG    | fgvc.clustering.spherical_kmeans |   Init 4/5: inertia=3.200977
2026-08-20 15:58:09 | DEBUG    | fgvc.clustering.spherical_kmeans |   Init 5/5: inertia=2.957931
2026-08-20 15:58:09 | DEBUG    | fgvc.clustering.spherical_kmeans | K selection: best_k=2 | scores={2: {'silhouette': 0.1971, 'compactness': 0.8457, 'score': 0.3523}, 3: {'silhouette': 0.178, 'compactness': 0.8605, 'score': 0.2805}, 4: {'silhouette': 0.0835, 'compactness': 0.8688, 'score': 0.1691}, 5: {'silhouette': 0.1743, 'compactness': 0.8892, 'score': 0.1539}}
2026-08-20 15:58:09 | DEBUG    | fgvc.clustering.spherical_kmeans |   Init 1/10: inertia=3.892951
2026-08-20 15:58:09 | DEBUG    | fgvc.clustering.spherical_kmeans |   Init 2/10: inertia=3.857296
2026-08-20 15:58:09 | DEBUG    | fgvc.clustering.spherical_kmeans |   Init 3/10: inertia=3.920685
2026-08-20 15:58:09 | DEBUG    | fgvc.clustering.spherical_kmeans |   Init 4/10: inertia=3.887216
2026-08-20 15:58:09 | DEBUG    | fgvc.clustering.spherical_kmeans |   Init 5/10: inertia=3.935175
2026-08-20 15:58:09 | DEBUG    | fgvc.clustering.spherical_kmeans |   Init 6/10: inertia=3.920685
2026-08-20 15:58:09 | DEBUG    | fgvc.clustering.spherical_kmeans |   Init 7/10: inertia=3.963709
2026-08-20 15:58:09 | DEBUG    | fgvc.clustering.spherical_kmeans |   Init 8/10: inertia=4.206024
2026-08-20 15:58:09 | DEBUG    | fgvc.clustering.spherical_kmeans |   Init 9/10: inertia=3.963709
2026-08-20 15:58:09 | DEBUG    | fgvc.clustering.spherical_kmeans |   Init 10/10: inertia=4.046877
2026-08-20 15:58:09 | INFO     | fgvc.clustering.spherical_kmeans |   [Dark_eyed_Junco] k_selected=2 | k_effective=2 | min_cluster=11 | max_cluster=14
2026-08-20 15:58:09 | INFO     | fgvc.clustering.spherical_kmeans |   [Downy_Woodpecker] 25 images
2026-08-20 15:58:09 | DEBUG    | fgvc.clustering.spherical_kmeans |   Init 1/5: inertia=2.410370
2026-08-20 15:58:09 | DEBUG    | fgvc.clustering.spherical_kmeans |   Init 2/5: inertia=2.783299
2026-08-20 15:58:09 | DEBUG    | fgvc.clustering.spherical_kmeans |   Init 3/5: inertia=2.772213
2026-08-20 15:58:09 | DEBUG    | fgvc.clustering.spherical_kmeans |   Init 4/5: inertia=2.801270
2026-08-20 15:58:09 | DEBUG    | fgvc.clustering.spherical_kmeans |   Init 5/5: inertia=2.725470
2026-08-20 15:58:09 | DEBUG    | fgvc.clustering.spherical_kmeans |   Init 1/5: inertia=2.265928
2026-08-20 15:58:09 | DEBUG    | fgvc.clustering.spherical_kmeans |   Init 2/5: inertia=2.224186
2026-08-20 15:58:09 | DEBUG    | fgvc.clustering.spherical_kmeans |   Init 3/5: inertia=2.253095
2026-08-20 15:58:09 | DEBUG    | fgvc.clustering.spherical_kmeans |   Init 4/5: inertia=2.248997
2026-08-20 15:58:09 | DEBUG    | fgvc.clustering.spherical_kmeans |   Init 5/5: inertia=2.216191
2026-08-20 15:58:09 | DEBUG    | fgvc.clustering.spherical_kmeans |   Init 1/5: inertia=2.041532
2026-08-20 15:58:09 | DEBUG    | fgvc.clustering.spherical_kmeans |   Init 2/5: inertia=1.938905
2026-08-20 15:58:09 | DEBUG    | fgvc.clustering.spherical_kmeans |   Init 3/5: inertia=2.112796
2026-08-20 15:58:09 | DEBUG    | fgvc.clustering.spherical_kmeans |   Init 4/5: inertia=2.102272
2026-08-20 15:58:09 | DEBUG    | fgvc.clustering.spherical_kmeans |   Init 5/5: inertia=2.059656
2026-08-20 15:58:09 | DEBUG    | fgvc.clustering.spherical_kmeans |   Init 1/5: inertia=1.901373
2026-08-20 15:58:09 | DEBUG    | fgvc.clustering.spherical_kmeans |   Init 2/5: inertia=1.855698
2026-08-20 15:58:09 | DEBUG    | fgvc.clustering.spherical_kmeans |   Init 3/5: inertia=1.979708
2026-08-20 15:58:09 | DEBUG    | fgvc.clustering.spherical_kmeans |   Init 4/5: inertia=1.903971
2026-08-20 15:58:09 | DEBUG    | fgvc.clustering.spherical_kmeans |   Init 5/5: inertia=1.920613
2026-08-20 15:58:09 | DEBUG    | fgvc.clustering.spherical_kmeans | K selection: best_k=2 | scores={2: {'silhouette': 0.3986, 'compactness': 0.9036, 'score': 0.4704}, 3: {'silhouette': 0.2344, 'compactness': 0.9114, 'score': 0.3239}, 4: {'silhouette': 0.1751, 'compactness': 0.9224, 'score': 0.231}, 5: {'silhouette': 0.1034, 'compactness': 0.9258, 'score': 0.1294}}
2026-08-20 15:58:09 | DEBUG    | fgvc.clustering.spherical_kmeans |   Init 1/10: inertia=2.410370
2026-08-20 15:58:09 | DEBUG    | fgvc.clustering.spherical_kmeans |   Init 2/10: inertia=2.783299
2026-08-20 15:58:09 | DEBUG    | fgvc.clustering.spherical_kmeans |   Init 3/10: inertia=2.772213
2026-08-20 15:58:09 | DEBUG    | fgvc.clustering.spherical_kmeans |   Init 4/10: inertia=2.801270
2026-08-20 15:58:09 | DEBUG    | fgvc.clustering.spherical_kmeans |   Init 5/10: inertia=2.725470
2026-08-20 15:58:09 | DEBUG    | fgvc.clustering.spherical_kmeans |   Init 6/10: inertia=2.410370
2026-08-20 15:58:09 | DEBUG    | fgvc.clustering.spherical_kmeans |   Init 7/10: inertia=2.442494
2026-08-20 15:58:09 | DEBUG    | fgvc.clustering.spherical_kmeans |   Init 8/10: inertia=2.410370
2026-08-20 15:58:09 | DEBUG    | fgvc.clustering.spherical_kmeans |   Init 9/10: inertia=2.662115
2026-08-20 15:58:09 | DEBUG    | fgvc.clustering.spherical_kmeans |   Init 10/10: inertia=2.693657
2026-08-20 15:58:09 | INFO     | fgvc.clustering.spherical_kmeans |   [Downy_Woodpecker] k_selected=2 | k_effective=1 | min_cluster=25 | max_cluster=25
2026-08-20 15:58:09 | INFO     | fgvc.clustering.spherical_kmeans |   [Eared_Grebe] 25 images
2026-08-20 15:58:09 | DEBUG    | fgvc.clustering.spherical_kmeans |   Init 1/5: inertia=3.898457
2026-08-20 15:58:09 | DEBUG    | fgvc.clustering.spherical_kmeans |   Init 2/5: inertia=2.861306
2026-08-20 15:58:09 | DEBUG    | fgvc.clustering.spherical_kmeans |   Init 3/5: inertia=2.861306
2026-08-20 15:58:09 | DEBUG    | fgvc.clustering.spherical_kmeans |   Init 4/5: inertia=2.861306
2026-08-20 15:58:09 | DEBUG    | fgvc.clustering.spherical_kmeans |   Init 5/5: inertia=2.861306
2026-08-20 15:58:09 | DEBUG    | fgvc.clustering.spherical_kmeans |   Init 1/5: inertia=2.627339
2026-08-20 15:58:09 | DEBUG    | fgvc.clustering.spherical_kmeans |   Init 2/5: inertia=2.570998
2026-08-20 15:58:09 | DEBUG    | fgvc.clustering.spherical_kmeans |   Init 3/5: inertia=2.564291
2026-08-20 15:58:09 | DEBUG    | fgvc.clustering.spherical_kmeans |   Init 4/5: inertia=2.700803
2026-08-20 15:58:09 | DEBUG    | fgvc.clustering.spherical_kmeans |   Init 5/5: inertia=2.537979
2026-08-20 15:58:09 | DEBUG    | fgvc.clustering.spherical_kmeans |   Init 1/5: inertia=2.441377
2026-08-20 15:58:09 | DEBUG    | fgvc.clustering.spherical_kmeans |   Init 2/5: inertia=2.338845
2026-08-20 15:58:09 | DEBUG    | fgvc.clustering.spherical_kmeans |   Init 3/5: inertia=2.488563
2026-08-20 15:58:09 | DEBUG    | fgvc.clustering.spherical_kmeans |   Init 4/5: inertia=2.464735
2026-08-20 15:58:09 | DEBUG    | fgvc.clustering.spherical_kmeans |   Init 5/5: inertia=2.474036
2026-08-20 15:58:09 | DEBUG    | fgvc.clustering.spherical_kmeans |   Init 1/5: inertia=2.179348
2026-08-20 15:58:09 | DEBUG    | fgvc.clustering.spherical_kmeans |   Init 2/5: inertia=2.150260
2026-08-20 15:58:09 | DEBUG    | fgvc.clustering.spherical_kmeans |   Init 3/5: inertia=2.345624
2026-08-20 15:58:09 | DEBUG    | fgvc.clustering.spherical_kmeans |   Init 4/5: inertia=2.359923
2026-08-20 15:58:09 | DEBUG    | fgvc.clustering.spherical_kmeans |   Init 5/5: inertia=2.335024
2026-08-20 15:58:09 | DEBUG    | fgvc.clustering.spherical_kmeans | K selection: best_k=2 | scores={2: {'silhouette': 0.4375, 'compactness': 0.8855, 'score': 0.4844}, 3: {'silhouette': 0.3193, 'compactness': 0.8985, 'score': 0.3625}, 4: {'silhouette': 0.2238, 'compactness': 0.9064, 'score': 0.2505}, 5: {'silhouette': 0.1695, 'compactness': 0.914, 'score': 0.159}}
2026-08-20 15:58:09 | DEBUG    | fgvc.clustering.spherical_kmeans |   Init 1/10: inertia=3.898457
2026-08-20 15:58:09 | DEBUG    | fgvc.clustering.spherical_kmeans |   Init 2/10: inertia=2.861306
2026-08-20 15:58:09 | DEBUG    | fgvc.clustering.spherical_kmeans |   Init 3/10: inertia=2.861306
2026-08-20 15:58:09 | DEBUG    | fgvc.clustering.spherical_kmeans |   Init 4/10: inertia=2.861306
2026-08-20 15:58:09 | DEBUG    | fgvc.clustering.spherical_kmeans |   Init 5/10: inertia=2.861306
2026-08-20 15:58:09 | DEBUG    | fgvc.clustering.spherical_kmeans |   Init 6/10: inertia=2.861306
2026-08-20 15:58:09 | DEBUG    | fgvc.clustering.spherical_kmeans |   Init 7/10: inertia=2.861306
2026-08-20 15:58:09 | DEBUG    | fgvc.clustering.spherical_kmeans |   Init 8/10: inertia=2.857909
2026-08-20 15:58:09 | DEBUG    | fgvc.clustering.spherical_kmeans |   Init 9/10: inertia=2.861306
2026-08-20 15:58:09 | DEBUG    | fgvc.clustering.spherical_kmeans |   Init 10/10: inertia=3.840659
2026-08-20 15:58:09 | INFO     | fgvc.clustering.spherical_kmeans |   [Eared_Grebe] k_selected=2 | k_effective=2 | min_cluster=9 | max_cluster=16
2026-08-20 15:58:09 | INFO     | fgvc.clustering.spherical_kmeans |   [Eastern_Towhee] 25 images
2026-08-20 15:58:09 | DEBUG    | fgvc.clustering.spherical_kmeans |   Init 1/5: inertia=2.963809
2026-08-20 15:58:09 | DEBUG    | fgvc.clustering.spherical_kmeans |   Init 2/5: inertia=3.393993
2026-08-20 15:58:09 | DEBUG    | fgvc.clustering.spherical_kmeans |   Init 3/5: inertia=2.963809
2026-08-20 15:58:09 | DEBUG    | fgvc.clustering.spherical_kmeans |   Init 4/5: inertia=2.963809
2026-08-20 15:58:09 | DEBUG    | fgvc.clustering.spherical_kmeans |   Init 5/5: inertia=3.163330
2026-08-20 15:58:09 | DEBUG    | fgvc.clustering.spherical_kmeans |   Init 1/5: inertia=2.700398
2026-08-20 15:58:09 | DEBUG    | fgvc.clustering.spherical_kmeans |   Init 2/5: inertia=2.663286
2026-08-20 15:58:09 | DEBUG    | fgvc.clustering.spherical_kmeans |   Init 3/5: inertia=2.865320
2026-08-20 15:58:09 | DEBUG    | fgvc.clustering.spherical_kmeans |   Init 4/5: inertia=2.729153
2026-08-20 15:58:09 | DEBUG    | fgvc.clustering.spherical_kmeans |   Init 5/5: inertia=2.661209
2026-08-20 15:58:09 | DEBUG    | fgvc.clustering.spherical_kmeans |   Init 1/5: inertia=2.563568
2026-08-20 15:58:09 | DEBUG    | fgvc.clustering.spherical_kmeans |   Init 2/5: inertia=2.457178
2026-08-20 15:58:09 | DEBUG    | fgvc.clustering.spherical_kmeans |   Init 3/5: inertia=2.523647
2026-08-20 15:58:09 | DEBUG    | fgvc.clustering.spherical_kmeans |   Init 4/5: inertia=2.574245
2026-08-20 15:58:09 | DEBUG    | fgvc.clustering.spherical_kmeans |   Init 5/5: inertia=2.512283
2026-08-20 15:58:09 | DEBUG    | fgvc.clustering.spherical_kmeans |   Init 1/5: inertia=2.404817
2026-08-20 15:58:09 | DEBUG    | fgvc.clustering.spherical_kmeans |   Init 2/5: inertia=2.358311
2026-08-20 15:58:09 | DEBUG    | fgvc.clustering.spherical_kmeans |   Init 3/5: inertia=2.379330
2026-08-20 15:58:09 | DEBUG    | fgvc.clustering.spherical_kmeans |   Init 4/5: inertia=2.221366
2026-08-20 15:58:09 | DEBUG    | fgvc.clustering.spherical_kmeans |   Init 5/5: inertia=2.603845
2026-08-20 15:58:09 | DEBUG    | fgvc.clustering.spherical_kmeans | K selection: best_k=2 | scores={2: {'silhouette': 0.2731, 'compactness': 0.8814, 'score': 0.401}, 3: {'silhouette': 0.1864, 'compactness': 0.8936, 'score': 0.2946}, 4: {'silhouette': 0.1431, 'compactness': 0.9017, 'score': 0.2087}, 5: {'silhouette': 0.1601, 'compactness': 0.9111, 'score': 0.1534}}
2026-08-20 15:58:09 | DEBUG    | fgvc.clustering.spherical_kmeans |   Init 1/10: inertia=2.963809
2026-08-20 15:58:09 | DEBUG    | fgvc.clustering.spherical_kmeans |   Init 2/10: inertia=3.393993
2026-08-20 15:58:09 | DEBUG    | fgvc.clustering.spherical_kmeans |   Init 3/10: inertia=2.963809
2026-08-20 15:58:09 | DEBUG    | fgvc.clustering.spherical_kmeans |   Init 4/10: inertia=2.963809
2026-08-20 15:58:09 | DEBUG    | fgvc.clustering.spherical_kmeans |   Init 5/10: inertia=3.163330
2026-08-20 15:58:09 | DEBUG    | fgvc.clustering.spherical_kmeans |   Init 6/10: inertia=2.963809
2026-08-20 15:58:09 | DEBUG    | fgvc.clustering.spherical_kmeans |   Init 7/10: inertia=2.963809
2026-08-20 15:58:09 | DEBUG    | fgvc.clustering.spherical_kmeans |   Init 8/10: inertia=3.272431
2026-08-20 15:58:09 | DEBUG    | fgvc.clustering.spherical_kmeans |   Init 9/10: inertia=2.963809
2026-08-20 15:58:09 | DEBUG    | fgvc.clustering.spherical_kmeans |   Init 10/10: inertia=2.963809
2026-08-20 15:58:09 | INFO     | fgvc.clustering.spherical_kmeans |   [Eastern_Towhee] k_selected=2 | k_effective=2 | min_cluster=7 | max_cluster=18
2026-08-20 15:58:09 | INFO     | fgvc.clustering.spherical_kmeans |   [Elegant_Tern] 25 images
2026-08-20 15:58:09 | DEBUG    | fgvc.clustering.spherical_kmeans |   Init 1/5: inertia=4.101017
2026-08-20 15:58:09 | DEBUG    | fgvc.clustering.spherical_kmeans |   Init 2/5: inertia=4.153301
2026-08-20 15:58:09 | DEBUG    | fgvc.clustering.spherical_kmeans |   Init 3/5: inertia=4.036100
2026-08-20 15:58:09 | DEBUG    | fgvc.clustering.spherical_kmeans |   Init 4/5: inertia=4.094001
2026-08-20 15:58:09 | DEBUG    | fgvc.clustering.spherical_kmeans |   Init 5/5: inertia=4.128395
2026-08-20 15:58:09 | DEBUG    | fgvc.clustering.spherical_kmeans |   Init 1/5: inertia=3.984659
2026-08-20 15:58:09 | DEBUG    | fgvc.clustering.spherical_kmeans |   Init 2/5: inertia=3.465554
2026-08-20 15:58:09 | DEBUG    | fgvc.clustering.spherical_kmeans |   Init 3/5: inertia=3.356641
2026-08-20 15:58:09 | DEBUG    | fgvc.clustering.spherical_kmeans |   Init 4/5: inertia=3.378488
2026-08-20 15:58:09 | DEBUG    | fgvc.clustering.spherical_kmeans |   Init 5/5: inertia=3.588358
2026-08-20 15:58:09 | DEBUG    | fgvc.clustering.spherical_kmeans |   Init 1/5: inertia=3.592436
2026-08-20 15:58:09 | DEBUG    | fgvc.clustering.spherical_kmeans |   Init 2/5: inertia=3.028965
2026-08-20 15:58:09 | DEBUG    | fgvc.clustering.spherical_kmeans |   Init 3/5: inertia=3.174494
2026-08-20 15:58:09 | DEBUG    | fgvc.clustering.spherical_kmeans |   Init 4/5: inertia=3.434960
2026-08-20 15:58:09 | DEBUG    | fgvc.clustering.spherical_kmeans |   Init 5/5: inertia=3.168306
2026-08-20 15:58:09 | DEBUG    | fgvc.clustering.spherical_kmeans |   Init 1/5: inertia=2.878044
2026-08-20 15:58:09 | DEBUG    | fgvc.clustering.spherical_kmeans |   Init 2/5: inertia=2.621427
2026-08-20 15:58:09 | DEBUG    | fgvc.clustering.spherical_kmeans |   Init 3/5: inertia=2.888336
2026-08-20 15:58:09 | DEBUG    | fgvc.clustering.spherical_kmeans |   Init 4/5: inertia=2.748928
2026-08-20 15:58:09 | DEBUG    | fgvc.clustering.spherical_kmeans |   Init 5/5: inertia=3.355504
2026-08-20 15:58:09 | DEBUG    | fgvc.clustering.spherical_kmeans | K selection: best_k=2 | scores={2: {'silhouette': 0.5896, 'compactness': 0.8386, 'score': 0.5464}, 3: {'silhouette': 0.1995, 'compactness': 0.8657, 'score': 0.2928}, 4: {'silhouette': 0.0816, 'compactness': 0.8788, 'score': 0.1711}, 5: {'silhouette': 0.0914, 'compactness': 0.8951, 'score': 0.1143}}
2026-08-20 15:58:09 | DEBUG    | fgvc.clustering.spherical_kmeans |   Init 1/10: inertia=4.101017
2026-08-20 15:58:09 | DEBUG    | fgvc.clustering.spherical_kmeans |   Init 2/10: inertia=4.153301
2026-08-20 15:58:09 | DEBUG    | fgvc.clustering.spherical_kmeans |   Init 3/10: inertia=4.036100
2026-08-20 15:58:09 | DEBUG    | fgvc.clustering.spherical_kmeans |   Init 4/10: inertia=4.094001
2026-08-20 15:58:09 | DEBUG    | fgvc.clustering.spherical_kmeans |   Init 5/10: inertia=4.128395
2026-08-20 15:58:09 | DEBUG    | fgvc.clustering.spherical_kmeans |   Init 6/10: inertia=4.292654
2026-08-20 15:58:09 | DEBUG    | fgvc.clustering.spherical_kmeans |   Init 7/10: inertia=4.116759
2026-08-20 15:58:09 | DEBUG    | fgvc.clustering.spherical_kmeans |   Init 8/10: inertia=4.107357
2026-08-20 15:58:09 | DEBUG    | fgvc.clustering.spherical_kmeans |   Init 9/10: inertia=4.147655
2026-08-20 15:58:09 | DEBUG    | fgvc.clustering.spherical_kmeans |   Init 10/10: inertia=4.249071
2026-08-20 15:58:09 | INFO     | fgvc.clustering.spherical_kmeans |   [Elegant_Tern] k_selected=2 | k_effective=1 | min_cluster=25 | max_cluster=25
2026-08-20 15:58:09 | INFO     | fgvc.clustering.spherical_kmeans |   [European_Goldfinch] 25 images
2026-08-20 15:58:09 | DEBUG    | fgvc.clustering.spherical_kmeans |   Init 1/5: inertia=2.125958
2026-08-20 15:58:09 | DEBUG    | fgvc.clustering.spherical_kmeans |   Init 2/5: inertia=2.021976
2026-08-20 15:58:09 | DEBUG    | fgvc.clustering.spherical_kmeans |   Init 3/5: inertia=2.080864
2026-08-20 15:58:09 | DEBUG    | fgvc.clustering.spherical_kmeans |   Init 4/5: inertia=2.012803
2026-08-20 15:58:09 | DEBUG    | fgvc.clustering.spherical_kmeans |   Init 5/5: inertia=2.154522
2026-08-20 15:58:09 | DEBUG    | fgvc.clustering.spherical_kmeans |   Init 1/5: inertia=1.938918
2026-08-20 15:58:09 | DEBUG    | fgvc.clustering.spherical_kmeans |   Init 2/5: inertia=2.007820
2026-08-20 15:58:09 | DEBUG    | fgvc.clustering.spherical_kmeans |   Init 3/5: inertia=2.006733
2026-08-20 15:58:09 | DEBUG    | fgvc.clustering.spherical_kmeans |   Init 4/5: inertia=1.967367
2026-08-20 15:58:09 | DEBUG    | fgvc.clustering.spherical_kmeans |   Init 5/5: inertia=1.937830
2026-08-20 15:58:09 | DEBUG    | fgvc.clustering.spherical_kmeans |   Init 1/5: inertia=1.851077
2026-08-20 15:58:09 | DEBUG    | fgvc.clustering.spherical_kmeans |   Init 2/5: inertia=1.875982
2026-08-20 15:58:09 | DEBUG    | fgvc.clustering.spherical_kmeans |   Init 3/5: inertia=1.831998
2026-08-20 15:58:09 | DEBUG    | fgvc.clustering.spherical_kmeans |   Init 4/5: inertia=1.891587
2026-08-20 15:58:09 | DEBUG    | fgvc.clustering.spherical_kmeans |   Init 5/5: inertia=1.705128
2026-08-20 15:58:09 | DEBUG    | fgvc.clustering.spherical_kmeans |   Init 1/5: inertia=1.751068
2026-08-20 15:58:09 | DEBUG    | fgvc.clustering.spherical_kmeans |   Init 2/5: inertia=1.775422
2026-08-20 15:58:09 | DEBUG    | fgvc.clustering.spherical_kmeans |   Init 3/5: inertia=1.554363
2026-08-20 15:58:09 | DEBUG    | fgvc.clustering.spherical_kmeans |   Init 4/5: inertia=1.597366
2026-08-20 15:58:09 | DEBUG    | fgvc.clustering.spherical_kmeans |   Init 5/5: inertia=1.544251
2026-08-20 15:58:09 | DEBUG    | fgvc.clustering.spherical_kmeans | K selection: best_k=2 | scores={2: {'silhouette': 0.1716, 'compactness': 0.9195, 'score': 0.3616}, 3: {'silhouette': 0.032, 'compactness': 0.9225, 'score': 0.2261}, 4: {'silhouette': 0.0637, 'compactness': 0.9318, 'score': 0.1781}, 5: {'silhouette': 0.0858, 'compactness': 0.9382, 'score': 0.1244}}
2026-08-20 15:58:09 | DEBUG    | fgvc.clustering.spherical_kmeans |   Init 1/10: inertia=2.125958
2026-08-20 15:58:09 | DEBUG    | fgvc.clustering.spherical_kmeans |   Init 2/10: inertia=2.021976
2026-08-20 15:58:09 | DEBUG    | fgvc.clustering.spherical_kmeans |   Init 3/10: inertia=2.080864
2026-08-20 15:58:09 | DEBUG    | fgvc.clustering.spherical_kmeans |   Init 4/10: inertia=2.012803
2026-08-20 15:58:09 | DEBUG    | fgvc.clustering.spherical_kmeans |   Init 5/10: inertia=2.154522
2026-08-20 15:58:09 | DEBUG    | fgvc.clustering.spherical_kmeans |   Init 6/10: inertia=2.167592
2026-08-20 15:58:09 | DEBUG    | fgvc.clustering.spherical_kmeans |   Init 7/10: inertia=1.983737
2026-08-20 15:58:09 | DEBUG    | fgvc.clustering.spherical_kmeans |   Init 8/10: inertia=2.125958
2026-08-20 15:58:09 | DEBUG    | fgvc.clustering.spherical_kmeans |   Init 9/10: inertia=2.040108
2026-08-20 15:58:09 | DEBUG    | fgvc.clustering.spherical_kmeans |   Init 10/10: inertia=2.160724
2026-08-20 15:58:09 | INFO     | fgvc.clustering.spherical_kmeans |   [European_Goldfinch] k_selected=2 | k_effective=1 | min_cluster=25 | max_cluster=25
2026-08-20 15:58:09 | INFO     | fgvc.clustering.spherical_kmeans |   [Evening_Grosbeak] 25 images
2026-08-20 15:58:09 | DEBUG    | fgvc.clustering.spherical_kmeans |   Init 1/5: inertia=2.471105
2026-08-20 15:58:09 | DEBUG    | fgvc.clustering.spherical_kmeans |   Init 2/5: inertia=2.235122
2026-08-20 15:58:09 | DEBUG    | fgvc.clustering.spherical_kmeans |   Init 3/5: inertia=2.227864
2026-08-20 15:58:09 | DEBUG    | fgvc.clustering.spherical_kmeans |   Init 4/5: inertia=2.136179
2026-08-20 15:58:09 | DEBUG    | fgvc.clustering.spherical_kmeans |   Init 5/5: inertia=2.450726
2026-08-20 15:58:09 | DEBUG    | fgvc.clustering.spherical_kmeans |   Init 1/5: inertia=2.209016
2026-08-20 15:58:09 | DEBUG    | fgvc.clustering.spherical_kmeans |   Init 2/5: inertia=2.083026
2026-08-20 15:58:09 | DEBUG    | fgvc.clustering.spherical_kmeans |   Init 3/5: inertia=1.977521
2026-08-20 15:58:09 | DEBUG    | fgvc.clustering.spherical_kmeans |   Init 4/5: inertia=1.947708
2026-08-20 15:58:09 | DEBUG    | fgvc.clustering.spherical_kmeans |   Init 5/5: inertia=2.341685
2026-08-20 15:58:09 | DEBUG    | fgvc.clustering.spherical_kmeans |   Init 1/5: inertia=2.095750
2026-08-20 15:58:09 | DEBUG    | fgvc.clustering.spherical_kmeans |   Init 2/5: inertia=1.777085
2026-08-20 15:58:09 | DEBUG    | fgvc.clustering.spherical_kmeans |   Init 3/5: inertia=1.858047
2026-08-20 15:58:09 | DEBUG    | fgvc.clustering.spherical_kmeans |   Init 4/5: inertia=1.838010
2026-08-20 15:58:09 | DEBUG    | fgvc.clustering.spherical_kmeans |   Init 5/5: inertia=1.963249
2026-08-20 15:58:09 | DEBUG    | fgvc.clustering.spherical_kmeans |   Init 1/5: inertia=1.700720
2026-08-20 15:58:09 | DEBUG    | fgvc.clustering.spherical_kmeans |   Init 2/5: inertia=1.628885
2026-08-20 15:58:09 | DEBUG    | fgvc.clustering.spherical_kmeans |   Init 3/5: inertia=1.694960
2026-08-20 15:58:09 | DEBUG    | fgvc.clustering.spherical_kmeans |   Init 4/5: inertia=1.749865
2026-08-20 15:58:09 | DEBUG    | fgvc.clustering.spherical_kmeans |   Init 5/5: inertia=1.768804
2026-08-20 15:58:09 | DEBUG    | fgvc.clustering.spherical_kmeans | K selection: best_k=2 | scores={2: {'silhouette': 0.5453, 'compactness': 0.9146, 'score': 0.547}, 3: {'silhouette': 0.1688, 'compactness': 0.9221, 'score': 0.2944}, 4: {'silhouette': 0.0896, 'compactness': 0.9289, 'score': 0.1901}, 5: {'silhouette': 0.0898, 'compactness': 0.9348, 'score': 0.1253}}
2026-08-20 15:58:09 | DEBUG    | fgvc.clustering.spherical_kmeans |   Init 1/10: inertia=2.471105
2026-08-20 15:58:09 | DEBUG    | fgvc.clustering.spherical_kmeans |   Init 2/10: inertia=2.235122
2026-08-20 15:58:09 | DEBUG    | fgvc.clustering.spherical_kmeans |   Init 3/10: inertia=2.227864
2026-08-20 15:58:09 | DEBUG    | fgvc.clustering.spherical_kmeans |   Init 4/10: inertia=2.136179
2026-08-20 15:58:09 | DEBUG    | fgvc.clustering.spherical_kmeans |   Init 5/10: inertia=2.450726
2026-08-20 15:58:09 | DEBUG    | fgvc.clustering.spherical_kmeans |   Init 6/10: inertia=2.227864
2026-08-20 15:58:09 | DEBUG    | fgvc.clustering.spherical_kmeans |   Init 7/10: inertia=2.427490
2026-08-20 15:58:09 | DEBUG    | fgvc.clustering.spherical_kmeans |   Init 8/10: inertia=2.136179
2026-08-20 15:58:09 | DEBUG    | fgvc.clustering.spherical_kmeans |   Init 9/10: inertia=2.427352
2026-08-20 15:58:09 | DEBUG    | fgvc.clustering.spherical_kmeans |   Init 10/10: inertia=2.453961
2026-08-20 15:58:09 | INFO     | fgvc.clustering.spherical_kmeans |   [Evening_Grosbeak] k_selected=2 | k_effective=1 | min_cluster=25 | max_cluster=25
2026-08-20 15:58:09 | INFO     | fgvc.clustering.spherical_kmeans |   [Field_Sparrow] 25 images
2026-08-20 15:58:09 | DEBUG    | fgvc.clustering.spherical_kmeans |   Init 1/5: inertia=4.297980
2026-08-20 15:58:09 | DEBUG    | fgvc.clustering.spherical_kmeans |   Init 2/5: inertia=4.915535
2026-08-20 15:58:09 | DEBUG    | fgvc.clustering.spherical_kmeans |   Init 3/5: inertia=4.814537
2026-08-20 15:58:09 | DEBUG    | fgvc.clustering.spherical_kmeans |   Init 4/5: inertia=4.801778
2026-08-20 15:58:09 | DEBUG    | fgvc.clustering.spherical_kmeans |   Init 5/5: inertia=4.828743
2026-08-20 15:58:09 | DEBUG    | fgvc.clustering.spherical_kmeans |   Init 1/5: inertia=3.960001
2026-08-20 15:58:09 | DEBUG    | fgvc.clustering.spherical_kmeans |   Init 2/5: inertia=4.124449
2026-08-20 15:58:09 | DEBUG    | fgvc.clustering.spherical_kmeans |   Init 3/5: inertia=4.162679
2026-08-20 15:58:09 | DEBUG    | fgvc.clustering.spherical_kmeans |   Init 4/5: inertia=3.994216
2026-08-20 15:58:09 | DEBUG    | fgvc.clustering.spherical_kmeans |   Init 5/5: inertia=4.133869
2026-08-20 15:58:09 | DEBUG    | fgvc.clustering.spherical_kmeans |   Init 1/5: inertia=3.776609
2026-08-20 15:58:09 | DEBUG    | fgvc.clustering.spherical_kmeans |   Init 2/5: inertia=3.870474
2026-08-20 15:58:09 | DEBUG    | fgvc.clustering.spherical_kmeans |   Init 3/5: inertia=3.679846
2026-08-20 15:58:09 | DEBUG    | fgvc.clustering.spherical_kmeans |   Init 4/5: inertia=3.443785
2026-08-20 15:58:09 | DEBUG    | fgvc.clustering.spherical_kmeans |   Init 5/5: inertia=3.924348
2026-08-20 15:58:09 | DEBUG    | fgvc.clustering.spherical_kmeans |   Init 1/5: inertia=3.521271
2026-08-20 15:58:09 | DEBUG    | fgvc.clustering.spherical_kmeans |   Init 2/5: inertia=4.028312
2026-08-20 15:58:09 | DEBUG    | fgvc.clustering.spherical_kmeans |   Init 3/5: inertia=3.219623
2026-08-20 15:58:09 | DEBUG    | fgvc.clustering.spherical_kmeans |   Init 4/5: inertia=3.009612
2026-08-20 15:58:09 | DEBUG    | fgvc.clustering.spherical_kmeans |   Init 5/5: inertia=3.832476
2026-08-20 15:58:09 | DEBUG    | fgvc.clustering.spherical_kmeans | K selection: best_k=2 | scores={2: {'silhouette': 0.3622, 'compactness': 0.8281, 'score': 0.4295}, 3: {'silhouette': 0.0534, 'compactness': 0.8416, 'score': 0.2125}, 4: {'silhouette': 0.2002, 'compactness': 0.8622, 'score': 0.2254}, 5: {'silhouette': 0.2111, 'compactness': 0.8796, 'score': 0.1694}}
2026-08-20 15:58:09 | DEBUG    | fgvc.clustering.spherical_kmeans |   Init 1/10: inertia=4.297980
2026-08-20 15:58:09 | DEBUG    | fgvc.clustering.spherical_kmeans |   Init 2/10: inertia=4.915535
2026-08-20 15:58:09 | DEBUG    | fgvc.clustering.spherical_kmeans |   Init 3/10: inertia=4.814537
2026-08-20 15:58:09 | DEBUG    | fgvc.clustering.spherical_kmeans |   Init 4/10: inertia=4.801778
2026-08-20 15:58:09 | DEBUG    | fgvc.clustering.spherical_kmeans |   Init 5/10: inertia=4.828743
2026-08-20 15:58:09 | DEBUG    | fgvc.clustering.spherical_kmeans |   Init 6/10: inertia=4.862758
2026-08-20 15:58:09 | DEBUG    | fgvc.clustering.spherical_kmeans |   Init 7/10: inertia=4.444051
2026-08-20 15:58:09 | DEBUG    | fgvc.clustering.spherical_kmeans |   Init 8/10: inertia=4.297980
2026-08-20 15:58:09 | DEBUG    | fgvc.clustering.spherical_kmeans |   Init 9/10: inertia=5.048465
2026-08-20 15:58:09 | DEBUG    | fgvc.clustering.spherical_kmeans |   Init 10/10: inertia=4.297980
2026-08-20 15:58:09 | INFO     | fgvc.clustering.spherical_kmeans |   [Field_Sparrow] k_selected=2 | k_effective=2 | min_cluster=5 | max_cluster=20
2026-08-20 15:58:09 | INFO     | fgvc.clustering.spherical_kmeans |   [Fish_Crow] 25 images
2026-08-20 15:58:09 | DEBUG    | fgvc.clustering.spherical_kmeans |   Init 1/5: inertia=3.756588
2026-08-20 15:58:09 | DEBUG    | fgvc.clustering.spherical_kmeans |   Init 2/5: inertia=4.087619
2026-08-20 15:58:09 | DEBUG    | fgvc.clustering.spherical_kmeans |   Init 3/5: inertia=4.050308
2026-08-20 15:58:09 | DEBUG    | fgvc.clustering.spherical_kmeans |   Init 4/5: inertia=4.118368
2026-08-20 15:58:09 | DEBUG    | fgvc.clustering.spherical_kmeans |   Init 5/5: inertia=4.109994
2026-08-20 15:58:09 | DEBUG    | fgvc.clustering.spherical_kmeans |   Init 1/5: inertia=3.492238
2026-08-20 15:58:09 | DEBUG    | fgvc.clustering.spherical_kmeans |   Init 2/5: inertia=3.646973
2026-08-20 15:58:09 | DEBUG    | fgvc.clustering.spherical_kmeans |   Init 3/5: inertia=3.650626
2026-08-20 15:58:09 | DEBUG    | fgvc.clustering.spherical_kmeans |   Init 4/5: inertia=3.418234
2026-08-20 15:58:09 | DEBUG    | fgvc.clustering.spherical_kmeans |   Init 5/5: inertia=3.450588
2026-08-20 15:58:09 | DEBUG    | fgvc.clustering.spherical_kmeans |   Init 1/5: inertia=3.171543
2026-08-20 15:58:09 | DEBUG    | fgvc.clustering.spherical_kmeans |   Init 2/5: inertia=3.625550
2026-08-20 15:58:09 | DEBUG    | fgvc.clustering.spherical_kmeans |   Init 3/5: inertia=3.253948
2026-08-20 15:58:09 | DEBUG    | fgvc.clustering.spherical_kmeans |   Init 4/5: inertia=3.312060
2026-08-20 15:58:09 | DEBUG    | fgvc.clustering.spherical_kmeans |   Init 5/5: inertia=3.183603
2026-08-20 15:58:09 | DEBUG    | fgvc.clustering.spherical_kmeans |   Init 1/5: inertia=2.864916
2026-08-20 15:58:09 | DEBUG    | fgvc.clustering.spherical_kmeans |   Init 2/5: inertia=3.430547
2026-08-20 15:58:09 | DEBUG    | fgvc.clustering.spherical_kmeans |   Init 3/5: inertia=3.224823
2026-08-20 15:58:09 | DEBUG    | fgvc.clustering.spherical_kmeans |   Init 4/5: inertia=3.126710
2026-08-20 15:58:09 | DEBUG    | fgvc.clustering.spherical_kmeans |   Init 5/5: inertia=3.252522
2026-08-20 15:58:09 | DEBUG    | fgvc.clustering.spherical_kmeans | K selection: best_k=2 | scores={2: {'silhouette': 0.2372, 'compactness': 0.8497, 'score': 0.3735}, 3: {'silhouette': 0.1286, 'compactness': 0.8633, 'score': 0.2566}, 4: {'silhouette': 0.135, 'compactness': 0.8731, 'score': 0.1961}, 5: {'silhouette': 0.1389, 'compactness': 0.8854, 'score': 0.1351}}
2026-08-20 15:58:09 | DEBUG    | fgvc.clustering.spherical_kmeans |   Init 1/10: inertia=3.756588
2026-08-20 15:58:09 | DEBUG    | fgvc.clustering.spherical_kmeans |   Init 2/10: inertia=4.087619
2026-08-20 15:58:09 | DEBUG    | fgvc.clustering.spherical_kmeans |   Init 3/10: inertia=4.050308
2026-08-20 15:58:09 | DEBUG    | fgvc.clustering.spherical_kmeans |   Init 4/10: inertia=4.118368
2026-08-20 15:58:09 | DEBUG    | fgvc.clustering.spherical_kmeans |   Init 5/10: inertia=4.109994
2026-08-20 15:58:09 | DEBUG    | fgvc.clustering.spherical_kmeans |   Init 6/10: inertia=3.983168
2026-08-20 15:58:09 | DEBUG    | fgvc.clustering.spherical_kmeans |   Init 7/10: inertia=3.802607
2026-08-20 15:58:09 | DEBUG    | fgvc.clustering.spherical_kmeans |   Init 8/10: inertia=3.892809
2026-08-20 15:58:09 | DEBUG    | fgvc.clustering.spherical_kmeans |   Init 9/10: inertia=4.087619
2026-08-20 15:58:09 | DEBUG    | fgvc.clustering.spherical_kmeans |   Init 10/10: inertia=3.839266
2026-08-20 15:58:09 | INFO     | fgvc.clustering.spherical_kmeans |   [Fish_Crow] k_selected=2 | k_effective=2 | min_cluster=5 | max_cluster=20
2026-08-20 15:58:09 | INFO     | fgvc.clustering.spherical_kmeans |   [Florida_Jay] 25 images
2026-08-20 15:58:09 | DEBUG    | fgvc.clustering.spherical_kmeans |   Init 1/5: inertia=3.560276
2026-08-20 15:58:09 | DEBUG    | fgvc.clustering.spherical_kmeans |   Init 2/5: inertia=3.588255
2026-08-20 15:58:09 | DEBUG    | fgvc.clustering.spherical_kmeans |   Init 3/5: inertia=3.499475
2026-08-20 15:58:09 | DEBUG    | fgvc.clustering.spherical_kmeans |   Init 4/5: inertia=3.571054
2026-08-20 15:58:09 | DEBUG    | fgvc.clustering.spherical_kmeans |   Init 5/5: inertia=3.493840
2026-08-20 15:58:09 | DEBUG    | fgvc.clustering.spherical_kmeans |   Init 1/5: inertia=3.294137
2026-08-20 15:58:09 | DEBUG    | fgvc.clustering.spherical_kmeans |   Init 2/5: inertia=3.230628
2026-08-20 15:58:09 | DEBUG    | fgvc.clustering.spherical_kmeans |   Init 3/5: inertia=3.259542
2026-08-20 15:58:09 | DEBUG    | fgvc.clustering.spherical_kmeans |   Init 4/5: inertia=3.211096
2026-08-20 15:58:09 | DEBUG    | fgvc.clustering.spherical_kmeans |   Init 5/5: inertia=3.199035
2026-08-20 15:58:09 | DEBUG    | fgvc.clustering.spherical_kmeans |   Init 1/5: inertia=2.973314
2026-08-20 15:58:09 | DEBUG    | fgvc.clustering.spherical_kmeans |   Init 2/5: inertia=2.959872
2026-08-20 15:58:09 | DEBUG    | fgvc.clustering.spherical_kmeans |   Init 3/5: inertia=2.913919
2026-08-20 15:58:09 | DEBUG    | fgvc.clustering.spherical_kmeans |   Init 4/5: inertia=3.058625
2026-08-20 15:58:09 | DEBUG    | fgvc.clustering.spherical_kmeans |   Init 5/5: inertia=2.997415
2026-08-20 15:58:09 | DEBUG    | fgvc.clustering.spherical_kmeans |   Init 1/5: inertia=2.743387
2026-08-20 15:58:09 | DEBUG    | fgvc.clustering.spherical_kmeans |   Init 2/5: inertia=2.887745
2026-08-20 15:58:09 | DEBUG    | fgvc.clustering.spherical_kmeans |   Init 3/5: inertia=2.888628
2026-08-20 15:58:09 | DEBUG    | fgvc.clustering.spherical_kmeans |   Init 4/5: inertia=2.949027
2026-08-20 15:58:09 | DEBUG    | fgvc.clustering.spherical_kmeans |   Init 5/5: inertia=2.786161
2026-08-20 15:58:09 | DEBUG    | fgvc.clustering.spherical_kmeans | K selection: best_k=2 | scores={2: {'silhouette': 0.2342, 'compactness': 0.8602, 'score': 0.3752}, 3: {'silhouette': 0.161, 'compactness': 0.872, 'score': 0.2754}, 4: {'silhouette': 0.0918, 'compactness': 0.8834, 'score': 0.1776}, 5: {'silhouette': 0.084, 'compactness': 0.8903, 'score': 0.1091}}
2026-08-20 15:58:09 | DEBUG    | fgvc.clustering.spherical_kmeans |   Init 1/10: inertia=3.560276
2026-08-20 15:58:09 | DEBUG    | fgvc.clustering.spherical_kmeans |   Init 2/10: inertia=3.588255
2026-08-20 15:58:09 | DEBUG    | fgvc.clustering.spherical_kmeans |   Init 3/10: inertia=3.499475
2026-08-20 15:58:09 | DEBUG    | fgvc.clustering.spherical_kmeans |   Init 4/10: inertia=3.571054
2026-08-20 15:58:09 | DEBUG    | fgvc.clustering.spherical_kmeans |   Init 5/10: inertia=3.493840
2026-08-20 15:58:09 | DEBUG    | fgvc.clustering.spherical_kmeans |   Init 6/10: inertia=3.496145
2026-08-20 15:58:09 | DEBUG    | fgvc.clustering.spherical_kmeans |   Init 7/10: inertia=3.503488
2026-08-20 15:58:09 | DEBUG    | fgvc.clustering.spherical_kmeans |   Init 8/10: inertia=3.560276
2026-08-20 15:58:09 | DEBUG    | fgvc.clustering.spherical_kmeans |   Init 9/10: inertia=3.484321
2026-08-20 15:58:09 | DEBUG    | fgvc.clustering.spherical_kmeans |   Init 10/10: inertia=3.534122
2026-08-20 15:58:09 | INFO     | fgvc.clustering.spherical_kmeans |   [Florida_Jay] k_selected=2 | k_effective=2 | min_cluster=10 | max_cluster=15
2026-08-20 15:58:09 | INFO     | fgvc.clustering.spherical_kmeans |   [Forsters_Tern] 25 images
2026-08-20 15:58:09 | DEBUG    | fgvc.clustering.spherical_kmeans |   Init 1/5: inertia=3.425493
2026-08-20 15:58:09 | DEBUG    | fgvc.clustering.spherical_kmeans |   Init 2/5: inertia=3.017405
2026-08-20 15:58:09 | DEBUG    | fgvc.clustering.spherical_kmeans |   Init 3/5: inertia=3.138972
2026-08-20 15:58:09 | DEBUG    | fgvc.clustering.spherical_kmeans |   Init 4/5: inertia=3.229496
2026-08-20 15:58:09 | DEBUG    | fgvc.clustering.spherical_kmeans |   Init 5/5: inertia=3.017405
2026-08-20 15:58:09 | DEBUG    | fgvc.clustering.spherical_kmeans |   Init 1/5: inertia=2.836081
2026-08-20 15:58:09 | DEBUG    | fgvc.clustering.spherical_kmeans |   Init 2/5: inertia=2.654519
2026-08-20 15:58:09 | DEBUG    | fgvc.clustering.spherical_kmeans |   Init 3/5: inertia=2.707935
2026-08-20 15:58:09 | DEBUG    | fgvc.clustering.spherical_kmeans |   Init 4/5: inertia=3.054169
2026-08-20 15:58:09 | DEBUG    | fgvc.clustering.spherical_kmeans |   Init 5/5: inertia=2.970289
2026-08-20 15:58:09 | DEBUG    | fgvc.clustering.spherical_kmeans |   Init 1/5: inertia=2.464014
2026-08-20 15:58:09 | DEBUG    | fgvc.clustering.spherical_kmeans |   Init 2/5: inertia=2.386287
2026-08-20 15:58:09 | DEBUG    | fgvc.clustering.spherical_kmeans |   Init 3/5: inertia=2.427001
2026-08-20 15:58:09 | DEBUG    | fgvc.clustering.spherical_kmeans |   Init 4/5: inertia=2.853288
2026-08-20 15:58:09 | DEBUG    | fgvc.clustering.spherical_kmeans |   Init 5/5: inertia=2.504481
2026-08-20 15:58:09 | DEBUG    | fgvc.clustering.spherical_kmeans |   Init 1/5: inertia=2.342176
2026-08-20 15:58:09 | DEBUG    | fgvc.clustering.spherical_kmeans |   Init 2/5: inertia=2.207597
2026-08-20 15:58:09 | DEBUG    | fgvc.clustering.spherical_kmeans |   Init 3/5: inertia=2.149706
2026-08-20 15:58:09 | DEBUG    | fgvc.clustering.spherical_kmeans |   Init 4/5: inertia=2.327510
2026-08-20 15:58:09 | DEBUG    | fgvc.clustering.spherical_kmeans |   Init 5/5: inertia=2.261831
2026-08-20 15:58:09 | DEBUG    | fgvc.clustering.spherical_kmeans | K selection: best_k=2 | scores={2: {'silhouette': 0.3247, 'compactness': 0.8793, 'score': 0.4261}, 3: {'silhouette': 0.1546, 'compactness': 0.8938, 'score': 0.2788}, 4: {'silhouette': 0.1474, 'compactness': 0.9045, 'score': 0.2117}, 5: {'silhouette': 0.1421, 'compactness': 0.914, 'score': 0.1452}}
2026-08-20 15:58:09 | DEBUG    | fgvc.clustering.spherical_kmeans |   Init 1/10: inertia=3.425493
2026-08-20 15:58:09 | DEBUG    | fgvc.clustering.spherical_kmeans |   Init 2/10: inertia=3.017405
2026-08-20 15:58:09 | DEBUG    | fgvc.clustering.spherical_kmeans |   Init 3/10: inertia=3.138972
2026-08-20 15:58:09 | DEBUG    | fgvc.clustering.spherical_kmeans |   Init 4/10: inertia=3.229496
2026-08-20 15:58:09 | DEBUG    | fgvc.clustering.spherical_kmeans |   Init 5/10: inertia=3.017405
2026-08-20 15:58:09 | DEBUG    | fgvc.clustering.spherical_kmeans |   Init 6/10: inertia=3.138790
2026-08-20 15:58:09 | DEBUG    | fgvc.clustering.spherical_kmeans |   Init 7/10: inertia=2.990530
2026-08-20 15:58:09 | DEBUG    | fgvc.clustering.spherical_kmeans |   Init 8/10: inertia=3.146861
2026-08-20 15:58:09 | DEBUG    | fgvc.clustering.spherical_kmeans |   Init 9/10: inertia=3.017405
2026-08-20 15:58:09 | DEBUG    | fgvc.clustering.spherical_kmeans |   Init 10/10: inertia=3.146861
2026-08-20 15:58:09 | INFO     | fgvc.clustering.spherical_kmeans |   [Forsters_Tern] k_selected=2 | k_effective=2 | min_cluster=5 | max_cluster=20
2026-08-20 15:58:09 | INFO     | fgvc.clustering.spherical_kmeans |   [Fox_Sparrow] 25 images
2026-08-20 15:58:09 | DEBUG    | fgvc.clustering.spherical_kmeans |   Init 1/5: inertia=3.189001
2026-08-20 15:58:09 | DEBUG    | fgvc.clustering.spherical_kmeans |   Init 2/5: inertia=3.725996
2026-08-20 15:58:09 | DEBUG    | fgvc.clustering.spherical_kmeans |   Init 3/5: inertia=3.178217
2026-08-20 15:58:09 | DEBUG    | fgvc.clustering.spherical_kmeans |   Init 4/5: inertia=3.178217
2026-08-20 15:58:09 | DEBUG    | fgvc.clustering.spherical_kmeans |   Init 5/5: inertia=3.178217
2026-08-20 15:58:09 | DEBUG    | fgvc.clustering.spherical_kmeans |   Init 1/5: inertia=2.891860
2026-08-20 15:58:09 | DEBUG    | fgvc.clustering.spherical_kmeans |   Init 2/5: inertia=2.897089
2026-08-20 15:58:09 | DEBUG    | fgvc.clustering.spherical_kmeans |   Init 3/5: inertia=3.015832
2026-08-20 15:58:09 | DEBUG    | fgvc.clustering.spherical_kmeans |   Init 4/5: inertia=2.649391
2026-08-20 15:58:09 | DEBUG    | fgvc.clustering.spherical_kmeans |   Init 5/5: inertia=2.911515
2026-08-20 15:58:09 | DEBUG    | fgvc.clustering.spherical_kmeans |   Init 1/5: inertia=2.694386
2026-08-20 15:58:09 | DEBUG    | fgvc.clustering.spherical_kmeans |   Init 2/5: inertia=2.709364
2026-08-20 15:58:09 | DEBUG    | fgvc.clustering.spherical_kmeans |   Init 3/5: inertia=2.763552
2026-08-20 15:58:09 | DEBUG    | fgvc.clustering.spherical_kmeans |   Init 4/5: inertia=2.720280
2026-08-20 15:58:09 | DEBUG    | fgvc.clustering.spherical_kmeans |   Init 5/5: inertia=2.527711
2026-08-20 15:58:09 | DEBUG    | fgvc.clustering.spherical_kmeans |   Init 1/5: inertia=2.233249
2026-08-20 15:58:09 | DEBUG    | fgvc.clustering.spherical_kmeans |   Init 2/5: inertia=2.619875
2026-08-20 15:58:09 | DEBUG    | fgvc.clustering.spherical_kmeans |   Init 3/5: inertia=2.672686
2026-08-20 15:58:09 | DEBUG    | fgvc.clustering.spherical_kmeans |   Init 4/5: inertia=2.249691
2026-08-20 15:58:09 | DEBUG    | fgvc.clustering.spherical_kmeans |   Init 5/5: inertia=2.685955
2026-08-20 15:58:09 | DEBUG    | fgvc.clustering.spherical_kmeans | K selection: best_k=2 | scores={2: {'silhouette': 0.291, 'compactness': 0.8729, 'score': 0.4074}, 3: {'silhouette': 0.3203, 'compactness': 0.894, 'score': 0.3617}, 4: {'silhouette': 0.182, 'compactness': 0.8989, 'score': 0.2273}, 5: {'silhouette': 0.1404, 'compactness': 0.9107, 'score': 0.1434}}
2026-08-20 15:58:09 | DEBUG    | fgvc.clustering.spherical_kmeans |   Init 1/10: inertia=3.189001
2026-08-20 15:58:09 | DEBUG    | fgvc.clustering.spherical_kmeans |   Init 2/10: inertia=3.725996
2026-08-20 15:58:09 | DEBUG    | fgvc.clustering.spherical_kmeans |   Init 3/10: inertia=3.178217
2026-08-20 15:58:09 | DEBUG    | fgvc.clustering.spherical_kmeans |   Init 4/10: inertia=3.178217
2026-08-20 15:58:09 | DEBUG    | fgvc.clustering.spherical_kmeans |   Init 5/10: inertia=3.178217
2026-08-20 15:58:09 | DEBUG    | fgvc.clustering.spherical_kmeans |   Init 6/10: inertia=3.178217
2026-08-20 15:58:09 | DEBUG    | fgvc.clustering.spherical_kmeans |   Init 7/10: inertia=3.178217
2026-08-20 15:58:10 | DEBUG    | fgvc.clustering.spherical_kmeans |   Init 8/10: inertia=3.178217
2026-08-20 15:58:10 | DEBUG    | fgvc.clustering.spherical_kmeans |   Init 9/10: inertia=3.178217
2026-08-20 15:58:10 | DEBUG    | fgvc.clustering.spherical_kmeans |   Init 10/10: inertia=3.178217
2026-08-20 15:58:10 | INFO     | fgvc.clustering.spherical_kmeans |   [Fox_Sparrow] k_selected=2 | k_effective=2 | min_cluster=10 | max_cluster=15
2026-08-20 15:58:10 | INFO     | fgvc.clustering.spherical_kmeans |   [Frigatebird] 25 images
2026-08-20 15:58:10 | DEBUG    | fgvc.clustering.spherical_kmeans |   Init 1/5: inertia=4.816514
2026-08-20 15:58:10 | DEBUG    | fgvc.clustering.spherical_kmeans |   Init 2/5: inertia=4.892555
2026-08-20 15:58:10 | DEBUG    | fgvc.clustering.spherical_kmeans |   Init 3/5: inertia=4.816514
2026-08-20 15:58:10 | DEBUG    | fgvc.clustering.spherical_kmeans |   Init 4/5: inertia=4.884464
2026-08-20 15:58:10 | DEBUG    | fgvc.clustering.spherical_kmeans |   Init 5/5: inertia=4.817275
2026-08-20 15:58:10 | DEBUG    | fgvc.clustering.spherical_kmeans |   Init 1/5: inertia=4.251268
2026-08-20 15:58:10 | DEBUG    | fgvc.clustering.spherical_kmeans |   Init 2/5: inertia=4.328609
2026-08-20 15:58:10 | DEBUG    | fgvc.clustering.spherical_kmeans |   Init 3/5: inertia=4.169677
2026-08-20 15:58:10 | DEBUG    | fgvc.clustering.spherical_kmeans |   Init 4/5: inertia=4.519742
2026-08-20 15:58:10 | DEBUG    | fgvc.clustering.spherical_kmeans |   Init 5/5: inertia=4.135324
2026-08-20 15:58:10 | DEBUG    | fgvc.clustering.spherical_kmeans |   Init 1/5: inertia=3.904631
2026-08-20 15:58:10 | DEBUG    | fgvc.clustering.spherical_kmeans |   Init 2/5: inertia=3.940489
2026-08-20 15:58:10 | DEBUG    | fgvc.clustering.spherical_kmeans |   Init 3/5: inertia=3.826458
2026-08-20 15:58:10 | DEBUG    | fgvc.clustering.spherical_kmeans |   Init 4/5: inertia=4.145196
2026-08-20 15:58:10 | DEBUG    | fgvc.clustering.spherical_kmeans |   Init 5/5: inertia=4.077750
2026-08-20 15:58:10 | DEBUG    | fgvc.clustering.spherical_kmeans |   Init 1/5: inertia=3.511963
2026-08-20 15:58:10 | DEBUG    | fgvc.clustering.spherical_kmeans |   Init 2/5: inertia=3.572991
2026-08-20 15:58:10 | DEBUG    | fgvc.clustering.spherical_kmeans |   Init 3/5: inertia=3.534668
2026-08-20 15:58:10 | DEBUG    | fgvc.clustering.spherical_kmeans |   Init 4/5: inertia=3.623179
2026-08-20 15:58:10 | DEBUG    | fgvc.clustering.spherical_kmeans |   Init 5/5: inertia=3.637264
2026-08-20 15:58:10 | DEBUG    | fgvc.clustering.spherical_kmeans | K selection: best_k=2 | scores={2: {'silhouette': 0.301, 'compactness': 0.8073, 'score': 0.3927}, 3: {'silhouette': 0.258, 'compactness': 0.8346, 'score': 0.3127}, 4: {'silhouette': 0.2385, 'compactness': 0.8469, 'score': 0.24}, 5: {'silhouette': 0.1752, 'compactness': 0.8595, 'score': 0.1455}}
2026-08-20 15:58:10 | DEBUG    | fgvc.clustering.spherical_kmeans |   Init 1/10: inertia=4.816514
2026-08-20 15:58:10 | DEBUG    | fgvc.clustering.spherical_kmeans |   Init 2/10: inertia=4.892555
2026-08-20 15:58:10 | DEBUG    | fgvc.clustering.spherical_kmeans |   Init 3/10: inertia=4.816514
2026-08-20 15:58:10 | DEBUG    | fgvc.clustering.spherical_kmeans |   Init 4/10: inertia=4.884464
2026-08-20 15:58:10 | DEBUG    | fgvc.clustering.spherical_kmeans |   Init 5/10: inertia=4.817275
2026-08-20 15:58:10 | DEBUG    | fgvc.clustering.spherical_kmeans |   Init 6/10: inertia=4.834505
2026-08-20 15:58:10 | DEBUG    | fgvc.clustering.spherical_kmeans |   Init 7/10: inertia=4.793174
2026-08-20 15:58:10 | DEBUG    | fgvc.clustering.spherical_kmeans |   Init 8/10: inertia=4.793174
2026-08-20 15:58:10 | DEBUG    | fgvc.clustering.spherical_kmeans |   Init 9/10: inertia=4.792986
2026-08-20 15:58:10 | DEBUG    | fgvc.clustering.spherical_kmeans |   Init 10/10: inertia=4.816514
2026-08-20 15:58:10 | INFO     | fgvc.clustering.spherical_kmeans |   [Frigatebird] k_selected=2 | k_effective=2 | min_cluster=10 | max_cluster=15
2026-08-20 15:58:10 | INFO     | fgvc.clustering.spherical_kmeans |   [Gadwall] 25 images
2026-08-20 15:58:10 | DEBUG    | fgvc.clustering.spherical_kmeans |   Init 1/5: inertia=3.109761
2026-08-20 15:58:10 | DEBUG    | fgvc.clustering.spherical_kmeans |   Init 2/5: inertia=2.936325
2026-08-20 15:58:10 | DEBUG    | fgvc.clustering.spherical_kmeans |   Init 3/5: inertia=2.928681
2026-08-20 15:58:10 | DEBUG    | fgvc.clustering.spherical_kmeans |   Init 4/5: inertia=3.040294
2026-08-20 15:58:10 | DEBUG    | fgvc.clustering.spherical_kmeans |   Init 5/5: inertia=3.314878
2026-08-20 15:58:10 | DEBUG    | fgvc.clustering.spherical_kmeans |   Init 1/5: inertia=2.687437
2026-08-20 15:58:10 | DEBUG    | fgvc.clustering.spherical_kmeans |   Init 2/5: inertia=2.625066
2026-08-20 15:58:10 | DEBUG    | fgvc.clustering.spherical_kmeans |   Init 3/5: inertia=2.700076
2026-08-20 15:58:10 | DEBUG    | fgvc.clustering.spherical_kmeans |   Init 4/5: inertia=2.640022
2026-08-20 15:58:10 | DEBUG    | fgvc.clustering.spherical_kmeans |   Init 5/5: inertia=2.811793
2026-08-20 15:58:10 | DEBUG    | fgvc.clustering.spherical_kmeans |   Init 1/5: inertia=2.189886
2026-08-20 15:58:10 | DEBUG    | fgvc.clustering.spherical_kmeans |   Init 2/5: inertia=2.248736
2026-08-20 15:58:10 | DEBUG    | fgvc.clustering.spherical_kmeans |   Init 3/5: inertia=2.224563
2026-08-20 15:58:10 | DEBUG    | fgvc.clustering.spherical_kmeans |   Init 4/5: inertia=2.671162
2026-08-20 15:58:10 | DEBUG    | fgvc.clustering.spherical_kmeans |   Init 5/5: inertia=2.476092
2026-08-20 15:58:10 | DEBUG    | fgvc.clustering.spherical_kmeans |   Init 1/5: inertia=2.050397
2026-08-20 15:58:10 | DEBUG    | fgvc.clustering.spherical_kmeans |   Init 2/5: inertia=2.270703
2026-08-20 15:58:10 | DEBUG    | fgvc.clustering.spherical_kmeans |   Init 3/5: inertia=2.418797
2026-08-20 15:58:10 | DEBUG    | fgvc.clustering.spherical_kmeans |   Init 4/5: inertia=2.196433
2026-08-20 15:58:10 | DEBUG    | fgvc.clustering.spherical_kmeans |   Init 5/5: inertia=2.166980
2026-08-20 15:58:10 | DEBUG    | fgvc.clustering.spherical_kmeans | K selection: best_k=2 | scores={2: {'silhouette': 0.2742, 'compactness': 0.8829, 'score': 0.402}, 3: {'silhouette': 0.3394, 'compactness': 0.895, 'score': 0.3715}, 4: {'silhouette': 0.3517, 'compactness': 0.9124, 'score': 0.3163}, 5: {'silhouette': 0.3194, 'compactness': 0.918, 'score': 0.2351}}
2026-08-20 15:58:10 | DEBUG    | fgvc.clustering.spherical_kmeans |   Init 1/10: inertia=3.109761
2026-08-20 15:58:10 | DEBUG    | fgvc.clustering.spherical_kmeans |   Init 2/10: inertia=2.936325
2026-08-20 15:58:10 | DEBUG    | fgvc.clustering.spherical_kmeans |   Init 3/10: inertia=2.928681
2026-08-20 15:58:10 | DEBUG    | fgvc.clustering.spherical_kmeans |   Init 4/10: inertia=3.040294
2026-08-20 15:58:10 | DEBUG    | fgvc.clustering.spherical_kmeans |   Init 5/10: inertia=3.314878
2026-08-20 15:58:10 | DEBUG    | fgvc.clustering.spherical_kmeans |   Init 6/10: inertia=3.109761
2026-08-20 15:58:10 | DEBUG    | fgvc.clustering.spherical_kmeans |   Init 7/10: inertia=3.006259
2026-08-20 15:58:10 | DEBUG    | fgvc.clustering.spherical_kmeans |   Init 8/10: inertia=3.050827
2026-08-20 15:58:10 | DEBUG    | fgvc.clustering.spherical_kmeans |   Init 9/10: inertia=2.936325
2026-08-20 15:58:10 | DEBUG    | fgvc.clustering.spherical_kmeans |   Init 10/10: inertia=2.973618
2026-08-20 15:58:10 | INFO     | fgvc.clustering.spherical_kmeans |   [Gadwall] k_selected=2 | k_effective=2 | min_cluster=8 | max_cluster=17
2026-08-20 15:58:10 | INFO     | fgvc.clustering.spherical_kmeans |   [Geococcyx] 25 images
2026-08-20 15:58:10 | DEBUG    | fgvc.clustering.spherical_kmeans |   Init 1/5: inertia=3.595288
2026-08-20 15:58:10 | DEBUG    | fgvc.clustering.spherical_kmeans |   Init 2/5: inertia=3.526185
2026-08-20 15:58:10 | DEBUG    | fgvc.clustering.spherical_kmeans |   Init 3/5: inertia=3.518408
2026-08-20 15:58:10 | DEBUG    | fgvc.clustering.spherical_kmeans |   Init 4/5: inertia=3.595243
2026-08-20 15:58:10 | DEBUG    | fgvc.clustering.spherical_kmeans |   Init 5/5: inertia=3.485059
2026-08-20 15:58:10 | DEBUG    | fgvc.clustering.spherical_kmeans |   Init 1/5: inertia=3.320670
2026-08-20 15:58:10 | DEBUG    | fgvc.clustering.spherical_kmeans |   Init 2/5: inertia=3.254757
2026-08-20 15:58:10 | DEBUG    | fgvc.clustering.spherical_kmeans |   Init 3/5: inertia=3.233789
2026-08-20 15:58:10 | DEBUG    | fgvc.clustering.spherical_kmeans |   Init 4/5: inertia=3.393607
2026-08-20 15:58:10 | DEBUG    | fgvc.clustering.spherical_kmeans |   Init 5/5: inertia=3.346721
2026-08-20 15:58:10 | DEBUG    | fgvc.clustering.spherical_kmeans |   Init 1/5: inertia=3.093278
2026-08-20 15:58:10 | DEBUG    | fgvc.clustering.spherical_kmeans |   Init 2/5: inertia=3.049567
2026-08-20 15:58:10 | DEBUG    | fgvc.clustering.spherical_kmeans |   Init 3/5: inertia=3.079481
2026-08-20 15:58:10 | DEBUG    | fgvc.clustering.spherical_kmeans |   Init 4/5: inertia=3.013031
2026-08-20 15:58:10 | DEBUG    | fgvc.clustering.spherical_kmeans |   Init 5/5: inertia=3.016439
2026-08-20 15:58:10 | DEBUG    | fgvc.clustering.spherical_kmeans |   Init 1/5: inertia=2.745042
2026-08-20 15:58:10 | DEBUG    | fgvc.clustering.spherical_kmeans |   Init 2/5: inertia=2.850831
2026-08-20 15:58:10 | DEBUG    | fgvc.clustering.spherical_kmeans |   Init 3/5: inertia=2.746542
2026-08-20 15:58:10 | DEBUG    | fgvc.clustering.spherical_kmeans |   Init 4/5: inertia=2.839869
2026-08-20 15:58:10 | DEBUG    | fgvc.clustering.spherical_kmeans |   Init 5/5: inertia=2.860554
2026-08-20 15:58:10 | DEBUG    | fgvc.clustering.spherical_kmeans | K selection: best_k=2 | scores={2: {'silhouette': 0.1301, 'compactness': 0.8606, 'score': 0.3232}, 3: {'silhouette': 0.0754, 'compactness': 0.8706, 'score': 0.2322}, 4: {'silhouette': 0.0124, 'compactness': 0.8795, 'score': 0.1367}, 5: {'silhouette': 0.0716, 'compactness': 0.8902, 'score': 0.1029}}
2026-08-20 15:58:10 | DEBUG    | fgvc.clustering.spherical_kmeans |   Init 1/10: inertia=3.595288
2026-08-20 15:58:10 | DEBUG    | fgvc.clustering.spherical_kmeans |   Init 2/10: inertia=3.526185
2026-08-20 15:58:10 | DEBUG    | fgvc.clustering.spherical_kmeans |   Init 3/10: inertia=3.518408
2026-08-20 15:58:10 | DEBUG    | fgvc.clustering.spherical_kmeans |   Init 4/10: inertia=3.595243
2026-08-20 15:58:10 | DEBUG    | fgvc.clustering.spherical_kmeans |   Init 5/10: inertia=3.485059
2026-08-20 15:58:10 | DEBUG    | fgvc.clustering.spherical_kmeans |   Init 6/10: inertia=3.558585
2026-08-20 15:58:10 | DEBUG    | fgvc.clustering.spherical_kmeans |   Init 7/10: inertia=3.554623
2026-08-20 15:58:10 | DEBUG    | fgvc.clustering.spherical_kmeans |   Init 8/10: inertia=3.538619
2026-08-20 15:58:10 | DEBUG    | fgvc.clustering.spherical_kmeans |   Init 9/10: inertia=3.566271
2026-08-20 15:58:10 | DEBUG    | fgvc.clustering.spherical_kmeans |   Init 10/10: inertia=3.527495
2026-08-20 15:58:10 | INFO     | fgvc.clustering.spherical_kmeans |   [Geococcyx] k_selected=2 | k_effective=2 | min_cluster=6 | max_cluster=19
2026-08-20 15:58:10 | INFO     | fgvc.clustering.spherical_kmeans |   [Glaucous_winged_Gull] 25 images
2026-08-20 15:58:10 | DEBUG    | fgvc.clustering.spherical_kmeans |   Init 1/5: inertia=4.373099
2026-08-20 15:58:10 | DEBUG    | fgvc.clustering.spherical_kmeans |   Init 2/5: inertia=3.967638
2026-08-20 15:58:10 | DEBUG    | fgvc.clustering.spherical_kmeans |   Init 3/5: inertia=4.133589
2026-08-20 15:58:10 | DEBUG    | fgvc.clustering.spherical_kmeans |   Init 4/5: inertia=4.300670
2026-08-20 15:58:10 | DEBUG    | fgvc.clustering.spherical_kmeans |   Init 5/5: inertia=3.947416
2026-08-20 15:58:10 | DEBUG    | fgvc.clustering.spherical_kmeans |   Init 1/5: inertia=3.937505
2026-08-20 15:58:10 | DEBUG    | fgvc.clustering.spherical_kmeans |   Init 2/5: inertia=3.781955
2026-08-20 15:58:10 | DEBUG    | fgvc.clustering.spherical_kmeans |   Init 3/5: inertia=3.700648
2026-08-20 15:58:10 | DEBUG    | fgvc.clustering.spherical_kmeans |   Init 4/5: inertia=3.901544
2026-08-20 15:58:10 | DEBUG    | fgvc.clustering.spherical_kmeans |   Init 5/5: inertia=3.861938
2026-08-20 15:58:10 | DEBUG    | fgvc.clustering.spherical_kmeans |   Init 1/5: inertia=3.337311
2026-08-20 15:58:10 | DEBUG    | fgvc.clustering.spherical_kmeans |   Init 2/5: inertia=3.450311
2026-08-20 15:58:10 | DEBUG    | fgvc.clustering.spherical_kmeans |   Init 3/5: inertia=3.442279
2026-08-20 15:58:10 | DEBUG    | fgvc.clustering.spherical_kmeans |   Init 4/5: inertia=3.505187
2026-08-20 15:58:10 | DEBUG    | fgvc.clustering.spherical_kmeans |   Init 5/5: inertia=3.301880
2026-08-20 15:58:10 | DEBUG    | fgvc.clustering.spherical_kmeans |   Init 1/5: inertia=3.101443
2026-08-20 15:58:10 | DEBUG    | fgvc.clustering.spherical_kmeans |   Init 2/5: inertia=3.191349
2026-08-20 15:58:10 | DEBUG    | fgvc.clustering.spherical_kmeans |   Init 3/5: inertia=3.089611
2026-08-20 15:58:10 | DEBUG    | fgvc.clustering.spherical_kmeans |   Init 4/5: inertia=3.175159
2026-08-20 15:58:10 | DEBUG    | fgvc.clustering.spherical_kmeans |   Init 5/5: inertia=3.408776
2026-08-20 15:58:10 | DEBUG    | fgvc.clustering.spherical_kmeans | K selection: best_k=2 | scores={2: {'silhouette': 0.2275, 'compactness': 0.8421, 'score': 0.3664}, 3: {'silhouette': 0.1174, 'compactness': 0.852, 'score': 0.2476}, 4: {'silhouette': 0.1254, 'compactness': 0.8679, 'score': 0.1897}, 5: {'silhouette': 0.0683, 'compactness': 0.8764, 'score': 0.0971}}
2026-08-20 15:58:10 | DEBUG    | fgvc.clustering.spherical_kmeans |   Init 1/10: inertia=4.373099
2026-08-20 15:58:10 | DEBUG    | fgvc.clustering.spherical_kmeans |   Init 2/10: inertia=3.967638
2026-08-20 15:58:10 | DEBUG    | fgvc.clustering.spherical_kmeans |   Init 3/10: inertia=4.133589
2026-08-20 15:58:10 | DEBUG    | fgvc.clustering.spherical_kmeans |   Init 4/10: inertia=4.300670
2026-08-20 15:58:10 | DEBUG    | fgvc.clustering.spherical_kmeans |   Init 5/10: inertia=3.947416
2026-08-20 15:58:10 | DEBUG    | fgvc.clustering.spherical_kmeans |   Init 6/10: inertia=3.967638
2026-08-20 15:58:10 | DEBUG    | fgvc.clustering.spherical_kmeans |   Init 7/10: inertia=3.967638
2026-08-20 15:58:10 | DEBUG    | fgvc.clustering.spherical_kmeans |   Init 8/10: inertia=4.373099
2026-08-20 15:58:10 | DEBUG    | fgvc.clustering.spherical_kmeans |   Init 9/10: inertia=4.010591
2026-08-20 15:58:10 | DEBUG    | fgvc.clustering.spherical_kmeans |   Init 10/10: inertia=3.967638
2026-08-20 15:58:10 | INFO     | fgvc.clustering.spherical_kmeans |   [Glaucous_winged_Gull] k_selected=2 | k_effective=2 | min_cluster=8 | max_cluster=17
2026-08-20 15:58:10 | INFO     | fgvc.clustering.spherical_kmeans |   [Golden_winged_Warbler] 25 images
2026-08-20 15:58:10 | DEBUG    | fgvc.clustering.spherical_kmeans |   Init 1/5: inertia=2.216789
2026-08-20 15:58:10 | DEBUG    | fgvc.clustering.spherical_kmeans |   Init 2/5: inertia=2.185403
2026-08-20 15:58:10 | DEBUG    | fgvc.clustering.spherical_kmeans |   Init 3/5: inertia=1.969531
2026-08-20 15:58:10 | DEBUG    | fgvc.clustering.spherical_kmeans |   Init 4/5: inertia=2.176063
2026-08-20 15:58:10 | DEBUG    | fgvc.clustering.spherical_kmeans |   Init 5/5: inertia=2.100918
2026-08-20 15:58:10 | DEBUG    | fgvc.clustering.spherical_kmeans |   Init 1/5: inertia=1.907321
2026-08-20 15:58:10 | DEBUG    | fgvc.clustering.spherical_kmeans |   Init 2/5: inertia=1.949949
2026-08-20 15:58:10 | DEBUG    | fgvc.clustering.spherical_kmeans |   Init 3/5: inertia=1.841875
2026-08-20 15:58:10 | DEBUG    | fgvc.clustering.spherical_kmeans |   Init 4/5: inertia=1.874162
2026-08-20 15:58:10 | DEBUG    | fgvc.clustering.spherical_kmeans |   Init 5/5: inertia=1.669544
2026-08-20 15:58:10 | DEBUG    | fgvc.clustering.spherical_kmeans |   Init 1/5: inertia=1.753416
2026-08-20 15:58:10 | DEBUG    | fgvc.clustering.spherical_kmeans |   Init 2/5: inertia=1.613454
2026-08-20 15:58:10 | DEBUG    | fgvc.clustering.spherical_kmeans |   Init 3/5: inertia=1.736173
2026-08-20 15:58:10 | DEBUG    | fgvc.clustering.spherical_kmeans |   Init 4/5: inertia=1.506674
2026-08-20 15:58:10 | DEBUG    | fgvc.clustering.spherical_kmeans |   Init 5/5: inertia=1.637161
2026-08-20 15:58:10 | DEBUG    | fgvc.clustering.spherical_kmeans |   Init 1/5: inertia=1.438197
2026-08-20 15:58:10 | DEBUG    | fgvc.clustering.spherical_kmeans |   Init 2/5: inertia=1.530732
2026-08-20 15:58:10 | DEBUG    | fgvc.clustering.spherical_kmeans |   Init 3/5: inertia=1.416158
2026-08-20 15:58:10 | DEBUG    | fgvc.clustering.spherical_kmeans |   Init 4/5: inertia=1.564625
2026-08-20 15:58:10 | DEBUG    | fgvc.clustering.spherical_kmeans |   Init 5/5: inertia=1.560016
2026-08-20 15:58:10 | DEBUG    | fgvc.clustering.spherical_kmeans | K selection: best_k=2 | scores={2: {'silhouette': 0.3152, 'compactness': 0.9212, 'score': 0.434}, 3: {'silhouette': 0.3397, 'compactness': 0.9332, 'score': 0.3832}, 4: {'silhouette': 0.2521, 'compactness': 0.9397, 'score': 0.2746}, 5: {'silhouette': 0.1194, 'compactness': 0.9434, 'score': 0.1427}}
2026-08-20 15:58:10 | DEBUG    | fgvc.clustering.spherical_kmeans |   Init 1/10: inertia=2.216789
2026-08-20 15:58:10 | DEBUG    | fgvc.clustering.spherical_kmeans |   Init 2/10: inertia=2.185403
2026-08-20 15:58:10 | DEBUG    | fgvc.clustering.spherical_kmeans |   Init 3/10: inertia=1.969531
2026-08-20 15:58:10 | DEBUG    | fgvc.clustering.spherical_kmeans |   Init 4/10: inertia=2.176063
2026-08-20 15:58:10 | DEBUG    | fgvc.clustering.spherical_kmeans |   Init 5/10: inertia=2.100918
2026-08-20 15:58:10 | DEBUG    | fgvc.clustering.spherical_kmeans |   Init 6/10: inertia=2.095784
2026-08-20 15:58:10 | DEBUG    | fgvc.clustering.spherical_kmeans |   Init 7/10: inertia=1.969531
2026-08-20 15:58:10 | DEBUG    | fgvc.clustering.spherical_kmeans |   Init 8/10: inertia=2.021300
2026-08-20 15:58:10 | DEBUG    | fgvc.clustering.spherical_kmeans |   Init 9/10: inertia=2.097857
2026-08-20 15:58:10 | DEBUG    | fgvc.clustering.spherical_kmeans |   Init 10/10: inertia=2.094745
2026-08-20 15:58:10 | INFO     | fgvc.clustering.spherical_kmeans |   [Golden_winged_Warbler] k_selected=2 | k_effective=1 | min_cluster=25 | max_cluster=25
2026-08-20 15:58:10 | INFO     | fgvc.clustering.spherical_kmeans |   [Grasshopper_Sparrow] 25 images
2026-08-20 15:58:10 | DEBUG    | fgvc.clustering.spherical_kmeans |   Init 1/5: inertia=4.436129
2026-08-20 15:58:10 | DEBUG    | fgvc.clustering.spherical_kmeans |   Init 2/5: inertia=4.252192
2026-08-20 15:58:10 | DEBUG    | fgvc.clustering.spherical_kmeans |   Init 3/5: inertia=4.497465
2026-08-20 15:58:10 | DEBUG    | fgvc.clustering.spherical_kmeans |   Init 4/5: inertia=4.430817
2026-08-20 15:58:10 | DEBUG    | fgvc.clustering.spherical_kmeans |   Init 5/5: inertia=4.279145
2026-08-20 15:58:10 | DEBUG    | fgvc.clustering.spherical_kmeans |   Init 1/5: inertia=4.035111
2026-08-20 15:58:10 | DEBUG    | fgvc.clustering.spherical_kmeans |   Init 2/5: inertia=4.013374
2026-08-20 15:58:10 | DEBUG    | fgvc.clustering.spherical_kmeans |   Init 3/5: inertia=4.144812
2026-08-20 15:58:10 | DEBUG    | fgvc.clustering.spherical_kmeans |   Init 4/5: inertia=4.095840
2026-08-20 15:58:10 | DEBUG    | fgvc.clustering.spherical_kmeans |   Init 5/5: inertia=4.130883
2026-08-20 15:58:10 | DEBUG    | fgvc.clustering.spherical_kmeans |   Init 1/5: inertia=3.803792
2026-08-20 15:58:10 | DEBUG    | fgvc.clustering.spherical_kmeans |   Init 2/5: inertia=3.778844
2026-08-20 15:58:10 | DEBUG    | fgvc.clustering.spherical_kmeans |   Init 3/5: inertia=3.638657
2026-08-20 15:58:10 | DEBUG    | fgvc.clustering.spherical_kmeans |   Init 4/5: inertia=3.687667
2026-08-20 15:58:10 | DEBUG    | fgvc.clustering.spherical_kmeans |   Init 5/5: inertia=3.981080
2026-08-20 15:58:10 | DEBUG    | fgvc.clustering.spherical_kmeans |   Init 1/5: inertia=3.558744
2026-08-20 15:58:10 | DEBUG    | fgvc.clustering.spherical_kmeans |   Init 2/5: inertia=3.494132
2026-08-20 15:58:10 | DEBUG    | fgvc.clustering.spherical_kmeans |   Init 3/5: inertia=3.417818
2026-08-20 15:58:10 | DEBUG    | fgvc.clustering.spherical_kmeans |   Init 4/5: inertia=3.494144
2026-08-20 15:58:10 | DEBUG    | fgvc.clustering.spherical_kmeans |   Init 5/5: inertia=3.456544
2026-08-20 15:58:10 | DEBUG    | fgvc.clustering.spherical_kmeans | K selection: best_k=2 | scores={2: {'silhouette': 0.2128, 'compactness': 0.8299, 'score': 0.3554}, 3: {'silhouette': 0.0322, 'compactness': 0.8395, 'score': 0.2013}, 4: {'silhouette': 0.102, 'compactness': 0.8545, 'score': 0.174}, 5: {'silhouette': 0.0608, 'compactness': 0.8633, 'score': 0.0894}}
2026-08-20 15:58:10 | DEBUG    | fgvc.clustering.spherical_kmeans |   Init 1/10: inertia=4.436129
2026-08-20 15:58:10 | DEBUG    | fgvc.clustering.spherical_kmeans |   Init 2/10: inertia=4.252192
2026-08-20 15:58:10 | DEBUG    | fgvc.clustering.spherical_kmeans |   Init 3/10: inertia=4.497465
2026-08-20 15:58:10 | DEBUG    | fgvc.clustering.spherical_kmeans |   Init 4/10: inertia=4.430817
2026-08-20 15:58:10 | DEBUG    | fgvc.clustering.spherical_kmeans |   Init 5/10: inertia=4.279145
2026-08-20 15:58:10 | DEBUG    | fgvc.clustering.spherical_kmeans |   Init 6/10: inertia=4.405362
2026-08-20 15:58:10 | DEBUG    | fgvc.clustering.spherical_kmeans |   Init 7/10: inertia=4.443089
2026-08-20 15:58:10 | DEBUG    | fgvc.clustering.spherical_kmeans |   Init 8/10: inertia=4.331584
2026-08-20 15:58:10 | DEBUG    | fgvc.clustering.spherical_kmeans |   Init 9/10: inertia=4.569488
2026-08-20 15:58:10 | DEBUG    | fgvc.clustering.spherical_kmeans |   Init 10/10: inertia=4.349430
2026-08-20 15:58:10 | INFO     | fgvc.clustering.spherical_kmeans |   [Grasshopper_Sparrow] k_selected=2 | k_effective=2 | min_cluster=5 | max_cluster=20
2026-08-20 15:58:10 | INFO     | fgvc.clustering.spherical_kmeans |   [Gray_Catbird] 25 images
2026-08-20 15:58:10 | DEBUG    | fgvc.clustering.spherical_kmeans |   Init 1/5: inertia=3.430497
2026-08-20 15:58:10 | DEBUG    | fgvc.clustering.spherical_kmeans |   Init 2/5: inertia=3.519345
2026-08-20 15:58:10 | DEBUG    | fgvc.clustering.spherical_kmeans |   Init 3/5: inertia=3.464827
2026-08-20 15:58:10 | DEBUG    | fgvc.clustering.spherical_kmeans |   Init 4/5: inertia=3.409218
2026-08-20 15:58:10 | DEBUG    | fgvc.clustering.spherical_kmeans |   Init 5/5: inertia=3.468278
2026-08-20 15:58:10 | DEBUG    | fgvc.clustering.spherical_kmeans |   Init 1/5: inertia=3.126719
2026-08-20 15:58:10 | DEBUG    | fgvc.clustering.spherical_kmeans |   Init 2/5: inertia=3.237221
2026-08-20 15:58:10 | DEBUG    | fgvc.clustering.spherical_kmeans |   Init 3/5: inertia=3.236237
2026-08-20 15:58:10 | DEBUG    | fgvc.clustering.spherical_kmeans |   Init 4/5: inertia=3.149361
2026-08-20 15:58:10 | DEBUG    | fgvc.clustering.spherical_kmeans |   Init 5/5: inertia=3.212025
2026-08-20 15:58:10 | DEBUG    | fgvc.clustering.spherical_kmeans |   Init 1/5: inertia=2.983845
2026-08-20 15:58:10 | DEBUG    | fgvc.clustering.spherical_kmeans |   Init 2/5: inertia=2.938324
2026-08-20 15:58:10 | DEBUG    | fgvc.clustering.spherical_kmeans |   Init 3/5: inertia=2.979776
2026-08-20 15:58:10 | DEBUG    | fgvc.clustering.spherical_kmeans |   Init 4/5: inertia=3.083352
2026-08-20 15:58:10 | DEBUG    | fgvc.clustering.spherical_kmeans |   Init 5/5: inertia=3.003436
2026-08-20 15:58:10 | DEBUG    | fgvc.clustering.spherical_kmeans |   Init 1/5: inertia=2.845929
2026-08-20 15:58:10 | DEBUG    | fgvc.clustering.spherical_kmeans |   Init 2/5: inertia=2.670586
2026-08-20 15:58:10 | DEBUG    | fgvc.clustering.spherical_kmeans |   Init 3/5: inertia=2.892982
2026-08-20 15:58:10 | DEBUG    | fgvc.clustering.spherical_kmeans |   Init 4/5: inertia=2.780991
2026-08-20 15:58:10 | DEBUG    | fgvc.clustering.spherical_kmeans |   Init 5/5: inertia=2.798510
2026-08-20 15:58:10 | DEBUG    | fgvc.clustering.spherical_kmeans | K selection: best_k=2 | scores={2: {'silhouette': 0.1043, 'compactness': 0.8636, 'score': 0.3113}, 3: {'silhouette': 0.0878, 'compactness': 0.8749, 'score': 0.2397}, 4: {'silhouette': 0.0482, 'compactness': 0.8825, 'score': 0.1555}, 5: {'silhouette': 0.0693, 'compactness': 0.8932, 'score': 0.1026}}
2026-08-20 15:58:10 | DEBUG    | fgvc.clustering.spherical_kmeans |   Init 1/10: inertia=3.430497
2026-08-20 15:58:10 | DEBUG    | fgvc.clustering.spherical_kmeans |   Init 2/10: inertia=3.519345
2026-08-20 15:58:10 | DEBUG    | fgvc.clustering.spherical_kmeans |   Init 3/10: inertia=3.464827
2026-08-20 15:58:10 | DEBUG    | fgvc.clustering.spherical_kmeans |   Init 4/10: inertia=3.409218
2026-08-20 15:58:10 | DEBUG    | fgvc.clustering.spherical_kmeans |   Init 5/10: inertia=3.468278
2026-08-20 15:58:10 | DEBUG    | fgvc.clustering.spherical_kmeans |   Init 6/10: inertia=3.479316
2026-08-20 15:58:10 | DEBUG    | fgvc.clustering.spherical_kmeans |   Init 7/10: inertia=3.425658
2026-08-20 15:58:10 | DEBUG    | fgvc.clustering.spherical_kmeans |   Init 8/10: inertia=3.475983
2026-08-20 15:58:10 | DEBUG    | fgvc.clustering.spherical_kmeans |   Init 9/10: inertia=3.459234
2026-08-20 15:58:10 | DEBUG    | fgvc.clustering.spherical_kmeans |   Init 10/10: inertia=3.477920
2026-08-20 15:58:10 | INFO     | fgvc.clustering.spherical_kmeans |   [Gray_Catbird] k_selected=2 | k_effective=2 | min_cluster=8 | max_cluster=17
2026-08-20 15:58:10 | INFO     | fgvc.clustering.spherical_kmeans |   [Gray_Kingbird] 25 images
2026-08-20 15:58:10 | DEBUG    | fgvc.clustering.spherical_kmeans |   Init 1/5: inertia=3.846416
2026-08-20 15:58:10 | DEBUG    | fgvc.clustering.spherical_kmeans |   Init 2/5: inertia=3.826174
2026-08-20 15:58:10 | DEBUG    | fgvc.clustering.spherical_kmeans |   Init 3/5: inertia=3.760923
2026-08-20 15:58:10 | DEBUG    | fgvc.clustering.spherical_kmeans |   Init 4/5: inertia=3.773230
2026-08-20 15:58:10 | DEBUG    | fgvc.clustering.spherical_kmeans |   Init 5/5: inertia=3.740614
2026-08-20 15:58:10 | DEBUG    | fgvc.clustering.spherical_kmeans |   Init 1/5: inertia=3.644873
2026-08-20 15:58:10 | DEBUG    | fgvc.clustering.spherical_kmeans |   Init 2/5: inertia=3.518807
2026-08-20 15:58:10 | DEBUG    | fgvc.clustering.spherical_kmeans |   Init 3/5: inertia=3.515939
2026-08-20 15:58:10 | DEBUG    | fgvc.clustering.spherical_kmeans |   Init 4/5: inertia=3.424427
2026-08-20 15:58:10 | DEBUG    | fgvc.clustering.spherical_kmeans |   Init 5/5: inertia=3.531078
2026-08-20 15:58:10 | DEBUG    | fgvc.clustering.spherical_kmeans |   Init 1/5: inertia=3.365850
2026-08-20 15:58:10 | DEBUG    | fgvc.clustering.spherical_kmeans |   Init 2/5: inertia=3.236373
2026-08-20 15:58:10 | DEBUG    | fgvc.clustering.spherical_kmeans |   Init 3/5: inertia=2.959902
2026-08-20 15:58:10 | DEBUG    | fgvc.clustering.spherical_kmeans |   Init 4/5: inertia=3.107677
2026-08-20 15:58:10 | DEBUG    | fgvc.clustering.spherical_kmeans |   Init 5/5: inertia=3.207625
2026-08-20 15:58:10 | DEBUG    | fgvc.clustering.spherical_kmeans |   Init 1/5: inertia=3.099873
2026-08-20 15:58:10 | DEBUG    | fgvc.clustering.spherical_kmeans |   Init 2/5: inertia=2.933076
2026-08-20 15:58:10 | DEBUG    | fgvc.clustering.spherical_kmeans |   Init 3/5: inertia=2.875684
2026-08-20 15:58:10 | DEBUG    | fgvc.clustering.spherical_kmeans |   Init 4/5: inertia=2.927740
2026-08-20 15:58:10 | DEBUG    | fgvc.clustering.spherical_kmeans |   Init 5/5: inertia=3.046402
2026-08-20 15:58:10 | DEBUG    | fgvc.clustering.spherical_kmeans | K selection: best_k=2 | scores={2: {'silhouette': 0.318, 'compactness': 0.8504, 'score': 0.4141}, 3: {'silhouette': 0.0537, 'compactness': 0.863, 'score': 0.2191}, 4: {'silhouette': 0.0894, 'compactness': 0.8816, 'score': 0.1759}, 5: {'silhouette': 0.012, 'compactness': 0.885, 'score': 0.0715}}
2026-08-20 15:58:10 | DEBUG    | fgvc.clustering.spherical_kmeans |   Init 1/10: inertia=3.846416
2026-08-20 15:58:10 | DEBUG    | fgvc.clustering.spherical_kmeans |   Init 2/10: inertia=3.826174
2026-08-20 15:58:10 | DEBUG    | fgvc.clustering.spherical_kmeans |   Init 3/10: inertia=3.760923
2026-08-20 15:58:10 | DEBUG    | fgvc.clustering.spherical_kmeans |   Init 4/10: inertia=3.773230
2026-08-20 15:58:10 | DEBUG    | fgvc.clustering.spherical_kmeans |   Init 5/10: inertia=3.740614
2026-08-20 15:58:10 | DEBUG    | fgvc.clustering.spherical_kmeans |   Init 6/10: inertia=3.731412
2026-08-20 15:58:10 | DEBUG    | fgvc.clustering.spherical_kmeans |   Init 7/10: inertia=3.594595
2026-08-20 15:58:10 | DEBUG    | fgvc.clustering.spherical_kmeans |   Init 8/10: inertia=3.826942
2026-08-20 15:58:10 | DEBUG    | fgvc.clustering.spherical_kmeans |   Init 9/10: inertia=3.654068
2026-08-20 15:58:10 | DEBUG    | fgvc.clustering.spherical_kmeans |   Init 10/10: inertia=3.783523
2026-08-20 15:58:10 | INFO     | fgvc.clustering.spherical_kmeans |   [Gray_Kingbird] k_selected=2 | k_effective=1 | min_cluster=25 | max_cluster=25
2026-08-20 15:58:10 | INFO     | fgvc.clustering.spherical_kmeans |   [Gray_crowned_Rosy_Finch] 25 images
2026-08-20 15:58:10 | DEBUG    | fgvc.clustering.spherical_kmeans |   Init 1/5: inertia=3.579589
2026-08-20 15:58:10 | DEBUG    | fgvc.clustering.spherical_kmeans |   Init 2/5: inertia=3.762589
2026-08-20 15:58:10 | DEBUG    | fgvc.clustering.spherical_kmeans |   Init 3/5: inertia=3.656206
2026-08-20 15:58:10 | DEBUG    | fgvc.clustering.spherical_kmeans |   Init 4/5: inertia=3.617403
2026-08-20 15:58:10 | DEBUG    | fgvc.clustering.spherical_kmeans |   Init 5/5: inertia=3.730581
2026-08-20 15:58:10 | DEBUG    | fgvc.clustering.spherical_kmeans |   Init 1/5: inertia=3.335003
2026-08-20 15:58:10 | DEBUG    | fgvc.clustering.spherical_kmeans |   Init 2/5: inertia=3.406194
2026-08-20 15:58:10 | DEBUG    | fgvc.clustering.spherical_kmeans |   Init 3/5: inertia=3.465581
2026-08-20 15:58:10 | DEBUG    | fgvc.clustering.spherical_kmeans |   Init 4/5: inertia=3.195705
2026-08-20 15:58:10 | DEBUG    | fgvc.clustering.spherical_kmeans |   Init 5/5: inertia=3.421952
2026-08-20 15:58:10 | DEBUG    | fgvc.clustering.spherical_kmeans |   Init 1/5: inertia=2.997075
2026-08-20 15:58:10 | DEBUG    | fgvc.clustering.spherical_kmeans |   Init 2/5: inertia=2.854370
2026-08-20 15:58:10 | DEBUG    | fgvc.clustering.spherical_kmeans |   Init 3/5: inertia=3.136479
2026-08-20 15:58:10 | DEBUG    | fgvc.clustering.spherical_kmeans |   Init 4/5: inertia=3.130277
2026-08-20 15:58:10 | DEBUG    | fgvc.clustering.spherical_kmeans |   Init 5/5: inertia=3.055976
2026-08-20 15:58:10 | DEBUG    | fgvc.clustering.spherical_kmeans |   Init 1/5: inertia=2.721559
2026-08-20 15:58:10 | DEBUG    | fgvc.clustering.spherical_kmeans |   Init 2/5: inertia=2.683653
2026-08-20 15:58:10 | DEBUG    | fgvc.clustering.spherical_kmeans |   Init 3/5: inertia=2.592216
2026-08-20 15:58:10 | DEBUG    | fgvc.clustering.spherical_kmeans |   Init 4/5: inertia=2.768620
2026-08-20 15:58:10 | DEBUG    | fgvc.clustering.spherical_kmeans |   Init 5/5: inertia=2.794572
2026-08-20 15:58:10 | DEBUG    | fgvc.clustering.spherical_kmeans | K selection: best_k=2 | scores={2: {'silhouette': 0.1437, 'compactness': 0.8568, 'score': 0.3289}, 3: {'silhouette': 0.1259, 'compactness': 0.8722, 'score': 0.2579}, 4: {'silhouette': 0.155, 'compactness': 0.8858, 'score': 0.2099}, 5: {'silhouette': 0.1196, 'compactness': 0.8963, 'score': 0.1287}}
2026-08-20 15:58:10 | DEBUG    | fgvc.clustering.spherical_kmeans |   Init 1/10: inertia=3.579589
2026-08-20 15:58:10 | DEBUG    | fgvc.clustering.spherical_kmeans |   Init 2/10: inertia=3.762589
2026-08-20 15:58:10 | DEBUG    | fgvc.clustering.spherical_kmeans |   Init 3/10: inertia=3.656206
2026-08-20 15:58:10 | DEBUG    | fgvc.clustering.spherical_kmeans |   Init 4/10: inertia=3.617403
2026-08-20 15:58:10 | DEBUG    | fgvc.clustering.spherical_kmeans |   Init 5/10: inertia=3.730581
2026-08-20 15:58:10 | DEBUG    | fgvc.clustering.spherical_kmeans |   Init 6/10: inertia=3.621877
2026-08-20 15:58:10 | DEBUG    | fgvc.clustering.spherical_kmeans |   Init 7/10: inertia=3.608593
2026-08-20 15:58:10 | DEBUG    | fgvc.clustering.spherical_kmeans |   Init 8/10: inertia=3.617403
2026-08-20 15:58:10 | DEBUG    | fgvc.clustering.spherical_kmeans |   Init 9/10: inertia=3.811323
2026-08-20 15:58:10 | DEBUG    | fgvc.clustering.spherical_kmeans |   Init 10/10: inertia=3.628109
2026-08-20 15:58:10 | INFO     | fgvc.clustering.spherical_kmeans |   [Gray_crowned_Rosy_Finch] k_selected=2 | k_effective=2 | min_cluster=9 | max_cluster=16
2026-08-20 15:58:10 | INFO     | fgvc.clustering.spherical_kmeans |   [Great_Crested_Flycatcher] 25 images
2026-08-20 15:58:10 | DEBUG    | fgvc.clustering.spherical_kmeans |   Init 1/5: inertia=3.938939
2026-08-20 15:58:10 | DEBUG    | fgvc.clustering.spherical_kmeans |   Init 2/5: inertia=4.070891
2026-08-20 15:58:10 | DEBUG    | fgvc.clustering.spherical_kmeans |   Init 3/5: inertia=4.106627
2026-08-20 15:58:10 | DEBUG    | fgvc.clustering.spherical_kmeans |   Init 4/5: inertia=4.050776
2026-08-20 15:58:10 | DEBUG    | fgvc.clustering.spherical_kmeans |   Init 5/5: inertia=4.082300
2026-08-20 15:58:10 | DEBUG    | fgvc.clustering.spherical_kmeans |   Init 1/5: inertia=3.568440
2026-08-20 15:58:10 | DEBUG    | fgvc.clustering.spherical_kmeans |   Init 2/5: inertia=3.737762
2026-08-20 15:58:10 | DEBUG    | fgvc.clustering.spherical_kmeans |   Init 3/5: inertia=3.740242
2026-08-20 15:58:10 | DEBUG    | fgvc.clustering.spherical_kmeans |   Init 4/5: inertia=3.741371
2026-08-20 15:58:10 | DEBUG    | fgvc.clustering.spherical_kmeans |   Init 5/5: inertia=3.650362
2026-08-20 15:58:10 | DEBUG    | fgvc.clustering.spherical_kmeans |   Init 1/5: inertia=3.448216
2026-08-20 15:58:10 | DEBUG    | fgvc.clustering.spherical_kmeans |   Init 2/5: inertia=3.533580
2026-08-20 15:58:10 | DEBUG    | fgvc.clustering.spherical_kmeans |   Init 3/5: inertia=3.418371
2026-08-20 15:58:10 | DEBUG    | fgvc.clustering.spherical_kmeans |   Init 4/5: inertia=3.404989
2026-08-20 15:58:10 | DEBUG    | fgvc.clustering.spherical_kmeans |   Init 5/5: inertia=3.511645
2026-08-20 15:58:10 | DEBUG    | fgvc.clustering.spherical_kmeans |   Init 1/5: inertia=3.153657
2026-08-20 15:58:10 | DEBUG    | fgvc.clustering.spherical_kmeans |   Init 2/5: inertia=3.171047
2026-08-20 15:58:10 | DEBUG    | fgvc.clustering.spherical_kmeans |   Init 3/5: inertia=3.216574
2026-08-20 15:58:10 | DEBUG    | fgvc.clustering.spherical_kmeans |   Init 4/5: inertia=3.286407
2026-08-20 15:58:10 | DEBUG    | fgvc.clustering.spherical_kmeans |   Init 5/5: inertia=3.328140
2026-08-20 15:58:10 | DEBUG    | fgvc.clustering.spherical_kmeans | K selection: best_k=2 | scores={2: {'silhouette': 0.1, 'compactness': 0.8424, 'score': 0.3027}, 3: {'silhouette': 0.0864, 'compactness': 0.8573, 'score': 0.2337}, 4: {'silhouette': 0.07, 'compactness': 0.8638, 'score': 0.1608}, 5: {'silhouette': 0.0246, 'compactness': 0.8739, 'score': 0.0744}}
2026-08-20 15:58:10 | DEBUG    | fgvc.clustering.spherical_kmeans |   Init 1/10: inertia=3.938939
2026-08-20 15:58:10 | DEBUG    | fgvc.clustering.spherical_kmeans |   Init 2/10: inertia=4.070891
2026-08-20 15:58:10 | DEBUG    | fgvc.clustering.spherical_kmeans |   Init 3/10: inertia=4.106627
2026-08-20 15:58:10 | DEBUG    | fgvc.clustering.spherical_kmeans |   Init 4/10: inertia=4.050776
2026-08-20 15:58:10 | DEBUG    | fgvc.clustering.spherical_kmeans |   Init 5/10: inertia=4.082300
2026-08-20 15:58:10 | DEBUG    | fgvc.clustering.spherical_kmeans |   Init 6/10: inertia=4.030666
2026-08-20 15:58:10 | DEBUG    | fgvc.clustering.spherical_kmeans |   Init 7/10: inertia=3.996135
2026-08-20 15:58:10 | DEBUG    | fgvc.clustering.spherical_kmeans |   Init 8/10: inertia=3.956267
2026-08-20 15:58:10 | DEBUG    | fgvc.clustering.spherical_kmeans |   Init 9/10: inertia=3.940162
2026-08-20 15:58:10 | DEBUG    | fgvc.clustering.spherical_kmeans |   Init 10/10: inertia=3.997142
2026-08-20 15:58:10 | INFO     | fgvc.clustering.spherical_kmeans |   [Great_Crested_Flycatcher] k_selected=2 | k_effective=2 | min_cluster=9 | max_cluster=16
2026-08-20 15:58:10 | INFO     | fgvc.clustering.spherical_kmeans |   [Great_Grey_Shrike] 25 images
2026-08-20 15:58:10 | DEBUG    | fgvc.clustering.spherical_kmeans |   Init 1/5: inertia=4.108524
2026-08-20 15:58:10 | DEBUG    | fgvc.clustering.spherical_kmeans |   Init 2/5: inertia=4.200869
2026-08-20 15:58:10 | DEBUG    | fgvc.clustering.spherical_kmeans |   Init 3/5: inertia=4.258744
2026-08-20 15:58:10 | DEBUG    | fgvc.clustering.spherical_kmeans |   Init 4/5: inertia=4.227874
2026-08-20 15:58:10 | DEBUG    | fgvc.clustering.spherical_kmeans |   Init 5/5: inertia=4.331656
2026-08-20 15:58:10 | DEBUG    | fgvc.clustering.spherical_kmeans |   Init 1/5: inertia=3.849560
2026-08-20 15:58:10 | DEBUG    | fgvc.clustering.spherical_kmeans |   Init 2/5: inertia=3.919614
2026-08-20 15:58:10 | DEBUG    | fgvc.clustering.spherical_kmeans |   Init 3/5: inertia=3.920588
2026-08-20 15:58:10 | DEBUG    | fgvc.clustering.spherical_kmeans |   Init 4/5: inertia=3.851462
2026-08-20 15:58:10 | DEBUG    | fgvc.clustering.spherical_kmeans |   Init 5/5: inertia=3.835047
2026-08-20 15:58:10 | DEBUG    | fgvc.clustering.spherical_kmeans |   Init 1/5: inertia=3.627573
2026-08-20 15:58:10 | DEBUG    | fgvc.clustering.spherical_kmeans |   Init 2/5: inertia=3.650372
2026-08-20 15:58:10 | DEBUG    | fgvc.clustering.spherical_kmeans |   Init 3/5: inertia=3.595742
2026-08-20 15:58:10 | DEBUG    | fgvc.clustering.spherical_kmeans |   Init 4/5: inertia=3.629575
2026-08-20 15:58:10 | DEBUG    | fgvc.clustering.spherical_kmeans |   Init 5/5: inertia=3.801802
2026-08-20 15:58:10 | DEBUG    | fgvc.clustering.spherical_kmeans |   Init 1/5: inertia=3.291986
2026-08-20 15:58:10 | DEBUG    | fgvc.clustering.spherical_kmeans |   Init 2/5: inertia=3.463509
2026-08-20 15:58:10 | DEBUG    | fgvc.clustering.spherical_kmeans |   Init 3/5: inertia=3.113292
2026-08-20 15:58:10 | DEBUG    | fgvc.clustering.spherical_kmeans |   Init 4/5: inertia=3.265367
2026-08-20 15:58:10 | DEBUG    | fgvc.clustering.spherical_kmeans |   Init 5/5: inertia=3.381545
2026-08-20 15:58:10 | DEBUG    | fgvc.clustering.spherical_kmeans | K selection: best_k=2 | scores={2: {'silhouette': 0.1964, 'compactness': 0.8357, 'score': 0.3489}, 3: {'silhouette': 0.0628, 'compactness': 0.8466, 'score': 0.2187}, 4: {'silhouette': 0.0537, 'compactness': 0.8562, 'score': 0.1504}, 5: {'silhouette': 0.0553, 'compactness': 0.8755, 'score': 0.0903}}
2026-08-20 15:58:10 | DEBUG    | fgvc.clustering.spherical_kmeans |   Init 1/10: inertia=4.108524
2026-08-20 15:58:10 | DEBUG    | fgvc.clustering.spherical_kmeans |   Init 2/10: inertia=4.200869
2026-08-20 15:58:10 | DEBUG    | fgvc.clustering.spherical_kmeans |   Init 3/10: inertia=4.258744
2026-08-20 15:58:10 | DEBUG    | fgvc.clustering.spherical_kmeans |   Init 4/10: inertia=4.227874
2026-08-20 15:58:10 | DEBUG    | fgvc.clustering.spherical_kmeans |   Init 5/10: inertia=4.331656
2026-08-20 15:58:10 | DEBUG    | fgvc.clustering.spherical_kmeans |   Init 6/10: inertia=4.321741
2026-08-20 15:58:10 | DEBUG    | fgvc.clustering.spherical_kmeans |   Init 7/10: inertia=4.256862
2026-08-20 15:58:10 | DEBUG    | fgvc.clustering.spherical_kmeans |   Init 8/10: inertia=4.164694
2026-08-20 15:58:10 | DEBUG    | fgvc.clustering.spherical_kmeans |   Init 9/10: inertia=4.304541
2026-08-20 15:58:10 | DEBUG    | fgvc.clustering.spherical_kmeans |   Init 10/10: inertia=4.314204
2026-08-20 15:58:10 | INFO     | fgvc.clustering.spherical_kmeans |   [Great_Grey_Shrike] k_selected=2 | k_effective=2 | min_cluster=6 | max_cluster=19
2026-08-20 15:58:10 | INFO     | fgvc.clustering.spherical_kmeans |   [Green_Jay] 25 images
2026-08-20 15:58:10 | DEBUG    | fgvc.clustering.spherical_kmeans |   Init 1/5: inertia=3.023926
2026-08-20 15:58:10 | DEBUG    | fgvc.clustering.spherical_kmeans |   Init 2/5: inertia=3.101393
2026-08-20 15:58:10 | DEBUG    | fgvc.clustering.spherical_kmeans |   Init 3/5: inertia=3.255298
2026-08-20 15:58:10 | DEBUG    | fgvc.clustering.spherical_kmeans |   Init 4/5: inertia=3.083708
2026-08-20 15:58:10 | DEBUG    | fgvc.clustering.spherical_kmeans |   Init 5/5: inertia=3.198715
2026-08-20 15:58:10 | DEBUG    | fgvc.clustering.spherical_kmeans |   Init 1/5: inertia=2.730453
2026-08-20 15:58:10 | DEBUG    | fgvc.clustering.spherical_kmeans |   Init 2/5: inertia=2.826780
2026-08-20 15:58:10 | DEBUG    | fgvc.clustering.spherical_kmeans |   Init 3/5: inertia=2.851229
2026-08-20 15:58:10 | DEBUG    | fgvc.clustering.spherical_kmeans |   Init 4/5: inertia=2.799225
2026-08-20 15:58:10 | DEBUG    | fgvc.clustering.spherical_kmeans |   Init 5/5: inertia=2.846875
2026-08-20 15:58:10 | DEBUG    | fgvc.clustering.spherical_kmeans |   Init 1/5: inertia=2.488227
2026-08-20 15:58:10 | DEBUG    | fgvc.clustering.spherical_kmeans |   Init 2/5: inertia=2.570596
2026-08-20 15:58:10 | DEBUG    | fgvc.clustering.spherical_kmeans |   Init 3/5: inertia=2.676957
2026-08-20 15:58:10 | DEBUG    | fgvc.clustering.spherical_kmeans |   Init 4/5: inertia=2.491817
2026-08-20 15:58:10 | DEBUG    | fgvc.clustering.spherical_kmeans |   Init 5/5: inertia=2.578337
2026-08-20 15:58:10 | DEBUG    | fgvc.clustering.spherical_kmeans |   Init 1/5: inertia=2.477531
2026-08-20 15:58:10 | DEBUG    | fgvc.clustering.spherical_kmeans |   Init 2/5: inertia=2.383637
2026-08-20 15:58:10 | DEBUG    | fgvc.clustering.spherical_kmeans |   Init 3/5: inertia=2.343413
2026-08-20 15:58:10 | DEBUG    | fgvc.clustering.spherical_kmeans |   Init 4/5: inertia=2.321693
2026-08-20 15:58:10 | DEBUG    | fgvc.clustering.spherical_kmeans |   Init 5/5: inertia=2.255792
2026-08-20 15:58:10 | DEBUG    | fgvc.clustering.spherical_kmeans | K selection: best_k=2 | scores={2: {'silhouette': 0.3247, 'compactness': 0.879, 'score': 0.4261}, 3: {'silhouette': 0.1158, 'compactness': 0.8908, 'score': 0.2585}, 4: {'silhouette': 0.1181, 'compactness': 0.9005, 'score': 0.1958}, 5: {'silhouette': 0.1174, 'compactness': 0.9098, 'score': 0.1316}}
2026-08-20 15:58:10 | DEBUG    | fgvc.clustering.spherical_kmeans |   Init 1/10: inertia=3.023926
2026-08-20 15:58:10 | DEBUG    | fgvc.clustering.spherical_kmeans |   Init 2/10: inertia=3.101393
2026-08-20 15:58:10 | DEBUG    | fgvc.clustering.spherical_kmeans |   Init 3/10: inertia=3.255298
2026-08-20 15:58:10 | DEBUG    | fgvc.clustering.spherical_kmeans |   Init 4/10: inertia=3.083708
2026-08-20 15:58:10 | DEBUG    | fgvc.clustering.spherical_kmeans |   Init 5/10: inertia=3.198715
2026-08-20 15:58:10 | DEBUG    | fgvc.clustering.spherical_kmeans |   Init 6/10: inertia=3.061712
2026-08-20 15:58:10 | DEBUG    | fgvc.clustering.spherical_kmeans |   Init 7/10: inertia=2.957901
2026-08-20 15:58:10 | DEBUG    | fgvc.clustering.spherical_kmeans |   Init 8/10: inertia=3.038615
2026-08-20 15:58:10 | DEBUG    | fgvc.clustering.spherical_kmeans |   Init 9/10: inertia=3.085630
2026-08-20 15:58:10 | DEBUG    | fgvc.clustering.spherical_kmeans |   Init 10/10: inertia=3.058262
2026-08-20 15:58:10 | INFO     | fgvc.clustering.spherical_kmeans |   [Green_Jay] k_selected=2 | k_effective=2 | min_cluster=10 | max_cluster=15
2026-08-20 15:58:10 | INFO     | fgvc.clustering.spherical_kmeans |   [Green_Kingfisher] 25 images
2026-08-20 15:58:10 | DEBUG    | fgvc.clustering.spherical_kmeans |   Init 1/5: inertia=3.516178
2026-08-20 15:58:10 | DEBUG    | fgvc.clustering.spherical_kmeans |   Init 2/5: inertia=3.587260
2026-08-20 15:58:10 | DEBUG    | fgvc.clustering.spherical_kmeans |   Init 3/5: inertia=3.516178
2026-08-20 15:58:10 | DEBUG    | fgvc.clustering.spherical_kmeans |   Init 4/5: inertia=3.937552
2026-08-20 15:58:10 | DEBUG    | fgvc.clustering.spherical_kmeans |   Init 5/5: inertia=3.610016
2026-08-20 15:58:10 | DEBUG    | fgvc.clustering.spherical_kmeans |   Init 1/5: inertia=2.936378
2026-08-20 15:58:10 | DEBUG    | fgvc.clustering.spherical_kmeans |   Init 2/5: inertia=3.207763
2026-08-20 15:58:10 | DEBUG    | fgvc.clustering.spherical_kmeans |   Init 3/5: inertia=3.284696
2026-08-20 15:58:10 | DEBUG    | fgvc.clustering.spherical_kmeans |   Init 4/5: inertia=3.328407
2026-08-20 15:58:10 | DEBUG    | fgvc.clustering.spherical_kmeans |   Init 5/5: inertia=3.210886
2026-08-20 15:58:10 | DEBUG    | fgvc.clustering.spherical_kmeans |   Init 1/5: inertia=2.742921
2026-08-20 15:58:10 | DEBUG    | fgvc.clustering.spherical_kmeans |   Init 2/5: inertia=3.084213
2026-08-20 15:58:10 | DEBUG    | fgvc.clustering.spherical_kmeans |   Init 3/5: inertia=3.082397
2026-08-20 15:58:10 | DEBUG    | fgvc.clustering.spherical_kmeans |   Init 4/5: inertia=3.003579
2026-08-20 15:58:10 | DEBUG    | fgvc.clustering.spherical_kmeans |   Init 5/5: inertia=2.762671
2026-08-20 15:58:10 | DEBUG    | fgvc.clustering.spherical_kmeans |   Init 1/5: inertia=2.475328
2026-08-20 15:58:10 | DEBUG    | fgvc.clustering.spherical_kmeans |   Init 2/5: inertia=2.831502
2026-08-20 15:58:10 | DEBUG    | fgvc.clustering.spherical_kmeans |   Init 3/5: inertia=2.766925
2026-08-20 15:58:10 | DEBUG    | fgvc.clustering.spherical_kmeans |   Init 4/5: inertia=2.567308
2026-08-20 15:58:10 | DEBUG    | fgvc.clustering.spherical_kmeans |   Init 5/5: inertia=2.835150
2026-08-20 15:58:10 | DEBUG    | fgvc.clustering.spherical_kmeans | K selection: best_k=2 | scores={2: {'silhouette': 0.1962, 'compactness': 0.8594, 'score': 0.3559}, 3: {'silhouette': 0.2451, 'compactness': 0.8825, 'score': 0.3206}, 4: {'silhouette': 0.1807, 'compactness': 0.8903, 'score': 0.2241}, 5: {'silhouette': 0.1746, 'compactness': 0.901, 'score': 0.1576}}
2026-08-20 15:58:10 | DEBUG    | fgvc.clustering.spherical_kmeans |   Init 1/10: inertia=3.516178
2026-08-20 15:58:10 | DEBUG    | fgvc.clustering.spherical_kmeans |   Init 2/10: inertia=3.587260
2026-08-20 15:58:10 | DEBUG    | fgvc.clustering.spherical_kmeans |   Init 3/10: inertia=3.516178
2026-08-20 15:58:10 | DEBUG    | fgvc.clustering.spherical_kmeans |   Init 4/10: inertia=3.937552
2026-08-20 15:58:10 | DEBUG    | fgvc.clustering.spherical_kmeans |   Init 5/10: inertia=3.610016
2026-08-20 15:58:10 | DEBUG    | fgvc.clustering.spherical_kmeans |   Init 6/10: inertia=3.813509
2026-08-20 15:58:10 | DEBUG    | fgvc.clustering.spherical_kmeans |   Init 7/10: inertia=3.514534
2026-08-20 15:58:10 | DEBUG    | fgvc.clustering.spherical_kmeans |   Init 8/10: inertia=3.945971
2026-08-20 15:58:10 | DEBUG    | fgvc.clustering.spherical_kmeans |   Init 9/10: inertia=3.627568
2026-08-20 15:58:10 | DEBUG    | fgvc.clustering.spherical_kmeans |   Init 10/10: inertia=3.606316
2026-08-20 15:58:10 | INFO     | fgvc.clustering.spherical_kmeans |   [Green_Kingfisher] k_selected=2 | k_effective=2 | min_cluster=12 | max_cluster=13
2026-08-20 15:58:10 | INFO     | fgvc.clustering.spherical_kmeans |   [Green_Violetear] 25 images
2026-08-20 15:58:10 | DEBUG    | fgvc.clustering.spherical_kmeans |   Init 1/5: inertia=1.590851
2026-08-20 15:58:10 | DEBUG    | fgvc.clustering.spherical_kmeans |   Init 2/5: inertia=1.692228
2026-08-20 15:58:10 | DEBUG    | fgvc.clustering.spherical_kmeans |   Init 3/5: inertia=1.587480
2026-08-20 15:58:10 | DEBUG    | fgvc.clustering.spherical_kmeans |   Init 4/5: inertia=1.822990
2026-08-20 15:58:10 | DEBUG    | fgvc.clustering.spherical_kmeans |   Init 5/5: inertia=1.820638
2026-08-20 15:58:10 | DEBUG    | fgvc.clustering.spherical_kmeans |   Init 1/5: inertia=1.516615
2026-08-20 15:58:10 | DEBUG    | fgvc.clustering.spherical_kmeans |   Init 2/5: inertia=1.572145
2026-08-20 15:58:10 | DEBUG    | fgvc.clustering.spherical_kmeans |   Init 3/5: inertia=1.728322
2026-08-20 15:58:10 | DEBUG    | fgvc.clustering.spherical_kmeans |   Init 4/5: inertia=1.509476
2026-08-20 15:58:10 | DEBUG    | fgvc.clustering.spherical_kmeans |   Init 5/5: inertia=1.461288
2026-08-20 15:58:10 | DEBUG    | fgvc.clustering.spherical_kmeans |   Init 1/5: inertia=1.425746
2026-08-20 15:58:10 | DEBUG    | fgvc.clustering.spherical_kmeans |   Init 2/5: inertia=1.421729
2026-08-20 15:58:10 | DEBUG    | fgvc.clustering.spherical_kmeans |   Init 3/5: inertia=1.339458
2026-08-20 15:58:10 | DEBUG    | fgvc.clustering.spherical_kmeans |   Init 4/5: inertia=1.388895
2026-08-20 15:58:10 | DEBUG    | fgvc.clustering.spherical_kmeans |   Init 5/5: inertia=1.306463
2026-08-20 15:58:10 | DEBUG    | fgvc.clustering.spherical_kmeans |   Init 1/5: inertia=1.288598
2026-08-20 15:58:10 | DEBUG    | fgvc.clustering.spherical_kmeans |   Init 2/5: inertia=1.451411
2026-08-20 15:58:10 | DEBUG    | fgvc.clustering.spherical_kmeans |   Init 3/5: inertia=1.297708
2026-08-20 15:58:10 | DEBUG    | fgvc.clustering.spherical_kmeans |   Init 4/5: inertia=1.288275
2026-08-20 15:58:10 | DEBUG    | fgvc.clustering.spherical_kmeans |   Init 5/5: inertia=1.468672
2026-08-20 15:58:10 | DEBUG    | fgvc.clustering.spherical_kmeans | K selection: best_k=2 | scores={2: {'silhouette': 0.3916, 'compactness': 0.9365, 'score': 0.4767}, 3: {'silhouette': 0.1543, 'compactness': 0.9415, 'score': 0.293}, 4: {'silhouette': 0.1688, 'compactness': 0.9477, 'score': 0.2354}, 5: {'silhouette': 0.0065, 'compactness': 0.9485, 'score': 0.0878}}
2026-08-20 15:58:10 | DEBUG    | fgvc.clustering.spherical_kmeans |   Init 1/10: inertia=1.590851
2026-08-20 15:58:10 | DEBUG    | fgvc.clustering.spherical_kmeans |   Init 2/10: inertia=1.692228
2026-08-20 15:58:10 | DEBUG    | fgvc.clustering.spherical_kmeans |   Init 3/10: inertia=1.587480
2026-08-20 15:58:10 | DEBUG    | fgvc.clustering.spherical_kmeans |   Init 4/10: inertia=1.822990
2026-08-20 15:58:10 | DEBUG    | fgvc.clustering.spherical_kmeans |   Init 5/10: inertia=1.820638
2026-08-20 15:58:10 | DEBUG    | fgvc.clustering.spherical_kmeans |   Init 6/10: inertia=1.590851
2026-08-20 15:58:10 | DEBUG    | fgvc.clustering.spherical_kmeans |   Init 7/10: inertia=1.833851
2026-08-20 15:58:10 | DEBUG    | fgvc.clustering.spherical_kmeans |   Init 8/10: inertia=1.770847
2026-08-20 15:58:10 | DEBUG    | fgvc.clustering.spherical_kmeans |   Init 9/10: inertia=1.838139
2026-08-20 15:58:10 | DEBUG    | fgvc.clustering.spherical_kmeans |   Init 10/10: inertia=1.577579
2026-08-20 15:58:10 | INFO     | fgvc.clustering.spherical_kmeans |   [Green_Violetear] k_selected=2 | k_effective=1 | min_cluster=25 | max_cluster=25
2026-08-20 15:58:10 | INFO     | fgvc.clustering.spherical_kmeans |   [Green_tailed_Towhee] 25 images
2026-08-20 15:58:10 | DEBUG    | fgvc.clustering.spherical_kmeans |   Init 1/5: inertia=2.936811
2026-08-20 15:58:10 | DEBUG    | fgvc.clustering.spherical_kmeans |   Init 2/5: inertia=2.966840
2026-08-20 15:58:10 | DEBUG    | fgvc.clustering.spherical_kmeans |   Init 3/5: inertia=2.923364
2026-08-20 15:58:10 | DEBUG    | fgvc.clustering.spherical_kmeans |   Init 4/5: inertia=2.904835
2026-08-20 15:58:10 | DEBUG    | fgvc.clustering.spherical_kmeans |   Init 5/5: inertia=2.961377
2026-08-20 15:58:10 | DEBUG    | fgvc.clustering.spherical_kmeans |   Init 1/5: inertia=2.622950
2026-08-20 15:58:10 | DEBUG    | fgvc.clustering.spherical_kmeans |   Init 2/5: inertia=2.737459
2026-08-20 15:58:10 | DEBUG    | fgvc.clustering.spherical_kmeans |   Init 3/5: inertia=2.750824
2026-08-20 15:58:10 | DEBUG    | fgvc.clustering.spherical_kmeans |   Init 4/5: inertia=2.564797
2026-08-20 15:58:10 | DEBUG    | fgvc.clustering.spherical_kmeans |   Init 5/5: inertia=2.803206
2026-08-20 15:58:10 | DEBUG    | fgvc.clustering.spherical_kmeans |   Init 1/5: inertia=2.505229
2026-08-20 15:58:10 | DEBUG    | fgvc.clustering.spherical_kmeans |   Init 2/5: inertia=2.520883
2026-08-20 15:58:10 | DEBUG    | fgvc.clustering.spherical_kmeans |   Init 3/5: inertia=2.532244
2026-08-20 15:58:10 | DEBUG    | fgvc.clustering.spherical_kmeans |   Init 4/5: inertia=2.497288
2026-08-20 15:58:10 | DEBUG    | fgvc.clustering.spherical_kmeans |   Init 5/5: inertia=2.492586
2026-08-20 15:58:10 | DEBUG    | fgvc.clustering.spherical_kmeans |   Init 1/5: inertia=2.360128
2026-08-20 15:58:10 | DEBUG    | fgvc.clustering.spherical_kmeans |   Init 2/5: inertia=2.346202
2026-08-20 15:58:10 | DEBUG    | fgvc.clustering.spherical_kmeans |   Init 3/5: inertia=2.415965
2026-08-20 15:58:10 | DEBUG    | fgvc.clustering.spherical_kmeans |   Init 4/5: inertia=2.245397
2026-08-20 15:58:10 | DEBUG    | fgvc.clustering.spherical_kmeans |   Init 5/5: inertia=2.238639
2026-08-20 15:58:10 | DEBUG    | fgvc.clustering.spherical_kmeans | K selection: best_k=2 | scores={2: {'silhouette': 0.1502, 'compactness': 0.8838, 'score': 0.3403}, 3: {'silhouette': 0.1736, 'compactness': 0.8974, 'score': 0.2894}, 4: {'silhouette': 0.1056, 'compactness': 0.9003, 'score': 0.1896}, 5: {'silhouette': 0.0605, 'compactness': 0.9105, 'score': 0.1034}}
2026-08-20 15:58:10 | DEBUG    | fgvc.clustering.spherical_kmeans |   Init 1/10: inertia=2.936811
2026-08-20 15:58:10 | DEBUG    | fgvc.clustering.spherical_kmeans |   Init 2/10: inertia=2.966840
2026-08-20 15:58:10 | DEBUG    | fgvc.clustering.spherical_kmeans |   Init 3/10: inertia=2.923364
2026-08-20 15:58:10 | DEBUG    | fgvc.clustering.spherical_kmeans |   Init 4/10: inertia=2.904835
2026-08-20 15:58:10 | DEBUG    | fgvc.clustering.spherical_kmeans |   Init 5/10: inertia=2.961377
2026-08-20 15:58:10 | DEBUG    | fgvc.clustering.spherical_kmeans |   Init 6/10: inertia=2.935789
2026-08-20 15:58:10 | DEBUG    | fgvc.clustering.spherical_kmeans |   Init 7/10: inertia=2.942513
2026-08-20 15:58:10 | DEBUG    | fgvc.clustering.spherical_kmeans |   Init 8/10: inertia=2.871311
2026-08-20 15:58:10 | DEBUG    | fgvc.clustering.spherical_kmeans |   Init 9/10: inertia=2.920506
2026-08-20 15:58:10 | DEBUG    | fgvc.clustering.spherical_kmeans |   Init 10/10: inertia=3.017330
2026-08-20 15:58:10 | INFO     | fgvc.clustering.spherical_kmeans |   [Green_tailed_Towhee] k_selected=2 | k_effective=2 | min_cluster=5 | max_cluster=20
2026-08-20 15:58:10 | INFO     | fgvc.clustering.spherical_kmeans |   [Groove_billed_Ani] 25 images
2026-08-20 15:58:10 | DEBUG    | fgvc.clustering.spherical_kmeans |   Init 1/5: inertia=3.872427
2026-08-20 15:58:10 | DEBUG    | fgvc.clustering.spherical_kmeans |   Init 2/5: inertia=3.963425
2026-08-20 15:58:10 | DEBUG    | fgvc.clustering.spherical_kmeans |   Init 3/5: inertia=3.914917
2026-08-20 15:58:10 | DEBUG    | fgvc.clustering.spherical_kmeans |   Init 4/5: inertia=3.771494
2026-08-20 15:58:10 | DEBUG    | fgvc.clustering.spherical_kmeans |   Init 5/5: inertia=3.818324
2026-08-20 15:58:10 | DEBUG    | fgvc.clustering.spherical_kmeans |   Init 1/5: inertia=3.606883
2026-08-20 15:58:10 | DEBUG    | fgvc.clustering.spherical_kmeans |   Init 2/5: inertia=3.663433
2026-08-20 15:58:10 | DEBUG    | fgvc.clustering.spherical_kmeans |   Init 3/5: inertia=3.520052
2026-08-20 15:58:10 | DEBUG    | fgvc.clustering.spherical_kmeans |   Init 4/5: inertia=3.560037
2026-08-20 15:58:10 | DEBUG    | fgvc.clustering.spherical_kmeans |   Init 5/5: inertia=3.398762
2026-08-20 15:58:10 | DEBUG    | fgvc.clustering.spherical_kmeans |   Init 1/5: inertia=3.290606
2026-08-20 15:58:10 | DEBUG    | fgvc.clustering.spherical_kmeans |   Init 2/5: inertia=3.373243
2026-08-20 15:58:10 | DEBUG    | fgvc.clustering.spherical_kmeans |   Init 3/5: inertia=3.379465
2026-08-20 15:58:10 | DEBUG    | fgvc.clustering.spherical_kmeans |   Init 4/5: inertia=3.312943
2026-08-20 15:58:10 | DEBUG    | fgvc.clustering.spherical_kmeans |   Init 5/5: inertia=3.439084
2026-08-20 15:58:10 | DEBUG    | fgvc.clustering.spherical_kmeans |   Init 1/5: inertia=3.085356
2026-08-20 15:58:10 | DEBUG    | fgvc.clustering.spherical_kmeans |   Init 2/5: inertia=3.125835
2026-08-20 15:58:10 | DEBUG    | fgvc.clustering.spherical_kmeans |   Init 3/5: inertia=2.927888
2026-08-20 15:58:10 | DEBUG    | fgvc.clustering.spherical_kmeans |   Init 4/5: inertia=3.132486
2026-08-20 15:58:10 | DEBUG    | fgvc.clustering.spherical_kmeans |   Init 5/5: inertia=2.970218
2026-08-20 15:58:10 | DEBUG    | fgvc.clustering.spherical_kmeans | K selection: best_k=2 | scores={2: {'silhouette': 0.2533, 'compactness': 0.8491, 'score': 0.3814}, 3: {'silhouette': 0.0666, 'compactness': 0.864, 'score': 0.2259}, 4: {'silhouette': 0.0636, 'compactness': 0.8684, 'score': 0.159}, 5: {'silhouette': 0.043, 'compactness': 0.8829, 'score': 0.0864}}
2026-08-20 15:58:10 | DEBUG    | fgvc.clustering.spherical_kmeans |   Init 1/10: inertia=3.872427
2026-08-20 15:58:10 | DEBUG    | fgvc.clustering.spherical_kmeans |   Init 2/10: inertia=3.963425
2026-08-20 15:58:10 | DEBUG    | fgvc.clustering.spherical_kmeans |   Init 3/10: inertia=3.914917
2026-08-20 15:58:10 | DEBUG    | fgvc.clustering.spherical_kmeans |   Init 4/10: inertia=3.771494
2026-08-20 15:58:10 | DEBUG    | fgvc.clustering.spherical_kmeans |   Init 5/10: inertia=3.818324
2026-08-20 15:58:10 | DEBUG    | fgvc.clustering.spherical_kmeans |   Init 6/10: inertia=3.914917
2026-08-20 15:58:10 | DEBUG    | fgvc.clustering.spherical_kmeans |   Init 7/10: inertia=3.906071
2026-08-20 15:58:10 | DEBUG    | fgvc.clustering.spherical_kmeans |   Init 8/10: inertia=3.818634
2026-08-20 15:58:10 | DEBUG    | fgvc.clustering.spherical_kmeans |   Init 9/10: inertia=3.963425
2026-08-20 15:58:10 | DEBUG    | fgvc.clustering.spherical_kmeans |   Init 10/10: inertia=3.996809
2026-08-20 15:58:10 | INFO     | fgvc.clustering.spherical_kmeans |   [Groove_billed_Ani] k_selected=2 | k_effective=1 | min_cluster=25 | max_cluster=25
2026-08-20 15:58:10 | INFO     | fgvc.clustering.spherical_kmeans |   [Harris_Sparrow] 25 images
2026-08-20 15:58:10 | DEBUG    | fgvc.clustering.spherical_kmeans |   Init 1/5: inertia=3.453141
2026-08-20 15:58:10 | DEBUG    | fgvc.clustering.spherical_kmeans |   Init 2/5: inertia=3.468838
2026-08-20 15:58:10 | DEBUG    | fgvc.clustering.spherical_kmeans |   Init 3/5: inertia=3.583703
2026-08-20 15:58:10 | DEBUG    | fgvc.clustering.spherical_kmeans |   Init 4/5: inertia=3.876311
2026-08-20 15:58:10 | DEBUG    | fgvc.clustering.spherical_kmeans |   Init 5/5: inertia=3.461302
2026-08-20 15:58:10 | DEBUG    | fgvc.clustering.spherical_kmeans |   Init 1/5: inertia=3.154535
2026-08-20 15:58:10 | DEBUG    | fgvc.clustering.spherical_kmeans |   Init 2/5: inertia=3.499871
2026-08-20 15:58:10 | DEBUG    | fgvc.clustering.spherical_kmeans |   Init 3/5: inertia=3.397168
2026-08-20 15:58:10 | DEBUG    | fgvc.clustering.spherical_kmeans |   Init 4/5: inertia=3.194693
2026-08-20 15:58:10 | DEBUG    | fgvc.clustering.spherical_kmeans |   Init 5/5: inertia=3.148349
2026-08-20 15:58:10 | DEBUG    | fgvc.clustering.spherical_kmeans |   Init 1/5: inertia=2.839419
2026-08-20 15:58:10 | DEBUG    | fgvc.clustering.spherical_kmeans |   Init 2/5: inertia=2.981335
2026-08-20 15:58:10 | DEBUG    | fgvc.clustering.spherical_kmeans |   Init 3/5: inertia=2.950213
2026-08-20 15:58:10 | DEBUG    | fgvc.clustering.spherical_kmeans |   Init 4/5: inertia=3.046999
2026-08-20 15:58:10 | DEBUG    | fgvc.clustering.spherical_kmeans |   Init 5/5: inertia=3.023399
2026-08-20 15:58:10 | DEBUG    | fgvc.clustering.spherical_kmeans |   Init 1/5: inertia=2.683362
2026-08-20 15:58:10 | DEBUG    | fgvc.clustering.spherical_kmeans |   Init 2/5: inertia=2.738243
2026-08-20 15:58:10 | DEBUG    | fgvc.clustering.spherical_kmeans |   Init 3/5: inertia=2.631407
2026-08-20 15:58:10 | DEBUG    | fgvc.clustering.spherical_kmeans |   Init 4/5: inertia=2.743492
2026-08-20 15:58:10 | DEBUG    | fgvc.clustering.spherical_kmeans |   Init 5/5: inertia=2.862529
2026-08-20 15:58:10 | DEBUG    | fgvc.clustering.spherical_kmeans | K selection: best_k=2 | scores={2: {'silhouette': 0.2203, 'compactness': 0.8619, 'score': 0.3687}, 3: {'silhouette': 0.1389, 'compactness': 0.8741, 'score': 0.265}, 4: {'silhouette': 0.1339, 'compactness': 0.8864, 'score': 0.1995}, 5: {'silhouette': 0.1387, 'compactness': 0.8947, 'score': 0.1378}}
2026-08-20 15:58:10 | DEBUG    | fgvc.clustering.spherical_kmeans |   Init 1/10: inertia=3.453141
2026-08-20 15:58:10 | DEBUG    | fgvc.clustering.spherical_kmeans |   Init 2/10: inertia=3.468838
2026-08-20 15:58:10 | DEBUG    | fgvc.clustering.spherical_kmeans |   Init 3/10: inertia=3.583703
2026-08-20 15:58:10 | DEBUG    | fgvc.clustering.spherical_kmeans |   Init 4/10: inertia=3.876311
2026-08-20 15:58:10 | DEBUG    | fgvc.clustering.spherical_kmeans |   Init 5/10: inertia=3.461302
2026-08-20 15:58:10 | DEBUG    | fgvc.clustering.spherical_kmeans |   Init 6/10: inertia=3.658092
2026-08-20 15:58:10 | DEBUG    | fgvc.clustering.spherical_kmeans |   Init 7/10: inertia=3.468099
2026-08-20 15:58:10 | DEBUG    | fgvc.clustering.spherical_kmeans |   Init 8/10: inertia=3.970128
2026-08-20 15:58:10 | DEBUG    | fgvc.clustering.spherical_kmeans |   Init 9/10: inertia=3.461302
2026-08-20 15:58:10 | DEBUG    | fgvc.clustering.spherical_kmeans |   Init 10/10: inertia=3.476933
2026-08-20 15:58:10 | INFO     | fgvc.clustering.spherical_kmeans |   [Harris_Sparrow] k_selected=2 | k_effective=2 | min_cluster=12 | max_cluster=13
2026-08-20 15:58:10 | INFO     | fgvc.clustering.spherical_kmeans |   [Heermann_Gull] 25 images
2026-08-20 15:58:10 | DEBUG    | fgvc.clustering.spherical_kmeans |   Init 1/5: inertia=2.700697
2026-08-20 15:58:10 | DEBUG    | fgvc.clustering.spherical_kmeans |   Init 2/5: inertia=2.536813
2026-08-20 15:58:10 | DEBUG    | fgvc.clustering.spherical_kmeans |   Init 3/5: inertia=2.554233
2026-08-20 15:58:10 | DEBUG    | fgvc.clustering.spherical_kmeans |   Init 4/5: inertia=2.508304
2026-08-20 15:58:10 | DEBUG    | fgvc.clustering.spherical_kmeans |   Init 5/5: inertia=2.490645
2026-08-20 15:58:10 | DEBUG    | fgvc.clustering.spherical_kmeans |   Init 1/5: inertia=2.400358
2026-08-20 15:58:10 | DEBUG    | fgvc.clustering.spherical_kmeans |   Init 2/5: inertia=2.164374
2026-08-20 15:58:10 | DEBUG    | fgvc.clustering.spherical_kmeans |   Init 3/5: inertia=2.336398
2026-08-20 15:58:10 | DEBUG    | fgvc.clustering.spherical_kmeans |   Init 4/5: inertia=2.564577
2026-08-20 15:58:10 | DEBUG    | fgvc.clustering.spherical_kmeans |   Init 5/5: inertia=2.239933
2026-08-20 15:58:10 | DEBUG    | fgvc.clustering.spherical_kmeans |   Init 1/5: inertia=2.175329
2026-08-20 15:58:10 | DEBUG    | fgvc.clustering.spherical_kmeans |   Init 2/5: inertia=2.048943
2026-08-20 15:58:10 | DEBUG    | fgvc.clustering.spherical_kmeans |   Init 3/5: inertia=2.184894
2026-08-20 15:58:10 | DEBUG    | fgvc.clustering.spherical_kmeans |   Init 4/5: inertia=2.105248
2026-08-20 15:58:10 | DEBUG    | fgvc.clustering.spherical_kmeans |   Init 5/5: inertia=1.934159
2026-08-20 15:58:10 | DEBUG    | fgvc.clustering.spherical_kmeans |   Init 1/5: inertia=1.850928
2026-08-20 15:58:10 | DEBUG    | fgvc.clustering.spherical_kmeans |   Init 2/5: inertia=1.788329
2026-08-20 15:58:10 | DEBUG    | fgvc.clustering.spherical_kmeans |   Init 3/5: inertia=2.107905
2026-08-20 15:58:10 | DEBUG    | fgvc.clustering.spherical_kmeans |   Init 4/5: inertia=1.711580
2026-08-20 15:58:10 | DEBUG    | fgvc.clustering.spherical_kmeans |   Init 5/5: inertia=1.977684
2026-08-20 15:58:10 | DEBUG    | fgvc.clustering.spherical_kmeans | K selection: best_k=2 | scores={2: {'silhouette': 0.1248, 'compactness': 0.9004, 'score': 0.3325}, 3: {'silhouette': 0.1739, 'compactness': 0.9134, 'score': 0.2943}, 4: {'silhouette': 0.133, 'compactness': 0.9226, 'score': 0.2099}, 5: {'silhouette': 0.157, 'compactness': 0.9315, 'score': 0.1579}}
2026-08-20 15:58:10 | DEBUG    | fgvc.clustering.spherical_kmeans |   Init 1/10: inertia=2.700697
2026-08-20 15:58:10 | DEBUG    | fgvc.clustering.spherical_kmeans |   Init 2/10: inertia=2.536813
2026-08-20 15:58:10 | DEBUG    | fgvc.clustering.spherical_kmeans |   Init 3/10: inertia=2.554233
2026-08-20 15:58:10 | DEBUG    | fgvc.clustering.spherical_kmeans |   Init 4/10: inertia=2.508304
2026-08-20 15:58:10 | DEBUG    | fgvc.clustering.spherical_kmeans |   Init 5/10: inertia=2.490645
2026-08-20 15:58:10 | DEBUG    | fgvc.clustering.spherical_kmeans |   Init 6/10: inertia=2.518214
2026-08-20 15:58:10 | DEBUG    | fgvc.clustering.spherical_kmeans |   Init 7/10: inertia=2.483696
2026-08-20 15:58:10 | DEBUG    | fgvc.clustering.spherical_kmeans |   Init 8/10: inertia=2.642994
2026-08-20 15:58:10 | DEBUG    | fgvc.clustering.spherical_kmeans |   Init 9/10: inertia=2.479681
2026-08-20 15:58:10 | DEBUG    | fgvc.clustering.spherical_kmeans |   Init 10/10: inertia=2.539287
2026-08-20 15:58:10 | INFO     | fgvc.clustering.spherical_kmeans |   [Heermann_Gull] k_selected=2 | k_effective=2 | min_cluster=11 | max_cluster=14
2026-08-20 15:58:10 | INFO     | fgvc.clustering.spherical_kmeans |   [Henslow_Sparrow] 25 images
2026-08-20 15:58:10 | DEBUG    | fgvc.clustering.spherical_kmeans |   Init 1/5: inertia=3.448163
2026-08-20 15:58:10 | DEBUG    | fgvc.clustering.spherical_kmeans |   Init 2/5: inertia=3.417177
2026-08-20 15:58:10 | DEBUG    | fgvc.clustering.spherical_kmeans |   Init 3/5: inertia=3.377300
2026-08-20 15:58:10 | DEBUG    | fgvc.clustering.spherical_kmeans |   Init 4/5: inertia=3.394995
2026-08-20 15:58:10 | DEBUG    | fgvc.clustering.spherical_kmeans |   Init 5/5: inertia=3.359931
2026-08-20 15:58:10 | DEBUG    | fgvc.clustering.spherical_kmeans |   Init 1/5: inertia=3.116135
2026-08-20 15:58:10 | DEBUG    | fgvc.clustering.spherical_kmeans |   Init 2/5: inertia=3.134151
2026-08-20 15:58:10 | DEBUG    | fgvc.clustering.spherical_kmeans |   Init 3/5: inertia=3.113235
2026-08-20 15:58:10 | DEBUG    | fgvc.clustering.spherical_kmeans |   Init 4/5: inertia=3.150661
2026-08-20 15:58:10 | DEBUG    | fgvc.clustering.spherical_kmeans |   Init 5/5: inertia=3.203072
2026-08-20 15:58:10 | DEBUG    | fgvc.clustering.spherical_kmeans |   Init 1/5: inertia=2.823965
2026-08-20 15:58:10 | DEBUG    | fgvc.clustering.spherical_kmeans |   Init 2/5: inertia=2.798243
2026-08-20 15:58:10 | DEBUG    | fgvc.clustering.spherical_kmeans |   Init 3/5: inertia=2.853567
2026-08-20 15:58:10 | DEBUG    | fgvc.clustering.spherical_kmeans |   Init 4/5: inertia=2.727084
2026-08-20 15:58:10 | DEBUG    | fgvc.clustering.spherical_kmeans |   Init 5/5: inertia=2.819575
2026-08-20 15:58:10 | DEBUG    | fgvc.clustering.spherical_kmeans |   Init 1/5: inertia=2.623676
2026-08-20 15:58:10 | DEBUG    | fgvc.clustering.spherical_kmeans |   Init 2/5: inertia=2.693303
2026-08-20 15:58:10 | DEBUG    | fgvc.clustering.spherical_kmeans |   Init 3/5: inertia=2.658046
2026-08-20 15:58:10 | DEBUG    | fgvc.clustering.spherical_kmeans |   Init 4/5: inertia=2.667324
2026-08-20 15:58:10 | DEBUG    | fgvc.clustering.spherical_kmeans |   Init 5/5: inertia=2.745211
2026-08-20 15:58:10 | DEBUG    | fgvc.clustering.spherical_kmeans | K selection: best_k=2 | scores={2: {'silhouette': 0.0758, 'compactness': 0.8656, 'score': 0.2976}, 3: {'silhouette': 0.0847, 'compactness': 0.8755, 'score': 0.2383}, 4: {'silhouette': 0.1205, 'compactness': 0.8909, 'score': 0.1942}, 5: {'silhouette': 0.0536, 'compactness': 0.8951, 'score': 0.0953}}
2026-08-20 15:58:10 | DEBUG    | fgvc.clustering.spherical_kmeans |   Init 1/10: inertia=3.448163
2026-08-20 15:58:10 | DEBUG    | fgvc.clustering.spherical_kmeans |   Init 2/10: inertia=3.417177
2026-08-20 15:58:10 | DEBUG    | fgvc.clustering.spherical_kmeans |   Init 3/10: inertia=3.377300
2026-08-20 15:58:10 | DEBUG    | fgvc.clustering.spherical_kmeans |   Init 4/10: inertia=3.394995
2026-08-20 15:58:10 | DEBUG    | fgvc.clustering.spherical_kmeans |   Init 5/10: inertia=3.359931
2026-08-20 15:58:10 | DEBUG    | fgvc.clustering.spherical_kmeans |   Init 6/10: inertia=3.379536
2026-08-20 15:58:10 | DEBUG    | fgvc.clustering.spherical_kmeans |   Init 7/10: inertia=3.371371
2026-08-20 15:58:10 | DEBUG    | fgvc.clustering.spherical_kmeans |   Init 8/10: inertia=3.440597
2026-08-20 15:58:10 | DEBUG    | fgvc.clustering.spherical_kmeans |   Init 9/10: inertia=3.391764
2026-08-20 15:58:10 | DEBUG    | fgvc.clustering.spherical_kmeans |   Init 10/10: inertia=3.417182
2026-08-20 15:58:10 | INFO     | fgvc.clustering.spherical_kmeans |   [Henslow_Sparrow] k_selected=2 | k_effective=2 | min_cluster=11 | max_cluster=14
2026-08-20 15:58:10 | INFO     | fgvc.clustering.spherical_kmeans |   [Herring_Gull] 25 images
2026-08-20 15:58:10 | DEBUG    | fgvc.clustering.spherical_kmeans |   Init 1/5: inertia=4.983003
2026-08-20 15:58:10 | DEBUG    | fgvc.clustering.spherical_kmeans |   Init 2/5: inertia=4.853253
2026-08-20 15:58:10 | DEBUG    | fgvc.clustering.spherical_kmeans |   Init 3/5: inertia=4.815813
2026-08-20 15:58:10 | DEBUG    | fgvc.clustering.spherical_kmeans |   Init 4/5: inertia=4.800364
2026-08-20 15:58:10 | DEBUG    | fgvc.clustering.spherical_kmeans |   Init 5/5: inertia=4.959182
2026-08-20 15:58:10 | DEBUG    | fgvc.clustering.spherical_kmeans |   Init 1/5: inertia=4.218788
2026-08-20 15:58:10 | DEBUG    | fgvc.clustering.spherical_kmeans |   Init 2/5: inertia=4.218874
2026-08-20 15:58:10 | DEBUG    | fgvc.clustering.spherical_kmeans |   Init 3/5: inertia=4.316157
2026-08-20 15:58:10 | DEBUG    | fgvc.clustering.spherical_kmeans |   Init 4/5: inertia=3.956085
2026-08-20 15:58:10 | DEBUG    | fgvc.clustering.spherical_kmeans |   Init 5/5: inertia=4.401971
2026-08-20 15:58:10 | DEBUG    | fgvc.clustering.spherical_kmeans |   Init 1/5: inertia=3.828159
2026-08-20 15:58:10 | DEBUG    | fgvc.clustering.spherical_kmeans |   Init 2/5: inertia=3.946575
2026-08-20 15:58:10 | DEBUG    | fgvc.clustering.spherical_kmeans |   Init 3/5: inertia=3.832490
2026-08-20 15:58:10 | DEBUG    | fgvc.clustering.spherical_kmeans |   Init 4/5: inertia=3.725954
2026-08-20 15:58:10 | DEBUG    | fgvc.clustering.spherical_kmeans |   Init 5/5: inertia=3.673318
2026-08-20 15:58:10 | DEBUG    | fgvc.clustering.spherical_kmeans |   Init 1/5: inertia=3.351110
2026-08-20 15:58:10 | DEBUG    | fgvc.clustering.spherical_kmeans |   Init 2/5: inertia=3.602462
2026-08-20 15:58:10 | DEBUG    | fgvc.clustering.spherical_kmeans |   Init 3/5: inertia=3.355961
2026-08-20 15:58:10 | DEBUG    | fgvc.clustering.spherical_kmeans |   Init 4/5: inertia=3.611916
2026-08-20 15:58:10 | DEBUG    | fgvc.clustering.spherical_kmeans |   Init 5/5: inertia=3.580426
2026-08-20 15:58:10 | DEBUG    | fgvc.clustering.spherical_kmeans | K selection: best_k=3 | scores={2: {'silhouette': 0.0908, 'compactness': 0.808, 'score': 0.2878}, 3: {'silhouette': 0.2199, 'compactness': 0.8418, 'score': 0.2958}, 4: {'silhouette': 0.1476, 'compactness': 0.8531, 'score': 0.1964}, 5: {'silhouette': 0.1828, 'compactness': 0.866, 'score': 0.1512}}
2026-08-20 15:58:10 | DEBUG    | fgvc.clustering.spherical_kmeans |   Init 1/10: inertia=4.218788
2026-08-20 15:58:10 | DEBUG    | fgvc.clustering.spherical_kmeans |   Init 2/10: inertia=4.218874
2026-08-20 15:58:10 | DEBUG    | fgvc.clustering.spherical_kmeans |   Init 3/10: inertia=4.316157
2026-08-20 15:58:10 | DEBUG    | fgvc.clustering.spherical_kmeans |   Init 4/10: inertia=3.956085
2026-08-20 15:58:10 | DEBUG    | fgvc.clustering.spherical_kmeans |   Init 5/10: inertia=4.401971
2026-08-20 15:58:10 | DEBUG    | fgvc.clustering.spherical_kmeans |   Init 6/10: inertia=4.110017
2026-08-20 15:58:10 | DEBUG    | fgvc.clustering.spherical_kmeans |   Init 7/10: inertia=4.330699
2026-08-20 15:58:10 | DEBUG    | fgvc.clustering.spherical_kmeans |   Init 8/10: inertia=4.133072
2026-08-20 15:58:10 | DEBUG    | fgvc.clustering.spherical_kmeans |   Init 9/10: inertia=4.673010
2026-08-20 15:58:10 | DEBUG    | fgvc.clustering.spherical_kmeans |   Init 10/10: inertia=4.164395
2026-08-20 15:58:10 | INFO     | fgvc.clustering.spherical_kmeans |   [Herring_Gull] k_selected=3 | k_effective=3 | min_cluster=5 | max_cluster=14
2026-08-20 15:58:10 | INFO     | fgvc.clustering.spherical_kmeans |   [Hooded_Merganser] 25 images
2026-08-20 15:58:10 | DEBUG    | fgvc.clustering.spherical_kmeans |   Init 1/5: inertia=3.537123
2026-08-20 15:58:10 | DEBUG    | fgvc.clustering.spherical_kmeans |   Init 2/5: inertia=3.330388
2026-08-20 15:58:10 | DEBUG    | fgvc.clustering.spherical_kmeans |   Init 3/5: inertia=3.250966
2026-08-20 15:58:10 | DEBUG    | fgvc.clustering.spherical_kmeans |   Init 4/5: inertia=3.501520
2026-08-20 15:58:10 | DEBUG    | fgvc.clustering.spherical_kmeans |   Init 5/5: inertia=3.330388
2026-08-20 15:58:10 | DEBUG    | fgvc.clustering.spherical_kmeans |   Init 1/5: inertia=3.214014
2026-08-20 15:58:10 | DEBUG    | fgvc.clustering.spherical_kmeans |   Init 2/5: inertia=2.693176
2026-08-20 15:58:10 | DEBUG    | fgvc.clustering.spherical_kmeans |   Init 3/5: inertia=2.777511
2026-08-20 15:58:10 | DEBUG    | fgvc.clustering.spherical_kmeans |   Init 4/5: inertia=2.706593
2026-08-20 15:58:10 | DEBUG    | fgvc.clustering.spherical_kmeans |   Init 5/5: inertia=3.105752
2026-08-20 15:58:10 | DEBUG    | fgvc.clustering.spherical_kmeans |   Init 1/5: inertia=3.034247
2026-08-20 15:58:10 | DEBUG    | fgvc.clustering.spherical_kmeans |   Init 2/5: inertia=2.874326
2026-08-20 15:58:10 | DEBUG    | fgvc.clustering.spherical_kmeans |   Init 3/5: inertia=2.856109
2026-08-20 15:58:10 | DEBUG    | fgvc.clustering.spherical_kmeans |   Init 4/5: inertia=2.735159
2026-08-20 15:58:10 | DEBUG    | fgvc.clustering.spherical_kmeans |   Init 5/5: inertia=2.480597
2026-08-20 15:58:10 | DEBUG    | fgvc.clustering.spherical_kmeans |   Init 1/5: inertia=2.604395
2026-08-20 15:58:10 | DEBUG    | fgvc.clustering.spherical_kmeans |   Init 2/5: inertia=2.736188
2026-08-20 15:58:10 | DEBUG    | fgvc.clustering.spherical_kmeans |   Init 3/5: inertia=2.205120
2026-08-20 15:58:10 | DEBUG    | fgvc.clustering.spherical_kmeans |   Init 4/5: inertia=2.307559
2026-08-20 15:58:10 | DEBUG    | fgvc.clustering.spherical_kmeans |   Init 5/5: inertia=2.141159
2026-08-20 15:58:10 | DEBUG    | fgvc.clustering.spherical_kmeans | K selection: best_k=2 | scores={2: {'silhouette': 0.2563, 'compactness': 0.87, 'score': 0.3891}, 3: {'silhouette': 0.3687, 'compactness': 0.8923, 'score': 0.3853}, 4: {'silhouette': 0.237, 'compactness': 0.9008, 'score': 0.2554}, 5: {'silhouette': 0.0835, 'compactness': 0.9144, 'score': 0.1161}}
2026-08-20 15:58:10 | DEBUG    | fgvc.clustering.spherical_kmeans |   Init 1/10: inertia=3.537123
2026-08-20 15:58:10 | DEBUG    | fgvc.clustering.spherical_kmeans |   Init 2/10: inertia=3.330388
2026-08-20 15:58:10 | DEBUG    | fgvc.clustering.spherical_kmeans |   Init 3/10: inertia=3.250966
2026-08-20 15:58:10 | DEBUG    | fgvc.clustering.spherical_kmeans |   Init 4/10: inertia=3.501520
2026-08-20 15:58:10 | DEBUG    | fgvc.clustering.spherical_kmeans |   Init 5/10: inertia=3.330388
2026-08-20 15:58:10 | DEBUG    | fgvc.clustering.spherical_kmeans |   Init 6/10: inertia=3.330388
2026-08-20 15:58:10 | DEBUG    | fgvc.clustering.spherical_kmeans |   Init 7/10: inertia=3.319822
2026-08-20 15:58:10 | DEBUG    | fgvc.clustering.spherical_kmeans |   Init 8/10: inertia=3.339091
2026-08-20 15:58:10 | DEBUG    | fgvc.clustering.spherical_kmeans |   Init 9/10: inertia=3.116792
2026-08-20 15:58:10 | DEBUG    | fgvc.clustering.spherical_kmeans |   Init 10/10: inertia=3.221397
2026-08-20 15:58:10 | INFO     | fgvc.clustering.spherical_kmeans |   [Hooded_Merganser] k_selected=2 | k_effective=1 | min_cluster=25 | max_cluster=25
2026-08-20 15:58:10 | INFO     | fgvc.clustering.spherical_kmeans |   [Hooded_Oriole] 25 images
2026-08-20 15:58:10 | DEBUG    | fgvc.clustering.spherical_kmeans |   Init 1/5: inertia=2.863488
2026-08-20 15:58:10 | DEBUG    | fgvc.clustering.spherical_kmeans |   Init 2/5: inertia=2.863488
2026-08-20 15:58:10 | DEBUG    | fgvc.clustering.spherical_kmeans |   Init 3/5: inertia=2.863488
2026-08-20 15:58:10 | DEBUG    | fgvc.clustering.spherical_kmeans |   Init 4/5: inertia=2.863488
2026-08-20 15:58:10 | DEBUG    | fgvc.clustering.spherical_kmeans |   Init 5/5: inertia=2.863488
2026-08-20 15:58:10 | DEBUG    | fgvc.clustering.spherical_kmeans |   Init 1/5: inertia=2.623945
2026-08-20 15:58:10 | DEBUG    | fgvc.clustering.spherical_kmeans |   Init 2/5: inertia=2.720352
2026-08-20 15:58:10 | DEBUG    | fgvc.clustering.spherical_kmeans |   Init 3/5: inertia=2.658015
2026-08-20 15:58:10 | DEBUG    | fgvc.clustering.spherical_kmeans |   Init 4/5: inertia=2.587002
2026-08-20 15:58:10 | DEBUG    | fgvc.clustering.spherical_kmeans |   Init 5/5: inertia=2.693939
2026-08-20 15:58:10 | DEBUG    | fgvc.clustering.spherical_kmeans |   Init 1/5: inertia=2.514074
2026-08-20 15:58:10 | DEBUG    | fgvc.clustering.spherical_kmeans |   Init 2/5: inertia=2.600308
2026-08-20 15:58:10 | DEBUG    | fgvc.clustering.spherical_kmeans |   Init 3/5: inertia=2.450507
2026-08-20 15:58:10 | DEBUG    | fgvc.clustering.spherical_kmeans |   Init 4/5: inertia=2.449923
2026-08-20 15:58:10 | DEBUG    | fgvc.clustering.spherical_kmeans |   Init 5/5: inertia=2.507493
2026-08-20 15:58:10 | DEBUG    | fgvc.clustering.spherical_kmeans |   Init 1/5: inertia=2.328805
2026-08-20 15:58:10 | DEBUG    | fgvc.clustering.spherical_kmeans |   Init 2/5: inertia=2.388362
2026-08-20 15:58:10 | DEBUG    | fgvc.clustering.spherical_kmeans |   Init 3/5: inertia=2.262895
2026-08-20 15:58:10 | DEBUG    | fgvc.clustering.spherical_kmeans |   Init 4/5: inertia=2.263866
2026-08-20 15:58:10 | DEBUG    | fgvc.clustering.spherical_kmeans |   Init 5/5: inertia=2.296082
2026-08-20 15:58:10 | DEBUG    | fgvc.clustering.spherical_kmeans | K selection: best_k=2 | scores={2: {'silhouette': 0.5278, 'compactness': 0.8855, 'score': 0.5295}, 3: {'silhouette': 0.2452, 'compactness': 0.8965, 'score': 0.3249}, 4: {'silhouette': 0.2231, 'compactness': 0.902, 'score': 0.2488}, 5: {'silhouette': 0.1167, 'compactness': 0.9095, 'score': 0.1312}}
2026-08-20 15:58:10 | DEBUG    | fgvc.clustering.spherical_kmeans |   Init 1/10: inertia=2.863488
2026-08-20 15:58:10 | DEBUG    | fgvc.clustering.spherical_kmeans |   Init 2/10: inertia=2.863488
2026-08-20 15:58:10 | DEBUG    | fgvc.clustering.spherical_kmeans |   Init 3/10: inertia=2.863488
2026-08-20 15:58:10 | DEBUG    | fgvc.clustering.spherical_kmeans |   Init 4/10: inertia=2.863488
2026-08-20 15:58:10 | DEBUG    | fgvc.clustering.spherical_kmeans |   Init 5/10: inertia=2.863488
2026-08-20 15:58:10 | DEBUG    | fgvc.clustering.spherical_kmeans |   Init 6/10: inertia=2.863488
2026-08-20 15:58:10 | DEBUG    | fgvc.clustering.spherical_kmeans |   Init 7/10: inertia=2.863488
2026-08-20 15:58:10 | DEBUG    | fgvc.clustering.spherical_kmeans |   Init 8/10: inertia=2.863488
2026-08-20 15:58:10 | DEBUG    | fgvc.clustering.spherical_kmeans |   Init 9/10: inertia=2.863488
2026-08-20 15:58:10 | DEBUG    | fgvc.clustering.spherical_kmeans |   Init 10/10: inertia=2.863488
2026-08-20 15:58:10 | INFO     | fgvc.clustering.spherical_kmeans |   [Hooded_Oriole] k_selected=2 | k_effective=2 | min_cluster=7 | max_cluster=18
2026-08-20 15:58:10 | INFO     | fgvc.clustering.spherical_kmeans |   [Hooded_Warbler] 25 images
2026-08-20 15:58:10 | DEBUG    | fgvc.clustering.spherical_kmeans |   Init 1/5: inertia=3.076276
2026-08-20 15:58:10 | DEBUG    | fgvc.clustering.spherical_kmeans |   Init 2/5: inertia=3.076276
2026-08-20 15:58:10 | DEBUG    | fgvc.clustering.spherical_kmeans |   Init 3/5: inertia=3.623837
2026-08-20 15:58:10 | DEBUG    | fgvc.clustering.spherical_kmeans |   Init 4/5: inertia=3.076276
2026-08-20 15:58:10 | DEBUG    | fgvc.clustering.spherical_kmeans |   Init 5/5: inertia=3.076276
2026-08-20 15:58:10 | DEBUG    | fgvc.clustering.spherical_kmeans |   Init 1/5: inertia=2.691157
2026-08-20 15:58:10 | DEBUG    | fgvc.clustering.spherical_kmeans |   Init 2/5: inertia=3.014221
2026-08-20 15:58:10 | DEBUG    | fgvc.clustering.spherical_kmeans |   Init 3/5: inertia=3.028965
2026-08-20 15:58:10 | DEBUG    | fgvc.clustering.spherical_kmeans |   Init 4/5: inertia=2.970440
2026-08-20 15:58:10 | DEBUG    | fgvc.clustering.spherical_kmeans |   Init 5/5: inertia=2.691579
2026-08-20 15:58:10 | DEBUG    | fgvc.clustering.spherical_kmeans |   Init 1/5: inertia=2.183580
2026-08-20 15:58:10 | DEBUG    | fgvc.clustering.spherical_kmeans |   Init 2/5: inertia=2.802333
2026-08-20 15:58:10 | DEBUG    | fgvc.clustering.spherical_kmeans |   Init 3/5: inertia=2.323529
2026-08-20 15:58:10 | DEBUG    | fgvc.clustering.spherical_kmeans |   Init 4/5: inertia=2.889634
2026-08-20 15:58:10 | DEBUG    | fgvc.clustering.spherical_kmeans |   Init 5/5: inertia=2.760829
2026-08-20 15:58:10 | DEBUG    | fgvc.clustering.spherical_kmeans |   Init 1/5: inertia=1.971570
2026-08-20 15:58:10 | DEBUG    | fgvc.clustering.spherical_kmeans |   Init 2/5: inertia=2.330668
2026-08-20 15:58:10 | DEBUG    | fgvc.clustering.spherical_kmeans |   Init 3/5: inertia=2.301761
2026-08-20 15:58:10 | DEBUG    | fgvc.clustering.spherical_kmeans |   Init 4/5: inertia=2.487133
2026-08-20 15:58:10 | DEBUG    | fgvc.clustering.spherical_kmeans |   Init 5/5: inertia=2.564803
2026-08-20 15:58:10 | DEBUG    | fgvc.clustering.spherical_kmeans | K selection: best_k=2 | scores={2: {'silhouette': 0.4519, 'compactness': 0.8769, 'score': 0.489}, 3: {'silhouette': 0.5144, 'compactness': 0.8924, 'score': 0.4582}, 4: {'silhouette': 0.4462, 'compactness': 0.9127, 'score': 0.3635}, 5: {'silhouette': 0.2218, 'compactness': 0.9211, 'score': 0.1872}}
2026-08-20 15:58:10 | DEBUG    | fgvc.clustering.spherical_kmeans |   Init 1/10: inertia=3.076276
2026-08-20 15:58:10 | DEBUG    | fgvc.clustering.spherical_kmeans |   Init 2/10: inertia=3.076276
2026-08-20 15:58:10 | DEBUG    | fgvc.clustering.spherical_kmeans |   Init 3/10: inertia=3.623837
2026-08-20 15:58:10 | DEBUG    | fgvc.clustering.spherical_kmeans |   Init 4/10: inertia=3.076276
2026-08-20 15:58:10 | DEBUG    | fgvc.clustering.spherical_kmeans |   Init 5/10: inertia=3.076276
2026-08-20 15:58:10 | DEBUG    | fgvc.clustering.spherical_kmeans |   Init 6/10: inertia=3.185959
2026-08-20 15:58:10 | DEBUG    | fgvc.clustering.spherical_kmeans |   Init 7/10: inertia=3.905167
2026-08-20 15:58:10 | DEBUG    | fgvc.clustering.spherical_kmeans |   Init 8/10: inertia=3.185959
2026-08-20 15:58:10 | DEBUG    | fgvc.clustering.spherical_kmeans |   Init 9/10: inertia=3.162416
2026-08-20 15:58:10 | DEBUG    | fgvc.clustering.spherical_kmeans |   Init 10/10: inertia=3.076276
2026-08-20 15:58:10 | INFO     | fgvc.clustering.spherical_kmeans |   [Hooded_Warbler] k_selected=2 | k_effective=2 | min_cluster=6 | max_cluster=19
2026-08-20 15:58:10 | INFO     | fgvc.clustering.spherical_kmeans |   [Horned_Grebe] 25 images
2026-08-20 15:58:10 | DEBUG    | fgvc.clustering.spherical_kmeans |   Init 1/5: inertia=4.223098
2026-08-20 15:58:10 | DEBUG    | fgvc.clustering.spherical_kmeans |   Init 2/5: inertia=4.217834
2026-08-20 15:58:10 | DEBUG    | fgvc.clustering.spherical_kmeans |   Init 3/5: inertia=3.359093
2026-08-20 15:58:10 | DEBUG    | fgvc.clustering.spherical_kmeans |   Init 4/5: inertia=3.359093
2026-08-20 15:58:10 | DEBUG    | fgvc.clustering.spherical_kmeans |   Init 5/5: inertia=3.359093
2026-08-20 15:58:10 | DEBUG    | fgvc.clustering.spherical_kmeans |   Init 1/5: inertia=3.807791
2026-08-20 15:58:10 | DEBUG    | fgvc.clustering.spherical_kmeans |   Init 2/5: inertia=3.032976
2026-08-20 15:58:10 | DEBUG    | fgvc.clustering.spherical_kmeans |   Init 3/5: inertia=3.188219
2026-08-20 15:58:10 | DEBUG    | fgvc.clustering.spherical_kmeans |   Init 4/5: inertia=2.998131
2026-08-20 15:58:10 | DEBUG    | fgvc.clustering.spherical_kmeans |   Init 5/5: inertia=2.998131
2026-08-20 15:58:10 | DEBUG    | fgvc.clustering.spherical_kmeans |   Init 1/5: inertia=2.801626
2026-08-20 15:58:10 | DEBUG    | fgvc.clustering.spherical_kmeans |   Init 2/5: inertia=2.778223
2026-08-20 15:58:10 | DEBUG    | fgvc.clustering.spherical_kmeans |   Init 3/5: inertia=2.823333
2026-08-20 15:58:10 | DEBUG    | fgvc.clustering.spherical_kmeans |   Init 4/5: inertia=2.687159
2026-08-20 15:58:10 | DEBUG    | fgvc.clustering.spherical_kmeans |   Init 5/5: inertia=2.885556
2026-08-20 15:58:10 | DEBUG    | fgvc.clustering.spherical_kmeans |   Init 1/5: inertia=2.601856
2026-08-20 15:58:10 | DEBUG    | fgvc.clustering.spherical_kmeans |   Init 2/5: inertia=2.672051
2026-08-20 15:58:10 | DEBUG    | fgvc.clustering.spherical_kmeans |   Init 3/5: inertia=2.573405
2026-08-20 15:58:10 | DEBUG    | fgvc.clustering.spherical_kmeans |   Init 4/5: inertia=2.515697
2026-08-20 15:58:10 | DEBUG    | fgvc.clustering.spherical_kmeans |   Init 5/5: inertia=2.709037
2026-08-20 15:58:10 | DEBUG    | fgvc.clustering.spherical_kmeans | K selection: best_k=2 | scores={2: {'silhouette': 0.3306, 'compactness': 0.8656, 'score': 0.425}, 3: {'silhouette': 0.3046, 'compactness': 0.8801, 'score': 0.3496}, 4: {'silhouette': 0.1864, 'compactness': 0.8925, 'score': 0.2276}, 5: {'silhouette': 0.2435, 'compactness': 0.8994, 'score': 0.1916}}
2026-08-20 15:58:10 | DEBUG    | fgvc.clustering.spherical_kmeans |   Init 1/10: inertia=4.223098
2026-08-20 15:58:10 | DEBUG    | fgvc.clustering.spherical_kmeans |   Init 2/10: inertia=4.217834
2026-08-20 15:58:10 | DEBUG    | fgvc.clustering.spherical_kmeans |   Init 3/10: inertia=3.359093
2026-08-20 15:58:10 | DEBUG    | fgvc.clustering.spherical_kmeans |   Init 4/10: inertia=3.359093
2026-08-20 15:58:10 | DEBUG    | fgvc.clustering.spherical_kmeans |   Init 5/10: inertia=3.359093
2026-08-20 15:58:10 | DEBUG    | fgvc.clustering.spherical_kmeans |   Init 6/10: inertia=3.335643
2026-08-20 15:58:10 | DEBUG    | fgvc.clustering.spherical_kmeans |   Init 7/10: inertia=3.343967
2026-08-20 15:58:10 | DEBUG    | fgvc.clustering.spherical_kmeans |   Init 8/10: inertia=3.335643
2026-08-20 15:58:10 | DEBUG    | fgvc.clustering.spherical_kmeans |   Init 9/10: inertia=3.335643
2026-08-20 15:58:10 | DEBUG    | fgvc.clustering.spherical_kmeans |   Init 10/10: inertia=3.359093
2026-08-20 15:58:10 | INFO     | fgvc.clustering.spherical_kmeans |   [Horned_Grebe] k_selected=2 | k_effective=2 | min_cluster=11 | max_cluster=14
2026-08-20 15:58:10 | INFO     | fgvc.clustering.spherical_kmeans |   [Horned_Lark] 25 images
2026-08-20 15:58:10 | DEBUG    | fgvc.clustering.spherical_kmeans |   Init 1/5: inertia=3.087406
2026-08-20 15:58:10 | DEBUG    | fgvc.clustering.spherical_kmeans |   Init 2/5: inertia=3.034159
2026-08-20 15:58:10 | DEBUG    | fgvc.clustering.spherical_kmeans |   Init 3/5: inertia=3.047099
2026-08-20 15:58:10 | DEBUG    | fgvc.clustering.spherical_kmeans |   Init 4/5: inertia=3.065949
2026-08-20 15:58:10 | DEBUG    | fgvc.clustering.spherical_kmeans |   Init 5/5: inertia=3.065949
2026-08-20 15:58:10 | DEBUG    | fgvc.clustering.spherical_kmeans |   Init 1/5: inertia=2.800450
2026-08-20 15:58:10 | DEBUG    | fgvc.clustering.spherical_kmeans |   Init 2/5: inertia=2.889665
2026-08-20 15:58:10 | DEBUG    | fgvc.clustering.spherical_kmeans |   Init 3/5: inertia=2.782511
2026-08-20 15:58:10 | DEBUG    | fgvc.clustering.spherical_kmeans |   Init 4/5: inertia=2.765779
2026-08-20 15:58:10 | DEBUG    | fgvc.clustering.spherical_kmeans |   Init 5/5: inertia=2.825566
2026-08-20 15:58:10 | DEBUG    | fgvc.clustering.spherical_kmeans |   Init 1/5: inertia=2.643283
2026-08-20 15:58:10 | DEBUG    | fgvc.clustering.spherical_kmeans |   Init 2/5: inertia=2.526244
2026-08-20 15:58:10 | DEBUG    | fgvc.clustering.spherical_kmeans |   Init 3/5: inertia=2.514917
2026-08-20 15:58:10 | DEBUG    | fgvc.clustering.spherical_kmeans |   Init 4/5: inertia=2.623612
2026-08-20 15:58:10 | DEBUG    | fgvc.clustering.spherical_kmeans |   Init 5/5: inertia=2.505206
2026-08-20 15:58:10 | DEBUG    | fgvc.clustering.spherical_kmeans |   Init 1/5: inertia=2.389985
2026-08-20 15:58:10 | DEBUG    | fgvc.clustering.spherical_kmeans |   Init 2/5: inertia=2.332102
2026-08-20 15:58:10 | DEBUG    | fgvc.clustering.spherical_kmeans |   Init 3/5: inertia=2.436746
2026-08-20 15:58:10 | DEBUG    | fgvc.clustering.spherical_kmeans |   Init 4/5: inertia=2.391386
2026-08-20 15:58:10 | DEBUG    | fgvc.clustering.spherical_kmeans |   Init 5/5: inertia=2.368825
2026-08-20 15:58:10 | DEBUG    | fgvc.clustering.spherical_kmeans | K selection: best_k=2 | scores={2: {'silhouette': 0.1031, 'compactness': 0.8786, 'score': 0.3152}, 3: {'silhouette': 0.0895, 'compactness': 0.8894, 'score': 0.2449}, 4: {'silhouette': 0.1042, 'compactness': 0.8998, 'score': 0.1887}, 5: {'silhouette': 0.0954, 'compactness': 0.9067, 'score': 0.1197}}
2026-08-20 15:58:10 | DEBUG    | fgvc.clustering.spherical_kmeans |   Init 1/10: inertia=3.087406
2026-08-20 15:58:10 | DEBUG    | fgvc.clustering.spherical_kmeans |   Init 2/10: inertia=3.034159
2026-08-20 15:58:10 | DEBUG    | fgvc.clustering.spherical_kmeans |   Init 3/10: inertia=3.047099
2026-08-20 15:58:10 | DEBUG    | fgvc.clustering.spherical_kmeans |   Init 4/10: inertia=3.065949
2026-08-20 15:58:10 | DEBUG    | fgvc.clustering.spherical_kmeans |   Init 5/10: inertia=3.065949
2026-08-20 15:58:10 | DEBUG    | fgvc.clustering.spherical_kmeans |   Init 6/10: inertia=3.047670
2026-08-20 15:58:10 | DEBUG    | fgvc.clustering.spherical_kmeans |   Init 7/10: inertia=3.067670
2026-08-20 15:58:10 | DEBUG    | fgvc.clustering.spherical_kmeans |   Init 8/10: inertia=3.011798
2026-08-20 15:58:10 | DEBUG    | fgvc.clustering.spherical_kmeans |   Init 9/10: inertia=3.065949
2026-08-20 15:58:10 | DEBUG    | fgvc.clustering.spherical_kmeans |   Init 10/10: inertia=3.027647
2026-08-20 15:58:10 | INFO     | fgvc.clustering.spherical_kmeans |   [Horned_Lark] k_selected=2 | k_effective=2 | min_cluster=5 | max_cluster=20
2026-08-20 15:58:10 | INFO     | fgvc.clustering.spherical_kmeans |   [Horned_Puffin] 25 images
2026-08-20 15:58:10 | DEBUG    | fgvc.clustering.spherical_kmeans |   Init 1/5: inertia=2.975368
2026-08-20 15:58:10 | DEBUG    | fgvc.clustering.spherical_kmeans |   Init 2/5: inertia=2.972391
2026-08-20 15:58:10 | DEBUG    | fgvc.clustering.spherical_kmeans |   Init 3/5: inertia=3.134555
2026-08-20 15:58:10 | DEBUG    | fgvc.clustering.spherical_kmeans |   Init 4/5: inertia=3.210121
2026-08-20 15:58:10 | DEBUG    | fgvc.clustering.spherical_kmeans |   Init 5/5: inertia=3.121054
2026-08-20 15:58:10 | DEBUG    | fgvc.clustering.spherical_kmeans |   Init 1/5: inertia=2.799413
2026-08-20 15:58:10 | DEBUG    | fgvc.clustering.spherical_kmeans |   Init 2/5: inertia=2.850020
2026-08-20 15:58:10 | DEBUG    | fgvc.clustering.spherical_kmeans |   Init 3/5: inertia=2.858127
2026-08-20 15:58:10 | DEBUG    | fgvc.clustering.spherical_kmeans |   Init 4/5: inertia=2.904672
2026-08-20 15:58:10 | DEBUG    | fgvc.clustering.spherical_kmeans |   Init 5/5: inertia=2.799280
2026-08-20 15:58:10 | DEBUG    | fgvc.clustering.spherical_kmeans |   Init 1/5: inertia=2.596935
2026-08-20 15:58:10 | DEBUG    | fgvc.clustering.spherical_kmeans |   Init 2/5: inertia=2.662358
2026-08-20 15:58:10 | DEBUG    | fgvc.clustering.spherical_kmeans |   Init 3/5: inertia=2.842955
2026-08-20 15:58:10 | DEBUG    | fgvc.clustering.spherical_kmeans |   Init 4/5: inertia=2.603767
2026-08-20 15:58:10 | DEBUG    | fgvc.clustering.spherical_kmeans |   Init 5/5: inertia=2.481167
2026-08-20 15:58:10 | DEBUG    | fgvc.clustering.spherical_kmeans |   Init 1/5: inertia=2.382084
2026-08-20 15:58:10 | DEBUG    | fgvc.clustering.spherical_kmeans |   Init 2/5: inertia=2.449886
2026-08-20 15:58:10 | DEBUG    | fgvc.clustering.spherical_kmeans |   Init 3/5: inertia=2.403177
2026-08-20 15:58:10 | DEBUG    | fgvc.clustering.spherical_kmeans |   Init 4/5: inertia=2.358700
2026-08-20 15:58:10 | DEBUG    | fgvc.clustering.spherical_kmeans |   Init 5/5: inertia=2.489105
2026-08-20 15:58:10 | DEBUG    | fgvc.clustering.spherical_kmeans | K selection: best_k=2 | scores={2: {'silhouette': 0.147, 'compactness': 0.8811, 'score': 0.3378}, 3: {'silhouette': 0.1122, 'compactness': 0.888, 'score': 0.2558}, 4: {'silhouette': 0.128, 'compactness': 0.9008, 'score': 0.2009}, 5: {'silhouette': 0.1039, 'compactness': 0.9057, 'score': 0.1237}}
2026-08-20 15:58:10 | DEBUG    | fgvc.clustering.spherical_kmeans |   Init 1/10: inertia=2.975368
2026-08-20 15:58:10 | DEBUG    | fgvc.clustering.spherical_kmeans |   Init 2/10: inertia=2.972391
2026-08-20 15:58:10 | DEBUG    | fgvc.clustering.spherical_kmeans |   Init 3/10: inertia=3.134555
2026-08-20 15:58:10 | DEBUG    | fgvc.clustering.spherical_kmeans |   Init 4/10: inertia=3.210121
2026-08-20 15:58:10 | DEBUG    | fgvc.clustering.spherical_kmeans |   Init 5/10: inertia=3.121054
2026-08-20 15:58:10 | DEBUG    | fgvc.clustering.spherical_kmeans |   Init 6/10: inertia=3.205449
2026-08-20 15:58:10 | DEBUG    | fgvc.clustering.spherical_kmeans |   Init 7/10: inertia=3.135850
2026-08-20 15:58:10 | DEBUG    | fgvc.clustering.spherical_kmeans |   Init 8/10: inertia=3.101899
2026-08-20 15:58:10 | DEBUG    | fgvc.clustering.spherical_kmeans |   Init 9/10: inertia=3.041491
2026-08-20 15:58:10 | DEBUG    | fgvc.clustering.spherical_kmeans |   Init 10/10: inertia=3.232902
2026-08-20 15:58:10 | INFO     | fgvc.clustering.spherical_kmeans |   [Horned_Puffin] k_selected=2 | k_effective=2 | min_cluster=12 | max_cluster=13
2026-08-20 15:58:10 | INFO     | fgvc.clustering.spherical_kmeans |   [House_Sparrow] 25 images
2026-08-20 15:58:10 | DEBUG    | fgvc.clustering.spherical_kmeans |   Init 1/5: inertia=4.087900
2026-08-20 15:58:10 | DEBUG    | fgvc.clustering.spherical_kmeans |   Init 2/5: inertia=3.961243
2026-08-20 15:58:10 | DEBUG    | fgvc.clustering.spherical_kmeans |   Init 3/5: inertia=3.961243
2026-08-20 15:58:10 | DEBUG    | fgvc.clustering.spherical_kmeans |   Init 4/5: inertia=3.953539
2026-08-20 15:58:10 | DEBUG    | fgvc.clustering.spherical_kmeans |   Init 5/5: inertia=3.920506
2026-08-20 15:58:10 | DEBUG    | fgvc.clustering.spherical_kmeans |   Init 1/5: inertia=3.935142
2026-08-20 15:58:10 | DEBUG    | fgvc.clustering.spherical_kmeans |   Init 2/5: inertia=3.687919
2026-08-20 15:58:10 | DEBUG    | fgvc.clustering.spherical_kmeans |   Init 3/5: inertia=3.694642
2026-08-20 15:58:10 | DEBUG    | fgvc.clustering.spherical_kmeans |   Init 4/5: inertia=3.749281
2026-08-20 15:58:10 | DEBUG    | fgvc.clustering.spherical_kmeans |   Init 5/5: inertia=3.706075
2026-08-20 15:58:10 | DEBUG    | fgvc.clustering.spherical_kmeans |   Init 1/5: inertia=3.401109
2026-08-20 15:58:10 | DEBUG    | fgvc.clustering.spherical_kmeans |   Init 2/5: inertia=3.436496
2026-08-20 15:58:10 | DEBUG    | fgvc.clustering.spherical_kmeans |   Init 3/5: inertia=3.405013
2026-08-20 15:58:10 | DEBUG    | fgvc.clustering.spherical_kmeans |   Init 4/5: inertia=3.380919
2026-08-20 15:58:10 | DEBUG    | fgvc.clustering.spherical_kmeans |   Init 5/5: inertia=3.361955
2026-08-20 15:58:10 | DEBUG    | fgvc.clustering.spherical_kmeans |   Init 1/5: inertia=3.133963
2026-08-20 15:58:10 | DEBUG    | fgvc.clustering.spherical_kmeans |   Init 2/5: inertia=3.213176
2026-08-20 15:58:10 | DEBUG    | fgvc.clustering.spherical_kmeans |   Init 3/5: inertia=3.167071
2026-08-20 15:58:10 | DEBUG    | fgvc.clustering.spherical_kmeans |   Init 4/5: inertia=3.127410
2026-08-20 15:58:10 | DEBUG    | fgvc.clustering.spherical_kmeans |   Init 5/5: inertia=3.356842
2026-08-20 15:58:10 | DEBUG    | fgvc.clustering.spherical_kmeans | K selection: best_k=2 | scores={2: {'silhouette': 0.3471, 'compactness': 0.8432, 'score': 0.4265}, 3: {'silhouette': 0.2826, 'compactness': 0.8525, 'score': 0.3304}, 4: {'silhouette': 0.0815, 'compactness': 0.8655, 'score': 0.1671}, 5: {'silhouette': 0.0683, 'compactness': 0.8749, 'score': 0.0966}}
2026-08-20 15:58:10 | DEBUG    | fgvc.clustering.spherical_kmeans |   Init 1/10: inertia=4.087900
2026-08-20 15:58:10 | DEBUG    | fgvc.clustering.spherical_kmeans |   Init 2/10: inertia=3.961243
2026-08-20 15:58:10 | DEBUG    | fgvc.clustering.spherical_kmeans |   Init 3/10: inertia=3.961243
2026-08-20 15:58:10 | DEBUG    | fgvc.clustering.spherical_kmeans |   Init 4/10: inertia=3.953539
2026-08-20 15:58:10 | DEBUG    | fgvc.clustering.spherical_kmeans |   Init 5/10: inertia=3.920506
2026-08-20 15:58:10 | DEBUG    | fgvc.clustering.spherical_kmeans |   Init 6/10: inertia=3.961243
2026-08-20 15:58:10 | DEBUG    | fgvc.clustering.spherical_kmeans |   Init 7/10: inertia=3.934051
2026-08-20 15:58:10 | DEBUG    | fgvc.clustering.spherical_kmeans |   Init 8/10: inertia=3.934051
2026-08-20 15:58:10 | DEBUG    | fgvc.clustering.spherical_kmeans |   Init 9/10: inertia=3.953539
2026-08-20 15:58:10 | DEBUG    | fgvc.clustering.spherical_kmeans |   Init 10/10: inertia=4.727760
2026-08-20 15:58:10 | INFO     | fgvc.clustering.spherical_kmeans |   [House_Sparrow] k_selected=2 | k_effective=2 | min_cluster=6 | max_cluster=19
2026-08-20 15:58:10 | INFO     | fgvc.clustering.spherical_kmeans |   [House_Wren] 25 images
2026-08-20 15:58:10 | DEBUG    | fgvc.clustering.spherical_kmeans |   Init 1/5: inertia=4.805096
2026-08-20 15:58:10 | DEBUG    | fgvc.clustering.spherical_kmeans |   Init 2/5: inertia=4.736790
2026-08-20 15:58:10 | DEBUG    | fgvc.clustering.spherical_kmeans |   Init 3/5: inertia=4.841733
2026-08-20 15:58:10 | DEBUG    | fgvc.clustering.spherical_kmeans |   Init 4/5: inertia=4.713176
2026-08-20 15:58:10 | DEBUG    | fgvc.clustering.spherical_kmeans |   Init 5/5: inertia=4.753030
2026-08-20 15:58:10 | DEBUG    | fgvc.clustering.spherical_kmeans |   Init 1/5: inertia=4.411482
2026-08-20 15:58:10 | DEBUG    | fgvc.clustering.spherical_kmeans |   Init 2/5: inertia=4.440629
2026-08-20 15:58:10 | DEBUG    | fgvc.clustering.spherical_kmeans |   Init 3/5: inertia=4.449156
2026-08-20 15:58:10 | DEBUG    | fgvc.clustering.spherical_kmeans |   Init 4/5: inertia=4.397001
2026-08-20 15:58:10 | DEBUG    | fgvc.clustering.spherical_kmeans |   Init 5/5: inertia=4.491687
2026-08-20 15:58:10 | DEBUG    | fgvc.clustering.spherical_kmeans |   Init 1/5: inertia=4.066239
2026-08-20 15:58:10 | DEBUG    | fgvc.clustering.spherical_kmeans |   Init 2/5: inertia=4.113565
2026-08-20 15:58:10 | DEBUG    | fgvc.clustering.spherical_kmeans |   Init 3/5: inertia=4.046218
2026-08-20 15:58:10 | DEBUG    | fgvc.clustering.spherical_kmeans |   Init 4/5: inertia=4.149656
2026-08-20 15:58:10 | DEBUG    | fgvc.clustering.spherical_kmeans |   Init 5/5: inertia=4.130071
2026-08-20 15:58:10 | DEBUG    | fgvc.clustering.spherical_kmeans |   Init 1/5: inertia=3.807157
2026-08-20 15:58:10 | DEBUG    | fgvc.clustering.spherical_kmeans |   Init 2/5: inertia=3.753221
2026-08-20 15:58:10 | DEBUG    | fgvc.clustering.spherical_kmeans |   Init 3/5: inertia=3.719221
2026-08-20 15:58:10 | DEBUG    | fgvc.clustering.spherical_kmeans |   Init 4/5: inertia=3.796524
2026-08-20 15:58:10 | DEBUG    | fgvc.clustering.spherical_kmeans |   Init 5/5: inertia=3.804431
2026-08-20 15:58:10 | DEBUG    | fgvc.clustering.spherical_kmeans | K selection: best_k=2 | scores={2: {'silhouette': 0.0935, 'compactness': 0.8115, 'score': 0.2902}, 3: {'silhouette': 0.0246, 'compactness': 0.8241, 'score': 0.1929}, 4: {'silhouette': 0.0058, 'compactness': 0.8382, 'score': 0.121}, 5: {'silhouette': 0.0219, 'compactness': 0.8512, 'score': 0.0663}}
2026-08-20 15:58:10 | DEBUG    | fgvc.clustering.spherical_kmeans |   Init 1/10: inertia=4.805096
2026-08-20 15:58:10 | DEBUG    | fgvc.clustering.spherical_kmeans |   Init 2/10: inertia=4.736790
2026-08-20 15:58:10 | DEBUG    | fgvc.clustering.spherical_kmeans |   Init 3/10: inertia=4.841733
2026-08-20 15:58:10 | DEBUG    | fgvc.clustering.spherical_kmeans |   Init 4/10: inertia=4.713176
2026-08-20 15:58:10 | DEBUG    | fgvc.clustering.spherical_kmeans |   Init 5/10: inertia=4.753030
2026-08-20 15:58:10 | DEBUG    | fgvc.clustering.spherical_kmeans |   Init 6/10: inertia=4.840003
2026-08-20 15:58:10 | DEBUG    | fgvc.clustering.spherical_kmeans |   Init 7/10: inertia=4.650408
2026-08-20 15:58:10 | DEBUG    | fgvc.clustering.spherical_kmeans |   Init 8/10: inertia=4.845371
2026-08-20 15:58:10 | DEBUG    | fgvc.clustering.spherical_kmeans |   Init 9/10: inertia=4.749787
2026-08-20 15:58:10 | DEBUG    | fgvc.clustering.spherical_kmeans |   Init 10/10: inertia=4.822862
2026-08-20 15:58:10 | INFO     | fgvc.clustering.spherical_kmeans |   [House_Wren] k_selected=2 | k_effective=1 | min_cluster=25 | max_cluster=25
2026-08-20 15:58:10 | INFO     | fgvc.clustering.spherical_kmeans |   [Indigo_Bunting] 25 images
2026-08-20 15:58:10 | DEBUG    | fgvc.clustering.spherical_kmeans |   Init 1/5: inertia=3.119359
2026-08-20 15:58:10 | DEBUG    | fgvc.clustering.spherical_kmeans |   Init 2/5: inertia=3.118685
2026-08-20 15:58:10 | DEBUG    | fgvc.clustering.spherical_kmeans |   Init 3/5: inertia=2.970900
2026-08-20 15:58:10 | DEBUG    | fgvc.clustering.spherical_kmeans |   Init 4/5: inertia=3.032767
2026-08-20 15:58:10 | DEBUG    | fgvc.clustering.spherical_kmeans |   Init 5/5: inertia=2.996351
2026-08-20 15:58:10 | DEBUG    | fgvc.clustering.spherical_kmeans |   Init 1/5: inertia=2.812003
2026-08-20 15:58:10 | DEBUG    | fgvc.clustering.spherical_kmeans |   Init 2/5: inertia=2.692279
2026-08-20 15:58:10 | DEBUG    | fgvc.clustering.spherical_kmeans |   Init 3/5: inertia=2.846243
2026-08-20 15:58:10 | DEBUG    | fgvc.clustering.spherical_kmeans |   Init 4/5: inertia=2.898912
2026-08-20 15:58:10 | DEBUG    | fgvc.clustering.spherical_kmeans |   Init 5/5: inertia=2.736282
2026-08-20 15:58:10 | DEBUG    | fgvc.clustering.spherical_kmeans |   Init 1/5: inertia=2.542251
2026-08-20 15:58:10 | DEBUG    | fgvc.clustering.spherical_kmeans |   Init 2/5: inertia=2.618340
2026-08-20 15:58:10 | DEBUG    | fgvc.clustering.spherical_kmeans |   Init 3/5: inertia=2.430679
2026-08-20 15:58:10 | DEBUG    | fgvc.clustering.spherical_kmeans |   Init 4/5: inertia=2.592968
2026-08-20 15:58:10 | DEBUG    | fgvc.clustering.spherical_kmeans |   Init 5/5: inertia=2.752470
2026-08-20 15:58:10 | DEBUG    | fgvc.clustering.spherical_kmeans |   Init 1/5: inertia=2.398590
2026-08-20 15:58:10 | DEBUG    | fgvc.clustering.spherical_kmeans |   Init 2/5: inertia=2.448727
2026-08-20 15:58:10 | DEBUG    | fgvc.clustering.spherical_kmeans |   Init 3/5: inertia=2.383086
2026-08-20 15:58:10 | DEBUG    | fgvc.clustering.spherical_kmeans |   Init 4/5: inertia=2.448768
2026-08-20 15:58:10 | DEBUG    | fgvc.clustering.spherical_kmeans |   Init 5/5: inertia=2.569383
2026-08-20 15:58:10 | DEBUG    | fgvc.clustering.spherical_kmeans | K selection: best_k=2 | scores={2: {'silhouette': 0.1208, 'compactness': 0.8812, 'score': 0.3247}, 3: {'silhouette': 0.1041, 'compactness': 0.8923, 'score': 0.2531}, 4: {'silhouette': 0.0654, 'compactness': 0.9028, 'score': 0.1702}, 5: {'silhouette': 0.0346, 'compactness': 0.9047, 'score': 0.0887}}
2026-08-20 15:58:10 | DEBUG    | fgvc.clustering.spherical_kmeans |   Init 1/10: inertia=3.119359
2026-08-20 15:58:10 | DEBUG    | fgvc.clustering.spherical_kmeans |   Init 2/10: inertia=3.118685
2026-08-20 15:58:10 | DEBUG    | fgvc.clustering.spherical_kmeans |   Init 3/10: inertia=2.970900
2026-08-20 15:58:10 | DEBUG    | fgvc.clustering.spherical_kmeans |   Init 4/10: inertia=3.032767
2026-08-20 15:58:10 | DEBUG    | fgvc.clustering.spherical_kmeans |   Init 5/10: inertia=2.996351
2026-08-20 15:58:10 | DEBUG    | fgvc.clustering.spherical_kmeans |   Init 6/10: inertia=2.970900
2026-08-20 15:58:10 | DEBUG    | fgvc.clustering.spherical_kmeans |   Init 7/10: inertia=2.968576
2026-08-20 15:58:10 | DEBUG    | fgvc.clustering.spherical_kmeans |   Init 8/10: inertia=2.989889
2026-08-20 15:58:10 | DEBUG    | fgvc.clustering.spherical_kmeans |   Init 9/10: inertia=3.003150
2026-08-20 15:58:10 | DEBUG    | fgvc.clustering.spherical_kmeans |   Init 10/10: inertia=3.052398
2026-08-20 15:58:10 | INFO     | fgvc.clustering.spherical_kmeans |   [Indigo_Bunting] k_selected=2 | k_effective=1 | min_cluster=25 | max_cluster=25
2026-08-20 15:58:10 | INFO     | fgvc.clustering.spherical_kmeans |   [Ivory_Gull] 25 images
2026-08-20 15:58:10 | DEBUG    | fgvc.clustering.spherical_kmeans |   Init 1/5: inertia=3.464715
2026-08-20 15:58:10 | DEBUG    | fgvc.clustering.spherical_kmeans |   Init 2/5: inertia=3.327833
2026-08-20 15:58:10 | DEBUG    | fgvc.clustering.spherical_kmeans |   Init 3/5: inertia=3.565573
2026-08-20 15:58:10 | DEBUG    | fgvc.clustering.spherical_kmeans |   Init 4/5: inertia=3.490577
2026-08-20 15:58:10 | DEBUG    | fgvc.clustering.spherical_kmeans |   Init 5/5: inertia=3.338870
2026-08-20 15:58:10 | DEBUG    | fgvc.clustering.spherical_kmeans |   Init 1/5: inertia=2.799287
2026-08-20 15:58:10 | DEBUG    | fgvc.clustering.spherical_kmeans |   Init 2/5: inertia=3.158135
2026-08-20 15:58:10 | DEBUG    | fgvc.clustering.spherical_kmeans |   Init 3/5: inertia=3.187274
2026-08-20 15:58:10 | DEBUG    | fgvc.clustering.spherical_kmeans |   Init 4/5: inertia=3.279295
2026-08-20 15:58:10 | DEBUG    | fgvc.clustering.spherical_kmeans |   Init 5/5: inertia=2.811957
2026-08-20 15:58:10 | DEBUG    | fgvc.clustering.spherical_kmeans |   Init 1/5: inertia=2.642096
2026-08-20 15:58:10 | DEBUG    | fgvc.clustering.spherical_kmeans |   Init 2/5: inertia=2.933655
2026-08-20 15:58:10 | DEBUG    | fgvc.clustering.spherical_kmeans |   Init 3/5: inertia=2.690591
2026-08-20 15:58:10 | DEBUG    | fgvc.clustering.spherical_kmeans |   Init 4/5: inertia=2.745534
2026-08-20 15:58:10 | DEBUG    | fgvc.clustering.spherical_kmeans |   Init 5/5: inertia=2.878836
2026-08-20 15:58:10 | DEBUG    | fgvc.clustering.spherical_kmeans |   Init 1/5: inertia=2.382780
2026-08-20 15:58:10 | DEBUG    | fgvc.clustering.spherical_kmeans |   Init 2/5: inertia=2.413798
2026-08-20 15:58:10 | DEBUG    | fgvc.clustering.spherical_kmeans |   Init 3/5: inertia=2.488050
2026-08-20 15:58:10 | DEBUG    | fgvc.clustering.spherical_kmeans |   Init 4/5: inertia=2.384998
2026-08-20 15:58:10 | DEBUG    | fgvc.clustering.spherical_kmeans |   Init 5/5: inertia=2.435231
2026-08-20 15:58:10 | DEBUG    | fgvc.clustering.spherical_kmeans | K selection: best_k=2 | scores={2: {'silhouette': 0.2263, 'compactness': 0.8669, 'score': 0.3732}, 3: {'silhouette': 0.2699, 'compactness': 0.888, 'score': 0.3347}, 4: {'silhouette': 0.1576, 'compactness': 0.8943, 'score': 0.2138}, 5: {'silhouette': 0.1589, 'compactness': 0.9047, 'score': 0.1509}}
2026-08-20 15:58:10 | DEBUG    | fgvc.clustering.spherical_kmeans |   Init 1/10: inertia=3.464715
2026-08-20 15:58:10 | DEBUG    | fgvc.clustering.spherical_kmeans |   Init 2/10: inertia=3.327833
2026-08-20 15:58:10 | DEBUG    | fgvc.clustering.spherical_kmeans |   Init 3/10: inertia=3.565573
2026-08-20 15:58:10 | DEBUG    | fgvc.clustering.spherical_kmeans |   Init 4/10: inertia=3.490577
2026-08-20 15:58:10 | DEBUG    | fgvc.clustering.spherical_kmeans |   Init 5/10: inertia=3.338870
2026-08-20 15:58:10 | DEBUG    | fgvc.clustering.spherical_kmeans |   Init 6/10: inertia=3.338870
2026-08-20 15:58:10 | DEBUG    | fgvc.clustering.spherical_kmeans |   Init 7/10: inertia=3.339511
2026-08-20 15:58:10 | DEBUG    | fgvc.clustering.spherical_kmeans |   Init 8/10: inertia=3.464715
2026-08-20 15:58:10 | DEBUG    | fgvc.clustering.spherical_kmeans |   Init 9/10: inertia=3.327833
2026-08-20 15:58:10 | DEBUG    | fgvc.clustering.spherical_kmeans |   Init 10/10: inertia=3.521544
2026-08-20 15:58:10 | INFO     | fgvc.clustering.spherical_kmeans |   [Ivory_Gull] k_selected=2 | k_effective=2 | min_cluster=8 | max_cluster=17
2026-08-20 15:58:10 | INFO     | fgvc.clustering.spherical_kmeans |   [Kentucky_Warbler] 25 images
2026-08-20 15:58:10 | DEBUG    | fgvc.clustering.spherical_kmeans |   Init 1/5: inertia=3.463111
2026-08-20 15:58:10 | DEBUG    | fgvc.clustering.spherical_kmeans |   Init 2/5: inertia=3.542698
2026-08-20 15:58:10 | DEBUG    | fgvc.clustering.spherical_kmeans |   Init 3/5: inertia=3.458366
2026-08-20 15:58:10 | DEBUG    | fgvc.clustering.spherical_kmeans |   Init 4/5: inertia=3.326361
2026-08-20 15:58:10 | DEBUG    | fgvc.clustering.spherical_kmeans |   Init 5/5: inertia=3.467711
2026-08-20 15:58:10 | DEBUG    | fgvc.clustering.spherical_kmeans |   Init 1/5: inertia=3.255089
2026-08-20 15:58:10 | DEBUG    | fgvc.clustering.spherical_kmeans |   Init 2/5: inertia=3.314757
2026-08-20 15:58:10 | DEBUG    | fgvc.clustering.spherical_kmeans |   Init 3/5: inertia=3.307352
2026-08-20 15:58:10 | DEBUG    | fgvc.clustering.spherical_kmeans |   Init 4/5: inertia=3.174137
2026-08-20 15:58:10 | DEBUG    | fgvc.clustering.spherical_kmeans |   Init 5/5: inertia=3.151130
2026-08-20 15:58:10 | DEBUG    | fgvc.clustering.spherical_kmeans |   Init 1/5: inertia=3.071960
2026-08-20 15:58:10 | DEBUG    | fgvc.clustering.spherical_kmeans |   Init 2/5: inertia=2.856715
2026-08-20 15:58:10 | DEBUG    | fgvc.clustering.spherical_kmeans |   Init 3/5: inertia=3.225210
2026-08-20 15:58:10 | DEBUG    | fgvc.clustering.spherical_kmeans |   Init 4/5: inertia=3.037753
2026-08-20 15:58:10 | DEBUG    | fgvc.clustering.spherical_kmeans |   Init 5/5: inertia=2.600219
2026-08-20 15:58:10 | DEBUG    | fgvc.clustering.spherical_kmeans |   Init 1/5: inertia=2.918557
2026-08-20 15:58:10 | DEBUG    | fgvc.clustering.spherical_kmeans |   Init 2/5: inertia=2.748995
2026-08-20 15:58:10 | DEBUG    | fgvc.clustering.spherical_kmeans |   Init 3/5: inertia=2.881893
2026-08-20 15:58:10 | DEBUG    | fgvc.clustering.spherical_kmeans |   Init 4/5: inertia=2.438351
2026-08-20 15:58:10 | DEBUG    | fgvc.clustering.spherical_kmeans |   Init 5/5: inertia=2.421625
2026-08-20 15:58:10 | DEBUG    | fgvc.clustering.spherical_kmeans | K selection: best_k=2 | scores={2: {'silhouette': 0.3061, 'compactness': 0.8669, 'score': 0.4131}, 3: {'silhouette': 0.1887, 'compactness': 0.874, 'score': 0.2899}, 4: {'silhouette': 0.0865, 'compactness': 0.896, 'score': 0.1787}, 5: {'silhouette': 0.0351, 'compactness': 0.9031, 'score': 0.0885}}
2026-08-20 15:58:10 | DEBUG    | fgvc.clustering.spherical_kmeans |   Init 1/10: inertia=3.463111
2026-08-20 15:58:10 | DEBUG    | fgvc.clustering.spherical_kmeans |   Init 2/10: inertia=3.542698
2026-08-20 15:58:10 | DEBUG    | fgvc.clustering.spherical_kmeans |   Init 3/10: inertia=3.458366
2026-08-20 15:58:10 | DEBUG    | fgvc.clustering.spherical_kmeans |   Init 4/10: inertia=3.326361
2026-08-20 15:58:10 | DEBUG    | fgvc.clustering.spherical_kmeans |   Init 5/10: inertia=3.467711
2026-08-20 15:58:10 | DEBUG    | fgvc.clustering.spherical_kmeans |   Init 6/10: inertia=3.504653
2026-08-20 15:58:10 | DEBUG    | fgvc.clustering.spherical_kmeans |   Init 7/10: inertia=3.481816
2026-08-20 15:58:10 | DEBUG    | fgvc.clustering.spherical_kmeans |   Init 8/10: inertia=3.148129
2026-08-20 15:58:10 | DEBUG    | fgvc.clustering.spherical_kmeans |   Init 9/10: inertia=3.542698
2026-08-20 15:58:10 | DEBUG    | fgvc.clustering.spherical_kmeans |   Init 10/10: inertia=3.436177
2026-08-20 15:58:10 | INFO     | fgvc.clustering.spherical_kmeans |   [Kentucky_Warbler] k_selected=2 | k_effective=1 | min_cluster=25 | max_cluster=25
2026-08-20 15:58:10 | INFO     | fgvc.clustering.spherical_kmeans |   [Laysan_Albatross] 25 images
2026-08-20 15:58:10 | DEBUG    | fgvc.clustering.spherical_kmeans |   Init 1/5: inertia=3.916364
2026-08-20 15:58:10 | DEBUG    | fgvc.clustering.spherical_kmeans |   Init 2/5: inertia=4.050303
2026-08-20 15:58:10 | DEBUG    | fgvc.clustering.spherical_kmeans |   Init 3/5: inertia=4.050303
2026-08-20 15:58:10 | DEBUG    | fgvc.clustering.spherical_kmeans |   Init 4/5: inertia=4.006707
2026-08-20 15:58:10 | DEBUG    | fgvc.clustering.spherical_kmeans |   Init 5/5: inertia=3.951080
2026-08-20 15:58:10 | DEBUG    | fgvc.clustering.spherical_kmeans |   Init 1/5: inertia=3.639694
2026-08-20 15:58:10 | DEBUG    | fgvc.clustering.spherical_kmeans |   Init 2/5: inertia=3.518015
2026-08-20 15:58:10 | DEBUG    | fgvc.clustering.spherical_kmeans |   Init 3/5: inertia=3.447478
2026-08-20 15:58:10 | DEBUG    | fgvc.clustering.spherical_kmeans |   Init 4/5: inertia=3.591276
2026-08-20 15:58:10 | DEBUG    | fgvc.clustering.spherical_kmeans |   Init 5/5: inertia=3.830504
2026-08-20 15:58:10 | DEBUG    | fgvc.clustering.spherical_kmeans |   Init 1/5: inertia=3.263278
2026-08-20 15:58:10 | DEBUG    | fgvc.clustering.spherical_kmeans |   Init 2/5: inertia=3.029041
2026-08-20 15:58:10 | DEBUG    | fgvc.clustering.spherical_kmeans |   Init 3/5: inertia=3.228514
2026-08-20 15:58:10 | DEBUG    | fgvc.clustering.spherical_kmeans |   Init 4/5: inertia=3.624436
2026-08-20 15:58:10 | DEBUG    | fgvc.clustering.spherical_kmeans |   Init 5/5: inertia=3.247827
2026-08-20 15:58:10 | DEBUG    | fgvc.clustering.spherical_kmeans |   Init 1/5: inertia=2.794549
2026-08-20 15:58:10 | DEBUG    | fgvc.clustering.spherical_kmeans |   Init 2/5: inertia=2.868946
2026-08-20 15:58:10 | DEBUG    | fgvc.clustering.spherical_kmeans |   Init 3/5: inertia=2.768161
2026-08-20 15:58:10 | DEBUG    | fgvc.clustering.spherical_kmeans |   Init 4/5: inertia=3.034968
2026-08-20 15:58:10 | DEBUG    | fgvc.clustering.spherical_kmeans |   Init 5/5: inertia=2.963339
2026-08-20 15:58:10 | DEBUG    | fgvc.clustering.spherical_kmeans | K selection: best_k=2 | scores={2: {'silhouette': 0.2211, 'compactness': 0.8433, 'score': 0.3636}, 3: {'silhouette': 0.2305, 'compactness': 0.8621, 'score': 0.3072}, 4: {'silhouette': 0.2234, 'compactness': 0.8788, 'score': 0.242}, 5: {'silhouette': 0.1572, 'compactness': 0.8893, 'score': 0.1454}}
2026-08-20 15:58:10 | DEBUG    | fgvc.clustering.spherical_kmeans |   Init 1/10: inertia=3.916364
2026-08-20 15:58:10 | DEBUG    | fgvc.clustering.spherical_kmeans |   Init 2/10: inertia=4.050303
2026-08-20 15:58:10 | DEBUG    | fgvc.clustering.spherical_kmeans |   Init 3/10: inertia=4.050303
2026-08-20 15:58:10 | DEBUG    | fgvc.clustering.spherical_kmeans |   Init 4/10: inertia=4.006707
2026-08-20 15:58:10 | DEBUG    | fgvc.clustering.spherical_kmeans |   Init 5/10: inertia=3.951080
2026-08-20 15:58:10 | DEBUG    | fgvc.clustering.spherical_kmeans |   Init 6/10: inertia=4.111292
2026-08-20 15:58:10 | DEBUG    | fgvc.clustering.spherical_kmeans |   Init 7/10: inertia=4.329210
2026-08-20 15:58:10 | DEBUG    | fgvc.clustering.spherical_kmeans |   Init 8/10: inertia=3.916364
2026-08-20 15:58:10 | DEBUG    | fgvc.clustering.spherical_kmeans |   Init 9/10: inertia=3.951080
2026-08-20 15:58:10 | DEBUG    | fgvc.clustering.spherical_kmeans |   Init 10/10: inertia=3.990215
2026-08-20 15:58:10 | INFO     | fgvc.clustering.spherical_kmeans |   [Laysan_Albatross] k_selected=2 | k_effective=2 | min_cluster=11 | max_cluster=14
2026-08-20 15:58:10 | INFO     | fgvc.clustering.spherical_kmeans |   [Lazuli_Bunting] 25 images
2026-08-20 15:58:10 | DEBUG    | fgvc.clustering.spherical_kmeans |   Init 1/5: inertia=3.062343
2026-08-20 15:58:10 | DEBUG    | fgvc.clustering.spherical_kmeans |   Init 2/5: inertia=3.098686
2026-08-20 15:58:10 | DEBUG    | fgvc.clustering.spherical_kmeans |   Init 3/5: inertia=3.046443
2026-08-20 15:58:10 | DEBUG    | fgvc.clustering.spherical_kmeans |   Init 4/5: inertia=3.147722
2026-08-20 15:58:10 | DEBUG    | fgvc.clustering.spherical_kmeans |   Init 5/5: inertia=2.985286
2026-08-20 15:58:10 | DEBUG    | fgvc.clustering.spherical_kmeans |   Init 1/5: inertia=2.844927
2026-08-20 15:58:10 | DEBUG    | fgvc.clustering.spherical_kmeans |   Init 2/5: inertia=2.815752
2026-08-20 15:58:10 | DEBUG    | fgvc.clustering.spherical_kmeans |   Init 3/5: inertia=2.779906
2026-08-20 15:58:10 | DEBUG    | fgvc.clustering.spherical_kmeans |   Init 4/5: inertia=2.892270
2026-08-20 15:58:10 | DEBUG    | fgvc.clustering.spherical_kmeans |   Init 5/5: inertia=2.755490
2026-08-20 15:58:10 | DEBUG    | fgvc.clustering.spherical_kmeans |   Init 1/5: inertia=2.711139
2026-08-20 15:58:10 | DEBUG    | fgvc.clustering.spherical_kmeans |   Init 2/5: inertia=2.662772
2026-08-20 15:58:10 | DEBUG    | fgvc.clustering.spherical_kmeans |   Init 3/5: inertia=2.648791
2026-08-20 15:58:10 | DEBUG    | fgvc.clustering.spherical_kmeans |   Init 4/5: inertia=2.612005
2026-08-20 15:58:10 | DEBUG    | fgvc.clustering.spherical_kmeans |   Init 5/5: inertia=2.714063
2026-08-20 15:58:10 | DEBUG    | fgvc.clustering.spherical_kmeans |   Init 1/5: inertia=2.539690
2026-08-20 15:58:10 | DEBUG    | fgvc.clustering.spherical_kmeans |   Init 2/5: inertia=2.402879
2026-08-20 15:58:10 | DEBUG    | fgvc.clustering.spherical_kmeans |   Init 3/5: inertia=2.476559
2026-08-20 15:58:10 | DEBUG    | fgvc.clustering.spherical_kmeans |   Init 4/5: inertia=2.384349
2026-08-20 15:58:10 | DEBUG    | fgvc.clustering.spherical_kmeans |   Init 5/5: inertia=2.452781
2026-08-20 15:58:10 | DEBUG    | fgvc.clustering.spherical_kmeans | K selection: best_k=2 | scores={2: {'silhouette': 0.3129, 'compactness': 0.8806, 'score': 0.4206}, 3: {'silhouette': 0.0543, 'compactness': 0.8898, 'score': 0.2274}, 4: {'silhouette': 0.0164, 'compactness': 0.8955, 'score': 0.1435}, 5: {'silhouette': 0.0377, 'compactness': 0.9046, 'score': 0.0903}}
2026-08-20 15:58:10 | DEBUG    | fgvc.clustering.spherical_kmeans |   Init 1/10: inertia=3.062343
2026-08-20 15:58:10 | DEBUG    | fgvc.clustering.spherical_kmeans |   Init 2/10: inertia=3.098686
2026-08-20 15:58:10 | DEBUG    | fgvc.clustering.spherical_kmeans |   Init 3/10: inertia=3.046443
2026-08-20 15:58:10 | DEBUG    | fgvc.clustering.spherical_kmeans |   Init 4/10: inertia=3.147722
2026-08-20 15:58:10 | DEBUG    | fgvc.clustering.spherical_kmeans |   Init 5/10: inertia=2.985286
2026-08-20 15:58:10 | DEBUG    | fgvc.clustering.spherical_kmeans |   Init 6/10: inertia=3.122491
2026-08-20 15:58:10 | DEBUG    | fgvc.clustering.spherical_kmeans |   Init 7/10: inertia=2.998896
2026-08-20 15:58:10 | DEBUG    | fgvc.clustering.spherical_kmeans |   Init 8/10: inertia=3.073395
2026-08-20 15:58:10 | DEBUG    | fgvc.clustering.spherical_kmeans |   Init 9/10: inertia=3.098686
2026-08-20 15:58:10 | DEBUG    | fgvc.clustering.spherical_kmeans |   Init 10/10: inertia=3.006305
2026-08-20 15:58:10 | INFO     | fgvc.clustering.spherical_kmeans |   [Lazuli_Bunting] k_selected=2 | k_effective=1 | min_cluster=25 | max_cluster=25
2026-08-20 15:58:10 | INFO     | fgvc.clustering.spherical_kmeans |   [Le_Conte_Sparrow] 25 images
2026-08-20 15:58:10 | DEBUG    | fgvc.clustering.spherical_kmeans |   Init 1/5: inertia=3.969162
2026-08-20 15:58:10 | DEBUG    | fgvc.clustering.spherical_kmeans |   Init 2/5: inertia=3.965416
2026-08-20 15:58:10 | DEBUG    | fgvc.clustering.spherical_kmeans |   Init 3/5: inertia=3.989204
2026-08-20 15:58:10 | DEBUG    | fgvc.clustering.spherical_kmeans |   Init 4/5: inertia=4.099484
2026-08-20 15:58:10 | DEBUG    | fgvc.clustering.spherical_kmeans |   Init 5/5: inertia=3.820206
2026-08-20 15:58:10 | DEBUG    | fgvc.clustering.spherical_kmeans |   Init 1/5: inertia=3.701719
2026-08-20 15:58:10 | DEBUG    | fgvc.clustering.spherical_kmeans |   Init 2/5: inertia=3.620791
2026-08-20 15:58:10 | DEBUG    | fgvc.clustering.spherical_kmeans |   Init 3/5: inertia=3.474568
2026-08-20 15:58:10 | DEBUG    | fgvc.clustering.spherical_kmeans |   Init 4/5: inertia=3.798617
2026-08-20 15:58:10 | DEBUG    | fgvc.clustering.spherical_kmeans |   Init 5/5: inertia=3.640569
2026-08-20 15:58:10 | DEBUG    | fgvc.clustering.spherical_kmeans |   Init 1/5: inertia=3.431426
2026-08-20 15:58:10 | DEBUG    | fgvc.clustering.spherical_kmeans |   Init 2/5: inertia=3.526143
2026-08-20 15:58:10 | DEBUG    | fgvc.clustering.spherical_kmeans |   Init 3/5: inertia=3.421777
2026-08-20 15:58:10 | DEBUG    | fgvc.clustering.spherical_kmeans |   Init 4/5: inertia=3.291051
2026-08-20 15:58:10 | DEBUG    | fgvc.clustering.spherical_kmeans |   Init 5/5: inertia=3.199222
2026-08-20 15:58:10 | DEBUG    | fgvc.clustering.spherical_kmeans |   Init 1/5: inertia=3.191939
2026-08-20 15:58:10 | DEBUG    | fgvc.clustering.spherical_kmeans |   Init 2/5: inertia=3.360258
2026-08-20 15:58:10 | DEBUG    | fgvc.clustering.spherical_kmeans |   Init 3/5: inertia=2.968646
2026-08-20 15:58:10 | DEBUG    | fgvc.clustering.spherical_kmeans |   Init 4/5: inertia=3.090657
2026-08-20 15:58:10 | DEBUG    | fgvc.clustering.spherical_kmeans |   Init 5/5: inertia=3.292236
2026-08-20 15:58:10 | DEBUG    | fgvc.clustering.spherical_kmeans | K selection: best_k=2 | scores={2: {'silhouette': 0.3171, 'compactness': 0.8472, 'score': 0.4127}, 3: {'silhouette': 0.0989, 'compactness': 0.861, 'score': 0.2411}, 4: {'silhouette': 0.0792, 'compactness': 0.872, 'score': 0.1679}, 5: {'silhouette': 0.0813, 'compactness': 0.8813, 'score': 0.105}}
2026-08-20 15:58:10 | DEBUG    | fgvc.clustering.spherical_kmeans |   Init 1/10: inertia=3.969162
2026-08-20 15:58:10 | DEBUG    | fgvc.clustering.spherical_kmeans |   Init 2/10: inertia=3.965416
2026-08-20 15:58:10 | DEBUG    | fgvc.clustering.spherical_kmeans |   Init 3/10: inertia=3.989204
2026-08-20 15:58:10 | DEBUG    | fgvc.clustering.spherical_kmeans |   Init 4/10: inertia=4.099484
2026-08-20 15:58:10 | DEBUG    | fgvc.clustering.spherical_kmeans |   Init 5/10: inertia=3.820206
2026-08-20 15:58:10 | DEBUG    | fgvc.clustering.spherical_kmeans |   Init 6/10: inertia=4.030448
2026-08-20 15:58:10 | DEBUG    | fgvc.clustering.spherical_kmeans |   Init 7/10: inertia=3.820206
2026-08-20 15:58:10 | DEBUG    | fgvc.clustering.spherical_kmeans |   Init 8/10: inertia=3.922689
2026-08-20 15:58:10 | DEBUG    | fgvc.clustering.spherical_kmeans |   Init 9/10: inertia=3.820206
2026-08-20 15:58:10 | DEBUG    | fgvc.clustering.spherical_kmeans |   Init 10/10: inertia=4.014295
2026-08-20 15:58:10 | INFO     | fgvc.clustering.spherical_kmeans |   [Le_Conte_Sparrow] k_selected=2 | k_effective=1 | min_cluster=25 | max_cluster=25
2026-08-20 15:58:10 | INFO     | fgvc.clustering.spherical_kmeans |   [Least_Auklet] 25 images
2026-08-20 15:58:10 | DEBUG    | fgvc.clustering.spherical_kmeans |   Init 1/5: inertia=4.153675
2026-08-20 15:58:10 | DEBUG    | fgvc.clustering.spherical_kmeans |   Init 2/5: inertia=3.933041
2026-08-20 15:58:10 | DEBUG    | fgvc.clustering.spherical_kmeans |   Init 3/5: inertia=4.244299
2026-08-20 15:58:10 | DEBUG    | fgvc.clustering.spherical_kmeans |   Init 4/5: inertia=3.959893
2026-08-20 15:58:10 | DEBUG    | fgvc.clustering.spherical_kmeans |   Init 5/5: inertia=4.166781
2026-08-20 15:58:10 | DEBUG    | fgvc.clustering.spherical_kmeans |   Init 1/5: inertia=3.718728
2026-08-20 15:58:10 | DEBUG    | fgvc.clustering.spherical_kmeans |   Init 2/5: inertia=3.785824
2026-08-20 15:58:10 | DEBUG    | fgvc.clustering.spherical_kmeans |   Init 3/5: inertia=3.903045
2026-08-20 15:58:10 | DEBUG    | fgvc.clustering.spherical_kmeans |   Init 4/5: inertia=3.626921
2026-08-20 15:58:10 | DEBUG    | fgvc.clustering.spherical_kmeans |   Init 5/5: inertia=3.653185
2026-08-20 15:58:10 | DEBUG    | fgvc.clustering.spherical_kmeans |   Init 1/5: inertia=3.445205
2026-08-20 15:58:10 | DEBUG    | fgvc.clustering.spherical_kmeans |   Init 2/5: inertia=3.323252
2026-08-20 15:58:10 | DEBUG    | fgvc.clustering.spherical_kmeans |   Init 3/5: inertia=3.574254
2026-08-20 15:58:10 | DEBUG    | fgvc.clustering.spherical_kmeans |   Init 4/5: inertia=3.511663
2026-08-20 15:58:10 | DEBUG    | fgvc.clustering.spherical_kmeans |   Init 5/5: inertia=3.443969
2026-08-20 15:58:10 | DEBUG    | fgvc.clustering.spherical_kmeans |   Init 1/5: inertia=3.225359
2026-08-20 15:58:10 | DEBUG    | fgvc.clustering.spherical_kmeans |   Init 2/5: inertia=3.142120
2026-08-20 15:58:10 | DEBUG    | fgvc.clustering.spherical_kmeans |   Init 3/5: inertia=3.081598
2026-08-20 15:58:10 | DEBUG    | fgvc.clustering.spherical_kmeans |   Init 4/5: inertia=3.222644
2026-08-20 15:58:10 | DEBUG    | fgvc.clustering.spherical_kmeans |   Init 5/5: inertia=3.209791
2026-08-20 15:58:10 | DEBUG    | fgvc.clustering.spherical_kmeans | K selection: best_k=2 | scores={2: {'silhouette': 0.259, 'compactness': 0.8427, 'score': 0.3823}, 3: {'silhouette': 0.1008, 'compactness': 0.8549, 'score': 0.2402}, 4: {'silhouette': 0.0757, 'compactness': 0.8671, 'score': 0.1646}, 5: {'silhouette': 0.0646, 'compactness': 0.8767, 'score': 0.0953}}
2026-08-20 15:58:10 | DEBUG    | fgvc.clustering.spherical_kmeans |   Init 1/10: inertia=4.153675
2026-08-20 15:58:10 | DEBUG    | fgvc.clustering.spherical_kmeans |   Init 2/10: inertia=3.933041
2026-08-20 15:58:10 | DEBUG    | fgvc.clustering.spherical_kmeans |   Init 3/10: inertia=4.244299
2026-08-20 15:58:10 | DEBUG    | fgvc.clustering.spherical_kmeans |   Init 4/10: inertia=3.959893
2026-08-20 15:58:10 | DEBUG    | fgvc.clustering.spherical_kmeans |   Init 5/10: inertia=4.166781
2026-08-20 15:58:10 | DEBUG    | fgvc.clustering.spherical_kmeans |   Init 6/10: inertia=4.008725
2026-08-20 15:58:10 | DEBUG    | fgvc.clustering.spherical_kmeans |   Init 7/10: inertia=4.182592
2026-08-20 15:58:10 | DEBUG    | fgvc.clustering.spherical_kmeans |   Init 8/10: inertia=4.209490
2026-08-20 15:58:10 | DEBUG    | fgvc.clustering.spherical_kmeans |   Init 9/10: inertia=4.160189
2026-08-20 15:58:10 | DEBUG    | fgvc.clustering.spherical_kmeans |   Init 10/10: inertia=4.102687
2026-08-20 15:58:10 | INFO     | fgvc.clustering.spherical_kmeans |   [Least_Auklet] k_selected=2 | k_effective=1 | min_cluster=25 | max_cluster=25
2026-08-20 15:58:10 | INFO     | fgvc.clustering.spherical_kmeans |   [Least_Flycatcher] 25 images
2026-08-20 15:58:10 | DEBUG    | fgvc.clustering.spherical_kmeans |   Init 1/5: inertia=4.541729
2026-08-20 15:58:10 | DEBUG    | fgvc.clustering.spherical_kmeans |   Init 2/5: inertia=4.442745
2026-08-20 15:58:10 | DEBUG    | fgvc.clustering.spherical_kmeans |   Init 3/5: inertia=4.511199
2026-08-20 15:58:10 | DEBUG    | fgvc.clustering.spherical_kmeans |   Init 4/5: inertia=4.545305
2026-08-20 15:58:10 | DEBUG    | fgvc.clustering.spherical_kmeans |   Init 5/5: inertia=4.590302
2026-08-20 15:58:10 | DEBUG    | fgvc.clustering.spherical_kmeans |   Init 1/5: inertia=3.991531
2026-08-20 15:58:10 | DEBUG    | fgvc.clustering.spherical_kmeans |   Init 2/5: inertia=3.828733
2026-08-20 15:58:10 | DEBUG    | fgvc.clustering.spherical_kmeans |   Init 3/5: inertia=3.991355
2026-08-20 15:58:10 | DEBUG    | fgvc.clustering.spherical_kmeans |   Init 4/5: inertia=4.178290
2026-08-20 15:58:10 | DEBUG    | fgvc.clustering.spherical_kmeans |   Init 5/5: inertia=4.033211
2026-08-20 15:58:10 | DEBUG    | fgvc.clustering.spherical_kmeans |   Init 1/5: inertia=3.596569
2026-08-20 15:58:10 | DEBUG    | fgvc.clustering.spherical_kmeans |   Init 2/5: inertia=3.575208
2026-08-20 15:58:10 | DEBUG    | fgvc.clustering.spherical_kmeans |   Init 3/5: inertia=3.816252
2026-08-20 15:58:10 | DEBUG    | fgvc.clustering.spherical_kmeans |   Init 4/5: inertia=3.578348
2026-08-20 15:58:10 | DEBUG    | fgvc.clustering.spherical_kmeans |   Init 5/5: inertia=3.944679
2026-08-20 15:58:10 | DEBUG    | fgvc.clustering.spherical_kmeans |   Init 1/5: inertia=3.415384
2026-08-20 15:58:10 | DEBUG    | fgvc.clustering.spherical_kmeans |   Init 2/5: inertia=3.340110
2026-08-20 15:58:10 | DEBUG    | fgvc.clustering.spherical_kmeans |   Init 3/5: inertia=3.484996
2026-08-20 15:58:10 | DEBUG    | fgvc.clustering.spherical_kmeans |   Init 4/5: inertia=3.719344
2026-08-20 15:58:10 | DEBUG    | fgvc.clustering.spherical_kmeans |   Init 5/5: inertia=3.373463
2026-08-20 15:58:10 | DEBUG    | fgvc.clustering.spherical_kmeans | K selection: best_k=2 | scores={2: {'silhouette': 0.1383, 'compactness': 0.8223, 'score': 0.3158}, 3: {'silhouette': 0.1536, 'compactness': 0.8469, 'score': 0.2642}, 4: {'silhouette': 0.1008, 'compactness': 0.857, 'score': 0.1742}, 5: {'silhouette': 0.0985, 'compactness': 0.8664, 'score': 0.1092}}
2026-08-20 15:58:10 | DEBUG    | fgvc.clustering.spherical_kmeans |   Init 1/10: inertia=4.541729
2026-08-20 15:58:10 | DEBUG    | fgvc.clustering.spherical_kmeans |   Init 2/10: inertia=4.442745
2026-08-20 15:58:10 | DEBUG    | fgvc.clustering.spherical_kmeans |   Init 3/10: inertia=4.511199
2026-08-20 15:58:10 | DEBUG    | fgvc.clustering.spherical_kmeans |   Init 4/10: inertia=4.545305
2026-08-20 15:58:10 | DEBUG    | fgvc.clustering.spherical_kmeans |   Init 5/10: inertia=4.590302
2026-08-20 15:58:10 | DEBUG    | fgvc.clustering.spherical_kmeans |   Init 6/10: inertia=4.436435
2026-08-20 15:58:10 | DEBUG    | fgvc.clustering.spherical_kmeans |   Init 7/10: inertia=4.367253
2026-08-20 15:58:10 | DEBUG    | fgvc.clustering.spherical_kmeans |   Init 8/10: inertia=4.380301
2026-08-20 15:58:10 | DEBUG    | fgvc.clustering.spherical_kmeans |   Init 9/10: inertia=4.362160
2026-08-20 15:58:10 | DEBUG    | fgvc.clustering.spherical_kmeans |   Init 10/10: inertia=4.366727
2026-08-20 15:58:10 | INFO     | fgvc.clustering.spherical_kmeans |   [Least_Flycatcher] k_selected=2 | k_effective=2 | min_cluster=7 | max_cluster=18
2026-08-20 15:58:10 | INFO     | fgvc.clustering.spherical_kmeans |   [Least_Tern] 25 images
2026-08-20 15:58:10 | DEBUG    | fgvc.clustering.spherical_kmeans |   Init 1/5: inertia=4.233863
2026-08-20 15:58:10 | DEBUG    | fgvc.clustering.spherical_kmeans |   Init 2/5: inertia=4.191836
2026-08-20 15:58:10 | DEBUG    | fgvc.clustering.spherical_kmeans |   Init 3/5: inertia=4.318342
2026-08-20 15:58:10 | DEBUG    | fgvc.clustering.spherical_kmeans |   Init 4/5: inertia=4.263819
2026-08-20 15:58:10 | DEBUG    | fgvc.clustering.spherical_kmeans |   Init 5/5: inertia=3.945374
2026-08-20 15:58:10 | DEBUG    | fgvc.clustering.spherical_kmeans |   Init 1/5: inertia=3.746897
2026-08-20 15:58:10 | DEBUG    | fgvc.clustering.spherical_kmeans |   Init 2/5: inertia=3.739432
2026-08-20 15:58:10 | DEBUG    | fgvc.clustering.spherical_kmeans |   Init 3/5: inertia=3.779804
2026-08-20 15:58:10 | DEBUG    | fgvc.clustering.spherical_kmeans |   Init 4/5: inertia=3.768288
2026-08-20 15:58:10 | DEBUG    | fgvc.clustering.spherical_kmeans |   Init 5/5: inertia=3.750962
2026-08-20 15:58:10 | DEBUG    | fgvc.clustering.spherical_kmeans |   Init 1/5: inertia=2.949639
2026-08-20 15:58:10 | DEBUG    | fgvc.clustering.spherical_kmeans |   Init 2/5: inertia=3.283568
2026-08-20 15:58:10 | DEBUG    | fgvc.clustering.spherical_kmeans |   Init 3/5: inertia=3.287946
2026-08-20 15:58:10 | DEBUG    | fgvc.clustering.spherical_kmeans |   Init 4/5: inertia=3.293424
2026-08-20 15:58:10 | DEBUG    | fgvc.clustering.spherical_kmeans |   Init 5/5: inertia=3.351193
2026-08-20 15:58:10 | DEBUG    | fgvc.clustering.spherical_kmeans |   Init 1/5: inertia=2.853640
2026-08-20 15:58:10 | DEBUG    | fgvc.clustering.spherical_kmeans |   Init 2/5: inertia=3.082885
2026-08-20 15:58:10 | DEBUG    | fgvc.clustering.spherical_kmeans |   Init 3/5: inertia=3.110386
2026-08-20 15:58:10 | DEBUG    | fgvc.clustering.spherical_kmeans |   Init 4/5: inertia=2.742204
2026-08-20 15:58:10 | DEBUG    | fgvc.clustering.spherical_kmeans |   Init 5/5: inertia=2.781058
2026-08-20 15:58:10 | DEBUG    | fgvc.clustering.spherical_kmeans | K selection: best_k=2 | scores={2: {'silhouette': 0.4658, 'compactness': 0.8422, 'score': 0.4856}, 3: {'silhouette': 0.2054, 'compactness': 0.8504, 'score': 0.2911}, 4: {'silhouette': 0.2946, 'compactness': 0.882, 'score': 0.2786}, 5: {'silhouette': 0.167, 'compactness': 0.8903, 'score': 0.1506}}
2026-08-20 15:58:10 | DEBUG    | fgvc.clustering.spherical_kmeans |   Init 1/10: inertia=4.233863
2026-08-20 15:58:10 | DEBUG    | fgvc.clustering.spherical_kmeans |   Init 2/10: inertia=4.191836
2026-08-20 15:58:10 | DEBUG    | fgvc.clustering.spherical_kmeans |   Init 3/10: inertia=4.318342
2026-08-20 15:58:10 | DEBUG    | fgvc.clustering.spherical_kmeans |   Init 4/10: inertia=4.263819
2026-08-20 15:58:10 | DEBUG    | fgvc.clustering.spherical_kmeans |   Init 5/10: inertia=3.945374
2026-08-20 15:58:10 | DEBUG    | fgvc.clustering.spherical_kmeans |   Init 6/10: inertia=4.284526
2026-08-20 15:58:10 | DEBUG    | fgvc.clustering.spherical_kmeans |   Init 7/10: inertia=4.442283
2026-08-20 15:58:10 | DEBUG    | fgvc.clustering.spherical_kmeans |   Init 8/10: inertia=3.909435
2026-08-20 15:58:10 | DEBUG    | fgvc.clustering.spherical_kmeans |   Init 9/10: inertia=3.945374
2026-08-20 15:58:10 | DEBUG    | fgvc.clustering.spherical_kmeans |   Init 10/10: inertia=4.233851
2026-08-20 15:58:10 | INFO     | fgvc.clustering.spherical_kmeans |   [Least_Tern] k_selected=2 | k_effective=2 | min_cluster=8 | max_cluster=17
2026-08-20 15:58:10 | INFO     | fgvc.clustering.spherical_kmeans |   [Lincoln_Sparrow] 25 images
2026-08-20 15:58:10 | DEBUG    | fgvc.clustering.spherical_kmeans |   Init 1/5: inertia=4.125092
2026-08-20 15:58:10 | DEBUG    | fgvc.clustering.spherical_kmeans |   Init 2/5: inertia=4.019109
2026-08-20 15:58:10 | DEBUG    | fgvc.clustering.spherical_kmeans |   Init 3/5: inertia=4.311996
2026-08-20 15:58:10 | DEBUG    | fgvc.clustering.spherical_kmeans |   Init 4/5: inertia=4.395321
2026-08-20 15:58:10 | DEBUG    | fgvc.clustering.spherical_kmeans |   Init 5/5: inertia=4.323118
2026-08-20 15:58:10 | DEBUG    | fgvc.clustering.spherical_kmeans |   Init 1/5: inertia=4.033537
2026-08-20 15:58:10 | DEBUG    | fgvc.clustering.spherical_kmeans |   Init 2/5: inertia=3.806467
2026-08-20 15:58:10 | DEBUG    | fgvc.clustering.spherical_kmeans |   Init 3/5: inertia=3.704999
2026-08-20 15:58:10 | DEBUG    | fgvc.clustering.spherical_kmeans |   Init 4/5: inertia=3.865986
2026-08-20 15:58:10 | DEBUG    | fgvc.clustering.spherical_kmeans |   Init 5/5: inertia=4.010969
2026-08-20 15:58:10 | DEBUG    | fgvc.clustering.spherical_kmeans |   Init 1/5: inertia=3.615379
2026-08-20 15:58:10 | DEBUG    | fgvc.clustering.spherical_kmeans |   Init 2/5: inertia=3.336326
2026-08-20 15:58:10 | DEBUG    | fgvc.clustering.spherical_kmeans |   Init 3/5: inertia=3.757691
2026-08-20 15:58:10 | DEBUG    | fgvc.clustering.spherical_kmeans |   Init 4/5: inertia=3.639066
2026-08-20 15:58:10 | DEBUG    | fgvc.clustering.spherical_kmeans |   Init 5/5: inertia=3.621597
2026-08-20 15:58:10 | DEBUG    | fgvc.clustering.spherical_kmeans |   Init 1/5: inertia=3.322807
2026-08-20 15:58:10 | DEBUG    | fgvc.clustering.spherical_kmeans |   Init 2/5: inertia=3.222871
2026-08-20 15:58:10 | DEBUG    | fgvc.clustering.spherical_kmeans |   Init 3/5: inertia=3.372003
2026-08-20 15:58:10 | DEBUG    | fgvc.clustering.spherical_kmeans |   Init 4/5: inertia=3.317114
2026-08-20 15:58:10 | DEBUG    | fgvc.clustering.spherical_kmeans |   Init 5/5: inertia=3.240138
2026-08-20 15:58:10 | DEBUG    | fgvc.clustering.spherical_kmeans | K selection: best_k=2 | scores={2: {'silhouette': 0.1426, 'compactness': 0.8392, 'score': 0.3231}, 3: {'silhouette': 0.1373, 'compactness': 0.8518, 'score': 0.2575}, 4: {'silhouette': 0.1309, 'compactness': 0.8665, 'score': 0.1921}, 5: {'silhouette': 0.1112, 'compactness': 0.8711, 'score': 0.1169}}
2026-08-20 15:58:10 | DEBUG    | fgvc.clustering.spherical_kmeans |   Init 1/10: inertia=4.125092
2026-08-20 15:58:10 | DEBUG    | fgvc.clustering.spherical_kmeans |   Init 2/10: inertia=4.019109
2026-08-20 15:58:10 | DEBUG    | fgvc.clustering.spherical_kmeans |   Init 3/10: inertia=4.311996
2026-08-20 15:58:10 | DEBUG    | fgvc.clustering.spherical_kmeans |   Init 4/10: inertia=4.395321
2026-08-20 15:58:10 | DEBUG    | fgvc.clustering.spherical_kmeans |   Init 5/10: inertia=4.323118
2026-08-20 15:58:10 | DEBUG    | fgvc.clustering.spherical_kmeans |   Init 6/10: inertia=4.158879
2026-08-20 15:58:10 | DEBUG    | fgvc.clustering.spherical_kmeans |   Init 7/10: inertia=4.353046
2026-08-20 15:58:10 | DEBUG    | fgvc.clustering.spherical_kmeans |   Init 8/10: inertia=4.377704
2026-08-20 15:58:10 | DEBUG    | fgvc.clustering.spherical_kmeans |   Init 9/10: inertia=4.309520
2026-08-20 15:58:10 | DEBUG    | fgvc.clustering.spherical_kmeans |   Init 10/10: inertia=3.969830
2026-08-20 15:58:10 | INFO     | fgvc.clustering.spherical_kmeans |   [Lincoln_Sparrow] k_selected=2 | k_effective=2 | min_cluster=10 | max_cluster=15
2026-08-20 15:58:10 | INFO     | fgvc.clustering.spherical_kmeans |   [Loggerhead_Shrike] 25 images
2026-08-20 15:58:10 | DEBUG    | fgvc.clustering.spherical_kmeans |   Init 1/5: inertia=3.381219
2026-08-20 15:58:10 | DEBUG    | fgvc.clustering.spherical_kmeans |   Init 2/5: inertia=3.406307
2026-08-20 15:58:10 | DEBUG    | fgvc.clustering.spherical_kmeans |   Init 3/5: inertia=3.376933
2026-08-20 15:58:10 | DEBUG    | fgvc.clustering.spherical_kmeans |   Init 4/5: inertia=3.345462
2026-08-20 15:58:10 | DEBUG    | fgvc.clustering.spherical_kmeans |   Init 5/5: inertia=3.332739
2026-08-20 15:58:10 | DEBUG    | fgvc.clustering.spherical_kmeans |   Init 1/5: inertia=3.123919
2026-08-20 15:58:10 | DEBUG    | fgvc.clustering.spherical_kmeans |   Init 2/5: inertia=3.197812
2026-08-20 15:58:10 | DEBUG    | fgvc.clustering.spherical_kmeans |   Init 3/5: inertia=3.077813
2026-08-20 15:58:10 | DEBUG    | fgvc.clustering.spherical_kmeans |   Init 4/5: inertia=3.078650
2026-08-20 15:58:10 | DEBUG    | fgvc.clustering.spherical_kmeans |   Init 5/5: inertia=3.164658
2026-08-20 15:58:10 | DEBUG    | fgvc.clustering.spherical_kmeans |   Init 1/5: inertia=2.952937
2026-08-20 15:58:10 | DEBUG    | fgvc.clustering.spherical_kmeans |   Init 2/5: inertia=2.867343
2026-08-20 15:58:10 | DEBUG    | fgvc.clustering.spherical_kmeans |   Init 3/5: inertia=2.922676
2026-08-20 15:58:10 | DEBUG    | fgvc.clustering.spherical_kmeans |   Init 4/5: inertia=2.804151
2026-08-20 15:58:10 | DEBUG    | fgvc.clustering.spherical_kmeans |   Init 5/5: inertia=3.037399
2026-08-20 15:58:10 | DEBUG    | fgvc.clustering.spherical_kmeans |   Init 1/5: inertia=2.804921
2026-08-20 15:58:10 | DEBUG    | fgvc.clustering.spherical_kmeans |   Init 2/5: inertia=2.735819
2026-08-20 15:58:10 | DEBUG    | fgvc.clustering.spherical_kmeans |   Init 3/5: inertia=2.712890
2026-08-20 15:58:10 | DEBUG    | fgvc.clustering.spherical_kmeans |   Init 4/5: inertia=2.859002
2026-08-20 15:58:10 | DEBUG    | fgvc.clustering.spherical_kmeans |   Init 5/5: inertia=2.661748
2026-08-20 15:58:10 | DEBUG    | fgvc.clustering.spherical_kmeans | K selection: best_k=2 | scores={2: {'silhouette': 0.0957, 'compactness': 0.8667, 'score': 0.3078}, 3: {'silhouette': 0.1091, 'compactness': 0.8769, 'score': 0.251}, 4: {'silhouette': 0.0961, 'compactness': 0.8878, 'score': 0.1811}, 5: {'silhouette': 0.0212, 'compactness': 0.8935, 'score': 0.0786}}
2026-08-20 15:58:10 | DEBUG    | fgvc.clustering.spherical_kmeans |   Init 1/10: inertia=3.381219
2026-08-20 15:58:10 | DEBUG    | fgvc.clustering.spherical_kmeans |   Init 2/10: inertia=3.406307
2026-08-20 15:58:10 | DEBUG    | fgvc.clustering.spherical_kmeans |   Init 3/10: inertia=3.376933
2026-08-20 15:58:10 | DEBUG    | fgvc.clustering.spherical_kmeans |   Init 4/10: inertia=3.345462
2026-08-20 15:58:10 | DEBUG    | fgvc.clustering.spherical_kmeans |   Init 5/10: inertia=3.332739
2026-08-20 15:58:10 | DEBUG    | fgvc.clustering.spherical_kmeans |   Init 6/10: inertia=3.376933
2026-08-20 15:58:10 | DEBUG    | fgvc.clustering.spherical_kmeans |   Init 7/10: inertia=3.345366
2026-08-20 15:58:10 | DEBUG    | fgvc.clustering.spherical_kmeans |   Init 8/10: inertia=3.306532
2026-08-20 15:58:10 | DEBUG    | fgvc.clustering.spherical_kmeans |   Init 9/10: inertia=3.393285
2026-08-20 15:58:10 | DEBUG    | fgvc.clustering.spherical_kmeans |   Init 10/10: inertia=3.397314
2026-08-20 15:58:10 | INFO     | fgvc.clustering.spherical_kmeans |   [Loggerhead_Shrike] k_selected=2 | k_effective=2 | min_cluster=9 | max_cluster=16
2026-08-20 15:58:10 | INFO     | fgvc.clustering.spherical_kmeans |   [Long_tailed_Jaeger] 25 images
2026-08-20 15:58:10 | DEBUG    | fgvc.clustering.spherical_kmeans |   Init 1/5: inertia=5.148415
2026-08-20 15:58:10 | DEBUG    | fgvc.clustering.spherical_kmeans |   Init 2/5: inertia=5.922542
2026-08-20 15:58:10 | DEBUG    | fgvc.clustering.spherical_kmeans |   Init 3/5: inertia=5.594615
2026-08-20 15:58:10 | DEBUG    | fgvc.clustering.spherical_kmeans |   Init 4/5: inertia=5.936663
2026-08-20 15:58:10 | DEBUG    | fgvc.clustering.spherical_kmeans |   Init 5/5: inertia=5.791305
2026-08-20 15:58:10 | DEBUG    | fgvc.clustering.spherical_kmeans |   Init 1/5: inertia=4.814360
2026-08-20 15:58:10 | DEBUG    | fgvc.clustering.spherical_kmeans |   Init 2/5: inertia=4.713852
2026-08-20 15:58:10 | DEBUG    | fgvc.clustering.spherical_kmeans |   Init 3/5: inertia=5.399435
2026-08-20 15:58:10 | DEBUG    | fgvc.clustering.spherical_kmeans |   Init 4/5: inertia=5.657447
2026-08-20 15:58:10 | DEBUG    | fgvc.clustering.spherical_kmeans |   Init 5/5: inertia=4.769015
2026-08-20 15:58:10 | DEBUG    | fgvc.clustering.spherical_kmeans |   Init 1/5: inertia=4.124598
2026-08-20 15:58:10 | DEBUG    | fgvc.clustering.spherical_kmeans |   Init 2/5: inertia=4.139832
2026-08-20 15:58:10 | DEBUG    | fgvc.clustering.spherical_kmeans |   Init 3/5: inertia=4.345689
2026-08-20 15:58:10 | DEBUG    | fgvc.clustering.spherical_kmeans |   Init 4/5: inertia=4.240063
2026-08-20 15:58:10 | DEBUG    | fgvc.clustering.spherical_kmeans |   Init 5/5: inertia=4.360867
2026-08-20 15:58:10 | DEBUG    | fgvc.clustering.spherical_kmeans |   Init 1/5: inertia=4.089273
2026-08-20 15:58:10 | DEBUG    | fgvc.clustering.spherical_kmeans |   Init 2/5: inertia=4.038126
2026-08-20 15:58:10 | DEBUG    | fgvc.clustering.spherical_kmeans |   Init 3/5: inertia=3.706721
2026-08-20 15:58:10 | DEBUG    | fgvc.clustering.spherical_kmeans |   Init 4/5: inertia=3.841635
2026-08-20 15:58:10 | DEBUG    | fgvc.clustering.spherical_kmeans |   Init 5/5: inertia=4.010111
2026-08-20 15:58:10 | DEBUG    | fgvc.clustering.spherical_kmeans | K selection: best_k=2 | scores={2: {'silhouette': 0.3627, 'compactness': 0.7941, 'score': 0.4196}, 3: {'silhouette': 0.1167, 'compactness': 0.8114, 'score': 0.2351}, 4: {'silhouette': 0.1955, 'compactness': 0.835, 'score': 0.2149}, 5: {'silhouette': 0.1557, 'compactness': 0.8517, 'score': 0.1333}}
2026-08-20 15:58:10 | DEBUG    | fgvc.clustering.spherical_kmeans |   Init 1/10: inertia=5.148415
2026-08-20 15:58:10 | DEBUG    | fgvc.clustering.spherical_kmeans |   Init 2/10: inertia=5.922542
2026-08-20 15:58:10 | DEBUG    | fgvc.clustering.spherical_kmeans |   Init 3/10: inertia=5.594615
2026-08-20 15:58:10 | DEBUG    | fgvc.clustering.spherical_kmeans |   Init 4/10: inertia=5.936663
2026-08-20 15:58:10 | DEBUG    | fgvc.clustering.spherical_kmeans |   Init 5/10: inertia=5.791305
2026-08-20 15:58:10 | DEBUG    | fgvc.clustering.spherical_kmeans |   Init 6/10: inertia=6.003517
2026-08-20 15:58:10 | DEBUG    | fgvc.clustering.spherical_kmeans |   Init 7/10: inertia=5.148415
2026-08-20 15:58:10 | DEBUG    | fgvc.clustering.spherical_kmeans |   Init 8/10: inertia=5.168740
2026-08-20 15:58:10 | DEBUG    | fgvc.clustering.spherical_kmeans |   Init 9/10: inertia=5.791305
2026-08-20 15:58:10 | DEBUG    | fgvc.clustering.spherical_kmeans |   Init 10/10: inertia=5.148415
2026-08-20 15:58:10 | INFO     | fgvc.clustering.spherical_kmeans |   [Long_tailed_Jaeger] k_selected=2 | k_effective=2 | min_cluster=6 | max_cluster=19
2026-08-20 15:58:10 | INFO     | fgvc.clustering.spherical_kmeans |   [Louisiana_Waterthrush] 25 images
2026-08-20 15:58:10 | DEBUG    | fgvc.clustering.spherical_kmeans |   Init 1/5: inertia=3.312327
2026-08-20 15:58:10 | DEBUG    | fgvc.clustering.spherical_kmeans |   Init 2/5: inertia=3.292692
2026-08-20 15:58:10 | DEBUG    | fgvc.clustering.spherical_kmeans |   Init 3/5: inertia=3.313764
2026-08-20 15:58:10 | DEBUG    | fgvc.clustering.spherical_kmeans |   Init 4/5: inertia=3.399340
2026-08-20 15:58:10 | DEBUG    | fgvc.clustering.spherical_kmeans |   Init 5/5: inertia=3.287601
2026-08-20 15:58:10 | DEBUG    | fgvc.clustering.spherical_kmeans |   Init 1/5: inertia=3.084815
2026-08-20 15:58:10 | DEBUG    | fgvc.clustering.spherical_kmeans |   Init 2/5: inertia=3.180403
2026-08-20 15:58:10 | DEBUG    | fgvc.clustering.spherical_kmeans |   Init 3/5: inertia=3.120583
2026-08-20 15:58:10 | DEBUG    | fgvc.clustering.spherical_kmeans |   Init 4/5: inertia=3.057659
2026-08-20 15:58:10 | DEBUG    | fgvc.clustering.spherical_kmeans |   Init 5/5: inertia=3.162414
2026-08-20 15:58:10 | DEBUG    | fgvc.clustering.spherical_kmeans |   Init 1/5: inertia=2.826901
2026-08-20 15:58:10 | DEBUG    | fgvc.clustering.spherical_kmeans |   Init 2/5: inertia=3.083817
2026-08-20 15:58:10 | DEBUG    | fgvc.clustering.spherical_kmeans |   Init 3/5: inertia=2.918544
2026-08-20 15:58:10 | DEBUG    | fgvc.clustering.spherical_kmeans |   Init 4/5: inertia=2.955482
2026-08-20 15:58:10 | DEBUG    | fgvc.clustering.spherical_kmeans |   Init 5/5: inertia=2.854168
2026-08-20 15:58:10 | DEBUG    | fgvc.clustering.spherical_kmeans |   Init 1/5: inertia=2.536032
2026-08-20 15:58:10 | DEBUG    | fgvc.clustering.spherical_kmeans |   Init 2/5: inertia=2.692699
2026-08-20 15:58:10 | DEBUG    | fgvc.clustering.spherical_kmeans |   Init 3/5: inertia=2.754106
2026-08-20 15:58:10 | DEBUG    | fgvc.clustering.spherical_kmeans |   Init 4/5: inertia=2.696060
2026-08-20 15:58:10 | DEBUG    | fgvc.clustering.spherical_kmeans |   Init 5/5: inertia=2.647702
2026-08-20 15:58:10 | DEBUG    | fgvc.clustering.spherical_kmeans | K selection: best_k=2 | scores={2: {'silhouette': 0.097, 'compactness': 0.8685, 'score': 0.3091}, 3: {'silhouette': 0.0713, 'compactness': 0.8777, 'score': 0.2323}, 4: {'silhouette': 0.0477, 'compactness': 0.8869, 'score': 0.1566}, 5: {'silhouette': 0.0585, 'compactness': 0.8986, 'score': 0.0988}}
2026-08-20 15:58:10 | DEBUG    | fgvc.clustering.spherical_kmeans |   Init 1/10: inertia=3.312327
2026-08-20 15:58:10 | DEBUG    | fgvc.clustering.spherical_kmeans |   Init 2/10: inertia=3.292692
2026-08-20 15:58:10 | DEBUG    | fgvc.clustering.spherical_kmeans |   Init 3/10: inertia=3.313764
2026-08-20 15:58:10 | DEBUG    | fgvc.clustering.spherical_kmeans |   Init 4/10: inertia=3.399340
2026-08-20 15:58:10 | DEBUG    | fgvc.clustering.spherical_kmeans |   Init 5/10: inertia=3.287601
2026-08-20 15:58:10 | DEBUG    | fgvc.clustering.spherical_kmeans |   Init 6/10: inertia=3.313764
2026-08-20 15:58:10 | DEBUG    | fgvc.clustering.spherical_kmeans |   Init 7/10: inertia=3.302357
2026-08-20 15:58:10 | DEBUG    | fgvc.clustering.spherical_kmeans |   Init 8/10: inertia=3.436255
2026-08-20 15:58:10 | DEBUG    | fgvc.clustering.spherical_kmeans |   Init 9/10: inertia=3.390112
2026-08-20 15:58:10 | DEBUG    | fgvc.clustering.spherical_kmeans |   Init 10/10: inertia=3.427409
2026-08-20 15:58:10 | INFO     | fgvc.clustering.spherical_kmeans |   [Louisiana_Waterthrush] k_selected=2 | k_effective=2 | min_cluster=10 | max_cluster=15
2026-08-20 15:58:10 | INFO     | fgvc.clustering.spherical_kmeans |   [Magnolia_Warbler] 25 images
2026-08-20 15:58:10 | DEBUG    | fgvc.clustering.spherical_kmeans |   Init 1/5: inertia=3.581602
2026-08-20 15:58:10 | DEBUG    | fgvc.clustering.spherical_kmeans |   Init 2/5: inertia=3.276097
2026-08-20 15:58:10 | DEBUG    | fgvc.clustering.spherical_kmeans |   Init 3/5: inertia=2.981369
2026-08-20 15:58:10 | DEBUG    | fgvc.clustering.spherical_kmeans |   Init 4/5: inertia=2.846580
2026-08-20 15:58:10 | DEBUG    | fgvc.clustering.spherical_kmeans |   Init 5/5: inertia=2.898080
2026-08-20 15:58:10 | DEBUG    | fgvc.clustering.spherical_kmeans |   Init 1/5: inertia=3.133748
2026-08-20 15:58:10 | DEBUG    | fgvc.clustering.spherical_kmeans |   Init 2/5: inertia=2.715131
2026-08-20 15:58:10 | DEBUG    | fgvc.clustering.spherical_kmeans |   Init 3/5: inertia=2.655168
2026-08-20 15:58:10 | DEBUG    | fgvc.clustering.spherical_kmeans |   Init 4/5: inertia=3.091861
2026-08-20 15:58:10 | DEBUG    | fgvc.clustering.spherical_kmeans |   Init 5/5: inertia=2.458339
2026-08-20 15:58:10 | DEBUG    | fgvc.clustering.spherical_kmeans |   Init 1/5: inertia=2.485310
2026-08-20 15:58:10 | DEBUG    | fgvc.clustering.spherical_kmeans |   Init 2/5: inertia=2.283112
2026-08-20 15:58:10 | DEBUG    | fgvc.clustering.spherical_kmeans |   Init 3/5: inertia=2.543562
2026-08-20 15:58:10 | DEBUG    | fgvc.clustering.spherical_kmeans |   Init 4/5: inertia=2.372910
2026-08-20 15:58:10 | DEBUG    | fgvc.clustering.spherical_kmeans |   Init 5/5: inertia=2.483308
2026-08-20 15:58:10 | DEBUG    | fgvc.clustering.spherical_kmeans |   Init 1/5: inertia=2.360033
2026-08-20 15:58:10 | DEBUG    | fgvc.clustering.spherical_kmeans |   Init 2/5: inertia=2.185601
2026-08-20 15:58:10 | DEBUG    | fgvc.clustering.spherical_kmeans |   Init 3/5: inertia=2.109230
2026-08-20 15:58:10 | DEBUG    | fgvc.clustering.spherical_kmeans |   Init 4/5: inertia=2.336697
2026-08-20 15:58:10 | DEBUG    | fgvc.clustering.spherical_kmeans |   Init 5/5: inertia=2.147588
2026-08-20 15:58:10 | DEBUG    | fgvc.clustering.spherical_kmeans | K selection: best_k=2 | scores={2: {'silhouette': 0.4362, 'compactness': 0.8861, 'score': 0.4839}, 3: {'silhouette': 0.3864, 'compactness': 0.9017, 'score': 0.397}, 4: {'silhouette': 0.2334, 'compactness': 0.9087, 'score': 0.256}, 5: {'silhouette': 0.0517, 'compactness': 0.9156, 'score': 0.1005}}
2026-08-20 15:58:10 | DEBUG    | fgvc.clustering.spherical_kmeans |   Init 1/10: inertia=3.581602
2026-08-20 15:58:10 | DEBUG    | fgvc.clustering.spherical_kmeans |   Init 2/10: inertia=3.276097
2026-08-20 15:58:10 | DEBUG    | fgvc.clustering.spherical_kmeans |   Init 3/10: inertia=2.981369
2026-08-20 15:58:10 | DEBUG    | fgvc.clustering.spherical_kmeans |   Init 4/10: inertia=2.846580
2026-08-20 15:58:10 | DEBUG    | fgvc.clustering.spherical_kmeans |   Init 5/10: inertia=2.898080
2026-08-20 15:58:10 | DEBUG    | fgvc.clustering.spherical_kmeans |   Init 6/10: inertia=2.898080
2026-08-20 15:58:10 | DEBUG    | fgvc.clustering.spherical_kmeans |   Init 7/10: inertia=3.680295
2026-08-20 15:58:10 | DEBUG    | fgvc.clustering.spherical_kmeans |   Init 8/10: inertia=3.276097
2026-08-20 15:58:10 | DEBUG    | fgvc.clustering.spherical_kmeans |   Init 9/10: inertia=2.898080
2026-08-20 15:58:10 | DEBUG    | fgvc.clustering.spherical_kmeans |   Init 10/10: inertia=2.846580
2026-08-20 15:58:10 | INFO     | fgvc.clustering.spherical_kmeans |   [Magnolia_Warbler] k_selected=2 | k_effective=2 | min_cluster=7 | max_cluster=18
2026-08-20 15:58:10 | INFO     | fgvc.clustering.spherical_kmeans |   [Mallard] 25 images
2026-08-20 15:58:10 | DEBUG    | fgvc.clustering.spherical_kmeans |   Init 1/5: inertia=2.752290
2026-08-20 15:58:10 | DEBUG    | fgvc.clustering.spherical_kmeans |   Init 2/5: inertia=2.590416
2026-08-20 15:58:10 | DEBUG    | fgvc.clustering.spherical_kmeans |   Init 3/5: inertia=2.648736
2026-08-20 15:58:10 | DEBUG    | fgvc.clustering.spherical_kmeans |   Init 4/5: inertia=2.904717
2026-08-20 15:58:10 | DEBUG    | fgvc.clustering.spherical_kmeans |   Init 5/5: inertia=2.648736
2026-08-20 15:58:10 | DEBUG    | fgvc.clustering.spherical_kmeans |   Init 1/5: inertia=2.325962
2026-08-20 15:58:10 | DEBUG    | fgvc.clustering.spherical_kmeans |   Init 2/5: inertia=2.334111
2026-08-20 15:58:10 | DEBUG    | fgvc.clustering.spherical_kmeans |   Init 3/5: inertia=2.334696
2026-08-20 15:58:10 | DEBUG    | fgvc.clustering.spherical_kmeans |   Init 4/5: inertia=2.225307
2026-08-20 15:58:10 | DEBUG    | fgvc.clustering.spherical_kmeans |   Init 5/5: inertia=2.599442
2026-08-20 15:58:10 | DEBUG    | fgvc.clustering.spherical_kmeans |   Init 1/5: inertia=2.095806
2026-08-20 15:58:10 | DEBUG    | fgvc.clustering.spherical_kmeans |   Init 2/5: inertia=2.131806
2026-08-20 15:58:10 | DEBUG    | fgvc.clustering.spherical_kmeans |   Init 3/5: inertia=1.884798
2026-08-20 15:58:10 | DEBUG    | fgvc.clustering.spherical_kmeans |   Init 4/5: inertia=2.066124
2026-08-20 15:58:10 | DEBUG    | fgvc.clustering.spherical_kmeans |   Init 5/5: inertia=2.184444
2026-08-20 15:58:10 | DEBUG    | fgvc.clustering.spherical_kmeans |   Init 1/5: inertia=1.995901
2026-08-20 15:58:10 | DEBUG    | fgvc.clustering.spherical_kmeans |   Init 2/5: inertia=2.007316
2026-08-20 15:58:10 | DEBUG    | fgvc.clustering.spherical_kmeans |   Init 3/5: inertia=1.872960
2026-08-20 15:58:10 | DEBUG    | fgvc.clustering.spherical_kmeans |   Init 4/5: inertia=1.775981
2026-08-20 15:58:10 | DEBUG    | fgvc.clustering.spherical_kmeans |   Init 5/5: inertia=2.232704
2026-08-20 15:58:10 | DEBUG    | fgvc.clustering.spherical_kmeans | K selection: best_k=2 | scores={2: {'silhouette': 0.4608, 'compactness': 0.8964, 'score': 0.4993}, 3: {'silhouette': 0.4663, 'compactness': 0.911, 'score': 0.4398}, 4: {'silhouette': 0.227, 'compactness': 0.9246, 'score': 0.2575}, 5: {'silhouette': 0.2359, 'compactness': 0.929, 'score': 0.1967}}
2026-08-20 15:58:10 | DEBUG    | fgvc.clustering.spherical_kmeans |   Init 1/10: inertia=2.752290
2026-08-20 15:58:10 | DEBUG    | fgvc.clustering.spherical_kmeans |   Init 2/10: inertia=2.590416
2026-08-20 15:58:10 | DEBUG    | fgvc.clustering.spherical_kmeans |   Init 3/10: inertia=2.648736
2026-08-20 15:58:10 | DEBUG    | fgvc.clustering.spherical_kmeans |   Init 4/10: inertia=2.904717
2026-08-20 15:58:10 | DEBUG    | fgvc.clustering.spherical_kmeans |   Init 5/10: inertia=2.648736
2026-08-20 15:58:10 | DEBUG    | fgvc.clustering.spherical_kmeans |   Init 6/10: inertia=2.590416
2026-08-20 15:58:10 | DEBUG    | fgvc.clustering.spherical_kmeans |   Init 7/10: inertia=2.648736
2026-08-20 15:58:10 | DEBUG    | fgvc.clustering.spherical_kmeans |   Init 8/10: inertia=2.866055
2026-08-20 15:58:10 | DEBUG    | fgvc.clustering.spherical_kmeans |   Init 9/10: inertia=2.590416
2026-08-20 15:58:10 | DEBUG    | fgvc.clustering.spherical_kmeans |   Init 10/10: inertia=2.858222
2026-08-20 15:58:10 | INFO     | fgvc.clustering.spherical_kmeans |   [Mallard] k_selected=2 | k_effective=1 | min_cluster=25 | max_cluster=25
2026-08-20 15:58:10 | INFO     | fgvc.clustering.spherical_kmeans |   [Mangrove_Cuckoo] 25 images
2026-08-20 15:58:10 | DEBUG    | fgvc.clustering.spherical_kmeans |   Init 1/5: inertia=4.302086
2026-08-20 15:58:10 | DEBUG    | fgvc.clustering.spherical_kmeans |   Init 2/5: inertia=4.472919
2026-08-20 15:58:10 | DEBUG    | fgvc.clustering.spherical_kmeans |   Init 3/5: inertia=4.302086
2026-08-20 15:58:10 | DEBUG    | fgvc.clustering.spherical_kmeans |   Init 4/5: inertia=4.579679
2026-08-20 15:58:10 | DEBUG    | fgvc.clustering.spherical_kmeans |   Init 5/5: inertia=4.302086
2026-08-20 15:58:10 | DEBUG    | fgvc.clustering.spherical_kmeans |   Init 1/5: inertia=3.824086
2026-08-20 15:58:10 | DEBUG    | fgvc.clustering.spherical_kmeans |   Init 2/5: inertia=4.015038
2026-08-20 15:58:10 | DEBUG    | fgvc.clustering.spherical_kmeans |   Init 3/5: inertia=4.074053
2026-08-20 15:58:10 | DEBUG    | fgvc.clustering.spherical_kmeans |   Init 4/5: inertia=4.390370
2026-08-20 15:58:10 | DEBUG    | fgvc.clustering.spherical_kmeans |   Init 5/5: inertia=4.205230
2026-08-20 15:58:10 | DEBUG    | fgvc.clustering.spherical_kmeans |   Init 1/5: inertia=3.551884
2026-08-20 15:58:10 | DEBUG    | fgvc.clustering.spherical_kmeans |   Init 2/5: inertia=3.739619
2026-08-20 15:58:10 | DEBUG    | fgvc.clustering.spherical_kmeans |   Init 3/5: inertia=3.646276
2026-08-20 15:58:10 | DEBUG    | fgvc.clustering.spherical_kmeans |   Init 4/5: inertia=3.743141
2026-08-20 15:58:10 | DEBUG    | fgvc.clustering.spherical_kmeans |   Init 5/5: inertia=3.768777
2026-08-20 15:58:10 | DEBUG    | fgvc.clustering.spherical_kmeans |   Init 1/5: inertia=3.188920
2026-08-20 15:58:10 | DEBUG    | fgvc.clustering.spherical_kmeans |   Init 2/5: inertia=3.322550
2026-08-20 15:58:10 | DEBUG    | fgvc.clustering.spherical_kmeans |   Init 3/5: inertia=3.595649
2026-08-20 15:58:10 | DEBUG    | fgvc.clustering.spherical_kmeans |   Init 4/5: inertia=3.490256
2026-08-20 15:58:10 | DEBUG    | fgvc.clustering.spherical_kmeans |   Init 5/5: inertia=3.264938
2026-08-20 15:58:10 | DEBUG    | fgvc.clustering.spherical_kmeans | K selection: best_k=2 | scores={2: {'silhouette': 0.3197, 'compactness': 0.8279, 'score': 0.4082}, 3: {'silhouette': 0.2652, 'compactness': 0.847, 'score': 0.3201}, 4: {'silhouette': 0.0879, 'compactness': 0.8579, 'score': 0.168}, 5: {'silhouette': 0.1201, 'compactness': 0.8724, 'score': 0.1218}}
2026-08-20 15:58:10 | DEBUG    | fgvc.clustering.spherical_kmeans |   Init 1/10: inertia=4.302086
2026-08-20 15:58:10 | DEBUG    | fgvc.clustering.spherical_kmeans |   Init 2/10: inertia=4.472919
2026-08-20 15:58:10 | DEBUG    | fgvc.clustering.spherical_kmeans |   Init 3/10: inertia=4.302086
2026-08-20 15:58:10 | DEBUG    | fgvc.clustering.spherical_kmeans |   Init 4/10: inertia=4.579679
2026-08-20 15:58:10 | DEBUG    | fgvc.clustering.spherical_kmeans |   Init 5/10: inertia=4.302086
2026-08-20 15:58:10 | DEBUG    | fgvc.clustering.spherical_kmeans |   Init 6/10: inertia=4.302086
2026-08-20 15:58:10 | DEBUG    | fgvc.clustering.spherical_kmeans |   Init 7/10: inertia=4.365891
2026-08-20 15:58:10 | DEBUG    | fgvc.clustering.spherical_kmeans |   Init 8/10: inertia=4.491469
2026-08-20 15:58:10 | DEBUG    | fgvc.clustering.spherical_kmeans |   Init 9/10: inertia=4.302086
2026-08-20 15:58:10 | DEBUG    | fgvc.clustering.spherical_kmeans |   Init 10/10: inertia=4.617808
2026-08-20 15:58:10 | INFO     | fgvc.clustering.spherical_kmeans |   [Mangrove_Cuckoo] k_selected=2 | k_effective=1 | min_cluster=25 | max_cluster=25
2026-08-20 15:58:10 | INFO     | fgvc.clustering.spherical_kmeans |   [Marsh_Wren] 25 images
2026-08-20 15:58:10 | DEBUG    | fgvc.clustering.spherical_kmeans |   Init 1/5: inertia=4.280910
2026-08-20 15:58:10 | DEBUG    | fgvc.clustering.spherical_kmeans |   Init 2/5: inertia=3.950394
2026-08-20 15:58:10 | DEBUG    | fgvc.clustering.spherical_kmeans |   Init 3/5: inertia=4.105106
2026-08-20 15:58:10 | DEBUG    | fgvc.clustering.spherical_kmeans |   Init 4/5: inertia=4.233865
2026-08-20 15:58:10 | DEBUG    | fgvc.clustering.spherical_kmeans |   Init 5/5: inertia=4.086872
2026-08-20 15:58:10 | DEBUG    | fgvc.clustering.spherical_kmeans |   Init 1/5: inertia=4.032843
2026-08-20 15:58:10 | DEBUG    | fgvc.clustering.spherical_kmeans |   Init 2/5: inertia=3.672174
2026-08-20 15:58:10 | DEBUG    | fgvc.clustering.spherical_kmeans |   Init 3/5: inertia=3.904586
2026-08-20 15:58:10 | DEBUG    | fgvc.clustering.spherical_kmeans |   Init 4/5: inertia=4.068983
2026-08-20 15:58:10 | DEBUG    | fgvc.clustering.spherical_kmeans |   Init 5/5: inertia=3.821217
2026-08-20 15:58:10 | DEBUG    | fgvc.clustering.spherical_kmeans |   Init 1/5: inertia=3.789547
2026-08-20 15:58:10 | DEBUG    | fgvc.clustering.spherical_kmeans |   Init 2/5: inertia=3.378627
2026-08-20 15:58:10 | DEBUG    | fgvc.clustering.spherical_kmeans |   Init 3/5: inertia=3.684602
2026-08-20 15:58:10 | DEBUG    | fgvc.clustering.spherical_kmeans |   Init 4/5: inertia=3.585678
2026-08-20 15:58:10 | DEBUG    | fgvc.clustering.spherical_kmeans |   Init 5/5: inertia=3.495161
2026-08-20 15:58:10 | DEBUG    | fgvc.clustering.spherical_kmeans |   Init 1/5: inertia=3.496324
2026-08-20 15:58:10 | DEBUG    | fgvc.clustering.spherical_kmeans |   Init 2/5: inertia=3.215603
2026-08-20 15:58:10 | DEBUG    | fgvc.clustering.spherical_kmeans |   Init 3/5: inertia=3.328078
2026-08-20 15:58:10 | DEBUG    | fgvc.clustering.spherical_kmeans |   Init 4/5: inertia=3.209151
2026-08-20 15:58:10 | DEBUG    | fgvc.clustering.spherical_kmeans |   Init 5/5: inertia=3.415103
2026-08-20 15:58:10 | DEBUG    | fgvc.clustering.spherical_kmeans | K selection: best_k=2 | scores={2: {'silhouette': 0.1405, 'compactness': 0.842, 'score': 0.3228}, 3: {'silhouette': 0.0972, 'compactness': 0.8531, 'score': 0.2379}, 4: {'silhouette': 0.0891, 'compactness': 0.8649, 'score': 0.1707}, 5: {'silhouette': 0.0646, 'compactness': 0.8716, 'score': 0.0938}}
2026-08-20 15:58:10 | DEBUG    | fgvc.clustering.spherical_kmeans |   Init 1/10: inertia=4.280910
2026-08-20 15:58:10 | DEBUG    | fgvc.clustering.spherical_kmeans |   Init 2/10: inertia=3.950394
2026-08-20 15:58:10 | DEBUG    | fgvc.clustering.spherical_kmeans |   Init 3/10: inertia=4.105106
2026-08-20 15:58:10 | DEBUG    | fgvc.clustering.spherical_kmeans |   Init 4/10: inertia=4.233865
2026-08-20 15:58:10 | DEBUG    | fgvc.clustering.spherical_kmeans |   Init 5/10: inertia=4.086872
2026-08-20 15:58:10 | DEBUG    | fgvc.clustering.spherical_kmeans |   Init 6/10: inertia=4.025095
2026-08-20 15:58:10 | DEBUG    | fgvc.clustering.spherical_kmeans |   Init 7/10: inertia=4.059343
2026-08-20 15:58:10 | DEBUG    | fgvc.clustering.spherical_kmeans |   Init 8/10: inertia=4.223698
2026-08-20 15:58:10 | DEBUG    | fgvc.clustering.spherical_kmeans |   Init 9/10: inertia=3.950394
2026-08-20 15:58:10 | DEBUG    | fgvc.clustering.spherical_kmeans |   Init 10/10: inertia=4.310686
2026-08-20 15:58:10 | INFO     | fgvc.clustering.spherical_kmeans |   [Marsh_Wren] k_selected=2 | k_effective=2 | min_cluster=12 | max_cluster=13
2026-08-20 15:58:10 | INFO     | fgvc.clustering.spherical_kmeans |   [Mockingbird] 25 images
2026-08-20 15:58:10 | DEBUG    | fgvc.clustering.spherical_kmeans |   Init 1/5: inertia=5.291754
2026-08-20 15:58:10 | DEBUG    | fgvc.clustering.spherical_kmeans |   Init 2/5: inertia=5.272460
2026-08-20 15:58:10 | DEBUG    | fgvc.clustering.spherical_kmeans |   Init 3/5: inertia=5.286506
2026-08-20 15:58:10 | DEBUG    | fgvc.clustering.spherical_kmeans |   Init 4/5: inertia=5.193167
2026-08-20 15:58:10 | DEBUG    | fgvc.clustering.spherical_kmeans |   Init 5/5: inertia=5.129173
2026-08-20 15:58:10 | DEBUG    | fgvc.clustering.spherical_kmeans |   Init 1/5: inertia=4.710237
2026-08-20 15:58:10 | DEBUG    | fgvc.clustering.spherical_kmeans |   Init 2/5: inertia=4.909588
2026-08-20 15:58:10 | DEBUG    | fgvc.clustering.spherical_kmeans |   Init 3/5: inertia=4.832200
2026-08-20 15:58:10 | DEBUG    | fgvc.clustering.spherical_kmeans |   Init 4/5: inertia=4.762295
2026-08-20 15:58:10 | DEBUG    | fgvc.clustering.spherical_kmeans |   Init 5/5: inertia=4.944167
2026-08-20 15:58:10 | DEBUG    | fgvc.clustering.spherical_kmeans |   Init 1/5: inertia=4.594799
2026-08-20 15:58:10 | DEBUG    | fgvc.clustering.spherical_kmeans |   Init 2/5: inertia=4.461451
2026-08-20 15:58:10 | DEBUG    | fgvc.clustering.spherical_kmeans |   Init 3/5: inertia=4.630792
2026-08-20 15:58:10 | DEBUG    | fgvc.clustering.spherical_kmeans |   Init 4/5: inertia=4.283554
2026-08-20 15:58:10 | DEBUG    | fgvc.clustering.spherical_kmeans |   Init 5/5: inertia=4.400493
2026-08-20 15:58:10 | DEBUG    | fgvc.clustering.spherical_kmeans |   Init 1/5: inertia=4.303391
2026-08-20 15:58:10 | DEBUG    | fgvc.clustering.spherical_kmeans |   Init 2/5: inertia=4.121046
2026-08-20 15:58:10 | DEBUG    | fgvc.clustering.spherical_kmeans |   Init 3/5: inertia=4.079540
2026-08-20 15:58:10 | DEBUG    | fgvc.clustering.spherical_kmeans |   Init 4/5: inertia=3.948018
2026-08-20 15:58:10 | DEBUG    | fgvc.clustering.spherical_kmeans |   Init 5/5: inertia=4.340255
2026-08-20 15:58:10 | DEBUG    | fgvc.clustering.spherical_kmeans | K selection: best_k=2 | scores={2: {'silhouette': 0.0851, 'compactness': 0.7948, 'score': 0.281}, 3: {'silhouette': 0.1035, 'compactness': 0.8116, 'score': 0.2286}, 4: {'silhouette': 0.0761, 'compactness': 0.8287, 'score': 0.1533}, 5: {'silhouette': 0.0729, 'compactness': 0.8421, 'score': 0.0891}}
2026-08-20 15:58:10 | DEBUG    | fgvc.clustering.spherical_kmeans |   Init 1/10: inertia=5.291754
2026-08-20 15:58:10 | DEBUG    | fgvc.clustering.spherical_kmeans |   Init 2/10: inertia=5.272460
2026-08-20 15:58:10 | DEBUG    | fgvc.clustering.spherical_kmeans |   Init 3/10: inertia=5.286506
2026-08-20 15:58:10 | DEBUG    | fgvc.clustering.spherical_kmeans |   Init 4/10: inertia=5.193167
2026-08-20 15:58:10 | DEBUG    | fgvc.clustering.spherical_kmeans |   Init 5/10: inertia=5.129173
2026-08-20 15:58:10 | DEBUG    | fgvc.clustering.spherical_kmeans |   Init 6/10: inertia=5.207888
2026-08-20 15:58:10 | DEBUG    | fgvc.clustering.spherical_kmeans |   Init 7/10: inertia=5.157091
2026-08-20 15:58:10 | DEBUG    | fgvc.clustering.spherical_kmeans |   Init 8/10: inertia=5.085251
2026-08-20 15:58:10 | DEBUG    | fgvc.clustering.spherical_kmeans |   Init 9/10: inertia=5.203825
2026-08-20 15:58:10 | DEBUG    | fgvc.clustering.spherical_kmeans |   Init 10/10: inertia=5.269407
2026-08-20 15:58:10 | INFO     | fgvc.clustering.spherical_kmeans |   [Mockingbird] k_selected=2 | k_effective=1 | min_cluster=25 | max_cluster=25
2026-08-20 15:58:10 | INFO     | fgvc.clustering.spherical_kmeans |   [Mourning_Warbler] 25 images
2026-08-20 15:58:10 | DEBUG    | fgvc.clustering.spherical_kmeans |   Init 1/5: inertia=3.053750
2026-08-20 15:58:10 | DEBUG    | fgvc.clustering.spherical_kmeans |   Init 2/5: inertia=3.008031
2026-08-20 15:58:10 | DEBUG    | fgvc.clustering.spherical_kmeans |   Init 3/5: inertia=3.034502
2026-08-20 15:58:10 | DEBUG    | fgvc.clustering.spherical_kmeans |   Init 4/5: inertia=3.008031
2026-08-20 15:58:10 | DEBUG    | fgvc.clustering.spherical_kmeans |   Init 5/5: inertia=3.008031
2026-08-20 15:58:10 | DEBUG    | fgvc.clustering.spherical_kmeans |   Init 1/5: inertia=2.905791
2026-08-20 15:58:10 | DEBUG    | fgvc.clustering.spherical_kmeans |   Init 2/5: inertia=2.670456
2026-08-20 15:58:10 | DEBUG    | fgvc.clustering.spherical_kmeans |   Init 3/5: inertia=2.838068
2026-08-20 15:58:10 | DEBUG    | fgvc.clustering.spherical_kmeans |   Init 4/5: inertia=2.692539
2026-08-20 15:58:10 | DEBUG    | fgvc.clustering.spherical_kmeans |   Init 5/5: inertia=3.487293
2026-08-20 15:58:10 | DEBUG    | fgvc.clustering.spherical_kmeans |   Init 1/5: inertia=2.764078
2026-08-20 15:58:10 | DEBUG    | fgvc.clustering.spherical_kmeans |   Init 2/5: inertia=2.469932
2026-08-20 15:58:10 | DEBUG    | fgvc.clustering.spherical_kmeans |   Init 3/5: inertia=2.513875
2026-08-20 15:58:10 | DEBUG    | fgvc.clustering.spherical_kmeans |   Init 4/5: inertia=2.567836
2026-08-20 15:58:10 | DEBUG    | fgvc.clustering.spherical_kmeans |   Init 5/5: inertia=2.561062
2026-08-20 15:58:10 | DEBUG    | fgvc.clustering.spherical_kmeans |   Init 1/5: inertia=2.596719
2026-08-20 15:58:10 | DEBUG    | fgvc.clustering.spherical_kmeans |   Init 2/5: inertia=2.339041
2026-08-20 15:58:10 | DEBUG    | fgvc.clustering.spherical_kmeans |   Init 3/5: inertia=2.405460
2026-08-20 15:58:10 | DEBUG    | fgvc.clustering.spherical_kmeans |   Init 4/5: inertia=2.488439
2026-08-20 15:58:10 | DEBUG    | fgvc.clustering.spherical_kmeans |   Init 5/5: inertia=2.411381
2026-08-20 15:58:10 | DEBUG    | fgvc.clustering.spherical_kmeans | K selection: best_k=2 | scores={2: {'silhouette': 0.4259, 'compactness': 0.8797, 'score': 0.4769}, 3: {'silhouette': 0.2444, 'compactness': 0.8932, 'score': 0.3235}, 4: {'silhouette': 0.2547, 'compactness': 0.9012, 'score': 0.2644}, 5: {'silhouette': 0.0787, 'compactness': 0.9064, 'score': 0.1113}}
2026-08-20 15:58:10 | DEBUG    | fgvc.clustering.spherical_kmeans |   Init 1/10: inertia=3.053750
2026-08-20 15:58:10 | DEBUG    | fgvc.clustering.spherical_kmeans |   Init 2/10: inertia=3.008031
2026-08-20 15:58:10 | DEBUG    | fgvc.clustering.spherical_kmeans |   Init 3/10: inertia=3.034502
2026-08-20 15:58:10 | DEBUG    | fgvc.clustering.spherical_kmeans |   Init 4/10: inertia=3.008031
2026-08-20 15:58:10 | DEBUG    | fgvc.clustering.spherical_kmeans |   Init 5/10: inertia=3.008031
2026-08-20 15:58:10 | DEBUG    | fgvc.clustering.spherical_kmeans |   Init 6/10: inertia=3.008031
2026-08-20 15:58:10 | DEBUG    | fgvc.clustering.spherical_kmeans |   Init 7/10: inertia=3.008031
2026-08-20 15:58:10 | DEBUG    | fgvc.clustering.spherical_kmeans |   Init 8/10: inertia=3.673149
2026-08-20 15:58:10 | DEBUG    | fgvc.clustering.spherical_kmeans |   Init 9/10: inertia=3.008031
2026-08-20 15:58:10 | DEBUG    | fgvc.clustering.spherical_kmeans |   Init 10/10: inertia=3.008031
2026-08-20 15:58:10 | INFO     | fgvc.clustering.spherical_kmeans |   [Mourning_Warbler] k_selected=2 | k_effective=2 | min_cluster=5 | max_cluster=20
2026-08-20 15:58:10 | INFO     | fgvc.clustering.spherical_kmeans |   [Myrtle_Warbler] 25 images
2026-08-20 15:58:10 | DEBUG    | fgvc.clustering.spherical_kmeans |   Init 1/5: inertia=3.714155
2026-08-20 15:58:10 | DEBUG    | fgvc.clustering.spherical_kmeans |   Init 2/5: inertia=3.739761
2026-08-20 15:58:10 | DEBUG    | fgvc.clustering.spherical_kmeans |   Init 3/5: inertia=3.739761
2026-08-20 15:58:10 | DEBUG    | fgvc.clustering.spherical_kmeans |   Init 4/5: inertia=3.806283
2026-08-20 15:58:10 | DEBUG    | fgvc.clustering.spherical_kmeans |   Init 5/5: inertia=3.739761
2026-08-20 15:58:10 | DEBUG    | fgvc.clustering.spherical_kmeans |   Init 1/5: inertia=3.530013
2026-08-20 15:58:10 | DEBUG    | fgvc.clustering.spherical_kmeans |   Init 2/5: inertia=3.466712
2026-08-20 15:58:10 | DEBUG    | fgvc.clustering.spherical_kmeans |   Init 3/5: inertia=3.228472
2026-08-20 15:58:10 | DEBUG    | fgvc.clustering.spherical_kmeans |   Init 4/5: inertia=3.228472
2026-08-20 15:58:10 | DEBUG    | fgvc.clustering.spherical_kmeans |   Init 5/5: inertia=3.541193
2026-08-20 15:58:10 | DEBUG    | fgvc.clustering.spherical_kmeans |   Init 1/5: inertia=3.398256
2026-08-20 15:58:10 | DEBUG    | fgvc.clustering.spherical_kmeans |   Init 2/5: inertia=3.022187
2026-08-20 15:58:10 | DEBUG    | fgvc.clustering.spherical_kmeans |   Init 3/5: inertia=3.205202
2026-08-20 15:58:10 | DEBUG    | fgvc.clustering.spherical_kmeans |   Init 4/5: inertia=3.309994
2026-08-20 15:58:10 | DEBUG    | fgvc.clustering.spherical_kmeans |   Init 5/5: inertia=2.981086
2026-08-20 15:58:10 | DEBUG    | fgvc.clustering.spherical_kmeans |   Init 1/5: inertia=3.180109
2026-08-20 15:58:10 | DEBUG    | fgvc.clustering.spherical_kmeans |   Init 2/5: inertia=2.658168
2026-08-20 15:58:10 | DEBUG    | fgvc.clustering.spherical_kmeans |   Init 3/5: inertia=2.923744
2026-08-20 15:58:10 | DEBUG    | fgvc.clustering.spherical_kmeans |   Init 4/5: inertia=2.724480
2026-08-20 15:58:10 | DEBUG    | fgvc.clustering.spherical_kmeans |   Init 5/5: inertia=2.877102
2026-08-20 15:58:10 | DEBUG    | fgvc.clustering.spherical_kmeans | K selection: best_k=2 | scores={2: {'silhouette': 0.3603, 'compactness': 0.8514, 'score': 0.4356}, 3: {'silhouette': 0.287, 'compactness': 0.8709, 'score': 0.3381}, 4: {'silhouette': 0.2623, 'compactness': 0.8808, 'score': 0.2621}, 5: {'silhouette': 0.2539, 'compactness': 0.8937, 'score': 0.195}}
2026-08-20 15:58:10 | DEBUG    | fgvc.clustering.spherical_kmeans |   Init 1/10: inertia=3.714155
2026-08-20 15:58:10 | DEBUG    | fgvc.clustering.spherical_kmeans |   Init 2/10: inertia=3.739761
2026-08-20 15:58:10 | DEBUG    | fgvc.clustering.spherical_kmeans |   Init 3/10: inertia=3.739761
2026-08-20 15:58:10 | DEBUG    | fgvc.clustering.spherical_kmeans |   Init 4/10: inertia=3.806283
2026-08-20 15:58:10 | DEBUG    | fgvc.clustering.spherical_kmeans |   Init 5/10: inertia=3.739761
2026-08-20 15:58:10 | DEBUG    | fgvc.clustering.spherical_kmeans |   Init 6/10: inertia=3.806283
2026-08-20 15:58:10 | DEBUG    | fgvc.clustering.spherical_kmeans |   Init 7/10: inertia=3.714155
2026-08-20 15:58:10 | DEBUG    | fgvc.clustering.spherical_kmeans |   Init 8/10: inertia=3.714155
2026-08-20 15:58:10 | DEBUG    | fgvc.clustering.spherical_kmeans |   Init 9/10: inertia=3.739761
2026-08-20 15:58:10 | DEBUG    | fgvc.clustering.spherical_kmeans |   Init 10/10: inertia=3.714155
2026-08-20 15:58:10 | INFO     | fgvc.clustering.spherical_kmeans |   [Myrtle_Warbler] k_selected=2 | k_effective=2 | min_cluster=12 | max_cluster=13
2026-08-20 15:58:10 | INFO     | fgvc.clustering.spherical_kmeans |   [Nashville_Warbler] 25 images
2026-08-20 15:58:10 | DEBUG    | fgvc.clustering.spherical_kmeans |   Init 1/5: inertia=3.477586
2026-08-20 15:58:10 | DEBUG    | fgvc.clustering.spherical_kmeans |   Init 2/5: inertia=3.559915
2026-08-20 15:58:10 | DEBUG    | fgvc.clustering.spherical_kmeans |   Init 3/5: inertia=3.346806
2026-08-20 15:58:10 | DEBUG    | fgvc.clustering.spherical_kmeans |   Init 4/5: inertia=3.453802
2026-08-20 15:58:10 | DEBUG    | fgvc.clustering.spherical_kmeans |   Init 5/5: inertia=3.390696
2026-08-20 15:58:10 | DEBUG    | fgvc.clustering.spherical_kmeans |   Init 1/5: inertia=3.185235
2026-08-20 15:58:10 | DEBUG    | fgvc.clustering.spherical_kmeans |   Init 2/5: inertia=3.109051
2026-08-20 15:58:10 | DEBUG    | fgvc.clustering.spherical_kmeans |   Init 3/5: inertia=3.032841
2026-08-20 15:58:10 | DEBUG    | fgvc.clustering.spherical_kmeans |   Init 4/5: inertia=3.140902
2026-08-20 15:58:10 | DEBUG    | fgvc.clustering.spherical_kmeans |   Init 5/5: inertia=3.104363
2026-08-20 15:58:10 | DEBUG    | fgvc.clustering.spherical_kmeans |   Init 1/5: inertia=2.885836
2026-08-20 15:58:10 | DEBUG    | fgvc.clustering.spherical_kmeans |   Init 2/5: inertia=2.759607
2026-08-20 15:58:10 | DEBUG    | fgvc.clustering.spherical_kmeans |   Init 3/5: inertia=2.742156
2026-08-20 15:58:10 | DEBUG    | fgvc.clustering.spherical_kmeans |   Init 4/5: inertia=2.888057
2026-08-20 15:58:10 | DEBUG    | fgvc.clustering.spherical_kmeans |   Init 5/5: inertia=2.892490
2026-08-20 15:58:10 | DEBUG    | fgvc.clustering.spherical_kmeans |   Init 1/5: inertia=2.656755
2026-08-20 15:58:10 | DEBUG    | fgvc.clustering.spherical_kmeans |   Init 2/5: inertia=2.581743
2026-08-20 15:58:10 | DEBUG    | fgvc.clustering.spherical_kmeans |   Init 3/5: inertia=2.667848
2026-08-20 15:58:10 | DEBUG    | fgvc.clustering.spherical_kmeans |   Init 4/5: inertia=2.613172
2026-08-20 15:58:10 | DEBUG    | fgvc.clustering.spherical_kmeans |   Init 5/5: inertia=2.644239
2026-08-20 15:58:10 | DEBUG    | fgvc.clustering.spherical_kmeans | K selection: best_k=2 | scores={2: {'silhouette': 0.1275, 'compactness': 0.8661, 'score': 0.3236}, 3: {'silhouette': 0.11, 'compactness': 0.8787, 'score': 0.2519}, 4: {'silhouette': 0.1085, 'compactness': 0.8903, 'score': 0.188}, 5: {'silhouette': 0.0833, 'compactness': 0.8967, 'score': 0.1107}}
2026-08-20 15:58:10 | DEBUG    | fgvc.clustering.spherical_kmeans |   Init 1/10: inertia=3.477586
2026-08-20 15:58:10 | DEBUG    | fgvc.clustering.spherical_kmeans |   Init 2/10: inertia=3.559915
2026-08-20 15:58:10 | DEBUG    | fgvc.clustering.spherical_kmeans |   Init 3/10: inertia=3.346806
2026-08-20 15:58:10 | DEBUG    | fgvc.clustering.spherical_kmeans |   Init 4/10: inertia=3.453802
2026-08-20 15:58:10 | DEBUG    | fgvc.clustering.spherical_kmeans |   Init 5/10: inertia=3.390696
2026-08-20 15:58:10 | DEBUG    | fgvc.clustering.spherical_kmeans |   Init 6/10: inertia=3.384095
2026-08-20 15:58:10 | DEBUG    | fgvc.clustering.spherical_kmeans |   Init 7/10: inertia=3.498704
2026-08-20 15:58:10 | DEBUG    | fgvc.clustering.spherical_kmeans |   Init 8/10: inertia=3.491166
2026-08-20 15:58:10 | DEBUG    | fgvc.clustering.spherical_kmeans |   Init 9/10: inertia=3.373235
2026-08-20 15:58:10 | DEBUG    | fgvc.clustering.spherical_kmeans |   Init 10/10: inertia=3.343027
2026-08-20 15:58:10 | INFO     | fgvc.clustering.spherical_kmeans |   [Nashville_Warbler] k_selected=2 | k_effective=2 | min_cluster=7 | max_cluster=18
2026-08-20 15:58:10 | INFO     | fgvc.clustering.spherical_kmeans |   [Nelson_Sharp_tailed_Sparrow] 25 images
2026-08-20 15:58:10 | DEBUG    | fgvc.clustering.spherical_kmeans |   Init 1/5: inertia=4.671710
2026-08-20 15:58:10 | DEBUG    | fgvc.clustering.spherical_kmeans |   Init 2/5: inertia=4.644565
2026-08-20 15:58:10 | DEBUG    | fgvc.clustering.spherical_kmeans |   Init 3/5: inertia=4.608701
2026-08-20 15:58:10 | DEBUG    | fgvc.clustering.spherical_kmeans |   Init 4/5: inertia=4.705287
2026-08-20 15:58:10 | DEBUG    | fgvc.clustering.spherical_kmeans |   Init 5/5: inertia=4.585636
2026-08-20 15:58:10 | DEBUG    | fgvc.clustering.spherical_kmeans |   Init 1/5: inertia=4.392961
2026-08-20 15:58:10 | DEBUG    | fgvc.clustering.spherical_kmeans |   Init 2/5: inertia=4.558790
2026-08-20 15:58:10 | DEBUG    | fgvc.clustering.spherical_kmeans |   Init 3/5: inertia=4.500512
2026-08-20 15:58:10 | DEBUG    | fgvc.clustering.spherical_kmeans |   Init 4/5: inertia=4.344479
2026-08-20 15:58:10 | DEBUG    | fgvc.clustering.spherical_kmeans |   Init 5/5: inertia=4.353435
2026-08-20 15:58:10 | DEBUG    | fgvc.clustering.spherical_kmeans |   Init 1/5: inertia=4.048019
2026-08-20 15:58:10 | DEBUG    | fgvc.clustering.spherical_kmeans |   Init 2/5: inertia=3.981324
2026-08-20 15:58:10 | DEBUG    | fgvc.clustering.spherical_kmeans |   Init 3/5: inertia=4.156588
2026-08-20 15:58:10 | DEBUG    | fgvc.clustering.spherical_kmeans |   Init 4/5: inertia=4.103291
2026-08-20 15:58:10 | DEBUG    | fgvc.clustering.spherical_kmeans |   Init 5/5: inertia=4.092858
2026-08-20 15:58:10 | DEBUG    | fgvc.clustering.spherical_kmeans |   Init 1/5: inertia=3.728929
2026-08-20 15:58:10 | DEBUG    | fgvc.clustering.spherical_kmeans |   Init 2/5: inertia=3.748298
2026-08-20 15:58:10 | DEBUG    | fgvc.clustering.spherical_kmeans |   Init 3/5: inertia=3.770168
2026-08-20 15:58:10 | DEBUG    | fgvc.clustering.spherical_kmeans |   Init 4/5: inertia=3.673258
2026-08-20 15:58:10 | DEBUG    | fgvc.clustering.spherical_kmeans |   Init 5/5: inertia=3.823270
2026-08-20 15:58:10 | DEBUG    | fgvc.clustering.spherical_kmeans | K selection: best_k=2 | scores={2: {'silhouette': 0.1502, 'compactness': 0.8166, 'score': 0.3201}, 3: {'silhouette': 0.0946, 'compactness': 0.8262, 'score': 0.2285}, 4: {'silhouette': 0.121, 'compactness': 0.8407, 'score': 0.1794}, 5: {'silhouette': 0.0408, 'compactness': 0.8531, 'score': 0.0763}}
2026-08-20 15:58:10 | DEBUG    | fgvc.clustering.spherical_kmeans |   Init 1/10: inertia=4.671710
2026-08-20 15:58:10 | DEBUG    | fgvc.clustering.spherical_kmeans |   Init 2/10: inertia=4.644565
2026-08-20 15:58:10 | DEBUG    | fgvc.clustering.spherical_kmeans |   Init 3/10: inertia=4.608701
2026-08-20 15:58:10 | DEBUG    | fgvc.clustering.spherical_kmeans |   Init 4/10: inertia=4.705287
2026-08-20 15:58:10 | DEBUG    | fgvc.clustering.spherical_kmeans |   Init 5/10: inertia=4.585636
2026-08-20 15:58:10 | DEBUG    | fgvc.clustering.spherical_kmeans |   Init 6/10: inertia=4.888783
2026-08-20 15:58:10 | DEBUG    | fgvc.clustering.spherical_kmeans |   Init 7/10: inertia=4.577363
2026-08-20 15:58:10 | DEBUG    | fgvc.clustering.spherical_kmeans |   Init 8/10: inertia=4.635942
2026-08-20 15:58:10 | DEBUG    | fgvc.clustering.spherical_kmeans |   Init 9/10: inertia=4.917673
2026-08-20 15:58:10 | DEBUG    | fgvc.clustering.spherical_kmeans |   Init 10/10: inertia=4.827795
2026-08-20 15:58:10 | INFO     | fgvc.clustering.spherical_kmeans |   [Nelson_Sharp_tailed_Sparrow] k_selected=2 | k_effective=2 | min_cluster=9 | max_cluster=16
2026-08-20 15:58:10 | INFO     | fgvc.clustering.spherical_kmeans |   [Nighthawk] 25 images
2026-08-20 15:58:10 | DEBUG    | fgvc.clustering.spherical_kmeans |   Init 1/5: inertia=4.597839
2026-08-20 15:58:10 | DEBUG    | fgvc.clustering.spherical_kmeans |   Init 2/5: inertia=4.617146
2026-08-20 15:58:10 | DEBUG    | fgvc.clustering.spherical_kmeans |   Init 3/5: inertia=4.597839
2026-08-20 15:58:10 | DEBUG    | fgvc.clustering.spherical_kmeans |   Init 4/5: inertia=4.617146
2026-08-20 15:58:10 | DEBUG    | fgvc.clustering.spherical_kmeans |   Init 5/5: inertia=4.616209
2026-08-20 15:58:10 | DEBUG    | fgvc.clustering.spherical_kmeans |   Init 1/5: inertia=4.440198
2026-08-20 15:58:10 | DEBUG    | fgvc.clustering.spherical_kmeans |   Init 2/5: inertia=4.161086
2026-08-20 15:58:10 | DEBUG    | fgvc.clustering.spherical_kmeans |   Init 3/5: inertia=4.042524
2026-08-20 15:58:10 | DEBUG    | fgvc.clustering.spherical_kmeans |   Init 4/5: inertia=4.037424
2026-08-20 15:58:10 | DEBUG    | fgvc.clustering.spherical_kmeans |   Init 5/5: inertia=4.161086
2026-08-20 15:58:10 | DEBUG    | fgvc.clustering.spherical_kmeans |   Init 1/5: inertia=4.232643
2026-08-20 15:58:10 | DEBUG    | fgvc.clustering.spherical_kmeans |   Init 2/5: inertia=4.117458
2026-08-20 15:58:10 | DEBUG    | fgvc.clustering.spherical_kmeans |   Init 3/5: inertia=3.857833
2026-08-20 15:58:10 | DEBUG    | fgvc.clustering.spherical_kmeans |   Init 4/5: inertia=3.668121
2026-08-20 15:58:10 | DEBUG    | fgvc.clustering.spherical_kmeans |   Init 5/5: inertia=3.843175
2026-08-20 15:58:10 | DEBUG    | fgvc.clustering.spherical_kmeans |   Init 1/5: inertia=3.566221
2026-08-20 15:58:10 | DEBUG    | fgvc.clustering.spherical_kmeans |   Init 2/5: inertia=3.660794
2026-08-20 15:58:10 | DEBUG    | fgvc.clustering.spherical_kmeans |   Init 3/5: inertia=3.348489
2026-08-20 15:58:10 | DEBUG    | fgvc.clustering.spherical_kmeans |   Init 4/5: inertia=3.431895
2026-08-20 15:58:10 | DEBUG    | fgvc.clustering.spherical_kmeans |   Init 5/5: inertia=3.172716
2026-08-20 15:58:10 | DEBUG    | fgvc.clustering.spherical_kmeans | K selection: best_k=2 | scores={2: {'silhouette': 0.3138, 'compactness': 0.8161, 'score': 0.4017}, 3: {'silhouette': 0.2571, 'compactness': 0.8385, 'score': 0.3134}, 4: {'silhouette': 0.1354, 'compactness': 0.8533, 'score': 0.1904}, 5: {'silhouette': 0.1452, 'compactness': 0.8731, 'score': 0.1345}}
2026-08-20 15:58:10 | DEBUG    | fgvc.clustering.spherical_kmeans |   Init 1/10: inertia=4.597839
2026-08-20 15:58:10 | DEBUG    | fgvc.clustering.spherical_kmeans |   Init 2/10: inertia=4.617146
2026-08-20 15:58:10 | DEBUG    | fgvc.clustering.spherical_kmeans |   Init 3/10: inertia=4.597839
2026-08-20 15:58:10 | DEBUG    | fgvc.clustering.spherical_kmeans |   Init 4/10: inertia=4.617146
2026-08-20 15:58:10 | DEBUG    | fgvc.clustering.spherical_kmeans |   Init 5/10: inertia=4.616209
2026-08-20 15:58:10 | DEBUG    | fgvc.clustering.spherical_kmeans |   Init 6/10: inertia=4.616209
2026-08-20 15:58:10 | DEBUG    | fgvc.clustering.spherical_kmeans |   Init 7/10: inertia=4.616209
2026-08-20 15:58:10 | DEBUG    | fgvc.clustering.spherical_kmeans |   Init 8/10: inertia=5.235056
2026-08-20 15:58:10 | DEBUG    | fgvc.clustering.spherical_kmeans |   Init 9/10: inertia=4.617146
2026-08-20 15:58:10 | DEBUG    | fgvc.clustering.spherical_kmeans |   Init 10/10: inertia=4.644557
2026-08-20 15:58:10 | INFO     | fgvc.clustering.spherical_kmeans |   [Nighthawk] k_selected=2 | k_effective=2 | min_cluster=7 | max_cluster=18
2026-08-20 15:58:10 | INFO     | fgvc.clustering.spherical_kmeans |   [Northern_Flicker] 25 images
2026-08-20 15:58:10 | DEBUG    | fgvc.clustering.spherical_kmeans |   Init 1/5: inertia=2.904355
2026-08-20 15:58:10 | DEBUG    | fgvc.clustering.spherical_kmeans |   Init 2/5: inertia=2.910720
2026-08-20 15:58:10 | DEBUG    | fgvc.clustering.spherical_kmeans |   Init 3/5: inertia=2.872903
2026-08-20 15:58:10 | DEBUG    | fgvc.clustering.spherical_kmeans |   Init 4/5: inertia=3.072315
2026-08-20 15:58:10 | DEBUG    | fgvc.clustering.spherical_kmeans |   Init 5/5: inertia=3.064151
2026-08-20 15:58:10 | DEBUG    | fgvc.clustering.spherical_kmeans |   Init 1/5: inertia=2.646631
2026-08-20 15:58:10 | DEBUG    | fgvc.clustering.spherical_kmeans |   Init 2/5: inertia=2.612660
2026-08-20 15:58:10 | DEBUG    | fgvc.clustering.spherical_kmeans |   Init 3/5: inertia=2.716551
2026-08-20 15:58:10 | DEBUG    | fgvc.clustering.spherical_kmeans |   Init 4/5: inertia=2.641624
2026-08-20 15:58:10 | DEBUG    | fgvc.clustering.spherical_kmeans |   Init 5/5: inertia=2.698133
2026-08-20 15:58:10 | DEBUG    | fgvc.clustering.spherical_kmeans |   Init 1/5: inertia=2.457198
2026-08-20 15:58:10 | DEBUG    | fgvc.clustering.spherical_kmeans |   Init 2/5: inertia=2.392390
2026-08-20 15:58:10 | DEBUG    | fgvc.clustering.spherical_kmeans |   Init 3/5: inertia=2.561445
2026-08-20 15:58:10 | DEBUG    | fgvc.clustering.spherical_kmeans |   Init 4/5: inertia=2.583712
2026-08-20 15:58:10 | DEBUG    | fgvc.clustering.spherical_kmeans |   Init 5/5: inertia=2.501636
2026-08-20 15:58:10 | DEBUG    | fgvc.clustering.spherical_kmeans |   Init 1/5: inertia=2.254155
2026-08-20 15:58:10 | DEBUG    | fgvc.clustering.spherical_kmeans |   Init 2/5: inertia=2.282737
2026-08-20 15:58:10 | DEBUG    | fgvc.clustering.spherical_kmeans |   Init 3/5: inertia=2.180941
2026-08-20 15:58:10 | DEBUG    | fgvc.clustering.spherical_kmeans |   Init 4/5: inertia=2.333458
2026-08-20 15:58:10 | DEBUG    | fgvc.clustering.spherical_kmeans |   Init 5/5: inertia=2.219507
2026-08-20 15:58:10 | DEBUG    | fgvc.clustering.spherical_kmeans | K selection: best_k=2 | scores={2: {'silhouette': 0.1582, 'compactness': 0.8851, 'score': 0.3446}, 3: {'silhouette': 0.1345, 'compactness': 0.8955, 'score': 0.2692}, 4: {'silhouette': 0.1432, 'compactness': 0.9043, 'score': 0.2096}, 5: {'silhouette': 0.1385, 'compactness': 0.9128, 'score': 0.1431}}
2026-08-20 15:58:10 | DEBUG    | fgvc.clustering.spherical_kmeans |   Init 1/10: inertia=2.904355
2026-08-20 15:58:10 | DEBUG    | fgvc.clustering.spherical_kmeans |   Init 2/10: inertia=2.910720
2026-08-20 15:58:10 | DEBUG    | fgvc.clustering.spherical_kmeans |   Init 3/10: inertia=2.872903
2026-08-20 15:58:10 | DEBUG    | fgvc.clustering.spherical_kmeans |   Init 4/10: inertia=3.072315
2026-08-20 15:58:10 | DEBUG    | fgvc.clustering.spherical_kmeans |   Init 5/10: inertia=3.064151
2026-08-20 15:58:10 | DEBUG    | fgvc.clustering.spherical_kmeans |   Init 6/10: inertia=2.847371
2026-08-20 15:58:10 | DEBUG    | fgvc.clustering.spherical_kmeans |   Init 7/10: inertia=2.913226
2026-08-20 15:58:10 | DEBUG    | fgvc.clustering.spherical_kmeans |   Init 8/10: inertia=2.847371
2026-08-20 15:58:10 | DEBUG    | fgvc.clustering.spherical_kmeans |   Init 9/10: inertia=2.973825
2026-08-20 15:58:10 | DEBUG    | fgvc.clustering.spherical_kmeans |   Init 10/10: inertia=3.005334
2026-08-20 15:58:10 | INFO     | fgvc.clustering.spherical_kmeans |   [Northern_Flicker] k_selected=2 | k_effective=2 | min_cluster=10 | max_cluster=15
2026-08-20 15:58:10 | INFO     | fgvc.clustering.spherical_kmeans |   [Northern_Fulmar] 25 images
2026-08-20 15:58:10 | DEBUG    | fgvc.clustering.spherical_kmeans |   Init 1/5: inertia=4.461268
2026-08-20 15:58:10 | DEBUG    | fgvc.clustering.spherical_kmeans |   Init 2/5: inertia=4.668537
2026-08-20 15:58:10 | DEBUG    | fgvc.clustering.spherical_kmeans |   Init 3/5: inertia=4.813190
2026-08-20 15:58:10 | DEBUG    | fgvc.clustering.spherical_kmeans |   Init 4/5: inertia=4.456725
2026-08-20 15:58:10 | DEBUG    | fgvc.clustering.spherical_kmeans |   Init 5/5: inertia=4.581935
2026-08-20 15:58:10 | DEBUG    | fgvc.clustering.spherical_kmeans |   Init 1/5: inertia=4.030208
2026-08-20 15:58:10 | DEBUG    | fgvc.clustering.spherical_kmeans |   Init 2/5: inertia=5.011752
2026-08-20 15:58:10 | DEBUG    | fgvc.clustering.spherical_kmeans |   Init 3/5: inertia=4.174005
2026-08-20 15:58:10 | DEBUG    | fgvc.clustering.spherical_kmeans |   Init 4/5: inertia=4.188790
2026-08-20 15:58:10 | DEBUG    | fgvc.clustering.spherical_kmeans |   Init 5/5: inertia=3.948811
2026-08-20 15:58:10 | DEBUG    | fgvc.clustering.spherical_kmeans |   Init 1/5: inertia=3.834723
2026-08-20 15:58:10 | DEBUG    | fgvc.clustering.spherical_kmeans |   Init 2/5: inertia=3.938340
2026-08-20 15:58:10 | DEBUG    | fgvc.clustering.spherical_kmeans |   Init 3/5: inertia=3.827991
2026-08-20 15:58:10 | DEBUG    | fgvc.clustering.spherical_kmeans |   Init 4/5: inertia=3.616586
2026-08-20 15:58:10 | DEBUG    | fgvc.clustering.spherical_kmeans |   Init 5/5: inertia=3.979535
2026-08-20 15:58:10 | DEBUG    | fgvc.clustering.spherical_kmeans |   Init 1/5: inertia=3.598132
2026-08-20 15:58:10 | DEBUG    | fgvc.clustering.spherical_kmeans |   Init 2/5: inertia=3.783954
2026-08-20 15:58:10 | DEBUG    | fgvc.clustering.spherical_kmeans |   Init 3/5: inertia=3.619028
2026-08-20 15:58:10 | DEBUG    | fgvc.clustering.spherical_kmeans |   Init 4/5: inertia=3.678077
2026-08-20 15:58:10 | DEBUG    | fgvc.clustering.spherical_kmeans |   Init 5/5: inertia=3.285463
2026-08-20 15:58:10 | DEBUG    | fgvc.clustering.spherical_kmeans | K selection: best_k=2 | scores={2: {'silhouette': 0.2389, 'compactness': 0.8217, 'score': 0.366}, 3: {'silhouette': 0.1756, 'compactness': 0.842, 'score': 0.2737}, 4: {'silhouette': 0.1732, 'compactness': 0.8553, 'score': 0.2099}, 5: {'silhouette': 0.1572, 'compactness': 0.8686, 'score': 0.1392}}
2026-08-20 15:58:10 | DEBUG    | fgvc.clustering.spherical_kmeans |   Init 1/10: inertia=4.461268
2026-08-20 15:58:10 | DEBUG    | fgvc.clustering.spherical_kmeans |   Init 2/10: inertia=4.668537
2026-08-20 15:58:10 | DEBUG    | fgvc.clustering.spherical_kmeans |   Init 3/10: inertia=4.813190
2026-08-20 15:58:10 | DEBUG    | fgvc.clustering.spherical_kmeans |   Init 4/10: inertia=4.456725
2026-08-20 15:58:10 | DEBUG    | fgvc.clustering.spherical_kmeans |   Init 5/10: inertia=4.581935
2026-08-20 15:58:10 | DEBUG    | fgvc.clustering.spherical_kmeans |   Init 6/10: inertia=4.529536
2026-08-20 15:58:10 | DEBUG    | fgvc.clustering.spherical_kmeans |   Init 7/10: inertia=5.315863
2026-08-20 15:58:10 | DEBUG    | fgvc.clustering.spherical_kmeans |   Init 8/10: inertia=4.836714
2026-08-20 15:58:10 | DEBUG    | fgvc.clustering.spherical_kmeans |   Init 9/10: inertia=4.766530
2026-08-20 15:58:10 | DEBUG    | fgvc.clustering.spherical_kmeans |   Init 10/10: inertia=4.627679
2026-08-20 15:58:10 | INFO     | fgvc.clustering.spherical_kmeans |   [Northern_Fulmar] k_selected=2 | k_effective=2 | min_cluster=9 | max_cluster=16
2026-08-20 15:58:10 | INFO     | fgvc.clustering.spherical_kmeans |   [Northern_Waterthrush] 25 images
2026-08-20 15:58:10 | DEBUG    | fgvc.clustering.spherical_kmeans |   Init 1/5: inertia=2.436772
2026-08-20 15:58:10 | DEBUG    | fgvc.clustering.spherical_kmeans |   Init 2/5: inertia=2.467284
2026-08-20 15:58:10 | DEBUG    | fgvc.clustering.spherical_kmeans |   Init 3/5: inertia=2.445720
2026-08-20 15:58:10 | DEBUG    | fgvc.clustering.spherical_kmeans |   Init 4/5: inertia=2.498797
2026-08-20 15:58:10 | DEBUG    | fgvc.clustering.spherical_kmeans |   Init 5/5: inertia=2.460598
2026-08-20 15:58:10 | DEBUG    | fgvc.clustering.spherical_kmeans |   Init 1/5: inertia=2.267429
2026-08-20 15:58:10 | DEBUG    | fgvc.clustering.spherical_kmeans |   Init 2/5: inertia=2.349921
2026-08-20 15:58:10 | DEBUG    | fgvc.clustering.spherical_kmeans |   Init 3/5: inertia=2.268439
2026-08-20 15:58:10 | DEBUG    | fgvc.clustering.spherical_kmeans |   Init 4/5: inertia=2.299159
2026-08-20 15:58:10 | DEBUG    | fgvc.clustering.spherical_kmeans |   Init 5/5: inertia=2.374191
2026-08-20 15:58:10 | DEBUG    | fgvc.clustering.spherical_kmeans |   Init 1/5: inertia=2.185193
2026-08-20 15:58:10 | DEBUG    | fgvc.clustering.spherical_kmeans |   Init 2/5: inertia=2.109864
2026-08-20 15:58:10 | DEBUG    | fgvc.clustering.spherical_kmeans |   Init 3/5: inertia=2.128502
2026-08-20 15:58:10 | DEBUG    | fgvc.clustering.spherical_kmeans |   Init 4/5: inertia=2.154626
2026-08-20 15:58:10 | DEBUG    | fgvc.clustering.spherical_kmeans |   Init 5/5: inertia=2.140780
2026-08-20 15:58:10 | DEBUG    | fgvc.clustering.spherical_kmeans |   Init 1/5: inertia=1.973977
2026-08-20 15:58:10 | DEBUG    | fgvc.clustering.spherical_kmeans |   Init 2/5: inertia=1.982946
2026-08-20 15:58:10 | DEBUG    | fgvc.clustering.spherical_kmeans |   Init 3/5: inertia=1.912169
2026-08-20 15:58:10 | DEBUG    | fgvc.clustering.spherical_kmeans |   Init 4/5: inertia=1.973762
2026-08-20 15:58:10 | DEBUG    | fgvc.clustering.spherical_kmeans |   Init 5/5: inertia=1.959048
2026-08-20 15:58:10 | DEBUG    | fgvc.clustering.spherical_kmeans | K selection: best_k=2 | scores={2: {'silhouette': 0.0905, 'compactness': 0.9025, 'score': 0.316}, 3: {'silhouette': 0.0595, 'compactness': 0.9093, 'score': 0.2359}, 4: {'silhouette': 0.0414, 'compactness': 0.9156, 'score': 0.1621}, 5: {'silhouette': 0.0782, 'compactness': 0.9235, 'score': 0.1161}}
2026-08-20 15:58:10 | DEBUG    | fgvc.clustering.spherical_kmeans |   Init 1/10: inertia=2.436772
2026-08-20 15:58:10 | DEBUG    | fgvc.clustering.spherical_kmeans |   Init 2/10: inertia=2.467284
2026-08-20 15:58:10 | DEBUG    | fgvc.clustering.spherical_kmeans |   Init 3/10: inertia=2.445720
2026-08-20 15:58:10 | DEBUG    | fgvc.clustering.spherical_kmeans |   Init 4/10: inertia=2.498797
2026-08-20 15:58:10 | DEBUG    | fgvc.clustering.spherical_kmeans |   Init 5/10: inertia=2.460598
2026-08-20 15:58:10 | DEBUG    | fgvc.clustering.spherical_kmeans |   Init 6/10: inertia=2.428480
2026-08-20 15:58:10 | DEBUG    | fgvc.clustering.spherical_kmeans |   Init 7/10: inertia=2.462193
2026-08-20 15:58:10 | DEBUG    | fgvc.clustering.spherical_kmeans |   Init 8/10: inertia=2.490767
2026-08-20 15:58:10 | DEBUG    | fgvc.clustering.spherical_kmeans |   Init 9/10: inertia=2.419478
2026-08-20 15:58:10 | DEBUG    | fgvc.clustering.spherical_kmeans |   Init 10/10: inertia=2.514663
2026-08-20 15:58:10 | INFO     | fgvc.clustering.spherical_kmeans |   [Northern_Waterthrush] k_selected=2 | k_effective=2 | min_cluster=11 | max_cluster=14
2026-08-20 15:58:10 | INFO     | fgvc.clustering.spherical_kmeans |   [Olive_sided_Flycatcher] 25 images
2026-08-20 15:58:10 | DEBUG    | fgvc.clustering.spherical_kmeans |   Init 1/5: inertia=4.792198
2026-08-20 15:58:10 | DEBUG    | fgvc.clustering.spherical_kmeans |   Init 2/5: inertia=4.929666
2026-08-20 15:58:10 | DEBUG    | fgvc.clustering.spherical_kmeans |   Init 3/5: inertia=4.918690
2026-08-20 15:58:10 | DEBUG    | fgvc.clustering.spherical_kmeans |   Init 4/5: inertia=4.878470
2026-08-20 15:58:10 | DEBUG    | fgvc.clustering.spherical_kmeans |   Init 5/5: inertia=5.047534
2026-08-20 15:58:10 | DEBUG    | fgvc.clustering.spherical_kmeans |   Init 1/5: inertia=4.415478
2026-08-20 15:58:10 | DEBUG    | fgvc.clustering.spherical_kmeans |   Init 2/5: inertia=4.533897
2026-08-20 15:58:10 | DEBUG    | fgvc.clustering.spherical_kmeans |   Init 3/5: inertia=4.679278
2026-08-20 15:58:10 | DEBUG    | fgvc.clustering.spherical_kmeans |   Init 4/5: inertia=4.559391
2026-08-20 15:58:10 | DEBUG    | fgvc.clustering.spherical_kmeans |   Init 5/5: inertia=4.365881
2026-08-20 15:58:10 | DEBUG    | fgvc.clustering.spherical_kmeans |   Init 1/5: inertia=3.977449
2026-08-20 15:58:10 | DEBUG    | fgvc.clustering.spherical_kmeans |   Init 2/5: inertia=4.062145
2026-08-20 15:58:10 | DEBUG    | fgvc.clustering.spherical_kmeans |   Init 3/5: inertia=4.101378
2026-08-20 15:58:10 | DEBUG    | fgvc.clustering.spherical_kmeans |   Init 4/5: inertia=4.176373
2026-08-20 15:58:10 | DEBUG    | fgvc.clustering.spherical_kmeans |   Init 5/5: inertia=4.213029
2026-08-20 15:58:10 | DEBUG    | fgvc.clustering.spherical_kmeans |   Init 1/5: inertia=3.729107
2026-08-20 15:58:10 | DEBUG    | fgvc.clustering.spherical_kmeans |   Init 2/5: inertia=3.840942
2026-08-20 15:58:10 | DEBUG    | fgvc.clustering.spherical_kmeans |   Init 3/5: inertia=3.884828
2026-08-20 15:58:10 | DEBUG    | fgvc.clustering.spherical_kmeans |   Init 4/5: inertia=3.676574
2026-08-20 15:58:10 | DEBUG    | fgvc.clustering.spherical_kmeans |   Init 5/5: inertia=3.985877
2026-08-20 15:58:10 | DEBUG    | fgvc.clustering.spherical_kmeans | K selection: best_k=2 | scores={2: {'silhouette': 0.1443, 'compactness': 0.8083, 'score': 0.3147}, 3: {'silhouette': 0.0967, 'compactness': 0.8254, 'score': 0.2293}, 4: {'silhouette': 0.1241, 'compactness': 0.8409, 'score': 0.181}, 5: {'silhouette': 0.1156, 'compactness': 0.8529, 'score': 0.1137}}
2026-08-20 15:58:10 | DEBUG    | fgvc.clustering.spherical_kmeans |   Init 1/10: inertia=4.792198
2026-08-20 15:58:10 | DEBUG    | fgvc.clustering.spherical_kmeans |   Init 2/10: inertia=4.929666
2026-08-20 15:58:10 | DEBUG    | fgvc.clustering.spherical_kmeans |   Init 3/10: inertia=4.918690
2026-08-20 15:58:10 | DEBUG    | fgvc.clustering.spherical_kmeans |   Init 4/10: inertia=4.878470
2026-08-20 15:58:10 | DEBUG    | fgvc.clustering.spherical_kmeans |   Init 5/10: inertia=5.047534
2026-08-20 15:58:10 | DEBUG    | fgvc.clustering.spherical_kmeans |   Init 6/10: inertia=5.068823
2026-08-20 15:58:10 | DEBUG    | fgvc.clustering.spherical_kmeans |   Init 7/10: inertia=4.762185
2026-08-20 15:58:10 | DEBUG    | fgvc.clustering.spherical_kmeans |   Init 8/10: inertia=4.990952
2026-08-20 15:58:10 | DEBUG    | fgvc.clustering.spherical_kmeans |   Init 9/10: inertia=4.820269
2026-08-20 15:58:10 | DEBUG    | fgvc.clustering.spherical_kmeans |   Init 10/10: inertia=5.008370
2026-08-20 15:58:10 | INFO     | fgvc.clustering.spherical_kmeans |   [Olive_sided_Flycatcher] k_selected=2 | k_effective=2 | min_cluster=11 | max_cluster=14
2026-08-20 15:58:10 | INFO     | fgvc.clustering.spherical_kmeans |   [Orange_crowned_Warbler] 25 images
2026-08-20 15:58:10 | DEBUG    | fgvc.clustering.spherical_kmeans |   Init 1/5: inertia=5.258052
2026-08-20 15:58:10 | DEBUG    | fgvc.clustering.spherical_kmeans |   Init 2/5: inertia=5.280854
2026-08-20 15:58:10 | DEBUG    | fgvc.clustering.spherical_kmeans |   Init 3/5: inertia=5.264843
2026-08-20 15:58:10 | DEBUG    | fgvc.clustering.spherical_kmeans |   Init 4/5: inertia=5.335924
2026-08-20 15:58:10 | DEBUG    | fgvc.clustering.spherical_kmeans |   Init 5/5: inertia=5.305693
2026-08-20 15:58:10 | DEBUG    | fgvc.clustering.spherical_kmeans |   Init 1/5: inertia=4.951575
2026-08-20 15:58:10 | DEBUG    | fgvc.clustering.spherical_kmeans |   Init 2/5: inertia=4.844047
2026-08-20 15:58:10 | DEBUG    | fgvc.clustering.spherical_kmeans |   Init 3/5: inertia=4.860705
2026-08-20 15:58:10 | DEBUG    | fgvc.clustering.spherical_kmeans |   Init 4/5: inertia=4.935805
2026-08-20 15:58:10 | DEBUG    | fgvc.clustering.spherical_kmeans |   Init 5/5: inertia=4.908787
2026-08-20 15:58:10 | DEBUG    | fgvc.clustering.spherical_kmeans |   Init 1/5: inertia=4.610875
2026-08-20 15:58:10 | DEBUG    | fgvc.clustering.spherical_kmeans |   Init 2/5: inertia=4.461257
2026-08-20 15:58:10 | DEBUG    | fgvc.clustering.spherical_kmeans |   Init 3/5: inertia=4.517050
2026-08-20 15:58:10 | DEBUG    | fgvc.clustering.spherical_kmeans |   Init 4/5: inertia=4.664143
2026-08-20 15:58:10 | DEBUG    | fgvc.clustering.spherical_kmeans |   Init 5/5: inertia=4.476574
2026-08-20 15:58:10 | DEBUG    | fgvc.clustering.spherical_kmeans |   Init 1/5: inertia=4.245835
2026-08-20 15:58:10 | DEBUG    | fgvc.clustering.spherical_kmeans |   Init 2/5: inertia=4.140683
2026-08-20 15:58:10 | DEBUG    | fgvc.clustering.spherical_kmeans |   Init 3/5: inertia=4.109736
2026-08-20 15:58:10 | DEBUG    | fgvc.clustering.spherical_kmeans |   Init 4/5: inertia=4.116162
2026-08-20 15:58:10 | DEBUG    | fgvc.clustering.spherical_kmeans |   Init 5/5: inertia=4.306997
2026-08-20 15:58:10 | DEBUG    | fgvc.clustering.spherical_kmeans | K selection: best_k=2 | scores={2: {'silhouette': 0.1162, 'compactness': 0.7897, 'score': 0.295}, 3: {'silhouette': 0.0287, 'compactness': 0.8062, 'score': 0.1895}, 4: {'silhouette': 0.0716, 'compactness': 0.8215, 'score': 0.1489}, 5: {'silhouette': 0.0381, 'compactness': 0.8356, 'score': 0.0697}}
2026-08-20 15:58:10 | DEBUG    | fgvc.clustering.spherical_kmeans |   Init 1/10: inertia=5.258052
2026-08-20 15:58:10 | DEBUG    | fgvc.clustering.spherical_kmeans |   Init 2/10: inertia=5.280854
2026-08-20 15:58:10 | DEBUG    | fgvc.clustering.spherical_kmeans |   Init 3/10: inertia=5.264843
2026-08-20 15:58:10 | DEBUG    | fgvc.clustering.spherical_kmeans |   Init 4/10: inertia=5.335924
2026-08-20 15:58:10 | DEBUG    | fgvc.clustering.spherical_kmeans |   Init 5/10: inertia=5.305693
2026-08-20 15:58:10 | DEBUG    | fgvc.clustering.spherical_kmeans |   Init 6/10: inertia=5.273479
2026-08-20 15:58:10 | DEBUG    | fgvc.clustering.spherical_kmeans |   Init 7/10: inertia=5.285241
2026-08-20 15:58:10 | DEBUG    | fgvc.clustering.spherical_kmeans |   Init 8/10: inertia=5.300041
2026-08-20 15:58:10 | DEBUG    | fgvc.clustering.spherical_kmeans |   Init 9/10: inertia=5.277344
2026-08-20 15:58:10 | DEBUG    | fgvc.clustering.spherical_kmeans |   Init 10/10: inertia=5.293717
2026-08-20 15:58:10 | INFO     | fgvc.clustering.spherical_kmeans |   [Orange_crowned_Warbler] k_selected=2 | k_effective=2 | min_cluster=5 | max_cluster=20
2026-08-20 15:58:10 | INFO     | fgvc.clustering.spherical_kmeans |   [Orchard_Oriole] 25 images
2026-08-20 15:58:10 | DEBUG    | fgvc.clustering.spherical_kmeans |   Init 1/5: inertia=3.625469
2026-08-20 15:58:10 | DEBUG    | fgvc.clustering.spherical_kmeans |   Init 2/5: inertia=3.625469
2026-08-20 15:58:10 | DEBUG    | fgvc.clustering.spherical_kmeans |   Init 3/5: inertia=3.625469
2026-08-20 15:58:10 | DEBUG    | fgvc.clustering.spherical_kmeans |   Init 4/5: inertia=3.625469
2026-08-20 15:58:10 | DEBUG    | fgvc.clustering.spherical_kmeans |   Init 5/5: inertia=3.625469
2026-08-20 15:58:10 | DEBUG    | fgvc.clustering.spherical_kmeans |   Init 1/5: inertia=3.325658
2026-08-20 15:58:10 | DEBUG    | fgvc.clustering.spherical_kmeans |   Init 2/5: inertia=3.373635
2026-08-20 15:58:10 | DEBUG    | fgvc.clustering.spherical_kmeans |   Init 3/5: inertia=3.394182
2026-08-20 15:58:10 | DEBUG    | fgvc.clustering.spherical_kmeans |   Init 4/5: inertia=3.225344
2026-08-20 15:58:10 | DEBUG    | fgvc.clustering.spherical_kmeans |   Init 5/5: inertia=3.348193
2026-08-20 15:58:10 | DEBUG    | fgvc.clustering.spherical_kmeans |   Init 1/5: inertia=2.925533
2026-08-20 15:58:10 | DEBUG    | fgvc.clustering.spherical_kmeans |   Init 2/5: inertia=2.994058
2026-08-20 15:58:10 | DEBUG    | fgvc.clustering.spherical_kmeans |   Init 3/5: inertia=3.140669
2026-08-20 15:58:10 | DEBUG    | fgvc.clustering.spherical_kmeans |   Init 4/5: inertia=3.197786
2026-08-20 15:58:10 | DEBUG    | fgvc.clustering.spherical_kmeans |   Init 5/5: inertia=3.154486
2026-08-20 15:58:10 | DEBUG    | fgvc.clustering.spherical_kmeans |   Init 1/5: inertia=2.779306
2026-08-20 15:58:10 | DEBUG    | fgvc.clustering.spherical_kmeans |   Init 2/5: inertia=2.770685
2026-08-20 15:58:10 | DEBUG    | fgvc.clustering.spherical_kmeans |   Init 3/5: inertia=3.037530
2026-08-20 15:58:10 | DEBUG    | fgvc.clustering.spherical_kmeans |   Init 4/5: inertia=2.954386
2026-08-20 15:58:10 | DEBUG    | fgvc.clustering.spherical_kmeans |   Init 5/5: inertia=2.924777
2026-08-20 15:58:10 | DEBUG    | fgvc.clustering.spherical_kmeans | K selection: best_k=2 | scores={2: {'silhouette': 0.544, 'compactness': 0.855, 'score': 0.5285}, 3: {'silhouette': 0.5132, 'compactness': 0.871, 'score': 0.4513}, 4: {'silhouette': 0.1589, 'compactness': 0.883, 'score': 0.211}, 5: {'silhouette': 0.2312, 'compactness': 0.8892, 'score': 0.1823}}
2026-08-20 15:58:10 | DEBUG    | fgvc.clustering.spherical_kmeans |   Init 1/10: inertia=3.625469
2026-08-20 15:58:10 | DEBUG    | fgvc.clustering.spherical_kmeans |   Init 2/10: inertia=3.625469
2026-08-20 15:58:10 | DEBUG    | fgvc.clustering.spherical_kmeans |   Init 3/10: inertia=3.625469
2026-08-20 15:58:10 | DEBUG    | fgvc.clustering.spherical_kmeans |   Init 4/10: inertia=3.625469
2026-08-20 15:58:10 | DEBUG    | fgvc.clustering.spherical_kmeans |   Init 5/10: inertia=3.625469
2026-08-20 15:58:10 | DEBUG    | fgvc.clustering.spherical_kmeans |   Init 6/10: inertia=3.625469
2026-08-20 15:58:10 | DEBUG    | fgvc.clustering.spherical_kmeans |   Init 7/10: inertia=3.625469
2026-08-20 15:58:10 | DEBUG    | fgvc.clustering.spherical_kmeans |   Init 8/10: inertia=3.625469
2026-08-20 15:58:10 | DEBUG    | fgvc.clustering.spherical_kmeans |   Init 9/10: inertia=3.625469
2026-08-20 15:58:10 | DEBUG    | fgvc.clustering.spherical_kmeans |   Init 10/10: inertia=3.625469
2026-08-20 15:58:10 | INFO     | fgvc.clustering.spherical_kmeans |   [Orchard_Oriole] k_selected=2 | k_effective=2 | min_cluster=5 | max_cluster=20
2026-08-20 15:58:10 | INFO     | fgvc.clustering.spherical_kmeans |   [Ovenbird] 25 images
2026-08-20 15:58:10 | DEBUG    | fgvc.clustering.spherical_kmeans |   Init 1/5: inertia=3.474037
2026-08-20 15:58:10 | DEBUG    | fgvc.clustering.spherical_kmeans |   Init 2/5: inertia=3.957737
2026-08-20 15:58:10 | DEBUG    | fgvc.clustering.spherical_kmeans |   Init 3/5: inertia=3.474037
2026-08-20 15:58:10 | DEBUG    | fgvc.clustering.spherical_kmeans |   Init 4/5: inertia=3.949550
2026-08-20 15:58:10 | DEBUG    | fgvc.clustering.spherical_kmeans |   Init 5/5: inertia=3.967589
2026-08-20 15:58:10 | DEBUG    | fgvc.clustering.spherical_kmeans |   Init 1/5: inertia=3.094069
2026-08-20 15:58:10 | DEBUG    | fgvc.clustering.spherical_kmeans |   Init 2/5: inertia=3.085443
2026-08-20 15:58:10 | DEBUG    | fgvc.clustering.spherical_kmeans |   Init 3/5: inertia=3.408019
2026-08-20 15:58:10 | DEBUG    | fgvc.clustering.spherical_kmeans |   Init 4/5: inertia=3.146758
2026-08-20 15:58:10 | DEBUG    | fgvc.clustering.spherical_kmeans |   Init 5/5: inertia=3.386689
2026-08-20 15:58:10 | DEBUG    | fgvc.clustering.spherical_kmeans |   Init 1/5: inertia=2.513981
2026-08-20 15:58:10 | DEBUG    | fgvc.clustering.spherical_kmeans |   Init 2/5: inertia=2.890721
2026-08-20 15:58:10 | DEBUG    | fgvc.clustering.spherical_kmeans |   Init 3/5: inertia=2.845742
2026-08-20 15:58:10 | DEBUG    | fgvc.clustering.spherical_kmeans |   Init 4/5: inertia=3.157112
2026-08-20 15:58:10 | DEBUG    | fgvc.clustering.spherical_kmeans |   Init 5/5: inertia=3.427576
2026-08-20 15:58:10 | DEBUG    | fgvc.clustering.spherical_kmeans |   Init 1/5: inertia=2.254627
2026-08-20 15:58:10 | DEBUG    | fgvc.clustering.spherical_kmeans |   Init 2/5: inertia=2.640122
2026-08-20 15:58:10 | DEBUG    | fgvc.clustering.spherical_kmeans |   Init 3/5: inertia=2.959884
2026-08-20 15:58:10 | DEBUG    | fgvc.clustering.spherical_kmeans |   Init 4/5: inertia=2.420523
2026-08-20 15:58:10 | DEBUG    | fgvc.clustering.spherical_kmeans |   Init 5/5: inertia=2.270587
2026-08-20 15:58:10 | DEBUG    | fgvc.clustering.spherical_kmeans | K selection: best_k=2 | scores={2: {'silhouette': 0.6636, 'compactness': 0.861, 'score': 0.5901}, 3: {'silhouette': 0.1141, 'compactness': 0.8766, 'score': 0.2534}, 4: {'silhouette': 0.1828, 'compactness': 0.8994, 'score': 0.2279}, 5: {'silhouette': 0.1289, 'compactness': 0.9098, 'score': 0.1374}}
2026-08-20 15:58:10 | DEBUG    | fgvc.clustering.spherical_kmeans |   Init 1/10: inertia=3.474037
2026-08-20 15:58:10 | DEBUG    | fgvc.clustering.spherical_kmeans |   Init 2/10: inertia=3.957737
2026-08-20 15:58:10 | DEBUG    | fgvc.clustering.spherical_kmeans |   Init 3/10: inertia=3.474037
2026-08-20 15:58:10 | DEBUG    | fgvc.clustering.spherical_kmeans |   Init 4/10: inertia=3.949550
2026-08-20 15:58:10 | DEBUG    | fgvc.clustering.spherical_kmeans |   Init 5/10: inertia=3.967589
2026-08-20 15:58:10 | DEBUG    | fgvc.clustering.spherical_kmeans |   Init 6/10: inertia=3.474037
2026-08-20 15:58:10 | DEBUG    | fgvc.clustering.spherical_kmeans |   Init 7/10: inertia=4.045822
2026-08-20 15:58:10 | DEBUG    | fgvc.clustering.spherical_kmeans |   Init 8/10: inertia=3.994646
2026-08-20 15:58:10 | DEBUG    | fgvc.clustering.spherical_kmeans |   Init 9/10: inertia=3.903393
2026-08-20 15:58:10 | DEBUG    | fgvc.clustering.spherical_kmeans |   Init 10/10: inertia=3.990964
2026-08-20 15:58:10 | INFO     | fgvc.clustering.spherical_kmeans |   [Ovenbird] k_selected=2 | k_effective=1 | min_cluster=25 | max_cluster=25
2026-08-20 15:58:10 | INFO     | fgvc.clustering.spherical_kmeans |   [Pacific_Loon] 25 images
2026-08-20 15:58:10 | DEBUG    | fgvc.clustering.spherical_kmeans |   Init 1/5: inertia=4.213233
2026-08-20 15:58:10 | DEBUG    | fgvc.clustering.spherical_kmeans |   Init 2/5: inertia=4.213233
2026-08-20 15:58:10 | DEBUG    | fgvc.clustering.spherical_kmeans |   Init 3/5: inertia=4.213233
2026-08-20 15:58:10 | DEBUG    | fgvc.clustering.spherical_kmeans |   Init 4/5: inertia=4.213233
2026-08-20 15:58:10 | DEBUG    | fgvc.clustering.spherical_kmeans |   Init 5/5: inertia=4.176188
2026-08-20 15:58:10 | DEBUG    | fgvc.clustering.spherical_kmeans |   Init 1/5: inertia=3.996169
2026-08-20 15:58:10 | DEBUG    | fgvc.clustering.spherical_kmeans |   Init 2/5: inertia=3.995338
2026-08-20 15:58:10 | DEBUG    | fgvc.clustering.spherical_kmeans |   Init 3/5: inertia=3.941047
2026-08-20 15:58:10 | DEBUG    | fgvc.clustering.spherical_kmeans |   Init 4/5: inertia=3.900865
2026-08-20 15:58:10 | DEBUG    | fgvc.clustering.spherical_kmeans |   Init 5/5: inertia=3.890780
2026-08-20 15:58:10 | DEBUG    | fgvc.clustering.spherical_kmeans |   Init 1/5: inertia=3.616772
2026-08-20 15:58:10 | DEBUG    | fgvc.clustering.spherical_kmeans |   Init 2/5: inertia=3.649292
2026-08-20 15:58:10 | DEBUG    | fgvc.clustering.spherical_kmeans |   Init 3/5: inertia=3.735014
2026-08-20 15:58:10 | DEBUG    | fgvc.clustering.spherical_kmeans |   Init 4/5: inertia=3.793698
2026-08-20 15:58:10 | DEBUG    | fgvc.clustering.spherical_kmeans |   Init 5/5: inertia=3.646825
2026-08-20 15:58:10 | DEBUG    | fgvc.clustering.spherical_kmeans |   Init 1/5: inertia=3.302069
2026-08-20 15:58:10 | DEBUG    | fgvc.clustering.spherical_kmeans |   Init 2/5: inertia=3.380568
2026-08-20 15:58:10 | DEBUG    | fgvc.clustering.spherical_kmeans |   Init 3/5: inertia=3.470912
2026-08-20 15:58:10 | DEBUG    | fgvc.clustering.spherical_kmeans |   Init 4/5: inertia=3.336297
2026-08-20 15:58:10 | DEBUG    | fgvc.clustering.spherical_kmeans |   Init 5/5: inertia=3.290043
2026-08-20 15:58:10 | DEBUG    | fgvc.clustering.spherical_kmeans | K selection: best_k=2 | scores={2: {'silhouette': 0.3282, 'compactness': 0.833, 'score': 0.414}, 3: {'silhouette': 0.1609, 'compactness': 0.8444, 'score': 0.2671}, 4: {'silhouette': 0.1535, 'compactness': 0.8553, 'score': 0.2}, 5: {'silhouette': 0.0973, 'compactness': 0.8684, 'score': 0.1091}}
2026-08-20 15:58:10 | DEBUG    | fgvc.clustering.spherical_kmeans |   Init 1/10: inertia=4.213233
2026-08-20 15:58:10 | DEBUG    | fgvc.clustering.spherical_kmeans |   Init 2/10: inertia=4.213233
2026-08-20 15:58:10 | DEBUG    | fgvc.clustering.spherical_kmeans |   Init 3/10: inertia=4.213233
2026-08-20 15:58:10 | DEBUG    | fgvc.clustering.spherical_kmeans |   Init 4/10: inertia=4.213233
2026-08-20 15:58:10 | DEBUG    | fgvc.clustering.spherical_kmeans |   Init 5/10: inertia=4.176188
2026-08-20 15:58:10 | DEBUG    | fgvc.clustering.spherical_kmeans |   Init 6/10: inertia=4.213233
2026-08-20 15:58:10 | DEBUG    | fgvc.clustering.spherical_kmeans |   Init 7/10: inertia=4.176188
2026-08-20 15:58:10 | DEBUG    | fgvc.clustering.spherical_kmeans |   Init 8/10: inertia=4.176188
2026-08-20 15:58:10 | DEBUG    | fgvc.clustering.spherical_kmeans |   Init 9/10: inertia=4.213233
2026-08-20 15:58:10 | DEBUG    | fgvc.clustering.spherical_kmeans |   Init 10/10: inertia=4.213233
2026-08-20 15:58:10 | INFO     | fgvc.clustering.spherical_kmeans |   [Pacific_Loon] k_selected=2 | k_effective=2 | min_cluster=10 | max_cluster=15
2026-08-20 15:58:10 | INFO     | fgvc.clustering.spherical_kmeans |   [Painted_Bunting] 25 images
2026-08-20 15:58:10 | DEBUG    | fgvc.clustering.spherical_kmeans |   Init 1/5: inertia=3.560679
2026-08-20 15:58:10 | DEBUG    | fgvc.clustering.spherical_kmeans |   Init 2/5: inertia=3.640653
2026-08-20 15:58:10 | DEBUG    | fgvc.clustering.spherical_kmeans |   Init 3/5: inertia=3.064418
2026-08-20 15:58:10 | DEBUG    | fgvc.clustering.spherical_kmeans |   Init 4/5: inertia=3.579324
2026-08-20 15:58:10 | DEBUG    | fgvc.clustering.spherical_kmeans |   Init 5/5: inertia=3.529059
2026-08-20 15:58:10 | DEBUG    | fgvc.clustering.spherical_kmeans |   Init 1/5: inertia=3.394663
2026-08-20 15:58:10 | DEBUG    | fgvc.clustering.spherical_kmeans |   Init 2/5: inertia=3.318551
2026-08-20 15:58:10 | DEBUG    | fgvc.clustering.spherical_kmeans |   Init 3/5: inertia=3.228178
2026-08-20 15:58:10 | DEBUG    | fgvc.clustering.spherical_kmeans |   Init 4/5: inertia=2.786065
2026-08-20 15:58:10 | DEBUG    | fgvc.clustering.spherical_kmeans |   Init 5/5: inertia=2.780937
2026-08-20 15:58:10 | DEBUG    | fgvc.clustering.spherical_kmeans |   Init 1/5: inertia=3.176026
2026-08-20 15:58:10 | DEBUG    | fgvc.clustering.spherical_kmeans |   Init 2/5: inertia=2.552557
2026-08-20 15:58:10 | DEBUG    | fgvc.clustering.spherical_kmeans |   Init 3/5: inertia=3.177437
2026-08-20 15:58:10 | DEBUG    | fgvc.clustering.spherical_kmeans |   Init 4/5: inertia=2.641405
2026-08-20 15:58:10 | DEBUG    | fgvc.clustering.spherical_kmeans |   Init 5/5: inertia=2.596195
2026-08-20 15:58:10 | DEBUG    | fgvc.clustering.spherical_kmeans |   Init 1/5: inertia=2.399893
2026-08-20 15:58:11 | DEBUG    | fgvc.clustering.spherical_kmeans |   Init 2/5: inertia=2.355393
2026-08-20 15:58:11 | DEBUG    | fgvc.clustering.spherical_kmeans |   Init 3/5: inertia=2.401243
2026-08-20 15:58:11 | DEBUG    | fgvc.clustering.spherical_kmeans |   Init 4/5: inertia=2.394897
2026-08-20 15:58:11 | DEBUG    | fgvc.clustering.spherical_kmeans |   Init 5/5: inertia=2.383811
2026-08-20 15:58:11 | DEBUG    | fgvc.clustering.spherical_kmeans | K selection: best_k=2 | scores={2: {'silhouette': 0.5474, 'compactness': 0.8774, 'score': 0.5369}, 3: {'silhouette': 0.121, 'compactness': 0.8888, 'score': 0.2605}, 4: {'silhouette': 0.1351, 'compactness': 0.8979, 'score': 0.2036}, 5: {'silhouette': 0.1324, 'compactness': 0.9058, 'score': 0.138}}
2026-08-20 15:58:11 | DEBUG    | fgvc.clustering.spherical_kmeans |   Init 1/10: inertia=3.560679
2026-08-20 15:58:11 | DEBUG    | fgvc.clustering.spherical_kmeans |   Init 2/10: inertia=3.640653
2026-08-20 15:58:11 | DEBUG    | fgvc.clustering.spherical_kmeans |   Init 3/10: inertia=3.064418
2026-08-20 15:58:11 | DEBUG    | fgvc.clustering.spherical_kmeans |   Init 4/10: inertia=3.579324
2026-08-20 15:58:11 | DEBUG    | fgvc.clustering.spherical_kmeans |   Init 5/10: inertia=3.529059
2026-08-20 15:58:11 | DEBUG    | fgvc.clustering.spherical_kmeans |   Init 6/10: inertia=3.609765
2026-08-20 15:58:11 | DEBUG    | fgvc.clustering.spherical_kmeans |   Init 7/10: inertia=3.227582
2026-08-20 15:58:11 | DEBUG    | fgvc.clustering.spherical_kmeans |   Init 8/10: inertia=3.064418
2026-08-20 15:58:11 | DEBUG    | fgvc.clustering.spherical_kmeans |   Init 9/10: inertia=3.602561
2026-08-20 15:58:11 | DEBUG    | fgvc.clustering.spherical_kmeans |   Init 10/10: inertia=3.557207
2026-08-20 15:58:11 | INFO     | fgvc.clustering.spherical_kmeans |   [Painted_Bunting] k_selected=2 | k_effective=1 | min_cluster=25 | max_cluster=25
2026-08-20 15:58:11 | INFO     | fgvc.clustering.spherical_kmeans |   [Palm_Warbler] 25 images
2026-08-20 15:58:11 | DEBUG    | fgvc.clustering.spherical_kmeans |   Init 1/5: inertia=4.057764
2026-08-20 15:58:11 | DEBUG    | fgvc.clustering.spherical_kmeans |   Init 2/5: inertia=4.242573
2026-08-20 15:58:11 | DEBUG    | fgvc.clustering.spherical_kmeans |   Init 3/5: inertia=4.184584
2026-08-20 15:58:11 | DEBUG    | fgvc.clustering.spherical_kmeans |   Init 4/5: inertia=4.088426
2026-08-20 15:58:11 | DEBUG    | fgvc.clustering.spherical_kmeans |   Init 5/5: inertia=4.083690
2026-08-20 15:58:11 | DEBUG    | fgvc.clustering.spherical_kmeans |   Init 1/5: inertia=3.373429
2026-08-20 15:58:11 | DEBUG    | fgvc.clustering.spherical_kmeans |   Init 2/5: inertia=3.837869
2026-08-20 15:58:11 | DEBUG    | fgvc.clustering.spherical_kmeans |   Init 3/5: inertia=3.814473
2026-08-20 15:58:11 | DEBUG    | fgvc.clustering.spherical_kmeans |   Init 4/5: inertia=3.781061
2026-08-20 15:58:11 | DEBUG    | fgvc.clustering.spherical_kmeans |   Init 5/5: inertia=3.611755
2026-08-20 15:58:11 | DEBUG    | fgvc.clustering.spherical_kmeans |   Init 1/5: inertia=3.129005
2026-08-20 15:58:11 | DEBUG    | fgvc.clustering.spherical_kmeans |   Init 2/5: inertia=3.443609
2026-08-20 15:58:11 | DEBUG    | fgvc.clustering.spherical_kmeans |   Init 3/5: inertia=3.530989
2026-08-20 15:58:11 | DEBUG    | fgvc.clustering.spherical_kmeans |   Init 4/5: inertia=3.378709
2026-08-20 15:58:11 | DEBUG    | fgvc.clustering.spherical_kmeans |   Init 5/5: inertia=3.361086
2026-08-20 15:58:11 | DEBUG    | fgvc.clustering.spherical_kmeans |   Init 1/5: inertia=3.069489
2026-08-20 15:58:11 | DEBUG    | fgvc.clustering.spherical_kmeans |   Init 2/5: inertia=3.247599
2026-08-20 15:58:11 | DEBUG    | fgvc.clustering.spherical_kmeans |   Init 3/5: inertia=3.390662
2026-08-20 15:58:11 | DEBUG    | fgvc.clustering.spherical_kmeans |   Init 4/5: inertia=3.242734
2026-08-20 15:58:11 | DEBUG    | fgvc.clustering.spherical_kmeans |   Init 5/5: inertia=3.082703
2026-08-20 15:58:11 | DEBUG    | fgvc.clustering.spherical_kmeans | K selection: best_k=2 | scores={2: {'silhouette': 0.1764, 'compactness': 0.8377, 'score': 0.3395}, 3: {'silhouette': 0.1997, 'compactness': 0.8651, 'score': 0.2927}, 4: {'silhouette': 0.123, 'compactness': 0.8748, 'score': 0.1906}, 5: {'silhouette': 0.076, 'compactness': 0.8772, 'score': 0.1012}}
2026-08-20 15:58:11 | DEBUG    | fgvc.clustering.spherical_kmeans |   Init 1/10: inertia=4.057764
2026-08-20 15:58:11 | DEBUG    | fgvc.clustering.spherical_kmeans |   Init 2/10: inertia=4.242573
2026-08-20 15:58:11 | DEBUG    | fgvc.clustering.spherical_kmeans |   Init 3/10: inertia=4.184584
2026-08-20 15:58:11 | DEBUG    | fgvc.clustering.spherical_kmeans |   Init 4/10: inertia=4.088426
2026-08-20 15:58:11 | DEBUG    | fgvc.clustering.spherical_kmeans |   Init 5/10: inertia=4.083690
2026-08-20 15:58:11 | DEBUG    | fgvc.clustering.spherical_kmeans |   Init 6/10: inertia=4.162946
2026-08-20 15:58:11 | DEBUG    | fgvc.clustering.spherical_kmeans |   Init 7/10: inertia=4.076912
2026-08-20 15:58:11 | DEBUG    | fgvc.clustering.spherical_kmeans |   Init 8/10: inertia=4.111222
2026-08-20 15:58:11 | DEBUG    | fgvc.clustering.spherical_kmeans |   Init 9/10: inertia=4.242573
2026-08-20 15:58:11 | DEBUG    | fgvc.clustering.spherical_kmeans |   Init 10/10: inertia=4.072342
2026-08-20 15:58:11 | INFO     | fgvc.clustering.spherical_kmeans |   [Palm_Warbler] k_selected=2 | k_effective=2 | min_cluster=12 | max_cluster=13
2026-08-20 15:58:11 | INFO     | fgvc.clustering.spherical_kmeans |   [Parakeet_Auklet] 25 images
2026-08-20 15:58:11 | DEBUG    | fgvc.clustering.spherical_kmeans |   Init 1/5: inertia=3.176418
2026-08-20 15:58:11 | DEBUG    | fgvc.clustering.spherical_kmeans |   Init 2/5: inertia=3.160787
2026-08-20 15:58:11 | DEBUG    | fgvc.clustering.spherical_kmeans |   Init 3/5: inertia=3.276981
2026-08-20 15:58:11 | DEBUG    | fgvc.clustering.spherical_kmeans |   Init 4/5: inertia=3.258867
2026-08-20 15:58:11 | DEBUG    | fgvc.clustering.spherical_kmeans |   Init 5/5: inertia=3.213819
2026-08-20 15:58:11 | DEBUG    | fgvc.clustering.spherical_kmeans |   Init 1/5: inertia=2.930476
2026-08-20 15:58:11 | DEBUG    | fgvc.clustering.spherical_kmeans |   Init 2/5: inertia=2.948915
2026-08-20 15:58:11 | DEBUG    | fgvc.clustering.spherical_kmeans |   Init 3/5: inertia=2.920723
2026-08-20 15:58:11 | DEBUG    | fgvc.clustering.spherical_kmeans |   Init 4/5: inertia=2.964915
2026-08-20 15:58:11 | DEBUG    | fgvc.clustering.spherical_kmeans |   Init 5/5: inertia=2.982556
2026-08-20 15:58:11 | DEBUG    | fgvc.clustering.spherical_kmeans |   Init 1/5: inertia=2.695928
2026-08-20 15:58:11 | DEBUG    | fgvc.clustering.spherical_kmeans |   Init 2/5: inertia=2.699373
2026-08-20 15:58:11 | DEBUG    | fgvc.clustering.spherical_kmeans |   Init 3/5: inertia=2.806890
2026-08-20 15:58:11 | DEBUG    | fgvc.clustering.spherical_kmeans |   Init 4/5: inertia=2.764056
2026-08-20 15:58:11 | DEBUG    | fgvc.clustering.spherical_kmeans |   Init 5/5: inertia=2.731246
2026-08-20 15:58:11 | DEBUG    | fgvc.clustering.spherical_kmeans |   Init 1/5: inertia=2.493109
2026-08-20 15:58:11 | DEBUG    | fgvc.clustering.spherical_kmeans |   Init 2/5: inertia=2.633251
2026-08-20 15:58:11 | DEBUG    | fgvc.clustering.spherical_kmeans |   Init 3/5: inertia=2.666128
2026-08-20 15:58:11 | DEBUG    | fgvc.clustering.spherical_kmeans |   Init 4/5: inertia=2.563498
2026-08-20 15:58:11 | DEBUG    | fgvc.clustering.spherical_kmeans |   Init 5/5: inertia=2.616947
2026-08-20 15:58:11 | DEBUG    | fgvc.clustering.spherical_kmeans | K selection: best_k=2 | scores={2: {'silhouette': 0.117, 'compactness': 0.8736, 'score': 0.3206}, 3: {'silhouette': 0.0965, 'compactness': 0.8832, 'score': 0.2465}, 4: {'silhouette': 0.0687, 'compactness': 0.8922, 'score': 0.1687}, 5: {'silhouette': 0.0258, 'compactness': 0.9003, 'score': 0.083}}
2026-08-20 15:58:11 | DEBUG    | fgvc.clustering.spherical_kmeans |   Init 1/10: inertia=3.176418
2026-08-20 15:58:11 | DEBUG    | fgvc.clustering.spherical_kmeans |   Init 2/10: inertia=3.160787
2026-08-20 15:58:11 | DEBUG    | fgvc.clustering.spherical_kmeans |   Init 3/10: inertia=3.276981
2026-08-20 15:58:11 | DEBUG    | fgvc.clustering.spherical_kmeans |   Init 4/10: inertia=3.258867
2026-08-20 15:58:11 | DEBUG    | fgvc.clustering.spherical_kmeans |   Init 5/10: inertia=3.213819
2026-08-20 15:58:11 | DEBUG    | fgvc.clustering.spherical_kmeans |   Init 6/10: inertia=3.262354
2026-08-20 15:58:11 | DEBUG    | fgvc.clustering.spherical_kmeans |   Init 7/10: inertia=3.321466
2026-08-20 15:58:11 | DEBUG    | fgvc.clustering.spherical_kmeans |   Init 8/10: inertia=3.119096
2026-08-20 15:58:11 | DEBUG    | fgvc.clustering.spherical_kmeans |   Init 9/10: inertia=3.205403
2026-08-20 15:58:11 | DEBUG    | fgvc.clustering.spherical_kmeans |   Init 10/10: inertia=3.182044
2026-08-20 15:58:11 | INFO     | fgvc.clustering.spherical_kmeans |   [Parakeet_Auklet] k_selected=2 | k_effective=2 | min_cluster=11 | max_cluster=14
2026-08-20 15:58:11 | INFO     | fgvc.clustering.spherical_kmeans |   [Pelagic_Cormorant] 25 images
2026-08-20 15:58:11 | DEBUG    | fgvc.clustering.spherical_kmeans |   Init 1/5: inertia=5.927782
2026-08-20 15:58:11 | DEBUG    | fgvc.clustering.spherical_kmeans |   Init 2/5: inertia=5.926058
2026-08-20 15:58:11 | DEBUG    | fgvc.clustering.spherical_kmeans |   Init 3/5: inertia=6.026483
2026-08-20 15:58:11 | DEBUG    | fgvc.clustering.spherical_kmeans |   Init 4/5: inertia=5.799196
2026-08-20 15:58:11 | DEBUG    | fgvc.clustering.spherical_kmeans |   Init 5/5: inertia=5.696442
2026-08-20 15:58:11 | DEBUG    | fgvc.clustering.spherical_kmeans |   Init 1/5: inertia=5.213099
2026-08-20 15:58:11 | DEBUG    | fgvc.clustering.spherical_kmeans |   Init 2/5: inertia=5.388671
2026-08-20 15:58:11 | DEBUG    | fgvc.clustering.spherical_kmeans |   Init 3/5: inertia=5.197934
2026-08-20 15:58:11 | DEBUG    | fgvc.clustering.spherical_kmeans |   Init 4/5: inertia=5.407383
2026-08-20 15:58:11 | DEBUG    | fgvc.clustering.spherical_kmeans |   Init 5/5: inertia=5.516581
2026-08-20 15:58:11 | DEBUG    | fgvc.clustering.spherical_kmeans |   Init 1/5: inertia=4.810794
2026-08-20 15:58:11 | DEBUG    | fgvc.clustering.spherical_kmeans |   Init 2/5: inertia=4.928975
2026-08-20 15:58:11 | DEBUG    | fgvc.clustering.spherical_kmeans |   Init 3/5: inertia=4.983852
2026-08-20 15:58:11 | DEBUG    | fgvc.clustering.spherical_kmeans |   Init 4/5: inertia=4.840139
2026-08-20 15:58:11 | DEBUG    | fgvc.clustering.spherical_kmeans |   Init 5/5: inertia=4.982657
2026-08-20 15:58:11 | DEBUG    | fgvc.clustering.spherical_kmeans |   Init 1/5: inertia=4.489016
2026-08-20 15:58:11 | DEBUG    | fgvc.clustering.spherical_kmeans |   Init 2/5: inertia=4.485891
2026-08-20 15:58:11 | DEBUG    | fgvc.clustering.spherical_kmeans |   Init 3/5: inertia=4.381305
2026-08-20 15:58:11 | DEBUG    | fgvc.clustering.spherical_kmeans |   Init 4/5: inertia=4.351507
2026-08-20 15:58:11 | DEBUG    | fgvc.clustering.spherical_kmeans |   Init 5/5: inertia=4.678797
2026-08-20 15:58:11 | DEBUG    | fgvc.clustering.spherical_kmeans | K selection: best_k=2 | scores={2: {'silhouette': 0.1744, 'compactness': 0.7721, 'score': 0.3189}, 3: {'silhouette': 0.1005, 'compactness': 0.7921, 'score': 0.2212}, 4: {'silhouette': 0.0929, 'compactness': 0.8076, 'score': 0.1554}, 5: {'silhouette': 0.102, 'compactness': 0.8259, 'score': 0.0988}}
2026-08-20 15:58:11 | DEBUG    | fgvc.clustering.spherical_kmeans |   Init 1/10: inertia=5.927782
2026-08-20 15:58:11 | DEBUG    | fgvc.clustering.spherical_kmeans |   Init 2/10: inertia=5.926058
2026-08-20 15:58:11 | DEBUG    | fgvc.clustering.spherical_kmeans |   Init 3/10: inertia=6.026483
2026-08-20 15:58:11 | DEBUG    | fgvc.clustering.spherical_kmeans |   Init 4/10: inertia=5.799196
2026-08-20 15:58:11 | DEBUG    | fgvc.clustering.spherical_kmeans |   Init 5/10: inertia=5.696442
2026-08-20 15:58:11 | DEBUG    | fgvc.clustering.spherical_kmeans |   Init 6/10: inertia=6.137653
2026-08-20 15:58:11 | DEBUG    | fgvc.clustering.spherical_kmeans |   Init 7/10: inertia=5.934848
2026-08-20 15:58:11 | DEBUG    | fgvc.clustering.spherical_kmeans |   Init 8/10: inertia=6.146555
2026-08-20 15:58:11 | DEBUG    | fgvc.clustering.spherical_kmeans |   Init 9/10: inertia=5.781903
2026-08-20 15:58:11 | DEBUG    | fgvc.clustering.spherical_kmeans |   Init 10/10: inertia=5.990547
2026-08-20 15:58:11 | INFO     | fgvc.clustering.spherical_kmeans |   [Pelagic_Cormorant] k_selected=2 | k_effective=2 | min_cluster=6 | max_cluster=19
2026-08-20 15:58:11 | INFO     | fgvc.clustering.spherical_kmeans |   [Philadelphia_Vireo] 25 images
2026-08-20 15:58:11 | DEBUG    | fgvc.clustering.spherical_kmeans |   Init 1/5: inertia=4.235897
2026-08-20 15:58:11 | DEBUG    | fgvc.clustering.spherical_kmeans |   Init 2/5: inertia=4.491252
2026-08-20 15:58:11 | DEBUG    | fgvc.clustering.spherical_kmeans |   Init 3/5: inertia=4.286650
2026-08-20 15:58:11 | DEBUG    | fgvc.clustering.spherical_kmeans |   Init 4/5: inertia=4.297029
2026-08-20 15:58:11 | DEBUG    | fgvc.clustering.spherical_kmeans |   Init 5/5: inertia=4.420296
2026-08-20 15:58:11 | DEBUG    | fgvc.clustering.spherical_kmeans |   Init 1/5: inertia=3.828344
2026-08-20 15:58:11 | DEBUG    | fgvc.clustering.spherical_kmeans |   Init 2/5: inertia=4.361828
2026-08-20 15:58:11 | DEBUG    | fgvc.clustering.spherical_kmeans |   Init 3/5: inertia=4.073799
2026-08-20 15:58:11 | DEBUG    | fgvc.clustering.spherical_kmeans |   Init 4/5: inertia=4.169629
2026-08-20 15:58:11 | DEBUG    | fgvc.clustering.spherical_kmeans |   Init 5/5: inertia=3.901606
2026-08-20 15:58:11 | DEBUG    | fgvc.clustering.spherical_kmeans |   Init 1/5: inertia=3.669847
2026-08-20 15:58:11 | DEBUG    | fgvc.clustering.spherical_kmeans |   Init 2/5: inertia=3.852834
2026-08-20 15:58:11 | DEBUG    | fgvc.clustering.spherical_kmeans |   Init 3/5: inertia=3.656037
2026-08-20 15:58:11 | DEBUG    | fgvc.clustering.spherical_kmeans |   Init 4/5: inertia=3.702376
2026-08-20 15:58:11 | DEBUG    | fgvc.clustering.spherical_kmeans |   Init 5/5: inertia=3.532605
2026-08-20 15:58:11 | DEBUG    | fgvc.clustering.spherical_kmeans |   Init 1/5: inertia=3.370973
2026-08-20 15:58:11 | DEBUG    | fgvc.clustering.spherical_kmeans |   Init 2/5: inertia=3.296573
2026-08-20 15:58:11 | DEBUG    | fgvc.clustering.spherical_kmeans |   Init 3/5: inertia=3.441842
2026-08-20 15:58:11 | DEBUG    | fgvc.clustering.spherical_kmeans |   Init 4/5: inertia=3.308793
2026-08-20 15:58:11 | DEBUG    | fgvc.clustering.spherical_kmeans |   Init 5/5: inertia=3.461216
2026-08-20 15:58:11 | DEBUG    | fgvc.clustering.spherical_kmeans | K selection: best_k=2 | scores={2: {'silhouette': 0.1604, 'compactness': 0.8306, 'score': 0.3294}, 3: {'silhouette': 0.1597, 'compactness': 0.8469, 'score': 0.2672}, 4: {'silhouette': 0.0958, 'compactness': 0.8587, 'score': 0.1722}, 5: {'silhouette': 0.0457, 'compactness': 0.8681, 'score': 0.0833}}
2026-08-20 15:58:11 | DEBUG    | fgvc.clustering.spherical_kmeans |   Init 1/10: inertia=4.235897
2026-08-20 15:58:11 | DEBUG    | fgvc.clustering.spherical_kmeans |   Init 2/10: inertia=4.491252
2026-08-20 15:58:11 | DEBUG    | fgvc.clustering.spherical_kmeans |   Init 3/10: inertia=4.286650
2026-08-20 15:58:11 | DEBUG    | fgvc.clustering.spherical_kmeans |   Init 4/10: inertia=4.297029
2026-08-20 15:58:11 | DEBUG    | fgvc.clustering.spherical_kmeans |   Init 5/10: inertia=4.420296
2026-08-20 15:58:11 | DEBUG    | fgvc.clustering.spherical_kmeans |   Init 6/10: inertia=4.525452
2026-08-20 15:58:11 | DEBUG    | fgvc.clustering.spherical_kmeans |   Init 7/10: inertia=4.297029
2026-08-20 15:58:11 | DEBUG    | fgvc.clustering.spherical_kmeans |   Init 8/10: inertia=4.372349
2026-08-20 15:58:11 | DEBUG    | fgvc.clustering.spherical_kmeans |   Init 9/10: inertia=4.491252
2026-08-20 15:58:11 | DEBUG    | fgvc.clustering.spherical_kmeans |   Init 10/10: inertia=4.361295
2026-08-20 15:58:11 | INFO     | fgvc.clustering.spherical_kmeans |   [Philadelphia_Vireo] k_selected=2 | k_effective=2 | min_cluster=12 | max_cluster=13
2026-08-20 15:58:11 | INFO     | fgvc.clustering.spherical_kmeans |   [Pied_Kingfisher] 25 images
2026-08-20 15:58:11 | DEBUG    | fgvc.clustering.spherical_kmeans |   Init 1/5: inertia=2.920407
2026-08-20 15:58:11 | DEBUG    | fgvc.clustering.spherical_kmeans |   Init 2/5: inertia=3.010411
2026-08-20 15:58:11 | DEBUG    | fgvc.clustering.spherical_kmeans |   Init 3/5: inertia=2.949748
2026-08-20 15:58:11 | DEBUG    | fgvc.clustering.spherical_kmeans |   Init 4/5: inertia=2.965916
2026-08-20 15:58:11 | DEBUG    | fgvc.clustering.spherical_kmeans |   Init 5/5: inertia=2.950907
2026-08-20 15:58:11 | DEBUG    | fgvc.clustering.spherical_kmeans |   Init 1/5: inertia=2.678292
2026-08-20 15:58:11 | DEBUG    | fgvc.clustering.spherical_kmeans |   Init 2/5: inertia=2.745869
2026-08-20 15:58:11 | DEBUG    | fgvc.clustering.spherical_kmeans |   Init 3/5: inertia=2.771464
2026-08-20 15:58:11 | DEBUG    | fgvc.clustering.spherical_kmeans |   Init 4/5: inertia=2.783406
2026-08-20 15:58:11 | DEBUG    | fgvc.clustering.spherical_kmeans |   Init 5/5: inertia=2.795981
2026-08-20 15:58:11 | DEBUG    | fgvc.clustering.spherical_kmeans |   Init 1/5: inertia=2.507751
2026-08-20 15:58:11 | DEBUG    | fgvc.clustering.spherical_kmeans |   Init 2/5: inertia=2.506681
2026-08-20 15:58:11 | DEBUG    | fgvc.clustering.spherical_kmeans |   Init 3/5: inertia=2.522364
2026-08-20 15:58:11 | DEBUG    | fgvc.clustering.spherical_kmeans |   Init 4/5: inertia=2.584373
2026-08-20 15:58:11 | DEBUG    | fgvc.clustering.spherical_kmeans |   Init 5/5: inertia=2.491847
2026-08-20 15:58:11 | DEBUG    | fgvc.clustering.spherical_kmeans |   Init 1/5: inertia=2.376448
2026-08-20 15:58:11 | DEBUG    | fgvc.clustering.spherical_kmeans |   Init 2/5: inertia=2.325694
2026-08-20 15:58:11 | DEBUG    | fgvc.clustering.spherical_kmeans |   Init 3/5: inertia=2.326900
2026-08-20 15:58:11 | DEBUG    | fgvc.clustering.spherical_kmeans |   Init 4/5: inertia=2.391923
2026-08-20 15:58:11 | DEBUG    | fgvc.clustering.spherical_kmeans |   Init 5/5: inertia=2.382886
2026-08-20 15:58:11 | DEBUG    | fgvc.clustering.spherical_kmeans | K selection: best_k=2 | scores={2: {'silhouette': 0.1237, 'compactness': 0.8832, 'score': 0.3268}, 3: {'silhouette': 0.086, 'compactness': 0.8929, 'score': 0.2442}, 4: {'silhouette': 0.0495, 'compactness': 0.9003, 'score': 0.1615}, 5: {'silhouette': 0.0677, 'compactness': 0.907, 'score': 0.1059}}
2026-08-20 15:58:11 | DEBUG    | fgvc.clustering.spherical_kmeans |   Init 1/10: inertia=2.920407
2026-08-20 15:58:11 | DEBUG    | fgvc.clustering.spherical_kmeans |   Init 2/10: inertia=3.010411
2026-08-20 15:58:11 | DEBUG    | fgvc.clustering.spherical_kmeans |   Init 3/10: inertia=2.949748
2026-08-20 15:58:11 | DEBUG    | fgvc.clustering.spherical_kmeans |   Init 4/10: inertia=2.965916
2026-08-20 15:58:11 | DEBUG    | fgvc.clustering.spherical_kmeans |   Init 5/10: inertia=2.950907
2026-08-20 15:58:11 | DEBUG    | fgvc.clustering.spherical_kmeans |   Init 6/10: inertia=2.978108
2026-08-20 15:58:11 | DEBUG    | fgvc.clustering.spherical_kmeans |   Init 7/10: inertia=2.958443
2026-08-20 15:58:11 | DEBUG    | fgvc.clustering.spherical_kmeans |   Init 8/10: inertia=2.961680
2026-08-20 15:58:11 | DEBUG    | fgvc.clustering.spherical_kmeans |   Init 9/10: inertia=2.961528
2026-08-20 15:58:11 | DEBUG    | fgvc.clustering.spherical_kmeans |   Init 10/10: inertia=3.037853
2026-08-20 15:58:11 | INFO     | fgvc.clustering.spherical_kmeans |   [Pied_Kingfisher] k_selected=2 | k_effective=2 | min_cluster=8 | max_cluster=17
2026-08-20 15:58:11 | INFO     | fgvc.clustering.spherical_kmeans |   [Pied_billed_Grebe] 25 images
2026-08-20 15:58:11 | DEBUG    | fgvc.clustering.spherical_kmeans |   Init 1/5: inertia=3.542912
2026-08-20 15:58:11 | DEBUG    | fgvc.clustering.spherical_kmeans |   Init 2/5: inertia=3.557138
2026-08-20 15:58:11 | DEBUG    | fgvc.clustering.spherical_kmeans |   Init 3/5: inertia=3.600435
2026-08-20 15:58:11 | DEBUG    | fgvc.clustering.spherical_kmeans |   Init 4/5: inertia=3.419752
2026-08-20 15:58:11 | DEBUG    | fgvc.clustering.spherical_kmeans |   Init 5/5: inertia=3.618075
2026-08-20 15:58:11 | DEBUG    | fgvc.clustering.spherical_kmeans |   Init 1/5: inertia=3.235458
2026-08-20 15:58:11 | DEBUG    | fgvc.clustering.spherical_kmeans |   Init 2/5: inertia=3.245381
2026-08-20 15:58:11 | DEBUG    | fgvc.clustering.spherical_kmeans |   Init 3/5: inertia=3.169849
2026-08-20 15:58:11 | DEBUG    | fgvc.clustering.spherical_kmeans |   Init 4/5: inertia=3.111636
2026-08-20 15:58:11 | DEBUG    | fgvc.clustering.spherical_kmeans |   Init 5/5: inertia=3.261976
2026-08-20 15:58:11 | DEBUG    | fgvc.clustering.spherical_kmeans |   Init 1/5: inertia=3.051778
2026-08-20 15:58:11 | DEBUG    | fgvc.clustering.spherical_kmeans |   Init 2/5: inertia=2.801789
2026-08-20 15:58:11 | DEBUG    | fgvc.clustering.spherical_kmeans |   Init 3/5: inertia=3.004644
2026-08-20 15:58:11 | DEBUG    | fgvc.clustering.spherical_kmeans |   Init 4/5: inertia=2.934658
2026-08-20 15:58:11 | DEBUG    | fgvc.clustering.spherical_kmeans |   Init 5/5: inertia=3.022142
2026-08-20 15:58:11 | DEBUG    | fgvc.clustering.spherical_kmeans |   Init 1/5: inertia=2.843648
2026-08-20 15:58:11 | DEBUG    | fgvc.clustering.spherical_kmeans |   Init 2/5: inertia=2.666340
2026-08-20 15:58:11 | DEBUG    | fgvc.clustering.spherical_kmeans |   Init 3/5: inertia=2.654657
2026-08-20 15:58:11 | DEBUG    | fgvc.clustering.spherical_kmeans |   Init 4/5: inertia=2.752128
2026-08-20 15:58:11 | DEBUG    | fgvc.clustering.spherical_kmeans |   Init 5/5: inertia=2.661297
2026-08-20 15:58:11 | DEBUG    | fgvc.clustering.spherical_kmeans | K selection: best_k=2 | scores={2: {'silhouette': 0.2457, 'compactness': 0.8632, 'score': 0.3818}, 3: {'silhouette': 0.1925, 'compactness': 0.8755, 'score': 0.2922}, 4: {'silhouette': 0.1295, 'compactness': 0.8879, 'score': 0.1978}, 5: {'silhouette': 0.09, 'compactness': 0.8938, 'score': 0.1132}}
2026-08-20 15:58:11 | DEBUG    | fgvc.clustering.spherical_kmeans |   Init 1/10: inertia=3.542912
2026-08-20 15:58:11 | DEBUG    | fgvc.clustering.spherical_kmeans |   Init 2/10: inertia=3.557138
2026-08-20 15:58:11 | DEBUG    | fgvc.clustering.spherical_kmeans |   Init 3/10: inertia=3.600435
2026-08-20 15:58:11 | DEBUG    | fgvc.clustering.spherical_kmeans |   Init 4/10: inertia=3.419752
2026-08-20 15:58:11 | DEBUG    | fgvc.clustering.spherical_kmeans |   Init 5/10: inertia=3.618075
2026-08-20 15:58:11 | DEBUG    | fgvc.clustering.spherical_kmeans |   Init 6/10: inertia=3.557138
2026-08-20 15:58:11 | DEBUG    | fgvc.clustering.spherical_kmeans |   Init 7/10: inertia=3.668108
2026-08-20 15:58:11 | DEBUG    | fgvc.clustering.spherical_kmeans |   Init 8/10: inertia=3.629590
2026-08-20 15:58:11 | DEBUG    | fgvc.clustering.spherical_kmeans |   Init 9/10: inertia=3.557138
2026-08-20 15:58:11 | DEBUG    | fgvc.clustering.spherical_kmeans |   Init 10/10: inertia=3.437727
2026-08-20 15:58:11 | INFO     | fgvc.clustering.spherical_kmeans |   [Pied_billed_Grebe] k_selected=2 | k_effective=2 | min_cluster=5 | max_cluster=20
2026-08-20 15:58:11 | INFO     | fgvc.clustering.spherical_kmeans |   [Pigeon_Guillemot] 25 images
2026-08-20 15:58:11 | DEBUG    | fgvc.clustering.spherical_kmeans |   Init 1/5: inertia=4.821727
2026-08-20 15:58:11 | DEBUG    | fgvc.clustering.spherical_kmeans |   Init 2/5: inertia=4.643598
2026-08-20 15:58:11 | DEBUG    | fgvc.clustering.spherical_kmeans |   Init 3/5: inertia=4.750518
2026-08-20 15:58:11 | DEBUG    | fgvc.clustering.spherical_kmeans |   Init 4/5: inertia=4.724282
2026-08-20 15:58:11 | DEBUG    | fgvc.clustering.spherical_kmeans |   Init 5/5: inertia=5.022339
2026-08-20 15:58:11 | DEBUG    | fgvc.clustering.spherical_kmeans |   Init 1/5: inertia=3.909721
2026-08-20 15:58:11 | DEBUG    | fgvc.clustering.spherical_kmeans |   Init 2/5: inertia=4.144564
2026-08-20 15:58:11 | DEBUG    | fgvc.clustering.spherical_kmeans |   Init 3/5: inertia=4.030426
2026-08-20 15:58:11 | DEBUG    | fgvc.clustering.spherical_kmeans |   Init 4/5: inertia=3.886028
2026-08-20 15:58:11 | DEBUG    | fgvc.clustering.spherical_kmeans |   Init 5/5: inertia=3.924107
2026-08-20 15:58:11 | DEBUG    | fgvc.clustering.spherical_kmeans |   Init 1/5: inertia=3.376790
2026-08-20 15:58:11 | DEBUG    | fgvc.clustering.spherical_kmeans |   Init 2/5: inertia=3.615263
2026-08-20 15:58:11 | DEBUG    | fgvc.clustering.spherical_kmeans |   Init 3/5: inertia=4.095570
2026-08-20 15:58:11 | DEBUG    | fgvc.clustering.spherical_kmeans |   Init 4/5: inertia=3.675656
2026-08-20 15:58:11 | DEBUG    | fgvc.clustering.spherical_kmeans |   Init 5/5: inertia=3.655237
2026-08-20 15:58:11 | DEBUG    | fgvc.clustering.spherical_kmeans |   Init 1/5: inertia=3.100930
2026-08-20 15:58:11 | DEBUG    | fgvc.clustering.spherical_kmeans |   Init 2/5: inertia=3.457091
2026-08-20 15:58:11 | DEBUG    | fgvc.clustering.spherical_kmeans |   Init 3/5: inertia=3.219350
2026-08-20 15:58:11 | DEBUG    | fgvc.clustering.spherical_kmeans |   Init 4/5: inertia=3.274480
2026-08-20 15:58:11 | DEBUG    | fgvc.clustering.spherical_kmeans |   Init 5/5: inertia=3.790316
2026-08-20 15:58:11 | DEBUG    | fgvc.clustering.spherical_kmeans | K selection: best_k=2 | scores={2: {'silhouette': 0.2208, 'compactness': 0.8143, 'score': 0.3547}, 3: {'silhouette': 0.2652, 'compactness': 0.8446, 'score': 0.3193}, 4: {'silhouette': 0.2075, 'compactness': 0.8649, 'score': 0.2299}, 5: {'silhouette': 0.2096, 'compactness': 0.876, 'score': 0.1676}}
2026-08-20 15:58:11 | DEBUG    | fgvc.clustering.spherical_kmeans |   Init 1/10: inertia=4.821727
2026-08-20 15:58:11 | DEBUG    | fgvc.clustering.spherical_kmeans |   Init 2/10: inertia=4.643598
2026-08-20 15:58:11 | DEBUG    | fgvc.clustering.spherical_kmeans |   Init 3/10: inertia=4.750518
2026-08-20 15:58:11 | DEBUG    | fgvc.clustering.spherical_kmeans |   Init 4/10: inertia=4.724282
2026-08-20 15:58:11 | DEBUG    | fgvc.clustering.spherical_kmeans |   Init 5/10: inertia=5.022339
2026-08-20 15:58:11 | DEBUG    | fgvc.clustering.spherical_kmeans |   Init 6/10: inertia=4.447385
2026-08-20 15:58:11 | DEBUG    | fgvc.clustering.spherical_kmeans |   Init 7/10: inertia=4.447385
2026-08-20 15:58:11 | DEBUG    | fgvc.clustering.spherical_kmeans |   Init 8/10: inertia=4.855949
2026-08-20 15:58:11 | DEBUG    | fgvc.clustering.spherical_kmeans |   Init 9/10: inertia=4.948145
2026-08-20 15:58:11 | DEBUG    | fgvc.clustering.spherical_kmeans |   Init 10/10: inertia=4.503955
2026-08-20 15:58:11 | INFO     | fgvc.clustering.spherical_kmeans |   [Pigeon_Guillemot] k_selected=2 | k_effective=2 | min_cluster=6 | max_cluster=19
2026-08-20 15:58:11 | INFO     | fgvc.clustering.spherical_kmeans |   [Pileated_Woodpecker] 25 images
2026-08-20 15:58:11 | DEBUG    | fgvc.clustering.spherical_kmeans |   Init 1/5: inertia=2.352404
2026-08-20 15:58:11 | DEBUG    | fgvc.clustering.spherical_kmeans |   Init 2/5: inertia=2.414264
2026-08-20 15:58:11 | DEBUG    | fgvc.clustering.spherical_kmeans |   Init 3/5: inertia=2.360483
2026-08-20 15:58:11 | DEBUG    | fgvc.clustering.spherical_kmeans |   Init 4/5: inertia=2.428233
2026-08-20 15:58:11 | DEBUG    | fgvc.clustering.spherical_kmeans |   Init 5/5: inertia=2.364841
2026-08-20 15:58:11 | DEBUG    | fgvc.clustering.spherical_kmeans |   Init 1/5: inertia=2.206025
2026-08-20 15:58:11 | DEBUG    | fgvc.clustering.spherical_kmeans |   Init 2/5: inertia=2.297741
2026-08-20 15:58:11 | DEBUG    | fgvc.clustering.spherical_kmeans |   Init 3/5: inertia=2.190844
2026-08-20 15:58:11 | DEBUG    | fgvc.clustering.spherical_kmeans |   Init 4/5: inertia=2.232325
2026-08-20 15:58:11 | DEBUG    | fgvc.clustering.spherical_kmeans |   Init 5/5: inertia=2.229052
2026-08-20 15:58:11 | DEBUG    | fgvc.clustering.spherical_kmeans |   Init 1/5: inertia=1.982438
2026-08-20 15:58:11 | DEBUG    | fgvc.clustering.spherical_kmeans |   Init 2/5: inertia=2.032440
2026-08-20 15:58:11 | DEBUG    | fgvc.clustering.spherical_kmeans |   Init 3/5: inertia=2.113491
2026-08-20 15:58:11 | DEBUG    | fgvc.clustering.spherical_kmeans |   Init 4/5: inertia=2.010250
2026-08-20 15:58:11 | DEBUG    | fgvc.clustering.spherical_kmeans |   Init 5/5: inertia=2.142327
2026-08-20 15:58:11 | DEBUG    | fgvc.clustering.spherical_kmeans |   Init 1/5: inertia=1.822978
2026-08-20 15:58:11 | DEBUG    | fgvc.clustering.spherical_kmeans |   Init 2/5: inertia=1.909445
2026-08-20 15:58:11 | DEBUG    | fgvc.clustering.spherical_kmeans |   Init 3/5: inertia=1.962861
2026-08-20 15:58:11 | DEBUG    | fgvc.clustering.spherical_kmeans |   Init 4/5: inertia=1.875951
2026-08-20 15:58:11 | DEBUG    | fgvc.clustering.spherical_kmeans |   Init 5/5: inertia=1.832975
2026-08-20 15:58:11 | DEBUG    | fgvc.clustering.spherical_kmeans | K selection: best_k=2 | scores={2: {'silhouette': 0.0985, 'compactness': 0.9059, 'score': 0.321}, 3: {'silhouette': 0.0492, 'compactness': 0.9124, 'score': 0.2316}, 4: {'silhouette': 0.0626, 'compactness': 0.9207, 'score': 0.1742}, 5: {'silhouette': 0.0742, 'compactness': 0.9271, 'score': 0.1152}}
2026-08-20 15:58:11 | DEBUG    | fgvc.clustering.spherical_kmeans |   Init 1/10: inertia=2.352404
2026-08-20 15:58:11 | DEBUG    | fgvc.clustering.spherical_kmeans |   Init 2/10: inertia=2.414264
2026-08-20 15:58:11 | DEBUG    | fgvc.clustering.spherical_kmeans |   Init 3/10: inertia=2.360483
2026-08-20 15:58:11 | DEBUG    | fgvc.clustering.spherical_kmeans |   Init 4/10: inertia=2.428233
2026-08-20 15:58:11 | DEBUG    | fgvc.clustering.spherical_kmeans |   Init 5/10: inertia=2.364841
2026-08-20 15:58:11 | DEBUG    | fgvc.clustering.spherical_kmeans |   Init 6/10: inertia=2.359599
2026-08-20 15:58:11 | DEBUG    | fgvc.clustering.spherical_kmeans |   Init 7/10: inertia=2.458865
2026-08-20 15:58:11 | DEBUG    | fgvc.clustering.spherical_kmeans |   Init 8/10: inertia=2.359129
2026-08-20 15:58:11 | DEBUG    | fgvc.clustering.spherical_kmeans |   Init 9/10: inertia=2.456030
2026-08-20 15:58:11 | DEBUG    | fgvc.clustering.spherical_kmeans |   Init 10/10: inertia=2.390561
2026-08-20 15:58:11 | INFO     | fgvc.clustering.spherical_kmeans |   [Pileated_Woodpecker] k_selected=2 | k_effective=2 | min_cluster=12 | max_cluster=13
2026-08-20 15:58:11 | INFO     | fgvc.clustering.spherical_kmeans |   [Pine_Grosbeak] 25 images
2026-08-20 15:58:11 | DEBUG    | fgvc.clustering.spherical_kmeans |   Init 1/5: inertia=3.517993
2026-08-20 15:58:11 | DEBUG    | fgvc.clustering.spherical_kmeans |   Init 2/5: inertia=3.515282
2026-08-20 15:58:11 | DEBUG    | fgvc.clustering.spherical_kmeans |   Init 3/5: inertia=3.588200
2026-08-20 15:58:11 | DEBUG    | fgvc.clustering.spherical_kmeans |   Init 4/5: inertia=3.515282
2026-08-20 15:58:11 | DEBUG    | fgvc.clustering.spherical_kmeans |   Init 5/5: inertia=3.517993
2026-08-20 15:58:11 | DEBUG    | fgvc.clustering.spherical_kmeans |   Init 1/5: inertia=3.177583
2026-08-20 15:58:11 | DEBUG    | fgvc.clustering.spherical_kmeans |   Init 2/5: inertia=3.262808
2026-08-20 15:58:11 | DEBUG    | fgvc.clustering.spherical_kmeans |   Init 3/5: inertia=3.235306
2026-08-20 15:58:11 | DEBUG    | fgvc.clustering.spherical_kmeans |   Init 4/5: inertia=3.335027
2026-08-20 15:58:11 | DEBUG    | fgvc.clustering.spherical_kmeans |   Init 5/5: inertia=3.288994
2026-08-20 15:58:11 | DEBUG    | fgvc.clustering.spherical_kmeans |   Init 1/5: inertia=2.896145
2026-08-20 15:58:11 | DEBUG    | fgvc.clustering.spherical_kmeans |   Init 2/5: inertia=2.954323
2026-08-20 15:58:11 | DEBUG    | fgvc.clustering.spherical_kmeans |   Init 3/5: inertia=2.898129
2026-08-20 15:58:11 | DEBUG    | fgvc.clustering.spherical_kmeans |   Init 4/5: inertia=2.933024
2026-08-20 15:58:11 | DEBUG    | fgvc.clustering.spherical_kmeans |   Init 5/5: inertia=2.963936
2026-08-20 15:58:11 | DEBUG    | fgvc.clustering.spherical_kmeans |   Init 1/5: inertia=2.601151
2026-08-20 15:58:11 | DEBUG    | fgvc.clustering.spherical_kmeans |   Init 2/5: inertia=2.771189
2026-08-20 15:58:11 | DEBUG    | fgvc.clustering.spherical_kmeans |   Init 3/5: inertia=2.809089
2026-08-20 15:58:11 | DEBUG    | fgvc.clustering.spherical_kmeans |   Init 4/5: inertia=2.747566
2026-08-20 15:58:11 | DEBUG    | fgvc.clustering.spherical_kmeans |   Init 5/5: inertia=2.717509
2026-08-20 15:58:11 | DEBUG    | fgvc.clustering.spherical_kmeans | K selection: best_k=2 | scores={2: {'silhouette': 0.3565, 'compactness': 0.8594, 'score': 0.4361}, 3: {'silhouette': 0.1712, 'compactness': 0.8729, 'score': 0.2808}, 4: {'silhouette': 0.1612, 'compactness': 0.8842, 'score': 0.2125}, 5: {'silhouette': 0.1496, 'compactness': 0.896, 'score': 0.1436}}
2026-08-20 15:58:11 | DEBUG    | fgvc.clustering.spherical_kmeans |   Init 1/10: inertia=3.517993
2026-08-20 15:58:11 | DEBUG    | fgvc.clustering.spherical_kmeans |   Init 2/10: inertia=3.515282
2026-08-20 15:58:11 | DEBUG    | fgvc.clustering.spherical_kmeans |   Init 3/10: inertia=3.588200
2026-08-20 15:58:11 | DEBUG    | fgvc.clustering.spherical_kmeans |   Init 4/10: inertia=3.515282
2026-08-20 15:58:11 | DEBUG    | fgvc.clustering.spherical_kmeans |   Init 5/10: inertia=3.517993
2026-08-20 15:58:11 | DEBUG    | fgvc.clustering.spherical_kmeans |   Init 6/10: inertia=3.515282
2026-08-20 15:58:11 | DEBUG    | fgvc.clustering.spherical_kmeans |   Init 7/10: inertia=4.115389
2026-08-20 15:58:11 | DEBUG    | fgvc.clustering.spherical_kmeans |   Init 8/10: inertia=3.515282
2026-08-20 15:58:11 | DEBUG    | fgvc.clustering.spherical_kmeans |   Init 9/10: inertia=3.527860
2026-08-20 15:58:11 | DEBUG    | fgvc.clustering.spherical_kmeans |   Init 10/10: inertia=3.517993
2026-08-20 15:58:11 | INFO     | fgvc.clustering.spherical_kmeans |   [Pine_Grosbeak] k_selected=2 | k_effective=2 | min_cluster=6 | max_cluster=19
2026-08-20 15:58:11 | INFO     | fgvc.clustering.spherical_kmeans |   [Pine_Warbler] 25 images
2026-08-20 15:58:11 | DEBUG    | fgvc.clustering.spherical_kmeans |   Init 1/5: inertia=3.610109
2026-08-20 15:58:11 | DEBUG    | fgvc.clustering.spherical_kmeans |   Init 2/5: inertia=3.582108
2026-08-20 15:58:11 | DEBUG    | fgvc.clustering.spherical_kmeans |   Init 3/5: inertia=3.818581
2026-08-20 15:58:11 | DEBUG    | fgvc.clustering.spherical_kmeans |   Init 4/5: inertia=3.848949
2026-08-20 15:58:11 | DEBUG    | fgvc.clustering.spherical_kmeans |   Init 5/5: inertia=3.806069
2026-08-20 15:58:11 | DEBUG    | fgvc.clustering.spherical_kmeans |   Init 1/5: inertia=3.360434
2026-08-20 15:58:11 | DEBUG    | fgvc.clustering.spherical_kmeans |   Init 2/5: inertia=3.556950
2026-08-20 15:58:11 | DEBUG    | fgvc.clustering.spherical_kmeans |   Init 3/5: inertia=3.289254
2026-08-20 15:58:11 | DEBUG    | fgvc.clustering.spherical_kmeans |   Init 4/5: inertia=3.456441
2026-08-20 15:58:11 | DEBUG    | fgvc.clustering.spherical_kmeans |   Init 5/5: inertia=3.499586
2026-08-20 15:58:11 | DEBUG    | fgvc.clustering.spherical_kmeans |   Init 1/5: inertia=3.080185
2026-08-20 15:58:11 | DEBUG    | fgvc.clustering.spherical_kmeans |   Init 2/5: inertia=3.393550
2026-08-20 15:58:11 | DEBUG    | fgvc.clustering.spherical_kmeans |   Init 3/5: inertia=3.237066
2026-08-20 15:58:11 | DEBUG    | fgvc.clustering.spherical_kmeans |   Init 4/5: inertia=3.342883
2026-08-20 15:58:11 | DEBUG    | fgvc.clustering.spherical_kmeans |   Init 5/5: inertia=2.886106
2026-08-20 15:58:11 | DEBUG    | fgvc.clustering.spherical_kmeans |   Init 1/5: inertia=2.772165
2026-08-20 15:58:11 | DEBUG    | fgvc.clustering.spherical_kmeans |   Init 2/5: inertia=3.021499
2026-08-20 15:58:11 | DEBUG    | fgvc.clustering.spherical_kmeans |   Init 3/5: inertia=2.891433
2026-08-20 15:58:11 | DEBUG    | fgvc.clustering.spherical_kmeans |   Init 4/5: inertia=2.648388
2026-08-20 15:58:11 | DEBUG    | fgvc.clustering.spherical_kmeans |   Init 5/5: inertia=3.061152
2026-08-20 15:58:11 | DEBUG    | fgvc.clustering.spherical_kmeans | K selection: best_k=2 | scores={2: {'silhouette': 0.4689, 'compactness': 0.8567, 'score': 0.4915}, 3: {'silhouette': 0.0946, 'compactness': 0.8684, 'score': 0.2412}, 4: {'silhouette': 0.0856, 'compactness': 0.8846, 'score': 0.1748}, 5: {'silhouette': 0.0933, 'compactness': 0.8941, 'score': 0.1149}}
2026-08-20 15:58:11 | DEBUG    | fgvc.clustering.spherical_kmeans |   Init 1/10: inertia=3.610109
2026-08-20 15:58:11 | DEBUG    | fgvc.clustering.spherical_kmeans |   Init 2/10: inertia=3.582108
2026-08-20 15:58:11 | DEBUG    | fgvc.clustering.spherical_kmeans |   Init 3/10: inertia=3.818581
2026-08-20 15:58:11 | DEBUG    | fgvc.clustering.spherical_kmeans |   Init 4/10: inertia=3.848949
2026-08-20 15:58:11 | DEBUG    | fgvc.clustering.spherical_kmeans |   Init 5/10: inertia=3.806069
2026-08-20 15:58:11 | DEBUG    | fgvc.clustering.spherical_kmeans |   Init 6/10: inertia=3.610109
2026-08-20 15:58:11 | DEBUG    | fgvc.clustering.spherical_kmeans |   Init 7/10: inertia=3.582108
2026-08-20 15:58:11 | DEBUG    | fgvc.clustering.spherical_kmeans |   Init 8/10: inertia=3.761382
2026-08-20 15:58:11 | DEBUG    | fgvc.clustering.spherical_kmeans |   Init 9/10: inertia=3.582108
2026-08-20 15:58:11 | DEBUG    | fgvc.clustering.spherical_kmeans |   Init 10/10: inertia=3.830161
2026-08-20 15:58:11 | INFO     | fgvc.clustering.spherical_kmeans |   [Pine_Warbler] k_selected=2 | k_effective=1 | min_cluster=25 | max_cluster=25
2026-08-20 15:58:11 | INFO     | fgvc.clustering.spherical_kmeans |   [Pomarine_Jaeger] 25 images
2026-08-20 15:58:11 | DEBUG    | fgvc.clustering.spherical_kmeans |   Init 1/5: inertia=4.754259
2026-08-20 15:58:11 | DEBUG    | fgvc.clustering.spherical_kmeans |   Init 2/5: inertia=4.754259
2026-08-20 15:58:11 | DEBUG    | fgvc.clustering.spherical_kmeans |   Init 3/5: inertia=4.835193
2026-08-20 15:58:11 | DEBUG    | fgvc.clustering.spherical_kmeans |   Init 4/5: inertia=5.441583
2026-08-20 15:58:11 | DEBUG    | fgvc.clustering.spherical_kmeans |   Init 5/5: inertia=5.332971
2026-08-20 15:58:11 | DEBUG    | fgvc.clustering.spherical_kmeans |   Init 1/5: inertia=4.744851
2026-08-20 15:58:11 | DEBUG    | fgvc.clustering.spherical_kmeans |   Init 2/5: inertia=4.614842
2026-08-20 15:58:11 | DEBUG    | fgvc.clustering.spherical_kmeans |   Init 3/5: inertia=5.065359
2026-08-20 15:58:11 | DEBUG    | fgvc.clustering.spherical_kmeans |   Init 4/5: inertia=4.480521
2026-08-20 15:58:11 | DEBUG    | fgvc.clustering.spherical_kmeans |   Init 5/5: inertia=4.791297
2026-08-20 15:58:11 | DEBUG    | fgvc.clustering.spherical_kmeans |   Init 1/5: inertia=4.546946
2026-08-20 15:58:11 | DEBUG    | fgvc.clustering.spherical_kmeans |   Init 2/5: inertia=4.217723
2026-08-20 15:58:11 | DEBUG    | fgvc.clustering.spherical_kmeans |   Init 3/5: inertia=4.487382
2026-08-20 15:58:11 | DEBUG    | fgvc.clustering.spherical_kmeans |   Init 4/5: inertia=4.229614
2026-08-20 15:58:11 | DEBUG    | fgvc.clustering.spherical_kmeans |   Init 5/5: inertia=4.009727
2026-08-20 15:58:11 | DEBUG    | fgvc.clustering.spherical_kmeans |   Init 1/5: inertia=4.131148
2026-08-20 15:58:11 | DEBUG    | fgvc.clustering.spherical_kmeans |   Init 2/5: inertia=3.908685
2026-08-20 15:58:11 | DEBUG    | fgvc.clustering.spherical_kmeans |   Init 3/5: inertia=3.821312
2026-08-20 15:58:11 | DEBUG    | fgvc.clustering.spherical_kmeans |   Init 4/5: inertia=3.766187
2026-08-20 15:58:11 | DEBUG    | fgvc.clustering.spherical_kmeans |   Init 5/5: inertia=3.822163
2026-08-20 15:58:11 | DEBUG    | fgvc.clustering.spherical_kmeans | K selection: best_k=2 | scores={2: {'silhouette': 0.2267, 'compactness': 0.8098, 'score': 0.3563}, 3: {'silhouette': 0.1448, 'compactness': 0.8208, 'score': 0.252}, 4: {'silhouette': 0.1395, 'compactness': 0.8396, 'score': 0.1883}, 5: {'silhouette': 0.083, 'compactness': 0.8494, 'score': 0.0963}}
2026-08-20 15:58:11 | DEBUG    | fgvc.clustering.spherical_kmeans |   Init 1/10: inertia=4.754259
2026-08-20 15:58:11 | DEBUG    | fgvc.clustering.spherical_kmeans |   Init 2/10: inertia=4.754259
2026-08-20 15:58:11 | DEBUG    | fgvc.clustering.spherical_kmeans |   Init 3/10: inertia=4.835193
2026-08-20 15:58:11 | DEBUG    | fgvc.clustering.spherical_kmeans |   Init 4/10: inertia=5.441583
2026-08-20 15:58:11 | DEBUG    | fgvc.clustering.spherical_kmeans |   Init 5/10: inertia=5.332971
2026-08-20 15:58:11 | DEBUG    | fgvc.clustering.spherical_kmeans |   Init 6/10: inertia=5.151472
2026-08-20 15:58:11 | DEBUG    | fgvc.clustering.spherical_kmeans |   Init 7/10: inertia=4.754259
2026-08-20 15:58:11 | DEBUG    | fgvc.clustering.spherical_kmeans |   Init 8/10: inertia=5.066680
2026-08-20 15:58:11 | DEBUG    | fgvc.clustering.spherical_kmeans |   Init 9/10: inertia=5.429740
2026-08-20 15:58:11 | DEBUG    | fgvc.clustering.spherical_kmeans |   Init 10/10: inertia=5.355374
2026-08-20 15:58:11 | INFO     | fgvc.clustering.spherical_kmeans |   [Pomarine_Jaeger] k_selected=2 | k_effective=2 | min_cluster=12 | max_cluster=13
2026-08-20 15:58:11 | INFO     | fgvc.clustering.spherical_kmeans |   [Prairie_Warbler] 25 images
2026-08-20 15:58:11 | DEBUG    | fgvc.clustering.spherical_kmeans |   Init 1/5: inertia=2.968745
2026-08-20 15:58:11 | DEBUG    | fgvc.clustering.spherical_kmeans |   Init 2/5: inertia=2.894630
2026-08-20 15:58:11 | DEBUG    | fgvc.clustering.spherical_kmeans |   Init 3/5: inertia=2.870442
2026-08-20 15:58:11 | DEBUG    | fgvc.clustering.spherical_kmeans |   Init 4/5: inertia=2.968119
2026-08-20 15:58:11 | DEBUG    | fgvc.clustering.spherical_kmeans |   Init 5/5: inertia=2.919899
2026-08-20 15:58:11 | DEBUG    | fgvc.clustering.spherical_kmeans |   Init 1/5: inertia=2.623149
2026-08-20 15:58:11 | DEBUG    | fgvc.clustering.spherical_kmeans |   Init 2/5: inertia=2.724095
2026-08-20 15:58:11 | DEBUG    | fgvc.clustering.spherical_kmeans |   Init 3/5: inertia=2.584366
2026-08-20 15:58:11 | DEBUG    | fgvc.clustering.spherical_kmeans |   Init 4/5: inertia=2.576414
2026-08-20 15:58:11 | DEBUG    | fgvc.clustering.spherical_kmeans |   Init 5/5: inertia=2.679157
2026-08-20 15:58:11 | DEBUG    | fgvc.clustering.spherical_kmeans |   Init 1/5: inertia=2.372111
2026-08-20 15:58:11 | DEBUG    | fgvc.clustering.spherical_kmeans |   Init 2/5: inertia=2.569076
2026-08-20 15:58:11 | DEBUG    | fgvc.clustering.spherical_kmeans |   Init 3/5: inertia=2.469161
2026-08-20 15:58:11 | DEBUG    | fgvc.clustering.spherical_kmeans |   Init 4/5: inertia=2.443265
2026-08-20 15:58:11 | DEBUG    | fgvc.clustering.spherical_kmeans |   Init 5/5: inertia=2.398894
2026-08-20 15:58:11 | DEBUG    | fgvc.clustering.spherical_kmeans |   Init 1/5: inertia=2.329634
2026-08-20 15:58:11 | DEBUG    | fgvc.clustering.spherical_kmeans |   Init 2/5: inertia=2.346783
2026-08-20 15:58:11 | DEBUG    | fgvc.clustering.spherical_kmeans |   Init 3/5: inertia=2.236156
2026-08-20 15:58:11 | DEBUG    | fgvc.clustering.spherical_kmeans |   Init 4/5: inertia=2.139135
2026-08-20 15:58:11 | DEBUG    | fgvc.clustering.spherical_kmeans |   Init 5/5: inertia=2.134428
2026-08-20 15:58:11 | DEBUG    | fgvc.clustering.spherical_kmeans | K selection: best_k=2 | scores={2: {'silhouette': 0.272, 'compactness': 0.8852, 'score': 0.4016}, 3: {'silhouette': 0.225, 'compactness': 0.8969, 'score': 0.3149}, 4: {'silhouette': 0.102, 'compactness': 0.9051, 'score': 0.1892}, 5: {'silhouette': 0.0203, 'compactness': 0.9146, 'score': 0.0845}}
2026-08-20 15:58:11 | DEBUG    | fgvc.clustering.spherical_kmeans |   Init 1/10: inertia=2.968745
2026-08-20 15:58:11 | DEBUG    | fgvc.clustering.spherical_kmeans |   Init 2/10: inertia=2.894630
2026-08-20 15:58:11 | DEBUG    | fgvc.clustering.spherical_kmeans |   Init 3/10: inertia=2.870442
2026-08-20 15:58:11 | DEBUG    | fgvc.clustering.spherical_kmeans |   Init 4/10: inertia=2.968119
2026-08-20 15:58:11 | DEBUG    | fgvc.clustering.spherical_kmeans |   Init 5/10: inertia=2.919899
2026-08-20 15:58:11 | DEBUG    | fgvc.clustering.spherical_kmeans |   Init 6/10: inertia=2.885346
2026-08-20 15:58:11 | DEBUG    | fgvc.clustering.spherical_kmeans |   Init 7/10: inertia=2.956183
2026-08-20 15:58:11 | DEBUG    | fgvc.clustering.spherical_kmeans |   Init 8/10: inertia=2.991138
2026-08-20 15:58:11 | DEBUG    | fgvc.clustering.spherical_kmeans |   Init 9/10: inertia=2.956183
2026-08-20 15:58:11 | DEBUG    | fgvc.clustering.spherical_kmeans |   Init 10/10: inertia=2.956183
2026-08-20 15:58:11 | INFO     | fgvc.clustering.spherical_kmeans |   [Prairie_Warbler] k_selected=2 | k_effective=2 | min_cluster=6 | max_cluster=19
2026-08-20 15:58:11 | INFO     | fgvc.clustering.spherical_kmeans |   [Prothonotary_Warbler] 25 images
2026-08-20 15:58:11 | DEBUG    | fgvc.clustering.spherical_kmeans |   Init 1/5: inertia=2.914716
2026-08-20 15:58:11 | DEBUG    | fgvc.clustering.spherical_kmeans |   Init 2/5: inertia=2.956738
2026-08-20 15:58:11 | DEBUG    | fgvc.clustering.spherical_kmeans |   Init 3/5: inertia=2.930553
2026-08-20 15:58:11 | DEBUG    | fgvc.clustering.spherical_kmeans |   Init 4/5: inertia=2.898514
2026-08-20 15:58:11 | DEBUG    | fgvc.clustering.spherical_kmeans |   Init 5/5: inertia=2.881305
2026-08-20 15:58:11 | DEBUG    | fgvc.clustering.spherical_kmeans |   Init 1/5: inertia=2.679580
2026-08-20 15:58:11 | DEBUG    | fgvc.clustering.spherical_kmeans |   Init 2/5: inertia=2.684487
2026-08-20 15:58:11 | DEBUG    | fgvc.clustering.spherical_kmeans |   Init 3/5: inertia=2.748204
2026-08-20 15:58:11 | DEBUG    | fgvc.clustering.spherical_kmeans |   Init 4/5: inertia=2.643116
2026-08-20 15:58:11 | DEBUG    | fgvc.clustering.spherical_kmeans |   Init 5/5: inertia=2.697527
2026-08-20 15:58:11 | DEBUG    | fgvc.clustering.spherical_kmeans |   Init 1/5: inertia=2.461085
2026-08-20 15:58:11 | DEBUG    | fgvc.clustering.spherical_kmeans |   Init 2/5: inertia=2.518237
2026-08-20 15:58:11 | DEBUG    | fgvc.clustering.spherical_kmeans |   Init 3/5: inertia=2.463753
2026-08-20 15:58:11 | DEBUG    | fgvc.clustering.spherical_kmeans |   Init 4/5: inertia=2.434738
2026-08-20 15:58:11 | DEBUG    | fgvc.clustering.spherical_kmeans |   Init 5/5: inertia=2.523518
2026-08-20 15:58:11 | DEBUG    | fgvc.clustering.spherical_kmeans |   Init 1/5: inertia=2.322445
2026-08-20 15:58:11 | DEBUG    | fgvc.clustering.spherical_kmeans |   Init 2/5: inertia=2.399402
2026-08-20 15:58:11 | DEBUG    | fgvc.clustering.spherical_kmeans |   Init 3/5: inertia=2.436948
2026-08-20 15:58:11 | DEBUG    | fgvc.clustering.spherical_kmeans |   Init 4/5: inertia=2.240867
2026-08-20 15:58:11 | DEBUG    | fgvc.clustering.spherical_kmeans |   Init 5/5: inertia=2.392590
2026-08-20 15:58:11 | DEBUG    | fgvc.clustering.spherical_kmeans | K selection: best_k=2 | scores={2: {'silhouette': 0.1886, 'compactness': 0.8847, 'score': 0.3597}, 3: {'silhouette': 0.0955, 'compactness': 0.8943, 'score': 0.2494}, 4: {'silhouette': 0.0881, 'compactness': 0.9026, 'score': 0.1815}, 5: {'silhouette': 0.0895, 'compactness': 0.9104, 'score': 0.1179}}
2026-08-20 15:58:11 | DEBUG    | fgvc.clustering.spherical_kmeans |   Init 1/10: inertia=2.914716
2026-08-20 15:58:11 | DEBUG    | fgvc.clustering.spherical_kmeans |   Init 2/10: inertia=2.956738
2026-08-20 15:58:11 | DEBUG    | fgvc.clustering.spherical_kmeans |   Init 3/10: inertia=2.930553
2026-08-20 15:58:11 | DEBUG    | fgvc.clustering.spherical_kmeans |   Init 4/10: inertia=2.898514
2026-08-20 15:58:11 | DEBUG    | fgvc.clustering.spherical_kmeans |   Init 5/10: inertia=2.881305
2026-08-20 15:58:11 | DEBUG    | fgvc.clustering.spherical_kmeans |   Init 6/10: inertia=2.954287
2026-08-20 15:58:11 | DEBUG    | fgvc.clustering.spherical_kmeans |   Init 7/10: inertia=2.955520
2026-08-20 15:58:11 | DEBUG    | fgvc.clustering.spherical_kmeans |   Init 8/10: inertia=2.923551
2026-08-20 15:58:11 | DEBUG    | fgvc.clustering.spherical_kmeans |   Init 9/10: inertia=3.052540
2026-08-20 15:58:11 | DEBUG    | fgvc.clustering.spherical_kmeans |   Init 10/10: inertia=2.954712
2026-08-20 15:58:11 | INFO     | fgvc.clustering.spherical_kmeans |   [Prothonotary_Warbler] k_selected=2 | k_effective=1 | min_cluster=25 | max_cluster=25
2026-08-20 15:58:11 | INFO     | fgvc.clustering.spherical_kmeans |   [Purple_Finch] 25 images
2026-08-20 15:58:11 | DEBUG    | fgvc.clustering.spherical_kmeans |   Init 1/5: inertia=3.785024
2026-08-20 15:58:11 | DEBUG    | fgvc.clustering.spherical_kmeans |   Init 2/5: inertia=3.781093
2026-08-20 15:58:11 | DEBUG    | fgvc.clustering.spherical_kmeans |   Init 3/5: inertia=3.785831
2026-08-20 15:58:11 | DEBUG    | fgvc.clustering.spherical_kmeans |   Init 4/5: inertia=3.891537
2026-08-20 15:58:11 | DEBUG    | fgvc.clustering.spherical_kmeans |   Init 5/5: inertia=3.886971
2026-08-20 15:58:11 | DEBUG    | fgvc.clustering.spherical_kmeans |   Init 1/5: inertia=3.217264
2026-08-20 15:58:11 | DEBUG    | fgvc.clustering.spherical_kmeans |   Init 2/5: inertia=3.449592
2026-08-20 15:58:11 | DEBUG    | fgvc.clustering.spherical_kmeans |   Init 3/5: inertia=3.230329
2026-08-20 15:58:11 | DEBUG    | fgvc.clustering.spherical_kmeans |   Init 4/5: inertia=3.407044
2026-08-20 15:58:11 | DEBUG    | fgvc.clustering.spherical_kmeans |   Init 5/5: inertia=3.126279
2026-08-20 15:58:11 | DEBUG    | fgvc.clustering.spherical_kmeans |   Init 1/5: inertia=3.044006
2026-08-20 15:58:11 | DEBUG    | fgvc.clustering.spherical_kmeans |   Init 2/5: inertia=3.323652
2026-08-20 15:58:11 | DEBUG    | fgvc.clustering.spherical_kmeans |   Init 3/5: inertia=3.011332
2026-08-20 15:58:11 | DEBUG    | fgvc.clustering.spherical_kmeans |   Init 4/5: inertia=3.140525
2026-08-20 15:58:11 | DEBUG    | fgvc.clustering.spherical_kmeans |   Init 5/5: inertia=2.764116
2026-08-20 15:58:11 | DEBUG    | fgvc.clustering.spherical_kmeans |   Init 1/5: inertia=2.899678
2026-08-20 15:58:11 | DEBUG    | fgvc.clustering.spherical_kmeans |   Init 2/5: inertia=2.939323
2026-08-20 15:58:11 | DEBUG    | fgvc.clustering.spherical_kmeans |   Init 3/5: inertia=2.879016
2026-08-20 15:58:11 | DEBUG    | fgvc.clustering.spherical_kmeans |   Init 4/5: inertia=2.904715
2026-08-20 15:58:11 | DEBUG    | fgvc.clustering.spherical_kmeans |   Init 5/5: inertia=2.673674
2026-08-20 15:58:11 | DEBUG    | fgvc.clustering.spherical_kmeans | K selection: best_k=3 | scores={2: {'silhouette': 0.1095, 'compactness': 0.8488, 'score': 0.3094}, 3: {'silhouette': 0.2375, 'compactness': 0.8749, 'score': 0.3145}, 4: {'silhouette': 0.2044, 'compactness': 0.8894, 'score': 0.2357}, 5: {'silhouette': 0.0961, 'compactness': 0.8931, 'score': 0.116}}
2026-08-20 15:58:11 | DEBUG    | fgvc.clustering.spherical_kmeans |   Init 1/10: inertia=3.217264
2026-08-20 15:58:11 | DEBUG    | fgvc.clustering.spherical_kmeans |   Init 2/10: inertia=3.449592
2026-08-20 15:58:11 | DEBUG    | fgvc.clustering.spherical_kmeans |   Init 3/10: inertia=3.230329
2026-08-20 15:58:11 | DEBUG    | fgvc.clustering.spherical_kmeans |   Init 4/10: inertia=3.407044
2026-08-20 15:58:11 | DEBUG    | fgvc.clustering.spherical_kmeans |   Init 5/10: inertia=3.126279
2026-08-20 15:58:11 | DEBUG    | fgvc.clustering.spherical_kmeans |   Init 6/10: inertia=3.341756
2026-08-20 15:58:11 | DEBUG    | fgvc.clustering.spherical_kmeans |   Init 7/10: inertia=3.308519
2026-08-20 15:58:11 | DEBUG    | fgvc.clustering.spherical_kmeans |   Init 8/10: inertia=3.408172
2026-08-20 15:58:11 | DEBUG    | fgvc.clustering.spherical_kmeans |   Init 9/10: inertia=3.432050
2026-08-20 15:58:11 | DEBUG    | fgvc.clustering.spherical_kmeans |   Init 10/10: inertia=3.245933
2026-08-20 15:58:11 | INFO     | fgvc.clustering.spherical_kmeans |   [Purple_Finch] k_selected=3 | k_effective=2 | min_cluster=8 | max_cluster=17
2026-08-20 15:58:11 | INFO     | fgvc.clustering.spherical_kmeans |   [Red_bellied_Woodpecker] 25 images
2026-08-20 15:58:11 | DEBUG    | fgvc.clustering.spherical_kmeans |   Init 1/5: inertia=2.081393
2026-08-20 15:58:11 | DEBUG    | fgvc.clustering.spherical_kmeans |   Init 2/5: inertia=2.159328
2026-08-20 15:58:11 | DEBUG    | fgvc.clustering.spherical_kmeans |   Init 3/5: inertia=2.081393
2026-08-20 15:58:11 | DEBUG    | fgvc.clustering.spherical_kmeans |   Init 4/5: inertia=2.044702
2026-08-20 15:58:11 | DEBUG    | fgvc.clustering.spherical_kmeans |   Init 5/5: inertia=2.183143
2026-08-20 15:58:11 | DEBUG    | fgvc.clustering.spherical_kmeans |   Init 1/5: inertia=1.984152
2026-08-20 15:58:11 | DEBUG    | fgvc.clustering.spherical_kmeans |   Init 2/5: inertia=1.820450
2026-08-20 15:58:11 | DEBUG    | fgvc.clustering.spherical_kmeans |   Init 3/5: inertia=2.024419
2026-08-20 15:58:11 | DEBUG    | fgvc.clustering.spherical_kmeans |   Init 4/5: inertia=1.951752
2026-08-20 15:58:11 | DEBUG    | fgvc.clustering.spherical_kmeans |   Init 5/5: inertia=1.819229
2026-08-20 15:58:11 | DEBUG    | fgvc.clustering.spherical_kmeans |   Init 1/5: inertia=1.826490
2026-08-20 15:58:11 | DEBUG    | fgvc.clustering.spherical_kmeans |   Init 2/5: inertia=1.781276
2026-08-20 15:58:11 | DEBUG    | fgvc.clustering.spherical_kmeans |   Init 3/5: inertia=1.718175
2026-08-20 15:58:11 | DEBUG    | fgvc.clustering.spherical_kmeans |   Init 4/5: inertia=1.808833
2026-08-20 15:58:11 | DEBUG    | fgvc.clustering.spherical_kmeans |   Init 5/5: inertia=1.670414
2026-08-20 15:58:11 | DEBUG    | fgvc.clustering.spherical_kmeans |   Init 1/5: inertia=1.721061
2026-08-20 15:58:11 | DEBUG    | fgvc.clustering.spherical_kmeans |   Init 2/5: inertia=1.652787
2026-08-20 15:58:11 | DEBUG    | fgvc.clustering.spherical_kmeans |   Init 3/5: inertia=1.523211
2026-08-20 15:58:11 | DEBUG    | fgvc.clustering.spherical_kmeans |   Init 4/5: inertia=1.574046
2026-08-20 15:58:11 | DEBUG    | fgvc.clustering.spherical_kmeans |   Init 5/5: inertia=1.550992
2026-08-20 15:58:11 | DEBUG    | fgvc.clustering.spherical_kmeans | K selection: best_k=2 | scores={2: {'silhouette': 0.451, 'compactness': 0.9182, 'score': 0.501}, 3: {'silhouette': 0.1913, 'compactness': 0.9272, 'score': 0.3071}, 4: {'silhouette': 0.0612, 'compactness': 0.9332, 'score': 0.1772}, 5: {'silhouette': 0.0666, 'compactness': 0.9391, 'score': 0.115}}
2026-08-20 15:58:11 | DEBUG    | fgvc.clustering.spherical_kmeans |   Init 1/10: inertia=2.081393
2026-08-20 15:58:11 | DEBUG    | fgvc.clustering.spherical_kmeans |   Init 2/10: inertia=2.159328
2026-08-20 15:58:11 | DEBUG    | fgvc.clustering.spherical_kmeans |   Init 3/10: inertia=2.081393
2026-08-20 15:58:11 | DEBUG    | fgvc.clustering.spherical_kmeans |   Init 4/10: inertia=2.044702
2026-08-20 15:58:11 | DEBUG    | fgvc.clustering.spherical_kmeans |   Init 5/10: inertia=2.183143
2026-08-20 15:58:11 | DEBUG    | fgvc.clustering.spherical_kmeans |   Init 6/10: inertia=2.068894
2026-08-20 15:58:11 | DEBUG    | fgvc.clustering.spherical_kmeans |   Init 7/10: inertia=2.169622
2026-08-20 15:58:11 | DEBUG    | fgvc.clustering.spherical_kmeans |   Init 8/10: inertia=2.159634
2026-08-20 15:58:11 | DEBUG    | fgvc.clustering.spherical_kmeans |   Init 9/10: inertia=2.181254
2026-08-20 15:58:11 | DEBUG    | fgvc.clustering.spherical_kmeans |   Init 10/10: inertia=1.978224
2026-08-20 15:58:11 | INFO     | fgvc.clustering.spherical_kmeans |   [Red_bellied_Woodpecker] k_selected=2 | k_effective=1 | min_cluster=25 | max_cluster=25
2026-08-20 15:58:11 | INFO     | fgvc.clustering.spherical_kmeans |   [Red_breasted_Merganser] 25 images
2026-08-20 15:58:11 | DEBUG    | fgvc.clustering.spherical_kmeans |   Init 1/5: inertia=4.407505
2026-08-20 15:58:11 | DEBUG    | fgvc.clustering.spherical_kmeans |   Init 2/5: inertia=4.165841
2026-08-20 15:58:11 | DEBUG    | fgvc.clustering.spherical_kmeans |   Init 3/5: inertia=4.407505
2026-08-20 15:58:11 | DEBUG    | fgvc.clustering.spherical_kmeans |   Init 4/5: inertia=3.682004
2026-08-20 15:58:11 | DEBUG    | fgvc.clustering.spherical_kmeans |   Init 5/5: inertia=4.098788
2026-08-20 15:58:11 | DEBUG    | fgvc.clustering.spherical_kmeans |   Init 1/5: inertia=3.666297
2026-08-20 15:58:11 | DEBUG    | fgvc.clustering.spherical_kmeans |   Init 2/5: inertia=3.601566
2026-08-20 15:58:11 | DEBUG    | fgvc.clustering.spherical_kmeans |   Init 3/5: inertia=3.809975
2026-08-20 15:58:11 | DEBUG    | fgvc.clustering.spherical_kmeans |   Init 4/5: inertia=3.416445
2026-08-20 15:58:11 | DEBUG    | fgvc.clustering.spherical_kmeans |   Init 5/5: inertia=3.011176
2026-08-20 15:58:11 | DEBUG    | fgvc.clustering.spherical_kmeans |   Init 1/5: inertia=2.564073
2026-08-20 15:58:11 | DEBUG    | fgvc.clustering.spherical_kmeans |   Init 2/5: inertia=2.712423
2026-08-20 15:58:11 | DEBUG    | fgvc.clustering.spherical_kmeans |   Init 3/5: inertia=2.776115
2026-08-20 15:58:11 | DEBUG    | fgvc.clustering.spherical_kmeans |   Init 4/5: inertia=2.986842
2026-08-20 15:58:11 | DEBUG    | fgvc.clustering.spherical_kmeans |   Init 5/5: inertia=2.838053
2026-08-20 15:58:11 | DEBUG    | fgvc.clustering.spherical_kmeans |   Init 1/5: inertia=2.427163
2026-08-20 15:58:11 | DEBUG    | fgvc.clustering.spherical_kmeans |   Init 2/5: inertia=2.547149
2026-08-20 15:58:11 | DEBUG    | fgvc.clustering.spherical_kmeans |   Init 3/5: inertia=2.470043
2026-08-20 15:58:11 | DEBUG    | fgvc.clustering.spherical_kmeans |   Init 4/5: inertia=2.730180
2026-08-20 15:58:11 | DEBUG    | fgvc.clustering.spherical_kmeans |   Init 5/5: inertia=2.820950
2026-08-20 15:58:11 | DEBUG    | fgvc.clustering.spherical_kmeans | K selection: best_k=2 | scores={2: {'silhouette': 0.3418, 'compactness': 0.8527, 'score': 0.4267}, 3: {'silhouette': 0.3608, 'compactness': 0.8796, 'score': 0.3776}, 4: {'silhouette': 0.3837, 'compactness': 0.8974, 'score': 0.3278}, 5: {'silhouette': 0.2719, 'compactness': 0.9029, 'score': 0.2068}}
2026-08-20 15:58:11 | DEBUG    | fgvc.clustering.spherical_kmeans |   Init 1/10: inertia=4.407505
2026-08-20 15:58:11 | DEBUG    | fgvc.clustering.spherical_kmeans |   Init 2/10: inertia=4.165841
2026-08-20 15:58:11 | DEBUG    | fgvc.clustering.spherical_kmeans |   Init 3/10: inertia=4.407505
2026-08-20 15:58:11 | DEBUG    | fgvc.clustering.spherical_kmeans |   Init 4/10: inertia=3.682004
2026-08-20 15:58:11 | DEBUG    | fgvc.clustering.spherical_kmeans |   Init 5/10: inertia=4.098788
2026-08-20 15:58:11 | DEBUG    | fgvc.clustering.spherical_kmeans |   Init 6/10: inertia=3.677357
2026-08-20 15:58:11 | DEBUG    | fgvc.clustering.spherical_kmeans |   Init 7/10: inertia=4.101534
2026-08-20 15:58:11 | DEBUG    | fgvc.clustering.spherical_kmeans |   Init 8/10: inertia=3.677357
2026-08-20 15:58:11 | DEBUG    | fgvc.clustering.spherical_kmeans |   Init 9/10: inertia=4.165841
2026-08-20 15:58:11 | DEBUG    | fgvc.clustering.spherical_kmeans |   Init 10/10: inertia=4.105553
2026-08-20 15:58:11 | INFO     | fgvc.clustering.spherical_kmeans |   [Red_breasted_Merganser] k_selected=2 | k_effective=2 | min_cluster=10 | max_cluster=15
2026-08-20 15:58:11 | INFO     | fgvc.clustering.spherical_kmeans |   [Red_cockaded_Woodpecker] 25 images
2026-08-20 15:58:11 | DEBUG    | fgvc.clustering.spherical_kmeans |   Init 1/5: inertia=3.176637
2026-08-20 15:58:11 | DEBUG    | fgvc.clustering.spherical_kmeans |   Init 2/5: inertia=3.161773
2026-08-20 15:58:11 | DEBUG    | fgvc.clustering.spherical_kmeans |   Init 3/5: inertia=3.199436
2026-08-20 15:58:11 | DEBUG    | fgvc.clustering.spherical_kmeans |   Init 4/5: inertia=3.283099
2026-08-20 15:58:11 | DEBUG    | fgvc.clustering.spherical_kmeans |   Init 5/5: inertia=3.078115
2026-08-20 15:58:11 | DEBUG    | fgvc.clustering.spherical_kmeans |   Init 1/5: inertia=2.968438
2026-08-20 15:58:11 | DEBUG    | fgvc.clustering.spherical_kmeans |   Init 2/5: inertia=3.040798
2026-08-20 15:58:11 | DEBUG    | fgvc.clustering.spherical_kmeans |   Init 3/5: inertia=2.757188
2026-08-20 15:58:11 | DEBUG    | fgvc.clustering.spherical_kmeans |   Init 4/5: inertia=2.929174
2026-08-20 15:58:11 | DEBUG    | fgvc.clustering.spherical_kmeans |   Init 5/5: inertia=3.006558
2026-08-20 15:58:11 | DEBUG    | fgvc.clustering.spherical_kmeans |   Init 1/5: inertia=2.807405
2026-08-20 15:58:11 | DEBUG    | fgvc.clustering.spherical_kmeans |   Init 2/5: inertia=2.830322
2026-08-20 15:58:11 | DEBUG    | fgvc.clustering.spherical_kmeans |   Init 3/5: inertia=2.806738
2026-08-20 15:58:11 | DEBUG    | fgvc.clustering.spherical_kmeans |   Init 4/5: inertia=2.726829
2026-08-20 15:58:11 | DEBUG    | fgvc.clustering.spherical_kmeans |   Init 5/5: inertia=2.611026
2026-08-20 15:58:11 | DEBUG    | fgvc.clustering.spherical_kmeans |   Init 1/5: inertia=2.618984
2026-08-20 15:58:11 | DEBUG    | fgvc.clustering.spherical_kmeans |   Init 2/5: inertia=2.401272
2026-08-20 15:58:11 | DEBUG    | fgvc.clustering.spherical_kmeans |   Init 3/5: inertia=2.406409
2026-08-20 15:58:11 | DEBUG    | fgvc.clustering.spherical_kmeans |   Init 4/5: inertia=2.477623
2026-08-20 15:58:11 | DEBUG    | fgvc.clustering.spherical_kmeans |   Init 5/5: inertia=2.465657
2026-08-20 15:58:11 | DEBUG    | fgvc.clustering.spherical_kmeans | K selection: best_k=2 | scores={2: {'silhouette': 0.3578, 'compactness': 0.8769, 'score': 0.442}, 3: {'silhouette': 0.1344, 'compactness': 0.8897, 'score': 0.2674}, 4: {'silhouette': 0.1632, 'compactness': 0.8956, 'score': 0.217}, 5: {'silhouette': 0.0714, 'compactness': 0.9039, 'score': 0.1069}}
2026-08-20 15:58:11 | DEBUG    | fgvc.clustering.spherical_kmeans |   Init 1/10: inertia=3.176637
2026-08-20 15:58:11 | DEBUG    | fgvc.clustering.spherical_kmeans |   Init 2/10: inertia=3.161773
2026-08-20 15:58:11 | DEBUG    | fgvc.clustering.spherical_kmeans |   Init 3/10: inertia=3.199436
2026-08-20 15:58:11 | DEBUG    | fgvc.clustering.spherical_kmeans |   Init 4/10: inertia=3.283099
2026-08-20 15:58:11 | DEBUG    | fgvc.clustering.spherical_kmeans |   Init 5/10: inertia=3.078115
2026-08-20 15:58:11 | DEBUG    | fgvc.clustering.spherical_kmeans |   Init 6/10: inertia=3.262174
2026-08-20 15:58:11 | DEBUG    | fgvc.clustering.spherical_kmeans |   Init 7/10: inertia=3.255549
2026-08-20 15:58:11 | DEBUG    | fgvc.clustering.spherical_kmeans |   Init 8/10: inertia=3.169376
2026-08-20 15:58:11 | DEBUG    | fgvc.clustering.spherical_kmeans |   Init 9/10: inertia=3.263287
2026-08-20 15:58:11 | DEBUG    | fgvc.clustering.spherical_kmeans |   Init 10/10: inertia=3.256263
2026-08-20 15:58:11 | INFO     | fgvc.clustering.spherical_kmeans |   [Red_cockaded_Woodpecker] k_selected=2 | k_effective=1 | min_cluster=25 | max_cluster=25
2026-08-20 15:58:11 | INFO     | fgvc.clustering.spherical_kmeans |   [Red_eyed_Vireo] 25 images
2026-08-20 15:58:11 | DEBUG    | fgvc.clustering.spherical_kmeans |   Init 1/5: inertia=4.415154
2026-08-20 15:58:11 | DEBUG    | fgvc.clustering.spherical_kmeans |   Init 2/5: inertia=4.414403
2026-08-20 15:58:11 | DEBUG    | fgvc.clustering.spherical_kmeans |   Init 3/5: inertia=4.402749
2026-08-20 15:58:11 | DEBUG    | fgvc.clustering.spherical_kmeans |   Init 4/5: inertia=4.368587
2026-08-20 15:58:11 | DEBUG    | fgvc.clustering.spherical_kmeans |   Init 5/5: inertia=4.517709
2026-08-20 15:58:11 | DEBUG    | fgvc.clustering.spherical_kmeans |   Init 1/5: inertia=3.980381
2026-08-20 15:58:11 | DEBUG    | fgvc.clustering.spherical_kmeans |   Init 2/5: inertia=4.297071
2026-08-20 15:58:11 | DEBUG    | fgvc.clustering.spherical_kmeans |   Init 3/5: inertia=4.107028
2026-08-20 15:58:11 | DEBUG    | fgvc.clustering.spherical_kmeans |   Init 4/5: inertia=3.967402
2026-08-20 15:58:11 | DEBUG    | fgvc.clustering.spherical_kmeans |   Init 5/5: inertia=3.990881
2026-08-20 15:58:11 | DEBUG    | fgvc.clustering.spherical_kmeans |   Init 1/5: inertia=3.829597
2026-08-20 15:58:11 | DEBUG    | fgvc.clustering.spherical_kmeans |   Init 2/5: inertia=3.822810
2026-08-20 15:58:11 | DEBUG    | fgvc.clustering.spherical_kmeans |   Init 3/5: inertia=3.882465
2026-08-20 15:58:11 | DEBUG    | fgvc.clustering.spherical_kmeans |   Init 4/5: inertia=3.856822
2026-08-20 15:58:11 | DEBUG    | fgvc.clustering.spherical_kmeans |   Init 5/5: inertia=4.052507
2026-08-20 15:58:11 | DEBUG    | fgvc.clustering.spherical_kmeans |   Init 1/5: inertia=3.613318
2026-08-20 15:58:11 | DEBUG    | fgvc.clustering.spherical_kmeans |   Init 2/5: inertia=3.332360
2026-08-20 15:58:11 | DEBUG    | fgvc.clustering.spherical_kmeans |   Init 3/5: inertia=3.639269
2026-08-20 15:58:11 | DEBUG    | fgvc.clustering.spherical_kmeans |   Init 4/5: inertia=3.737315
2026-08-20 15:58:11 | DEBUG    | fgvc.clustering.spherical_kmeans |   Init 5/5: inertia=3.497239
2026-08-20 15:58:11 | DEBUG    | fgvc.clustering.spherical_kmeans | K selection: best_k=2 | scores={2: {'silhouette': 0.203, 'compactness': 0.8253, 'score': 0.3491}, 3: {'silhouette': 0.0798, 'compactness': 0.8413, 'score': 0.2256}, 4: {'silhouette': 0.0224, 'compactness': 0.8471, 'score': 0.132}, 5: {'silhouette': 0.0405, 'compactness': 0.8667, 'score': 0.0803}}
2026-08-20 15:58:11 | DEBUG    | fgvc.clustering.spherical_kmeans |   Init 1/10: inertia=4.415154
2026-08-20 15:58:11 | DEBUG    | fgvc.clustering.spherical_kmeans |   Init 2/10: inertia=4.414403
2026-08-20 15:58:11 | DEBUG    | fgvc.clustering.spherical_kmeans |   Init 3/10: inertia=4.402749
2026-08-20 15:58:11 | DEBUG    | fgvc.clustering.spherical_kmeans |   Init 4/10: inertia=4.368587
2026-08-20 15:58:11 | DEBUG    | fgvc.clustering.spherical_kmeans |   Init 5/10: inertia=4.517709
2026-08-20 15:58:11 | DEBUG    | fgvc.clustering.spherical_kmeans |   Init 6/10: inertia=4.421993
2026-08-20 15:58:11 | DEBUG    | fgvc.clustering.spherical_kmeans |   Init 7/10: inertia=4.320507
2026-08-20 15:58:11 | DEBUG    | fgvc.clustering.spherical_kmeans |   Init 8/10: inertia=4.389143
2026-08-20 15:58:11 | DEBUG    | fgvc.clustering.spherical_kmeans |   Init 9/10: inertia=4.320507
2026-08-20 15:58:11 | DEBUG    | fgvc.clustering.spherical_kmeans |   Init 10/10: inertia=4.448984
2026-08-20 15:58:11 | INFO     | fgvc.clustering.spherical_kmeans |   [Red_eyed_Vireo] k_selected=2 | k_effective=1 | min_cluster=25 | max_cluster=25
2026-08-20 15:58:11 | INFO     | fgvc.clustering.spherical_kmeans |   [Red_faced_Cormorant] 25 images
2026-08-20 15:58:11 | DEBUG    | fgvc.clustering.spherical_kmeans |   Init 1/5: inertia=3.922447
2026-08-20 15:58:11 | DEBUG    | fgvc.clustering.spherical_kmeans |   Init 2/5: inertia=4.192661
2026-08-20 15:58:11 | DEBUG    | fgvc.clustering.spherical_kmeans |   Init 3/5: inertia=3.922447
2026-08-20 15:58:11 | DEBUG    | fgvc.clustering.spherical_kmeans |   Init 4/5: inertia=4.244079
2026-08-20 15:58:11 | DEBUG    | fgvc.clustering.spherical_kmeans |   Init 5/5: inertia=4.608356
2026-08-20 15:58:11 | DEBUG    | fgvc.clustering.spherical_kmeans |   Init 1/5: inertia=3.293665
2026-08-20 15:58:11 | DEBUG    | fgvc.clustering.spherical_kmeans |   Init 2/5: inertia=3.670127
2026-08-20 15:58:11 | DEBUG    | fgvc.clustering.spherical_kmeans |   Init 3/5: inertia=4.041587
2026-08-20 15:58:11 | DEBUG    | fgvc.clustering.spherical_kmeans |   Init 4/5: inertia=3.302962
2026-08-20 15:58:11 | DEBUG    | fgvc.clustering.spherical_kmeans |   Init 5/5: inertia=3.712129
2026-08-20 15:58:11 | DEBUG    | fgvc.clustering.spherical_kmeans |   Init 1/5: inertia=3.041346
2026-08-20 15:58:11 | DEBUG    | fgvc.clustering.spherical_kmeans |   Init 2/5: inertia=3.340827
2026-08-20 15:58:11 | DEBUG    | fgvc.clustering.spherical_kmeans |   Init 3/5: inertia=3.450079
2026-08-20 15:58:11 | DEBUG    | fgvc.clustering.spherical_kmeans |   Init 4/5: inertia=3.106199
2026-08-20 15:58:11 | DEBUG    | fgvc.clustering.spherical_kmeans |   Init 5/5: inertia=3.579884
2026-08-20 15:58:11 | DEBUG    | fgvc.clustering.spherical_kmeans |   Init 1/5: inertia=2.869260
2026-08-20 15:58:11 | DEBUG    | fgvc.clustering.spherical_kmeans |   Init 2/5: inertia=2.838214
2026-08-20 15:58:11 | DEBUG    | fgvc.clustering.spherical_kmeans |   Init 3/5: inertia=2.774088
2026-08-20 15:58:11 | DEBUG    | fgvc.clustering.spherical_kmeans |   Init 4/5: inertia=2.698518
2026-08-20 15:58:11 | DEBUG    | fgvc.clustering.spherical_kmeans |   Init 5/5: inertia=3.038539
2026-08-20 15:58:11 | DEBUG    | fgvc.clustering.spherical_kmeans | K selection: best_k=2 | scores={2: {'silhouette': 0.5236, 'compactness': 0.8431, 'score': 0.5147}, 3: {'silhouette': 0.232, 'compactness': 0.8683, 'score': 0.3098}, 4: {'silhouette': 0.2064, 'compactness': 0.8783, 'score': 0.2334}, 5: {'silhouette': 0.1459, 'compactness': 0.8921, 'score': 0.1406}}
2026-08-20 15:58:11 | DEBUG    | fgvc.clustering.spherical_kmeans |   Init 1/10: inertia=3.922447
2026-08-20 15:58:11 | DEBUG    | fgvc.clustering.spherical_kmeans |   Init 2/10: inertia=4.192661
2026-08-20 15:58:11 | DEBUG    | fgvc.clustering.spherical_kmeans |   Init 3/10: inertia=3.922447
2026-08-20 15:58:11 | DEBUG    | fgvc.clustering.spherical_kmeans |   Init 4/10: inertia=4.244079
2026-08-20 15:58:11 | DEBUG    | fgvc.clustering.spherical_kmeans |   Init 5/10: inertia=4.608356
2026-08-20 15:58:11 | DEBUG    | fgvc.clustering.spherical_kmeans |   Init 6/10: inertia=3.922447
2026-08-20 15:58:11 | DEBUG    | fgvc.clustering.spherical_kmeans |   Init 7/10: inertia=4.244079
2026-08-20 15:58:11 | DEBUG    | fgvc.clustering.spherical_kmeans |   Init 8/10: inertia=4.664039
2026-08-20 15:58:11 | DEBUG    | fgvc.clustering.spherical_kmeans |   Init 9/10: inertia=4.244079
2026-08-20 15:58:11 | DEBUG    | fgvc.clustering.spherical_kmeans |   Init 10/10: inertia=3.922447
2026-08-20 15:58:11 | INFO     | fgvc.clustering.spherical_kmeans |   [Red_faced_Cormorant] k_selected=2 | k_effective=1 | min_cluster=25 | max_cluster=25
2026-08-20 15:58:11 | INFO     | fgvc.clustering.spherical_kmeans |   [Red_headed_Woodpecker] 25 images
2026-08-20 15:58:11 | DEBUG    | fgvc.clustering.spherical_kmeans |   Init 1/5: inertia=3.132832
2026-08-20 15:58:11 | DEBUG    | fgvc.clustering.spherical_kmeans |   Init 2/5: inertia=2.633697
2026-08-20 15:58:11 | DEBUG    | fgvc.clustering.spherical_kmeans |   Init 3/5: inertia=3.100963
2026-08-20 15:58:11 | DEBUG    | fgvc.clustering.spherical_kmeans |   Init 4/5: inertia=3.026771
2026-08-20 15:58:11 | DEBUG    | fgvc.clustering.spherical_kmeans |   Init 5/5: inertia=2.633697
2026-08-20 15:58:11 | DEBUG    | fgvc.clustering.spherical_kmeans |   Init 1/5: inertia=2.943194
2026-08-20 15:58:11 | DEBUG    | fgvc.clustering.spherical_kmeans |   Init 2/5: inertia=2.849732
2026-08-20 15:58:11 | DEBUG    | fgvc.clustering.spherical_kmeans |   Init 3/5: inertia=2.337459
2026-08-20 15:58:11 | DEBUG    | fgvc.clustering.spherical_kmeans |   Init 4/5: inertia=2.977402
2026-08-20 15:58:11 | DEBUG    | fgvc.clustering.spherical_kmeans |   Init 5/5: inertia=2.811149
2026-08-20 15:58:11 | DEBUG    | fgvc.clustering.spherical_kmeans |   Init 1/5: inertia=2.795035
2026-08-20 15:58:11 | DEBUG    | fgvc.clustering.spherical_kmeans |   Init 2/5: inertia=2.245862
2026-08-20 15:58:11 | DEBUG    | fgvc.clustering.spherical_kmeans |   Init 3/5: inertia=2.394340
2026-08-20 15:58:11 | DEBUG    | fgvc.clustering.spherical_kmeans |   Init 4/5: inertia=2.279264
2026-08-20 15:58:11 | DEBUG    | fgvc.clustering.spherical_kmeans |   Init 5/5: inertia=2.719985
2026-08-20 15:58:11 | DEBUG    | fgvc.clustering.spherical_kmeans |   Init 1/5: inertia=2.682200
2026-08-20 15:58:11 | DEBUG    | fgvc.clustering.spherical_kmeans |   Init 2/5: inertia=2.078259
2026-08-20 15:58:11 | DEBUG    | fgvc.clustering.spherical_kmeans |   Init 3/5: inertia=1.875975
2026-08-20 15:58:11 | DEBUG    | fgvc.clustering.spherical_kmeans |   Init 4/5: inertia=1.959579
2026-08-20 15:58:11 | DEBUG    | fgvc.clustering.spherical_kmeans |   Init 5/5: inertia=2.016932
2026-08-20 15:58:11 | DEBUG    | fgvc.clustering.spherical_kmeans | K selection: best_k=2 | scores={2: {'silhouette': 0.5924, 'compactness': 0.8947, 'score': 0.5646}, 3: {'silhouette': 0.2837, 'compactness': 0.9065, 'score': 0.3471}, 4: {'silhouette': 0.0631, 'compactness': 0.9102, 'score': 0.1713}, 5: {'silhouette': 0.1553, 'compactness': 0.925, 'score': 0.1551}}
2026-08-20 15:58:11 | DEBUG    | fgvc.clustering.spherical_kmeans |   Init 1/10: inertia=3.132832
2026-08-20 15:58:11 | DEBUG    | fgvc.clustering.spherical_kmeans |   Init 2/10: inertia=2.633697
2026-08-20 15:58:11 | DEBUG    | fgvc.clustering.spherical_kmeans |   Init 3/10: inertia=3.100963
2026-08-20 15:58:11 | DEBUG    | fgvc.clustering.spherical_kmeans |   Init 4/10: inertia=3.026771
2026-08-20 15:58:11 | DEBUG    | fgvc.clustering.spherical_kmeans |   Init 5/10: inertia=2.633697
2026-08-20 15:58:11 | DEBUG    | fgvc.clustering.spherical_kmeans |   Init 6/10: inertia=3.084043
2026-08-20 15:58:11 | DEBUG    | fgvc.clustering.spherical_kmeans |   Init 7/10: inertia=2.804867
2026-08-20 15:58:11 | DEBUG    | fgvc.clustering.spherical_kmeans |   Init 8/10: inertia=3.085849
2026-08-20 15:58:11 | DEBUG    | fgvc.clustering.spherical_kmeans |   Init 9/10: inertia=2.633697
2026-08-20 15:58:11 | DEBUG    | fgvc.clustering.spherical_kmeans |   Init 10/10: inertia=3.139597
2026-08-20 15:58:11 | INFO     | fgvc.clustering.spherical_kmeans |   [Red_headed_Woodpecker] k_selected=2 | k_effective=1 | min_cluster=25 | max_cluster=25
2026-08-20 15:58:11 | INFO     | fgvc.clustering.spherical_kmeans |   [Red_legged_Kittiwake] 25 images
2026-08-20 15:58:11 | DEBUG    | fgvc.clustering.spherical_kmeans |   Init 1/5: inertia=4.102068
2026-08-20 15:58:11 | DEBUG    | fgvc.clustering.spherical_kmeans |   Init 2/5: inertia=4.358456
2026-08-20 15:58:11 | DEBUG    | fgvc.clustering.spherical_kmeans |   Init 3/5: inertia=4.022718
2026-08-20 15:58:11 | DEBUG    | fgvc.clustering.spherical_kmeans |   Init 4/5: inertia=4.367435
2026-08-20 15:58:11 | DEBUG    | fgvc.clustering.spherical_kmeans |   Init 5/5: inertia=4.022243
2026-08-20 15:58:11 | DEBUG    | fgvc.clustering.spherical_kmeans |   Init 1/5: inertia=3.513316
2026-08-20 15:58:11 | DEBUG    | fgvc.clustering.spherical_kmeans |   Init 2/5: inertia=3.856885
2026-08-20 15:58:11 | DEBUG    | fgvc.clustering.spherical_kmeans |   Init 3/5: inertia=3.368311
2026-08-20 15:58:11 | DEBUG    | fgvc.clustering.spherical_kmeans |   Init 4/5: inertia=3.805616
2026-08-20 15:58:11 | DEBUG    | fgvc.clustering.spherical_kmeans |   Init 5/5: inertia=3.534564
2026-08-20 15:58:11 | DEBUG    | fgvc.clustering.spherical_kmeans |   Init 1/5: inertia=3.219054
2026-08-20 15:58:11 | DEBUG    | fgvc.clustering.spherical_kmeans |   Init 2/5: inertia=3.396380
2026-08-20 15:58:11 | DEBUG    | fgvc.clustering.spherical_kmeans |   Init 3/5: inertia=3.272598
2026-08-20 15:58:11 | DEBUG    | fgvc.clustering.spherical_kmeans |   Init 4/5: inertia=3.425016
2026-08-20 15:58:11 | DEBUG    | fgvc.clustering.spherical_kmeans |   Init 5/5: inertia=3.274910
2026-08-20 15:58:11 | DEBUG    | fgvc.clustering.spherical_kmeans |   Init 1/5: inertia=2.981125
2026-08-20 15:58:11 | DEBUG    | fgvc.clustering.spherical_kmeans |   Init 2/5: inertia=2.752163
2026-08-20 15:58:11 | DEBUG    | fgvc.clustering.spherical_kmeans |   Init 3/5: inertia=2.927382
2026-08-20 15:58:11 | DEBUG    | fgvc.clustering.spherical_kmeans |   Init 4/5: inertia=2.965996
2026-08-20 15:58:11 | DEBUG    | fgvc.clustering.spherical_kmeans |   Init 5/5: inertia=3.026718
2026-08-20 15:58:11 | DEBUG    | fgvc.clustering.spherical_kmeans | K selection: best_k=2 | scores={2: {'silhouette': 0.4205, 'compactness': 0.8391, 'score': 0.462}, 3: {'silhouette': 0.2245, 'compactness': 0.8653, 'score': 0.3051}, 4: {'silhouette': 0.1686, 'compactness': 0.8712, 'score': 0.2123}, 5: {'silhouette': 0.1536, 'compactness': 0.8899, 'score': 0.1438}}
2026-08-20 15:58:11 | DEBUG    | fgvc.clustering.spherical_kmeans |   Init 1/10: inertia=4.102068
2026-08-20 15:58:11 | DEBUG    | fgvc.clustering.spherical_kmeans |   Init 2/10: inertia=4.358456
2026-08-20 15:58:11 | DEBUG    | fgvc.clustering.spherical_kmeans |   Init 3/10: inertia=4.022718
2026-08-20 15:58:11 | DEBUG    | fgvc.clustering.spherical_kmeans |   Init 4/10: inertia=4.367435
2026-08-20 15:58:11 | DEBUG    | fgvc.clustering.spherical_kmeans |   Init 5/10: inertia=4.022243
2026-08-20 15:58:11 | DEBUG    | fgvc.clustering.spherical_kmeans |   Init 6/10: inertia=4.140628
2026-08-20 15:58:11 | DEBUG    | fgvc.clustering.spherical_kmeans |   Init 7/10: inertia=4.395535
2026-08-20 15:58:11 | DEBUG    | fgvc.clustering.spherical_kmeans |   Init 8/10: inertia=4.445687
2026-08-20 15:58:11 | DEBUG    | fgvc.clustering.spherical_kmeans |   Init 9/10: inertia=4.358456
2026-08-20 15:58:11 | DEBUG    | fgvc.clustering.spherical_kmeans |   Init 10/10: inertia=4.056876
2026-08-20 15:58:11 | INFO     | fgvc.clustering.spherical_kmeans |   [Red_legged_Kittiwake] k_selected=2 | k_effective=1 | min_cluster=25 | max_cluster=25
2026-08-20 15:58:11 | INFO     | fgvc.clustering.spherical_kmeans |   [Red_winged_Blackbird] 25 images
2026-08-20 15:58:11 | DEBUG    | fgvc.clustering.spherical_kmeans |   Init 1/5: inertia=2.287413
2026-08-20 15:58:11 | DEBUG    | fgvc.clustering.spherical_kmeans |   Init 2/5: inertia=2.282687
2026-08-20 15:58:11 | DEBUG    | fgvc.clustering.spherical_kmeans |   Init 3/5: inertia=2.234353
2026-08-20 15:58:11 | DEBUG    | fgvc.clustering.spherical_kmeans |   Init 4/5: inertia=2.324168
2026-08-20 15:58:11 | DEBUG    | fgvc.clustering.spherical_kmeans |   Init 5/5: inertia=2.246752
2026-08-20 15:58:11 | DEBUG    | fgvc.clustering.spherical_kmeans |   Init 1/5: inertia=2.059406
2026-08-20 15:58:11 | DEBUG    | fgvc.clustering.spherical_kmeans |   Init 2/5: inertia=2.143259
2026-08-20 15:58:11 | DEBUG    | fgvc.clustering.spherical_kmeans |   Init 3/5: inertia=2.095816
2026-08-20 15:58:11 | DEBUG    | fgvc.clustering.spherical_kmeans |   Init 4/5: inertia=2.050874
2026-08-20 15:58:11 | DEBUG    | fgvc.clustering.spherical_kmeans |   Init 5/5: inertia=2.051709
2026-08-20 15:58:11 | DEBUG    | fgvc.clustering.spherical_kmeans |   Init 1/5: inertia=1.900602
2026-08-20 15:58:11 | DEBUG    | fgvc.clustering.spherical_kmeans |   Init 2/5: inertia=1.931289
2026-08-20 15:58:11 | DEBUG    | fgvc.clustering.spherical_kmeans |   Init 3/5: inertia=1.856694
2026-08-20 15:58:11 | DEBUG    | fgvc.clustering.spherical_kmeans |   Init 4/5: inertia=2.000651
2026-08-20 15:58:11 | DEBUG    | fgvc.clustering.spherical_kmeans |   Init 5/5: inertia=2.037437
2026-08-20 15:58:11 | DEBUG    | fgvc.clustering.spherical_kmeans |   Init 1/5: inertia=1.698832
2026-08-20 15:58:11 | DEBUG    | fgvc.clustering.spherical_kmeans |   Init 2/5: inertia=1.800209
2026-08-20 15:58:11 | DEBUG    | fgvc.clustering.spherical_kmeans |   Init 3/5: inertia=1.803558
2026-08-20 15:58:11 | DEBUG    | fgvc.clustering.spherical_kmeans |   Init 4/5: inertia=1.791858
2026-08-20 15:58:11 | DEBUG    | fgvc.clustering.spherical_kmeans |   Init 5/5: inertia=1.883515
2026-08-20 15:58:11 | DEBUG    | fgvc.clustering.spherical_kmeans | K selection: best_k=2 | scores={2: {'silhouette': 0.1965, 'compactness': 0.9106, 'score': 0.3714}, 3: {'silhouette': 0.1138, 'compactness': 0.918, 'score': 0.2656}, 4: {'silhouette': 0.1078, 'compactness': 0.9257, 'score': 0.1983}, 5: {'silhouette': 0.0903, 'compactness': 0.932, 'score': 0.1247}}
2026-08-20 15:58:11 | DEBUG    | fgvc.clustering.spherical_kmeans |   Init 1/10: inertia=2.287413
2026-08-20 15:58:11 | DEBUG    | fgvc.clustering.spherical_kmeans |   Init 2/10: inertia=2.282687
2026-08-20 15:58:11 | DEBUG    | fgvc.clustering.spherical_kmeans |   Init 3/10: inertia=2.234353
2026-08-20 15:58:11 | DEBUG    | fgvc.clustering.spherical_kmeans |   Init 4/10: inertia=2.324168
2026-08-20 15:58:11 | DEBUG    | fgvc.clustering.spherical_kmeans |   Init 5/10: inertia=2.246752
2026-08-20 15:58:11 | DEBUG    | fgvc.clustering.spherical_kmeans |   Init 6/10: inertia=2.234056
2026-08-20 15:58:11 | DEBUG    | fgvc.clustering.spherical_kmeans |   Init 7/10: inertia=2.312447
2026-08-20 15:58:11 | DEBUG    | fgvc.clustering.spherical_kmeans |   Init 8/10: inertia=2.355847
2026-08-20 15:58:11 | DEBUG    | fgvc.clustering.spherical_kmeans |   Init 9/10: inertia=2.360405
2026-08-20 15:58:11 | DEBUG    | fgvc.clustering.spherical_kmeans |   Init 10/10: inertia=2.269181
2026-08-20 15:58:11 | INFO     | fgvc.clustering.spherical_kmeans |   [Red_winged_Blackbird] k_selected=2 | k_effective=1 | min_cluster=25 | max_cluster=25
2026-08-20 15:58:11 | INFO     | fgvc.clustering.spherical_kmeans |   [Rhinoceros_Auklet] 25 images
2026-08-20 15:58:11 | DEBUG    | fgvc.clustering.spherical_kmeans |   Init 1/5: inertia=4.611464
2026-08-20 15:58:11 | DEBUG    | fgvc.clustering.spherical_kmeans |   Init 2/5: inertia=5.458163
2026-08-20 15:58:11 | DEBUG    | fgvc.clustering.spherical_kmeans |   Init 3/5: inertia=4.649659
2026-08-20 15:58:11 | DEBUG    | fgvc.clustering.spherical_kmeans |   Init 4/5: inertia=4.649659
2026-08-20 15:58:11 | DEBUG    | fgvc.clustering.spherical_kmeans |   Init 5/5: inertia=4.626605
2026-08-20 15:58:11 | DEBUG    | fgvc.clustering.spherical_kmeans |   Init 1/5: inertia=4.151618
2026-08-20 15:58:11 | DEBUG    | fgvc.clustering.spherical_kmeans |   Init 2/5: inertia=4.434166
2026-08-20 15:58:11 | DEBUG    | fgvc.clustering.spherical_kmeans |   Init 3/5: inertia=4.174543
2026-08-20 15:58:11 | DEBUG    | fgvc.clustering.spherical_kmeans |   Init 4/5: inertia=4.232586
2026-08-20 15:58:11 | DEBUG    | fgvc.clustering.spherical_kmeans |   Init 5/5: inertia=4.174543
2026-08-20 15:58:11 | DEBUG    | fgvc.clustering.spherical_kmeans |   Init 1/5: inertia=3.853920
2026-08-20 15:58:11 | DEBUG    | fgvc.clustering.spherical_kmeans |   Init 2/5: inertia=4.052988
2026-08-20 15:58:11 | DEBUG    | fgvc.clustering.spherical_kmeans |   Init 3/5: inertia=3.906844
2026-08-20 15:58:11 | DEBUG    | fgvc.clustering.spherical_kmeans |   Init 4/5: inertia=3.978281
2026-08-20 15:58:11 | DEBUG    | fgvc.clustering.spherical_kmeans |   Init 5/5: inertia=3.903255
2026-08-20 15:58:11 | DEBUG    | fgvc.clustering.spherical_kmeans |   Init 1/5: inertia=3.513194
2026-08-20 15:58:11 | DEBUG    | fgvc.clustering.spherical_kmeans |   Init 2/5: inertia=3.616599
2026-08-20 15:58:11 | DEBUG    | fgvc.clustering.spherical_kmeans |   Init 3/5: inertia=3.628411
2026-08-20 15:58:11 | DEBUG    | fgvc.clustering.spherical_kmeans |   Init 4/5: inertia=3.679931
2026-08-20 15:58:11 | DEBUG    | fgvc.clustering.spherical_kmeans |   Init 5/5: inertia=3.614110
2026-08-20 15:58:11 | DEBUG    | fgvc.clustering.spherical_kmeans | K selection: best_k=2 | scores={2: {'silhouette': 0.2662, 'compactness': 0.8155, 'score': 0.3778}, 3: {'silhouette': 0.1757, 'compactness': 0.8339, 'score': 0.2714}, 4: {'silhouette': 0.1401, 'compactness': 0.8458, 'score': 0.1905}, 5: {'silhouette': 0.1338, 'compactness': 0.8595, 'score': 0.1248}}
2026-08-20 15:58:11 | DEBUG    | fgvc.clustering.spherical_kmeans |   Init 1/10: inertia=4.611464
2026-08-20 15:58:11 | DEBUG    | fgvc.clustering.spherical_kmeans |   Init 2/10: inertia=5.458163
2026-08-20 15:58:11 | DEBUG    | fgvc.clustering.spherical_kmeans |   Init 3/10: inertia=4.649659
2026-08-20 15:58:11 | DEBUG    | fgvc.clustering.spherical_kmeans |   Init 4/10: inertia=4.649659
2026-08-20 15:58:11 | DEBUG    | fgvc.clustering.spherical_kmeans |   Init 5/10: inertia=4.626605
2026-08-20 15:58:11 | DEBUG    | fgvc.clustering.spherical_kmeans |   Init 6/10: inertia=5.341724
2026-08-20 15:58:11 | DEBUG    | fgvc.clustering.spherical_kmeans |   Init 7/10: inertia=4.611464
2026-08-20 15:58:11 | DEBUG    | fgvc.clustering.spherical_kmeans |   Init 8/10: inertia=4.787319
2026-08-20 15:58:11 | DEBUG    | fgvc.clustering.spherical_kmeans |   Init 9/10: inertia=5.265647
2026-08-20 15:58:11 | DEBUG    | fgvc.clustering.spherical_kmeans |   Init 10/10: inertia=4.572485
2026-08-20 15:58:11 | INFO     | fgvc.clustering.spherical_kmeans |   [Rhinoceros_Auklet] k_selected=2 | k_effective=2 | min_cluster=10 | max_cluster=15
2026-08-20 15:58:11 | INFO     | fgvc.clustering.spherical_kmeans |   [Ring_billed_Gull] 25 images
2026-08-20 15:58:11 | DEBUG    | fgvc.clustering.spherical_kmeans |   Init 1/5: inertia=3.529915
2026-08-20 15:58:11 | DEBUG    | fgvc.clustering.spherical_kmeans |   Init 2/5: inertia=3.296882
2026-08-20 15:58:11 | DEBUG    | fgvc.clustering.spherical_kmeans |   Init 3/5: inertia=3.344537
2026-08-20 15:58:11 | DEBUG    | fgvc.clustering.spherical_kmeans |   Init 4/5: inertia=3.379254
2026-08-20 15:58:11 | DEBUG    | fgvc.clustering.spherical_kmeans |   Init 5/5: inertia=3.510472
2026-08-20 15:58:11 | DEBUG    | fgvc.clustering.spherical_kmeans |   Init 1/5: inertia=3.251117
2026-08-20 15:58:11 | DEBUG    | fgvc.clustering.spherical_kmeans |   Init 2/5: inertia=3.017565
2026-08-20 15:58:11 | DEBUG    | fgvc.clustering.spherical_kmeans |   Init 3/5: inertia=3.090766
2026-08-20 15:58:11 | DEBUG    | fgvc.clustering.spherical_kmeans |   Init 4/5: inertia=2.923445
2026-08-20 15:58:11 | DEBUG    | fgvc.clustering.spherical_kmeans |   Init 5/5: inertia=3.123241
2026-08-20 15:58:11 | DEBUG    | fgvc.clustering.spherical_kmeans |   Init 1/5: inertia=3.001858
2026-08-20 15:58:11 | DEBUG    | fgvc.clustering.spherical_kmeans |   Init 2/5: inertia=2.693740
2026-08-20 15:58:11 | DEBUG    | fgvc.clustering.spherical_kmeans |   Init 3/5: inertia=2.754295
2026-08-20 15:58:11 | DEBUG    | fgvc.clustering.spherical_kmeans |   Init 4/5: inertia=3.155080
2026-08-20 15:58:11 | DEBUG    | fgvc.clustering.spherical_kmeans |   Init 5/5: inertia=2.745313
2026-08-20 15:58:11 | DEBUG    | fgvc.clustering.spherical_kmeans |   Init 1/5: inertia=2.678308
2026-08-20 15:58:11 | DEBUG    | fgvc.clustering.spherical_kmeans |   Init 2/5: inertia=2.466281
2026-08-20 15:58:11 | DEBUG    | fgvc.clustering.spherical_kmeans |   Init 3/5: inertia=3.143056
2026-08-20 15:58:11 | DEBUG    | fgvc.clustering.spherical_kmeans |   Init 4/5: inertia=2.563535
2026-08-20 15:58:11 | DEBUG    | fgvc.clustering.spherical_kmeans |   Init 5/5: inertia=2.766118
2026-08-20 15:58:11 | DEBUG    | fgvc.clustering.spherical_kmeans | K selection: best_k=2 | scores={2: {'silhouette': 0.3144, 'compactness': 0.8681, 'score': 0.4176}, 3: {'silhouette': 0.1993, 'compactness': 0.8831, 'score': 0.2979}, 4: {'silhouette': 0.1968, 'compactness': 0.8923, 'score': 0.2327}, 5: {'silhouette': 0.1362, 'compactness': 0.9013, 'score': 0.1385}}
2026-08-20 15:58:11 | DEBUG    | fgvc.clustering.spherical_kmeans |   Init 1/10: inertia=3.529915
2026-08-20 15:58:11 | DEBUG    | fgvc.clustering.spherical_kmeans |   Init 2/10: inertia=3.296882
2026-08-20 15:58:11 | DEBUG    | fgvc.clustering.spherical_kmeans |   Init 3/10: inertia=3.344537
2026-08-20 15:58:11 | DEBUG    | fgvc.clustering.spherical_kmeans |   Init 4/10: inertia=3.379254
2026-08-20 15:58:11 | DEBUG    | fgvc.clustering.spherical_kmeans |   Init 5/10: inertia=3.510472
2026-08-20 15:58:11 | DEBUG    | fgvc.clustering.spherical_kmeans |   Init 6/10: inertia=3.372349
2026-08-20 15:58:11 | DEBUG    | fgvc.clustering.spherical_kmeans |   Init 7/10: inertia=3.406984
2026-08-20 15:58:11 | DEBUG    | fgvc.clustering.spherical_kmeans |   Init 8/10: inertia=3.723353
2026-08-20 15:58:11 | DEBUG    | fgvc.clustering.spherical_kmeans |   Init 9/10: inertia=3.447362
2026-08-20 15:58:11 | DEBUG    | fgvc.clustering.spherical_kmeans |   Init 10/10: inertia=3.452422
2026-08-20 15:58:11 | INFO     | fgvc.clustering.spherical_kmeans |   [Ring_billed_Gull] k_selected=2 | k_effective=2 | min_cluster=5 | max_cluster=20
2026-08-20 15:58:11 | INFO     | fgvc.clustering.spherical_kmeans |   [Ringed_Kingfisher] 25 images
2026-08-20 15:58:11 | DEBUG    | fgvc.clustering.spherical_kmeans |   Init 1/5: inertia=3.238750
2026-08-20 15:58:11 | DEBUG    | fgvc.clustering.spherical_kmeans |   Init 2/5: inertia=3.166844
2026-08-20 15:58:11 | DEBUG    | fgvc.clustering.spherical_kmeans |   Init 3/5: inertia=3.316977
2026-08-20 15:58:11 | DEBUG    | fgvc.clustering.spherical_kmeans |   Init 4/5: inertia=3.260799
2026-08-20 15:58:11 | DEBUG    | fgvc.clustering.spherical_kmeans |   Init 5/5: inertia=3.297016
2026-08-20 15:58:11 | DEBUG    | fgvc.clustering.spherical_kmeans |   Init 1/5: inertia=2.947698
2026-08-20 15:58:11 | DEBUG    | fgvc.clustering.spherical_kmeans |   Init 2/5: inertia=2.949982
2026-08-20 15:58:11 | DEBUG    | fgvc.clustering.spherical_kmeans |   Init 3/5: inertia=2.826740
2026-08-20 15:58:11 | DEBUG    | fgvc.clustering.spherical_kmeans |   Init 4/5: inertia=2.842580
2026-08-20 15:58:11 | DEBUG    | fgvc.clustering.spherical_kmeans |   Init 5/5: inertia=3.187229
2026-08-20 15:58:11 | DEBUG    | fgvc.clustering.spherical_kmeans |   Init 1/5: inertia=2.620694
2026-08-20 15:58:11 | DEBUG    | fgvc.clustering.spherical_kmeans |   Init 2/5: inertia=2.624921
2026-08-20 15:58:11 | DEBUG    | fgvc.clustering.spherical_kmeans |   Init 3/5: inertia=2.550520
2026-08-20 15:58:11 | DEBUG    | fgvc.clustering.spherical_kmeans |   Init 4/5: inertia=2.499865
2026-08-20 15:58:11 | DEBUG    | fgvc.clustering.spherical_kmeans |   Init 5/5: inertia=2.830248
2026-08-20 15:58:11 | DEBUG    | fgvc.clustering.spherical_kmeans |   Init 1/5: inertia=2.471237
2026-08-20 15:58:11 | DEBUG    | fgvc.clustering.spherical_kmeans |   Init 2/5: inertia=2.428791
2026-08-20 15:58:11 | DEBUG    | fgvc.clustering.spherical_kmeans |   Init 3/5: inertia=2.229093
2026-08-20 15:58:11 | DEBUG    | fgvc.clustering.spherical_kmeans |   Init 4/5: inertia=2.706100
2026-08-20 15:58:11 | DEBUG    | fgvc.clustering.spherical_kmeans |   Init 5/5: inertia=2.267640
2026-08-20 15:58:11 | DEBUG    | fgvc.clustering.spherical_kmeans | K selection: best_k=2 | scores={2: {'silhouette': 0.3254, 'compactness': 0.8733, 'score': 0.4247}, 3: {'silhouette': 0.3061, 'compactness': 0.8869, 'score': 0.3524}, 4: {'silhouette': 0.246, 'compactness': 0.9, 'score': 0.2597}, 5: {'silhouette': 0.2989, 'compactness': 0.9108, 'score': 0.2227}}
2026-08-20 15:58:11 | DEBUG    | fgvc.clustering.spherical_kmeans |   Init 1/10: inertia=3.238750
2026-08-20 15:58:11 | DEBUG    | fgvc.clustering.spherical_kmeans |   Init 2/10: inertia=3.166844
2026-08-20 15:58:11 | DEBUG    | fgvc.clustering.spherical_kmeans |   Init 3/10: inertia=3.316977
2026-08-20 15:58:11 | DEBUG    | fgvc.clustering.spherical_kmeans |   Init 4/10: inertia=3.260799
2026-08-20 15:58:11 | DEBUG    | fgvc.clustering.spherical_kmeans |   Init 5/10: inertia=3.297016
2026-08-20 15:58:11 | DEBUG    | fgvc.clustering.spherical_kmeans |   Init 6/10: inertia=3.228711
2026-08-20 15:58:11 | DEBUG    | fgvc.clustering.spherical_kmeans |   Init 7/10: inertia=3.314647
2026-08-20 15:58:11 | DEBUG    | fgvc.clustering.spherical_kmeans |   Init 8/10: inertia=3.424191
2026-08-20 15:58:11 | DEBUG    | fgvc.clustering.spherical_kmeans |   Init 9/10: inertia=3.525785
2026-08-20 15:58:11 | DEBUG    | fgvc.clustering.spherical_kmeans |   Init 10/10: inertia=3.529365
2026-08-20 15:58:11 | INFO     | fgvc.clustering.spherical_kmeans |   [Ringed_Kingfisher] k_selected=2 | k_effective=2 | min_cluster=5 | max_cluster=20
2026-08-20 15:58:11 | INFO     | fgvc.clustering.spherical_kmeans |   [Rock_Wren] 25 images
2026-08-20 15:58:11 | DEBUG    | fgvc.clustering.spherical_kmeans |   Init 1/5: inertia=3.623963
2026-08-20 15:58:11 | DEBUG    | fgvc.clustering.spherical_kmeans |   Init 2/5: inertia=3.483748
2026-08-20 15:58:11 | DEBUG    | fgvc.clustering.spherical_kmeans |   Init 3/5: inertia=3.657509
2026-08-20 15:58:11 | DEBUG    | fgvc.clustering.spherical_kmeans |   Init 4/5: inertia=3.562809
2026-08-20 15:58:11 | DEBUG    | fgvc.clustering.spherical_kmeans |   Init 5/5: inertia=3.561019
2026-08-20 15:58:11 | DEBUG    | fgvc.clustering.spherical_kmeans |   Init 1/5: inertia=3.251194
2026-08-20 15:58:11 | DEBUG    | fgvc.clustering.spherical_kmeans |   Init 2/5: inertia=3.309424
2026-08-20 15:58:11 | DEBUG    | fgvc.clustering.spherical_kmeans |   Init 3/5: inertia=3.304260
2026-08-20 15:58:11 | DEBUG    | fgvc.clustering.spherical_kmeans |   Init 4/5: inertia=3.557241
2026-08-20 15:58:11 | DEBUG    | fgvc.clustering.spherical_kmeans |   Init 5/5: inertia=3.348808
2026-08-20 15:58:11 | DEBUG    | fgvc.clustering.spherical_kmeans |   Init 1/5: inertia=3.080385
2026-08-20 15:58:11 | DEBUG    | fgvc.clustering.spherical_kmeans |   Init 2/5: inertia=3.179886
2026-08-20 15:58:11 | DEBUG    | fgvc.clustering.spherical_kmeans |   Init 3/5: inertia=3.209434
2026-08-20 15:58:11 | DEBUG    | fgvc.clustering.spherical_kmeans |   Init 4/5: inertia=3.006863
2026-08-20 15:58:11 | DEBUG    | fgvc.clustering.spherical_kmeans |   Init 5/5: inertia=3.289418
2026-08-20 15:58:11 | DEBUG    | fgvc.clustering.spherical_kmeans |   Init 1/5: inertia=2.942377
2026-08-20 15:58:11 | DEBUG    | fgvc.clustering.spherical_kmeans |   Init 2/5: inertia=2.954509
2026-08-20 15:58:11 | DEBUG    | fgvc.clustering.spherical_kmeans |   Init 3/5: inertia=2.796944
2026-08-20 15:58:11 | DEBUG    | fgvc.clustering.spherical_kmeans |   Init 4/5: inertia=2.807568
2026-08-20 15:58:11 | DEBUG    | fgvc.clustering.spherical_kmeans |   Init 5/5: inertia=3.035606
2026-08-20 15:58:11 | DEBUG    | fgvc.clustering.spherical_kmeans | K selection: best_k=2 | scores={2: {'silhouette': 0.1498, 'compactness': 0.8607, 'score': 0.3331}, 3: {'silhouette': 0.0978, 'compactness': 0.87, 'score': 0.2432}, 4: {'silhouette': 0.141, 'compactness': 0.8797, 'score': 0.2011}, 5: {'silhouette': 0.047, 'compactness': 0.8881, 'score': 0.0899}}
2026-08-20 15:58:11 | DEBUG    | fgvc.clustering.spherical_kmeans |   Init 1/10: inertia=3.623963
2026-08-20 15:58:11 | DEBUG    | fgvc.clustering.spherical_kmeans |   Init 2/10: inertia=3.483748
2026-08-20 15:58:11 | DEBUG    | fgvc.clustering.spherical_kmeans |   Init 3/10: inertia=3.657509
2026-08-20 15:58:11 | DEBUG    | fgvc.clustering.spherical_kmeans |   Init 4/10: inertia=3.562809
2026-08-20 15:58:11 | DEBUG    | fgvc.clustering.spherical_kmeans |   Init 5/10: inertia=3.561019
2026-08-20 15:58:11 | DEBUG    | fgvc.clustering.spherical_kmeans |   Init 6/10: inertia=3.673630
2026-08-20 15:58:11 | DEBUG    | fgvc.clustering.spherical_kmeans |   Init 7/10: inertia=3.474897
2026-08-20 15:58:11 | DEBUG    | fgvc.clustering.spherical_kmeans |   Init 8/10: inertia=3.673630
2026-08-20 15:58:11 | DEBUG    | fgvc.clustering.spherical_kmeans |   Init 9/10: inertia=3.531909
2026-08-20 15:58:11 | DEBUG    | fgvc.clustering.spherical_kmeans |   Init 10/10: inertia=3.793825
2026-08-20 15:58:11 | INFO     | fgvc.clustering.spherical_kmeans |   [Rock_Wren] k_selected=2 | k_effective=2 | min_cluster=10 | max_cluster=15
2026-08-20 15:58:11 | INFO     | fgvc.clustering.spherical_kmeans |   [Rose_breasted_Grosbeak] 25 images
2026-08-20 15:58:11 | DEBUG    | fgvc.clustering.spherical_kmeans |   Init 1/5: inertia=2.356800
2026-08-20 15:58:11 | DEBUG    | fgvc.clustering.spherical_kmeans |   Init 2/5: inertia=2.371369
2026-08-20 15:58:11 | DEBUG    | fgvc.clustering.spherical_kmeans |   Init 3/5: inertia=2.376858
2026-08-20 15:58:11 | DEBUG    | fgvc.clustering.spherical_kmeans |   Init 4/5: inertia=2.200499
2026-08-20 15:58:11 | DEBUG    | fgvc.clustering.spherical_kmeans |   Init 5/5: inertia=2.446839
2026-08-20 15:58:11 | DEBUG    | fgvc.clustering.spherical_kmeans |   Init 1/5: inertia=2.015528
2026-08-20 15:58:11 | DEBUG    | fgvc.clustering.spherical_kmeans |   Init 2/5: inertia=2.030555
2026-08-20 15:58:11 | DEBUG    | fgvc.clustering.spherical_kmeans |   Init 3/5: inertia=2.099517
2026-08-20 15:58:11 | DEBUG    | fgvc.clustering.spherical_kmeans |   Init 4/5: inertia=2.185113
2026-08-20 15:58:11 | DEBUG    | fgvc.clustering.spherical_kmeans |   Init 5/5: inertia=2.123707
2026-08-20 15:58:11 | DEBUG    | fgvc.clustering.spherical_kmeans |   Init 1/5: inertia=1.753926
2026-08-20 15:58:11 | DEBUG    | fgvc.clustering.spherical_kmeans |   Init 2/5: inertia=1.782506
2026-08-20 15:58:11 | DEBUG    | fgvc.clustering.spherical_kmeans |   Init 3/5: inertia=1.759197
2026-08-20 15:58:11 | DEBUG    | fgvc.clustering.spherical_kmeans |   Init 4/5: inertia=2.024366
2026-08-20 15:58:11 | DEBUG    | fgvc.clustering.spherical_kmeans |   Init 5/5: inertia=2.168576
2026-08-20 15:58:11 | DEBUG    | fgvc.clustering.spherical_kmeans |   Init 1/5: inertia=1.722438
2026-08-20 15:58:11 | DEBUG    | fgvc.clustering.spherical_kmeans |   Init 2/5: inertia=1.661256
2026-08-20 15:58:11 | DEBUG    | fgvc.clustering.spherical_kmeans |   Init 3/5: inertia=1.612504
2026-08-20 15:58:11 | DEBUG    | fgvc.clustering.spherical_kmeans |   Init 4/5: inertia=2.006318
2026-08-20 15:58:11 | DEBUG    | fgvc.clustering.spherical_kmeans |   Init 5/5: inertia=1.912868
2026-08-20 15:58:11 | DEBUG    | fgvc.clustering.spherical_kmeans | K selection: best_k=2 | scores={2: {'silhouette': 0.5536, 'compactness': 0.912, 'score': 0.5504}, 3: {'silhouette': 0.235, 'compactness': 0.9194, 'score': 0.3266}, 4: {'silhouette': 0.2029, 'compactness': 0.9298, 'score': 0.2471}, 5: {'silhouette': 0.1559, 'compactness': 0.9355, 'score': 0.1586}}
2026-08-20 15:58:11 | DEBUG    | fgvc.clustering.spherical_kmeans |   Init 1/10: inertia=2.356800
2026-08-20 15:58:11 | DEBUG    | fgvc.clustering.spherical_kmeans |   Init 2/10: inertia=2.371369
2026-08-20 15:58:11 | DEBUG    | fgvc.clustering.spherical_kmeans |   Init 3/10: inertia=2.376858
2026-08-20 15:58:11 | DEBUG    | fgvc.clustering.spherical_kmeans |   Init 4/10: inertia=2.200499
2026-08-20 15:58:11 | DEBUG    | fgvc.clustering.spherical_kmeans |   Init 5/10: inertia=2.446839
2026-08-20 15:58:11 | DEBUG    | fgvc.clustering.spherical_kmeans |   Init 6/10: inertia=2.351779
2026-08-20 15:58:11 | DEBUG    | fgvc.clustering.spherical_kmeans |   Init 7/10: inertia=2.180087
2026-08-20 15:58:11 | DEBUG    | fgvc.clustering.spherical_kmeans |   Init 8/10: inertia=2.275416
2026-08-20 15:58:11 | DEBUG    | fgvc.clustering.spherical_kmeans |   Init 9/10: inertia=2.315360
2026-08-20 15:58:11 | DEBUG    | fgvc.clustering.spherical_kmeans |   Init 10/10: inertia=2.306920
2026-08-20 15:58:11 | INFO     | fgvc.clustering.spherical_kmeans |   [Rose_breasted_Grosbeak] k_selected=2 | k_effective=1 | min_cluster=25 | max_cluster=25
2026-08-20 15:58:11 | INFO     | fgvc.clustering.spherical_kmeans |   [Ruby_throated_Hummingbird] 25 images
2026-08-20 15:58:11 | DEBUG    | fgvc.clustering.spherical_kmeans |   Init 1/5: inertia=2.915543
2026-08-20 15:58:11 | DEBUG    | fgvc.clustering.spherical_kmeans |   Init 2/5: inertia=2.876116
2026-08-20 15:58:11 | DEBUG    | fgvc.clustering.spherical_kmeans |   Init 3/5: inertia=2.866301
2026-08-20 15:58:11 | DEBUG    | fgvc.clustering.spherical_kmeans |   Init 4/5: inertia=2.864591
2026-08-20 15:58:11 | DEBUG    | fgvc.clustering.spherical_kmeans |   Init 5/5: inertia=2.956664
2026-08-20 15:58:11 | DEBUG    | fgvc.clustering.spherical_kmeans |   Init 1/5: inertia=2.774928
2026-08-20 15:58:11 | DEBUG    | fgvc.clustering.spherical_kmeans |   Init 2/5: inertia=2.580020
2026-08-20 15:58:11 | DEBUG    | fgvc.clustering.spherical_kmeans |   Init 3/5: inertia=2.714835
2026-08-20 15:58:11 | DEBUG    | fgvc.clustering.spherical_kmeans |   Init 4/5: inertia=2.430466
2026-08-20 15:58:11 | DEBUG    | fgvc.clustering.spherical_kmeans |   Init 5/5: inertia=2.542456
2026-08-20 15:58:11 | DEBUG    | fgvc.clustering.spherical_kmeans |   Init 1/5: inertia=2.515298
2026-08-20 15:58:11 | DEBUG    | fgvc.clustering.spherical_kmeans |   Init 2/5: inertia=2.519218
2026-08-20 15:58:11 | DEBUG    | fgvc.clustering.spherical_kmeans |   Init 3/5: inertia=2.258830
2026-08-20 15:58:11 | DEBUG    | fgvc.clustering.spherical_kmeans |   Init 4/5: inertia=2.213589
2026-08-20 15:58:11 | DEBUG    | fgvc.clustering.spherical_kmeans |   Init 5/5: inertia=2.313063
2026-08-20 15:58:11 | DEBUG    | fgvc.clustering.spherical_kmeans |   Init 1/5: inertia=2.336329
2026-08-20 15:58:11 | DEBUG    | fgvc.clustering.spherical_kmeans |   Init 2/5: inertia=2.162533
2026-08-20 15:58:11 | DEBUG    | fgvc.clustering.spherical_kmeans |   Init 3/5: inertia=2.087960
2026-08-20 15:58:11 | DEBUG    | fgvc.clustering.spherical_kmeans |   Init 4/5: inertia=2.159877
2026-08-20 15:58:11 | DEBUG    | fgvc.clustering.spherical_kmeans |   Init 5/5: inertia=1.893212
2026-08-20 15:58:11 | DEBUG    | fgvc.clustering.spherical_kmeans | K selection: best_k=2 | scores={2: {'silhouette': 0.1724, 'compactness': 0.8854, 'score': 0.3518}, 3: {'silhouette': 0.2124, 'compactness': 0.9028, 'score': 0.3104}, 4: {'silhouette': 0.1968, 'compactness': 0.9115, 'score': 0.2385}, 5: {'silhouette': 0.2198, 'compactness': 0.9243, 'score': 0.1872}}
2026-08-20 15:58:11 | DEBUG    | fgvc.clustering.spherical_kmeans |   Init 1/10: inertia=2.915543
2026-08-20 15:58:11 | DEBUG    | fgvc.clustering.spherical_kmeans |   Init 2/10: inertia=2.876116
2026-08-20 15:58:11 | DEBUG    | fgvc.clustering.spherical_kmeans |   Init 3/10: inertia=2.866301
2026-08-20 15:58:11 | DEBUG    | fgvc.clustering.spherical_kmeans |   Init 4/10: inertia=2.864591
2026-08-20 15:58:11 | DEBUG    | fgvc.clustering.spherical_kmeans |   Init 5/10: inertia=2.956664
2026-08-20 15:58:11 | DEBUG    | fgvc.clustering.spherical_kmeans |   Init 6/10: inertia=2.864591
2026-08-20 15:58:11 | DEBUG    | fgvc.clustering.spherical_kmeans |   Init 7/10: inertia=2.801664
2026-08-20 15:58:11 | DEBUG    | fgvc.clustering.spherical_kmeans |   Init 8/10: inertia=2.924499
2026-08-20 15:58:11 | DEBUG    | fgvc.clustering.spherical_kmeans |   Init 9/10: inertia=3.018110
2026-08-20 15:58:11 | DEBUG    | fgvc.clustering.spherical_kmeans |   Init 10/10: inertia=2.932167
2026-08-20 15:58:11 | INFO     | fgvc.clustering.spherical_kmeans |   [Ruby_throated_Hummingbird] k_selected=2 | k_effective=1 | min_cluster=25 | max_cluster=25
2026-08-20 15:58:11 | INFO     | fgvc.clustering.spherical_kmeans |   [Rufous_Hummingbird] 25 images
2026-08-20 15:58:11 | DEBUG    | fgvc.clustering.spherical_kmeans |   Init 1/5: inertia=3.066808
2026-08-20 15:58:11 | DEBUG    | fgvc.clustering.spherical_kmeans |   Init 2/5: inertia=3.022453
2026-08-20 15:58:11 | DEBUG    | fgvc.clustering.spherical_kmeans |   Init 3/5: inertia=3.094224
2026-08-20 15:58:11 | DEBUG    | fgvc.clustering.spherical_kmeans |   Init 4/5: inertia=3.034879
2026-08-20 15:58:11 | DEBUG    | fgvc.clustering.spherical_kmeans |   Init 5/5: inertia=3.066249
2026-08-20 15:58:11 | DEBUG    | fgvc.clustering.spherical_kmeans |   Init 1/5: inertia=2.598118
2026-08-20 15:58:11 | DEBUG    | fgvc.clustering.spherical_kmeans |   Init 2/5: inertia=2.819760
2026-08-20 15:58:11 | DEBUG    | fgvc.clustering.spherical_kmeans |   Init 3/5: inertia=2.679269
2026-08-20 15:58:11 | DEBUG    | fgvc.clustering.spherical_kmeans |   Init 4/5: inertia=2.658823
2026-08-20 15:58:11 | DEBUG    | fgvc.clustering.spherical_kmeans |   Init 5/5: inertia=2.729599
2026-08-20 15:58:11 | DEBUG    | fgvc.clustering.spherical_kmeans |   Init 1/5: inertia=2.393725
2026-08-20 15:58:11 | DEBUG    | fgvc.clustering.spherical_kmeans |   Init 2/5: inertia=2.337751
2026-08-20 15:58:11 | DEBUG    | fgvc.clustering.spherical_kmeans |   Init 3/5: inertia=2.400486
2026-08-20 15:58:11 | DEBUG    | fgvc.clustering.spherical_kmeans |   Init 4/5: inertia=2.428283
2026-08-20 15:58:11 | DEBUG    | fgvc.clustering.spherical_kmeans |   Init 5/5: inertia=2.611800
2026-08-20 15:58:11 | DEBUG    | fgvc.clustering.spherical_kmeans |   Init 1/5: inertia=2.285704
2026-08-20 15:58:11 | DEBUG    | fgvc.clustering.spherical_kmeans |   Init 2/5: inertia=2.163753
2026-08-20 15:58:11 | DEBUG    | fgvc.clustering.spherical_kmeans |   Init 3/5: inertia=2.083908
2026-08-20 15:58:11 | DEBUG    | fgvc.clustering.spherical_kmeans |   Init 4/5: inertia=2.519888
2026-08-20 15:58:11 | DEBUG    | fgvc.clustering.spherical_kmeans |   Init 5/5: inertia=2.239494
2026-08-20 15:58:11 | DEBUG    | fgvc.clustering.spherical_kmeans | K selection: best_k=2 | scores={2: {'silhouette': 0.1416, 'compactness': 0.8791, 'score': 0.3345}, 3: {'silhouette': 0.1814, 'compactness': 0.8961, 'score': 0.2928}, 4: {'silhouette': 0.1497, 'compactness': 0.9065, 'score': 0.2135}, 5: {'silhouette': 0.1608, 'compactness': 0.9166, 'score': 0.1554}}
2026-08-20 15:58:11 | DEBUG    | fgvc.clustering.spherical_kmeans |   Init 1/10: inertia=3.066808
2026-08-20 15:58:11 | DEBUG    | fgvc.clustering.spherical_kmeans |   Init 2/10: inertia=3.022453
2026-08-20 15:58:11 | DEBUG    | fgvc.clustering.spherical_kmeans |   Init 3/10: inertia=3.094224
2026-08-20 15:58:11 | DEBUG    | fgvc.clustering.spherical_kmeans |   Init 4/10: inertia=3.034879
2026-08-20 15:58:11 | DEBUG    | fgvc.clustering.spherical_kmeans |   Init 5/10: inertia=3.066249
2026-08-20 15:58:11 | DEBUG    | fgvc.clustering.spherical_kmeans |   Init 6/10: inertia=3.012604
2026-08-20 15:58:11 | DEBUG    | fgvc.clustering.spherical_kmeans |   Init 7/10: inertia=2.868278
2026-08-20 15:58:11 | DEBUG    | fgvc.clustering.spherical_kmeans |   Init 8/10: inertia=2.868278
2026-08-20 15:58:11 | DEBUG    | fgvc.clustering.spherical_kmeans |   Init 9/10: inertia=3.052139
2026-08-20 15:58:11 | DEBUG    | fgvc.clustering.spherical_kmeans |   Init 10/10: inertia=2.969297
2026-08-20 15:58:11 | INFO     | fgvc.clustering.spherical_kmeans |   [Rufous_Hummingbird] k_selected=2 | k_effective=2 | min_cluster=11 | max_cluster=14
2026-08-20 15:58:11 | INFO     | fgvc.clustering.spherical_kmeans |   [Rusty_Blackbird] 25 images
2026-08-20 15:58:11 | DEBUG    | fgvc.clustering.spherical_kmeans |   Init 1/5: inertia=4.901767
2026-08-20 15:58:11 | DEBUG    | fgvc.clustering.spherical_kmeans |   Init 2/5: inertia=5.055397
2026-08-20 15:58:11 | DEBUG    | fgvc.clustering.spherical_kmeans |   Init 3/5: inertia=4.901767
2026-08-20 15:58:11 | DEBUG    | fgvc.clustering.spherical_kmeans |   Init 4/5: inertia=4.983254
2026-08-20 15:58:11 | DEBUG    | fgvc.clustering.spherical_kmeans |   Init 5/5: inertia=5.091983
2026-08-20 15:58:11 | DEBUG    | fgvc.clustering.spherical_kmeans |   Init 1/5: inertia=4.423090
2026-08-20 15:58:11 | DEBUG    | fgvc.clustering.spherical_kmeans |   Init 2/5: inertia=4.476336
2026-08-20 15:58:11 | DEBUG    | fgvc.clustering.spherical_kmeans |   Init 3/5: inertia=4.492194
2026-08-20 15:58:11 | DEBUG    | fgvc.clustering.spherical_kmeans |   Init 4/5: inertia=4.517805
2026-08-20 15:58:11 | DEBUG    | fgvc.clustering.spherical_kmeans |   Init 5/5: inertia=4.908304
2026-08-20 15:58:11 | DEBUG    | fgvc.clustering.spherical_kmeans |   Init 1/5: inertia=4.178840
2026-08-20 15:58:11 | DEBUG    | fgvc.clustering.spherical_kmeans |   Init 2/5: inertia=4.287892
2026-08-20 15:58:11 | DEBUG    | fgvc.clustering.spherical_kmeans |   Init 3/5: inertia=4.400206
2026-08-20 15:58:11 | DEBUG    | fgvc.clustering.spherical_kmeans |   Init 4/5: inertia=4.194255
2026-08-20 15:58:11 | DEBUG    | fgvc.clustering.spherical_kmeans |   Init 5/5: inertia=4.512943
2026-08-20 15:58:11 | DEBUG    | fgvc.clustering.spherical_kmeans |   Init 1/5: inertia=3.897817
2026-08-20 15:58:11 | DEBUG    | fgvc.clustering.spherical_kmeans |   Init 2/5: inertia=3.972333
2026-08-20 15:58:11 | DEBUG    | fgvc.clustering.spherical_kmeans |   Init 3/5: inertia=3.849315
2026-08-20 15:58:11 | DEBUG    | fgvc.clustering.spherical_kmeans |   Init 4/5: inertia=3.900011
2026-08-20 15:58:11 | DEBUG    | fgvc.clustering.spherical_kmeans |   Init 5/5: inertia=3.887480
2026-08-20 15:58:11 | DEBUG    | fgvc.clustering.spherical_kmeans | K selection: best_k=2 | scores={2: {'silhouette': 0.1857, 'compactness': 0.8039, 'score': 0.334}, 3: {'silhouette': 0.1535, 'compactness': 0.8231, 'score': 0.257}, 4: {'silhouette': 0.0784, 'compactness': 0.8328, 'score': 0.1557}, 5: {'silhouette': 0.0732, 'compactness': 0.846, 'score': 0.0904}}
2026-08-20 15:58:11 | DEBUG    | fgvc.clustering.spherical_kmeans |   Init 1/10: inertia=4.901767
2026-08-20 15:58:11 | DEBUG    | fgvc.clustering.spherical_kmeans |   Init 2/10: inertia=5.055397
2026-08-20 15:58:11 | DEBUG    | fgvc.clustering.spherical_kmeans |   Init 3/10: inertia=4.901767
2026-08-20 15:58:11 | DEBUG    | fgvc.clustering.spherical_kmeans |   Init 4/10: inertia=4.983254
2026-08-20 15:58:11 | DEBUG    | fgvc.clustering.spherical_kmeans |   Init 5/10: inertia=5.091983
2026-08-20 15:58:11 | DEBUG    | fgvc.clustering.spherical_kmeans |   Init 6/10: inertia=4.951034
2026-08-20 15:58:11 | DEBUG    | fgvc.clustering.spherical_kmeans |   Init 7/10: inertia=5.063813
2026-08-20 15:58:11 | DEBUG    | fgvc.clustering.spherical_kmeans |   Init 8/10: inertia=5.313306
2026-08-20 15:58:11 | DEBUG    | fgvc.clustering.spherical_kmeans |   Init 9/10: inertia=4.901767
2026-08-20 15:58:11 | DEBUG    | fgvc.clustering.spherical_kmeans |   Init 10/10: inertia=5.369438
2026-08-20 15:58:11 | INFO     | fgvc.clustering.spherical_kmeans |   [Rusty_Blackbird] k_selected=2 | k_effective=2 | min_cluster=12 | max_cluster=13
2026-08-20 15:58:11 | INFO     | fgvc.clustering.spherical_kmeans |   [Sage_Thrasher] 25 images
2026-08-20 15:58:11 | DEBUG    | fgvc.clustering.spherical_kmeans |   Init 1/5: inertia=4.493227
2026-08-20 15:58:11 | DEBUG    | fgvc.clustering.spherical_kmeans |   Init 2/5: inertia=3.970720
2026-08-20 15:58:11 | DEBUG    | fgvc.clustering.spherical_kmeans |   Init 3/5: inertia=3.936899
2026-08-20 15:58:11 | DEBUG    | fgvc.clustering.spherical_kmeans |   Init 4/5: inertia=4.099183
2026-08-20 15:58:11 | DEBUG    | fgvc.clustering.spherical_kmeans |   Init 5/5: inertia=3.970720
2026-08-20 15:58:11 | DEBUG    | fgvc.clustering.spherical_kmeans |   Init 1/5: inertia=3.672394
2026-08-20 15:58:11 | DEBUG    | fgvc.clustering.spherical_kmeans |   Init 2/5: inertia=3.522177
2026-08-20 15:58:11 | DEBUG    | fgvc.clustering.spherical_kmeans |   Init 3/5: inertia=3.572127
2026-08-20 15:58:11 | DEBUG    | fgvc.clustering.spherical_kmeans |   Init 4/5: inertia=3.632549
2026-08-20 15:58:11 | DEBUG    | fgvc.clustering.spherical_kmeans |   Init 5/5: inertia=3.891995
2026-08-20 15:58:11 | DEBUG    | fgvc.clustering.spherical_kmeans |   Init 1/5: inertia=3.396727
2026-08-20 15:58:11 | DEBUG    | fgvc.clustering.spherical_kmeans |   Init 2/5: inertia=3.204975
2026-08-20 15:58:11 | DEBUG    | fgvc.clustering.spherical_kmeans |   Init 3/5: inertia=3.635541
2026-08-20 15:58:11 | DEBUG    | fgvc.clustering.spherical_kmeans |   Init 4/5: inertia=3.307100
2026-08-20 15:58:11 | DEBUG    | fgvc.clustering.spherical_kmeans |   Init 5/5: inertia=3.311228
2026-08-20 15:58:11 | DEBUG    | fgvc.clustering.spherical_kmeans |   Init 1/5: inertia=2.946608
2026-08-20 15:58:11 | DEBUG    | fgvc.clustering.spherical_kmeans |   Init 2/5: inertia=3.008588
2026-08-20 15:58:11 | DEBUG    | fgvc.clustering.spherical_kmeans |   Init 3/5: inertia=2.882586
2026-08-20 15:58:11 | DEBUG    | fgvc.clustering.spherical_kmeans |   Init 4/5: inertia=3.354377
2026-08-20 15:58:11 | DEBUG    | fgvc.clustering.spherical_kmeans |   Init 5/5: inertia=3.127105
2026-08-20 15:58:11 | DEBUG    | fgvc.clustering.spherical_kmeans | K selection: best_k=2 | scores={2: {'silhouette': 0.5307, 'compactness': 0.8425, 'score': 0.5181}, 3: {'silhouette': 0.114, 'compactness': 0.8591, 'score': 0.2481}, 4: {'silhouette': 0.0738, 'compactness': 0.8718, 'score': 0.1651}, 5: {'silhouette': 0.0967, 'compactness': 0.8847, 'score': 0.1138}}
2026-08-20 15:58:11 | DEBUG    | fgvc.clustering.spherical_kmeans |   Init 1/10: inertia=4.493227
2026-08-20 15:58:11 | DEBUG    | fgvc.clustering.spherical_kmeans |   Init 2/10: inertia=3.970720
2026-08-20 15:58:11 | DEBUG    | fgvc.clustering.spherical_kmeans |   Init 3/10: inertia=3.936899
2026-08-20 15:58:11 | DEBUG    | fgvc.clustering.spherical_kmeans |   Init 4/10: inertia=4.099183
2026-08-20 15:58:11 | DEBUG    | fgvc.clustering.spherical_kmeans |   Init 5/10: inertia=3.970720
2026-08-20 15:58:11 | DEBUG    | fgvc.clustering.spherical_kmeans |   Init 6/10: inertia=4.262469
2026-08-20 15:58:11 | DEBUG    | fgvc.clustering.spherical_kmeans |   Init 7/10: inertia=3.970720
2026-08-20 15:58:11 | DEBUG    | fgvc.clustering.spherical_kmeans |   Init 8/10: inertia=4.396656
2026-08-20 15:58:11 | DEBUG    | fgvc.clustering.spherical_kmeans |   Init 9/10: inertia=3.970720
2026-08-20 15:58:11 | DEBUG    | fgvc.clustering.spherical_kmeans |   Init 10/10: inertia=4.423810
2026-08-20 15:58:11 | INFO     | fgvc.clustering.spherical_kmeans |   [Sage_Thrasher] k_selected=2 | k_effective=1 | min_cluster=25 | max_cluster=25
2026-08-20 15:58:11 | INFO     | fgvc.clustering.spherical_kmeans |   [Savannah_Sparrow] 25 images
2026-08-20 15:58:11 | DEBUG    | fgvc.clustering.spherical_kmeans |   Init 1/5: inertia=3.892130
2026-08-20 15:58:11 | DEBUG    | fgvc.clustering.spherical_kmeans |   Init 2/5: inertia=3.742935
2026-08-20 15:58:11 | DEBUG    | fgvc.clustering.spherical_kmeans |   Init 3/5: inertia=3.792257
2026-08-20 15:58:11 | DEBUG    | fgvc.clustering.spherical_kmeans |   Init 4/5: inertia=3.737981
2026-08-20 15:58:11 | DEBUG    | fgvc.clustering.spherical_kmeans |   Init 5/5: inertia=3.811159
2026-08-20 15:58:11 | DEBUG    | fgvc.clustering.spherical_kmeans |   Init 1/5: inertia=3.397303
2026-08-20 15:58:11 | DEBUG    | fgvc.clustering.spherical_kmeans |   Init 2/5: inertia=3.430340
2026-08-20 15:58:11 | DEBUG    | fgvc.clustering.spherical_kmeans |   Init 3/5: inertia=3.673486
2026-08-20 15:58:11 | DEBUG    | fgvc.clustering.spherical_kmeans |   Init 4/5: inertia=3.635555
2026-08-20 15:58:11 | DEBUG    | fgvc.clustering.spherical_kmeans |   Init 5/5: inertia=3.645788
2026-08-20 15:58:11 | DEBUG    | fgvc.clustering.spherical_kmeans |   Init 1/5: inertia=3.129116
2026-08-20 15:58:11 | DEBUG    | fgvc.clustering.spherical_kmeans |   Init 2/5: inertia=3.255533
2026-08-20 15:58:11 | DEBUG    | fgvc.clustering.spherical_kmeans |   Init 3/5: inertia=3.492928
2026-08-20 15:58:11 | DEBUG    | fgvc.clustering.spherical_kmeans |   Init 4/5: inertia=3.544789
2026-08-20 15:58:11 | DEBUG    | fgvc.clustering.spherical_kmeans |   Init 5/5: inertia=3.164631
2026-08-20 15:58:11 | DEBUG    | fgvc.clustering.spherical_kmeans |   Init 1/5: inertia=3.007605
2026-08-20 15:58:11 | DEBUG    | fgvc.clustering.spherical_kmeans |   Init 2/5: inertia=3.042395
2026-08-20 15:58:11 | DEBUG    | fgvc.clustering.spherical_kmeans |   Init 3/5: inertia=2.989212
2026-08-20 15:58:11 | DEBUG    | fgvc.clustering.spherical_kmeans |   Init 4/5: inertia=3.159935
2026-08-20 15:58:11 | DEBUG    | fgvc.clustering.spherical_kmeans |   Init 5/5: inertia=2.988035
2026-08-20 15:58:11 | DEBUG    | fgvc.clustering.spherical_kmeans | K selection: best_k=2 | scores={2: {'silhouette': 0.1867, 'compactness': 0.8505, 'score': 0.3485}, 3: {'silhouette': 0.2091, 'compactness': 0.8641, 'score': 0.2971}, 4: {'silhouette': 0.0622, 'compactness': 0.8748, 'score': 0.1602}, 5: {'silhouette': 0.031, 'compactness': 0.8805, 'score': 0.0796}}
2026-08-20 15:58:11 | DEBUG    | fgvc.clustering.spherical_kmeans |   Init 1/10: inertia=3.892130
2026-08-20 15:58:11 | DEBUG    | fgvc.clustering.spherical_kmeans |   Init 2/10: inertia=3.742935
2026-08-20 15:58:11 | DEBUG    | fgvc.clustering.spherical_kmeans |   Init 3/10: inertia=3.792257
2026-08-20 15:58:11 | DEBUG    | fgvc.clustering.spherical_kmeans |   Init 4/10: inertia=3.737981
2026-08-20 15:58:11 | DEBUG    | fgvc.clustering.spherical_kmeans |   Init 5/10: inertia=3.811159
2026-08-20 15:58:11 | DEBUG    | fgvc.clustering.spherical_kmeans |   Init 6/10: inertia=3.727791
2026-08-20 15:58:11 | DEBUG    | fgvc.clustering.spherical_kmeans |   Init 7/10: inertia=3.856606
2026-08-20 15:58:11 | DEBUG    | fgvc.clustering.spherical_kmeans |   Init 8/10: inertia=3.871665
2026-08-20 15:58:11 | DEBUG    | fgvc.clustering.spherical_kmeans |   Init 9/10: inertia=3.742935
2026-08-20 15:58:11 | DEBUG    | fgvc.clustering.spherical_kmeans |   Init 10/10: inertia=3.737471
2026-08-20 15:58:11 | INFO     | fgvc.clustering.spherical_kmeans |   [Savannah_Sparrow] k_selected=2 | k_effective=1 | min_cluster=25 | max_cluster=25
2026-08-20 15:58:11 | INFO     | fgvc.clustering.spherical_kmeans |   [Sayornis] 25 images
2026-08-20 15:58:11 | DEBUG    | fgvc.clustering.spherical_kmeans |   Init 1/5: inertia=4.523691
2026-08-20 15:58:11 | DEBUG    | fgvc.clustering.spherical_kmeans |   Init 2/5: inertia=5.855361
2026-08-20 15:58:11 | DEBUG    | fgvc.clustering.spherical_kmeans |   Init 3/5: inertia=5.107417
2026-08-20 15:58:11 | DEBUG    | fgvc.clustering.spherical_kmeans |   Init 4/5: inertia=4.523691
2026-08-20 15:58:11 | DEBUG    | fgvc.clustering.spherical_kmeans |   Init 5/5: inertia=4.523691
2026-08-20 15:58:11 | DEBUG    | fgvc.clustering.spherical_kmeans |   Init 1/5: inertia=3.617531
2026-08-20 15:58:11 | DEBUG    | fgvc.clustering.spherical_kmeans |   Init 2/5: inertia=4.048013
2026-08-20 15:58:11 | DEBUG    | fgvc.clustering.spherical_kmeans |   Init 3/5: inertia=4.043624
2026-08-20 15:58:11 | DEBUG    | fgvc.clustering.spherical_kmeans |   Init 4/5: inertia=3.617531
2026-08-20 15:58:11 | DEBUG    | fgvc.clustering.spherical_kmeans |   Init 5/5: inertia=4.086119
2026-08-20 15:58:11 | DEBUG    | fgvc.clustering.spherical_kmeans |   Init 1/5: inertia=3.392961
2026-08-20 15:58:11 | DEBUG    | fgvc.clustering.spherical_kmeans |   Init 2/5: inertia=3.645027
2026-08-20 15:58:11 | DEBUG    | fgvc.clustering.spherical_kmeans |   Init 3/5: inertia=4.071310
2026-08-20 15:58:11 | DEBUG    | fgvc.clustering.spherical_kmeans |   Init 4/5: inertia=3.240805
2026-08-20 15:58:11 | DEBUG    | fgvc.clustering.spherical_kmeans |   Init 5/5: inertia=3.472443
2026-08-20 15:58:11 | DEBUG    | fgvc.clustering.spherical_kmeans |   Init 1/5: inertia=3.192370
2026-08-20 15:58:11 | DEBUG    | fgvc.clustering.spherical_kmeans |   Init 2/5: inertia=3.043103
2026-08-20 15:58:11 | DEBUG    | fgvc.clustering.spherical_kmeans |   Init 3/5: inertia=2.957910
2026-08-20 15:58:11 | DEBUG    | fgvc.clustering.spherical_kmeans |   Init 4/5: inertia=3.257746
2026-08-20 15:58:11 | DEBUG    | fgvc.clustering.spherical_kmeans |   Init 5/5: inertia=3.202489
2026-08-20 15:58:11 | DEBUG    | fgvc.clustering.spherical_kmeans | K selection: best_k=2 | scores={2: {'silhouette': 0.3773, 'compactness': 0.8191, 'score': 0.4344}, 3: {'silhouette': 0.3814, 'compactness': 0.8553, 'score': 0.3806}, 4: {'silhouette': 0.3728, 'compactness': 0.8704, 'score': 0.3142}, 5: {'silhouette': 0.3161, 'compactness': 0.8817, 'score': 0.2226}}
2026-08-20 15:58:11 | DEBUG    | fgvc.clustering.spherical_kmeans |   Init 1/10: inertia=4.523691
2026-08-20 15:58:11 | DEBUG    | fgvc.clustering.spherical_kmeans |   Init 2/10: inertia=5.855361
2026-08-20 15:58:11 | DEBUG    | fgvc.clustering.spherical_kmeans |   Init 3/10: inertia=5.107417
2026-08-20 15:58:11 | DEBUG    | fgvc.clustering.spherical_kmeans |   Init 4/10: inertia=4.523691
2026-08-20 15:58:11 | DEBUG    | fgvc.clustering.spherical_kmeans |   Init 5/10: inertia=4.523691
2026-08-20 15:58:11 | DEBUG    | fgvc.clustering.spherical_kmeans |   Init 6/10: inertia=5.858812
2026-08-20 15:58:11 | DEBUG    | fgvc.clustering.spherical_kmeans |   Init 7/10: inertia=4.523691
2026-08-20 15:58:11 | DEBUG    | fgvc.clustering.spherical_kmeans |   Init 8/10: inertia=5.107417
2026-08-20 15:58:11 | DEBUG    | fgvc.clustering.spherical_kmeans |   Init 9/10: inertia=5.107417
2026-08-20 15:58:11 | DEBUG    | fgvc.clustering.spherical_kmeans |   Init 10/10: inertia=4.523691
2026-08-20 15:58:11 | INFO     | fgvc.clustering.spherical_kmeans |   [Sayornis] k_selected=2 | k_effective=2 | min_cluster=10 | max_cluster=15
2026-08-20 15:58:11 | INFO     | fgvc.clustering.spherical_kmeans |   [Scarlet_Tanager] 25 images
2026-08-20 15:58:11 | DEBUG    | fgvc.clustering.spherical_kmeans |   Init 1/5: inertia=2.249777
2026-08-20 15:58:11 | DEBUG    | fgvc.clustering.spherical_kmeans |   Init 2/5: inertia=2.312351
2026-08-20 15:58:11 | DEBUG    | fgvc.clustering.spherical_kmeans |   Init 3/5: inertia=2.265277
2026-08-20 15:58:11 | DEBUG    | fgvc.clustering.spherical_kmeans |   Init 4/5: inertia=2.324914
2026-08-20 15:58:11 | DEBUG    | fgvc.clustering.spherical_kmeans |   Init 5/5: inertia=2.288717
2026-08-20 15:58:11 | DEBUG    | fgvc.clustering.spherical_kmeans |   Init 1/5: inertia=2.104521
2026-08-20 15:58:11 | DEBUG    | fgvc.clustering.spherical_kmeans |   Init 2/5: inertia=2.114766
2026-08-20 15:58:11 | DEBUG    | fgvc.clustering.spherical_kmeans |   Init 3/5: inertia=2.103947
2026-08-20 15:58:11 | DEBUG    | fgvc.clustering.spherical_kmeans |   Init 4/5: inertia=2.118614
2026-08-20 15:58:11 | DEBUG    | fgvc.clustering.spherical_kmeans |   Init 5/5: inertia=2.136086
2026-08-20 15:58:11 | DEBUG    | fgvc.clustering.spherical_kmeans |   Init 1/5: inertia=1.978705
2026-08-20 15:58:11 | DEBUG    | fgvc.clustering.spherical_kmeans |   Init 2/5: inertia=2.009421
2026-08-20 15:58:11 | DEBUG    | fgvc.clustering.spherical_kmeans |   Init 3/5: inertia=2.053090
2026-08-20 15:58:11 | DEBUG    | fgvc.clustering.spherical_kmeans |   Init 4/5: inertia=1.994565
2026-08-20 15:58:11 | DEBUG    | fgvc.clustering.spherical_kmeans |   Init 5/5: inertia=1.949845
2026-08-20 15:58:11 | DEBUG    | fgvc.clustering.spherical_kmeans |   Init 1/5: inertia=1.803104
2026-08-20 15:58:11 | DEBUG    | fgvc.clustering.spherical_kmeans |   Init 2/5: inertia=1.869851
2026-08-20 15:58:11 | DEBUG    | fgvc.clustering.spherical_kmeans |   Init 3/5: inertia=1.831974
2026-08-20 15:58:11 | DEBUG    | fgvc.clustering.spherical_kmeans |   Init 4/5: inertia=1.785619
2026-08-20 15:58:11 | DEBUG    | fgvc.clustering.spherical_kmeans |   Init 5/5: inertia=1.914372
2026-08-20 15:58:11 | DEBUG    | fgvc.clustering.spherical_kmeans | K selection: best_k=2 | scores={2: {'silhouette': 0.1206, 'compactness': 0.91, 'score': 0.3333}, 3: {'silhouette': 0.0658, 'compactness': 0.9158, 'score': 0.241}, 4: {'silhouette': 0.0657, 'compactness': 0.922, 'score': 0.1761}, 5: {'silhouette': 0.0898, 'compactness': 0.9286, 'score': 0.1235}}
2026-08-20 15:58:11 | DEBUG    | fgvc.clustering.spherical_kmeans |   Init 1/10: inertia=2.249777
2026-08-20 15:58:11 | DEBUG    | fgvc.clustering.spherical_kmeans |   Init 2/10: inertia=2.312351
2026-08-20 15:58:11 | DEBUG    | fgvc.clustering.spherical_kmeans |   Init 3/10: inertia=2.265277
2026-08-20 15:58:11 | DEBUG    | fgvc.clustering.spherical_kmeans |   Init 4/10: inertia=2.324914
2026-08-20 15:58:11 | DEBUG    | fgvc.clustering.spherical_kmeans |   Init 5/10: inertia=2.288717
2026-08-20 15:58:11 | DEBUG    | fgvc.clustering.spherical_kmeans |   Init 6/10: inertia=2.279492
2026-08-20 15:58:11 | DEBUG    | fgvc.clustering.spherical_kmeans |   Init 7/10: inertia=2.288717
2026-08-20 15:58:11 | DEBUG    | fgvc.clustering.spherical_kmeans |   Init 8/10: inertia=2.290697
2026-08-20 15:58:11 | DEBUG    | fgvc.clustering.spherical_kmeans |   Init 9/10: inertia=2.252900
2026-08-20 15:58:11 | DEBUG    | fgvc.clustering.spherical_kmeans |   Init 10/10: inertia=2.269018
2026-08-20 15:58:11 | INFO     | fgvc.clustering.spherical_kmeans |   [Scarlet_Tanager] k_selected=2 | k_effective=2 | min_cluster=8 | max_cluster=17
2026-08-20 15:58:11 | INFO     | fgvc.clustering.spherical_kmeans |   [Scissor_tailed_Flycatcher] 25 images
2026-08-20 15:58:11 | DEBUG    | fgvc.clustering.spherical_kmeans |   Init 1/5: inertia=3.540473
2026-08-20 15:58:11 | DEBUG    | fgvc.clustering.spherical_kmeans |   Init 2/5: inertia=3.520696
2026-08-20 15:58:11 | DEBUG    | fgvc.clustering.spherical_kmeans |   Init 3/5: inertia=3.531448
2026-08-20 15:58:11 | DEBUG    | fgvc.clustering.spherical_kmeans |   Init 4/5: inertia=3.538222
2026-08-20 15:58:11 | DEBUG    | fgvc.clustering.spherical_kmeans |   Init 5/5: inertia=3.589034
2026-08-20 15:58:11 | DEBUG    | fgvc.clustering.spherical_kmeans |   Init 1/5: inertia=3.186101
2026-08-20 15:58:11 | DEBUG    | fgvc.clustering.spherical_kmeans |   Init 2/5: inertia=3.339776
2026-08-20 15:58:11 | DEBUG    | fgvc.clustering.spherical_kmeans |   Init 3/5: inertia=3.338846
2026-08-20 15:58:11 | DEBUG    | fgvc.clustering.spherical_kmeans |   Init 4/5: inertia=3.190288
2026-08-20 15:58:11 | DEBUG    | fgvc.clustering.spherical_kmeans |   Init 5/5: inertia=3.269643
2026-08-20 15:58:11 | DEBUG    | fgvc.clustering.spherical_kmeans |   Init 1/5: inertia=2.985828
2026-08-20 15:58:11 | DEBUG    | fgvc.clustering.spherical_kmeans |   Init 2/5: inertia=3.110279
2026-08-20 15:58:11 | DEBUG    | fgvc.clustering.spherical_kmeans |   Init 3/5: inertia=2.997726
2026-08-20 15:58:11 | DEBUG    | fgvc.clustering.spherical_kmeans |   Init 4/5: inertia=2.987033
2026-08-20 15:58:11 | DEBUG    | fgvc.clustering.spherical_kmeans |   Init 5/5: inertia=2.952773
2026-08-20 15:58:11 | DEBUG    | fgvc.clustering.spherical_kmeans |   Init 1/5: inertia=2.793421
2026-08-20 15:58:11 | DEBUG    | fgvc.clustering.spherical_kmeans |   Init 2/5: inertia=2.855894
2026-08-20 15:58:11 | DEBUG    | fgvc.clustering.spherical_kmeans |   Init 3/5: inertia=2.769502
2026-08-20 15:58:11 | DEBUG    | fgvc.clustering.spherical_kmeans |   Init 4/5: inertia=2.779404
2026-08-20 15:58:11 | DEBUG    | fgvc.clustering.spherical_kmeans |   Init 5/5: inertia=2.869726
2026-08-20 15:58:11 | DEBUG    | fgvc.clustering.spherical_kmeans | K selection: best_k=2 | scores={2: {'silhouette': 0.1058, 'compactness': 0.8592, 'score': 0.3106}, 3: {'silhouette': 0.1086, 'compactness': 0.8726, 'score': 0.2494}, 4: {'silhouette': 0.1072, 'compactness': 0.8819, 'score': 0.1848}, 5: {'silhouette': 0.09, 'compactness': 0.8892, 'score': 0.1117}}
2026-08-20 15:58:11 | DEBUG    | fgvc.clustering.spherical_kmeans |   Init 1/10: inertia=3.540473
2026-08-20 15:58:11 | DEBUG    | fgvc.clustering.spherical_kmeans |   Init 2/10: inertia=3.520696
2026-08-20 15:58:11 | DEBUG    | fgvc.clustering.spherical_kmeans |   Init 3/10: inertia=3.531448
2026-08-20 15:58:11 | DEBUG    | fgvc.clustering.spherical_kmeans |   Init 4/10: inertia=3.538222
2026-08-20 15:58:11 | DEBUG    | fgvc.clustering.spherical_kmeans |   Init 5/10: inertia=3.589034
2026-08-20 15:58:11 | DEBUG    | fgvc.clustering.spherical_kmeans |   Init 6/10: inertia=3.665151
2026-08-20 15:58:11 | DEBUG    | fgvc.clustering.spherical_kmeans |   Init 7/10: inertia=3.589034
2026-08-20 15:58:11 | DEBUG    | fgvc.clustering.spherical_kmeans |   Init 8/10: inertia=3.658979
2026-08-20 15:58:11 | DEBUG    | fgvc.clustering.spherical_kmeans |   Init 9/10: inertia=3.600036
2026-08-20 15:58:11 | DEBUG    | fgvc.clustering.spherical_kmeans |   Init 10/10: inertia=3.529102
2026-08-20 15:58:11 | INFO     | fgvc.clustering.spherical_kmeans |   [Scissor_tailed_Flycatcher] k_selected=2 | k_effective=2 | min_cluster=10 | max_cluster=15
2026-08-20 15:58:11 | INFO     | fgvc.clustering.spherical_kmeans |   [Scott_Oriole] 25 images
2026-08-20 15:58:11 | DEBUG    | fgvc.clustering.spherical_kmeans |   Init 1/5: inertia=3.178246
2026-08-20 15:58:11 | DEBUG    | fgvc.clustering.spherical_kmeans |   Init 2/5: inertia=3.147068
2026-08-20 15:58:11 | DEBUG    | fgvc.clustering.spherical_kmeans |   Init 3/5: inertia=3.147068
2026-08-20 15:58:11 | DEBUG    | fgvc.clustering.spherical_kmeans |   Init 4/5: inertia=3.147068
2026-08-20 15:58:11 | DEBUG    | fgvc.clustering.spherical_kmeans |   Init 5/5: inertia=3.747470
2026-08-20 15:58:11 | DEBUG    | fgvc.clustering.spherical_kmeans |   Init 1/5: inertia=2.965420
2026-08-20 15:58:11 | DEBUG    | fgvc.clustering.spherical_kmeans |   Init 2/5: inertia=2.882308
2026-08-20 15:58:11 | DEBUG    | fgvc.clustering.spherical_kmeans |   Init 3/5: inertia=2.927295
2026-08-20 15:58:11 | DEBUG    | fgvc.clustering.spherical_kmeans |   Init 4/5: inertia=2.901734
2026-08-20 15:58:11 | DEBUG    | fgvc.clustering.spherical_kmeans |   Init 5/5: inertia=2.900056
2026-08-20 15:58:11 | DEBUG    | fgvc.clustering.spherical_kmeans |   Init 1/5: inertia=2.799380
2026-08-20 15:58:11 | DEBUG    | fgvc.clustering.spherical_kmeans |   Init 2/5: inertia=2.706418
2026-08-20 15:58:11 | DEBUG    | fgvc.clustering.spherical_kmeans |   Init 3/5: inertia=2.729187
2026-08-20 15:58:11 | DEBUG    | fgvc.clustering.spherical_kmeans |   Init 4/5: inertia=2.766553
2026-08-20 15:58:11 | DEBUG    | fgvc.clustering.spherical_kmeans |   Init 5/5: inertia=2.564159
2026-08-20 15:58:11 | DEBUG    | fgvc.clustering.spherical_kmeans |   Init 1/5: inertia=2.576566
2026-08-20 15:58:11 | DEBUG    | fgvc.clustering.spherical_kmeans |   Init 2/5: inertia=2.492123
2026-08-20 15:58:11 | DEBUG    | fgvc.clustering.spherical_kmeans |   Init 3/5: inertia=2.675134
2026-08-20 15:58:11 | DEBUG    | fgvc.clustering.spherical_kmeans |   Init 4/5: inertia=2.571493
2026-08-20 15:58:11 | DEBUG    | fgvc.clustering.spherical_kmeans |   Init 5/5: inertia=2.366986
2026-08-20 15:58:11 | DEBUG    | fgvc.clustering.spherical_kmeans | K selection: best_k=2 | scores={2: {'silhouette': 0.3175, 'compactness': 0.8741, 'score': 0.421}, 3: {'silhouette': 0.303, 'compactness': 0.8847, 'score': 0.3503}, 4: {'silhouette': 0.2092, 'compactness': 0.8974, 'score': 0.2405}, 5: {'silhouette': 0.2264, 'compactness': 0.9053, 'score': 0.1848}}
2026-08-20 15:58:11 | DEBUG    | fgvc.clustering.spherical_kmeans |   Init 1/10: inertia=3.178246
2026-08-20 15:58:11 | DEBUG    | fgvc.clustering.spherical_kmeans |   Init 2/10: inertia=3.147068
2026-08-20 15:58:11 | DEBUG    | fgvc.clustering.spherical_kmeans |   Init 3/10: inertia=3.147068
2026-08-20 15:58:11 | DEBUG    | fgvc.clustering.spherical_kmeans |   Init 4/10: inertia=3.147068
2026-08-20 15:58:11 | DEBUG    | fgvc.clustering.spherical_kmeans |   Init 5/10: inertia=3.747470
2026-08-20 15:58:11 | DEBUG    | fgvc.clustering.spherical_kmeans |   Init 6/10: inertia=3.697390
2026-08-20 15:58:11 | DEBUG    | fgvc.clustering.spherical_kmeans |   Init 7/10: inertia=3.830660
2026-08-20 15:58:11 | DEBUG    | fgvc.clustering.spherical_kmeans |   Init 8/10: inertia=3.689395
2026-08-20 15:58:11 | DEBUG    | fgvc.clustering.spherical_kmeans |   Init 9/10: inertia=3.686823
2026-08-20 15:58:11 | DEBUG    | fgvc.clustering.spherical_kmeans |   Init 10/10: inertia=3.147068
2026-08-20 15:58:11 | INFO     | fgvc.clustering.spherical_kmeans |   [Scott_Oriole] k_selected=2 | k_effective=2 | min_cluster=8 | max_cluster=17
2026-08-20 15:58:11 | INFO     | fgvc.clustering.spherical_kmeans |   [Seaside_Sparrow] 25 images
2026-08-20 15:58:11 | DEBUG    | fgvc.clustering.spherical_kmeans |   Init 1/5: inertia=5.402153
2026-08-20 15:58:11 | DEBUG    | fgvc.clustering.spherical_kmeans |   Init 2/5: inertia=5.983898
2026-08-20 15:58:11 | DEBUG    | fgvc.clustering.spherical_kmeans |   Init 3/5: inertia=5.720467
2026-08-20 15:58:11 | DEBUG    | fgvc.clustering.spherical_kmeans |   Init 4/5: inertia=5.624287
2026-08-20 15:58:11 | DEBUG    | fgvc.clustering.spherical_kmeans |   Init 5/5: inertia=5.896670
2026-08-20 15:58:11 | DEBUG    | fgvc.clustering.spherical_kmeans |   Init 1/5: inertia=4.927623
2026-08-20 15:58:11 | DEBUG    | fgvc.clustering.spherical_kmeans |   Init 2/5: inertia=5.045856
2026-08-20 15:58:11 | DEBUG    | fgvc.clustering.spherical_kmeans |   Init 3/5: inertia=4.922741
2026-08-20 15:58:11 | DEBUG    | fgvc.clustering.spherical_kmeans |   Init 4/5: inertia=4.930277
2026-08-20 15:58:11 | DEBUG    | fgvc.clustering.spherical_kmeans |   Init 5/5: inertia=5.575287
2026-08-20 15:58:11 | DEBUG    | fgvc.clustering.spherical_kmeans |   Init 1/5: inertia=4.536308
2026-08-20 15:58:11 | DEBUG    | fgvc.clustering.spherical_kmeans |   Init 2/5: inertia=4.568695
2026-08-20 15:58:11 | DEBUG    | fgvc.clustering.spherical_kmeans |   Init 3/5: inertia=4.595411
2026-08-20 15:58:11 | DEBUG    | fgvc.clustering.spherical_kmeans |   Init 4/5: inertia=4.831037
2026-08-20 15:58:11 | DEBUG    | fgvc.clustering.spherical_kmeans |   Init 5/5: inertia=4.453200
2026-08-20 15:58:11 | DEBUG    | fgvc.clustering.spherical_kmeans |   Init 1/5: inertia=3.921485
2026-08-20 15:58:11 | DEBUG    | fgvc.clustering.spherical_kmeans |   Init 2/5: inertia=4.422799
2026-08-20 15:58:11 | DEBUG    | fgvc.clustering.spherical_kmeans |   Init 3/5: inertia=4.415229
2026-08-20 15:58:11 | DEBUG    | fgvc.clustering.spherical_kmeans |   Init 4/5: inertia=4.377110
2026-08-20 15:58:11 | DEBUG    | fgvc.clustering.spherical_kmeans |   Init 5/5: inertia=4.343126
2026-08-20 15:58:11 | DEBUG    | fgvc.clustering.spherical_kmeans | K selection: best_k=2 | scores={2: {'silhouette': 0.2553, 'compactness': 0.7839, 'score': 0.3628}, 3: {'silhouette': 0.2333, 'compactness': 0.8031, 'score': 0.2909}, 4: {'silhouette': 0.1735, 'compactness': 0.8219, 'score': 0.2}, 5: {'silhouette': 0.1017, 'compactness': 0.8431, 'score': 0.1038}}
2026-08-20 15:58:11 | DEBUG    | fgvc.clustering.spherical_kmeans |   Init 1/10: inertia=5.402153
2026-08-20 15:58:11 | DEBUG    | fgvc.clustering.spherical_kmeans |   Init 2/10: inertia=5.983898
2026-08-20 15:58:11 | DEBUG    | fgvc.clustering.spherical_kmeans |   Init 3/10: inertia=5.720467
2026-08-20 15:58:11 | DEBUG    | fgvc.clustering.spherical_kmeans |   Init 4/10: inertia=5.624287
2026-08-20 15:58:11 | DEBUG    | fgvc.clustering.spherical_kmeans |   Init 5/10: inertia=5.896670
2026-08-20 15:58:11 | DEBUG    | fgvc.clustering.spherical_kmeans |   Init 6/10: inertia=6.206059
2026-08-20 15:58:11 | DEBUG    | fgvc.clustering.spherical_kmeans |   Init 7/10: inertia=5.741455
2026-08-20 15:58:11 | DEBUG    | fgvc.clustering.spherical_kmeans |   Init 8/10: inertia=5.335166
2026-08-20 15:58:11 | DEBUG    | fgvc.clustering.spherical_kmeans |   Init 9/10: inertia=5.983898
2026-08-20 15:58:11 | DEBUG    | fgvc.clustering.spherical_kmeans |   Init 10/10: inertia=5.335166
2026-08-20 15:58:11 | INFO     | fgvc.clustering.spherical_kmeans |   [Seaside_Sparrow] k_selected=2 | k_effective=2 | min_cluster=8 | max_cluster=17
2026-08-20 15:58:11 | INFO     | fgvc.clustering.spherical_kmeans |   [Shiny_Cowbird] 25 images
2026-08-20 15:58:11 | DEBUG    | fgvc.clustering.spherical_kmeans |   Init 1/5: inertia=4.678141
2026-08-20 15:58:11 | DEBUG    | fgvc.clustering.spherical_kmeans |   Init 2/5: inertia=5.020721
2026-08-20 15:58:11 | DEBUG    | fgvc.clustering.spherical_kmeans |   Init 3/5: inertia=5.075344
2026-08-20 15:58:11 | DEBUG    | fgvc.clustering.spherical_kmeans |   Init 4/5: inertia=4.570820
2026-08-20 15:58:11 | DEBUG    | fgvc.clustering.spherical_kmeans |   Init 5/5: inertia=5.041048
2026-08-20 15:58:11 | DEBUG    | fgvc.clustering.spherical_kmeans |   Init 1/5: inertia=4.133587
2026-08-20 15:58:11 | DEBUG    | fgvc.clustering.spherical_kmeans |   Init 2/5: inertia=4.629750
2026-08-20 15:58:11 | DEBUG    | fgvc.clustering.spherical_kmeans |   Init 3/5: inertia=4.791389
2026-08-20 15:58:11 | DEBUG    | fgvc.clustering.spherical_kmeans |   Init 4/5: inertia=4.057713
2026-08-20 15:58:11 | DEBUG    | fgvc.clustering.spherical_kmeans |   Init 5/5: inertia=4.180145
2026-08-20 15:58:11 | DEBUG    | fgvc.clustering.spherical_kmeans |   Init 1/5: inertia=3.782806
2026-08-20 15:58:11 | DEBUG    | fgvc.clustering.spherical_kmeans |   Init 2/5: inertia=3.845634
2026-08-20 15:58:11 | DEBUG    | fgvc.clustering.spherical_kmeans |   Init 3/5: inertia=4.021054
2026-08-20 15:58:11 | DEBUG    | fgvc.clustering.spherical_kmeans |   Init 4/5: inertia=3.953172
2026-08-20 15:58:11 | DEBUG    | fgvc.clustering.spherical_kmeans |   Init 5/5: inertia=3.828246
2026-08-20 15:58:11 | DEBUG    | fgvc.clustering.spherical_kmeans |   Init 1/5: inertia=3.526762
2026-08-20 15:58:11 | DEBUG    | fgvc.clustering.spherical_kmeans |   Init 2/5: inertia=3.659245
2026-08-20 15:58:11 | DEBUG    | fgvc.clustering.spherical_kmeans |   Init 3/5: inertia=3.593810
2026-08-20 15:58:11 | DEBUG    | fgvc.clustering.spherical_kmeans |   Init 4/5: inertia=3.677012
2026-08-20 15:58:11 | DEBUG    | fgvc.clustering.spherical_kmeans |   Init 5/5: inertia=3.670572
2026-08-20 15:58:11 | DEBUG    | fgvc.clustering.spherical_kmeans | K selection: best_k=2 | scores={2: {'silhouette': 0.356, 'compactness': 0.8172, 'score': 0.4232}, 3: {'silhouette': 0.3231, 'compactness': 0.8377, 'score': 0.3462}, 4: {'silhouette': 0.1483, 'compactness': 0.8487, 'score': 0.1954}, 5: {'silhouette': 0.0493, 'compactness': 0.8589, 'score': 0.0823}}
2026-08-20 15:58:11 | DEBUG    | fgvc.clustering.spherical_kmeans |   Init 1/10: inertia=4.678141
2026-08-20 15:58:11 | DEBUG    | fgvc.clustering.spherical_kmeans |   Init 2/10: inertia=5.020721
2026-08-20 15:58:11 | DEBUG    | fgvc.clustering.spherical_kmeans |   Init 3/10: inertia=5.075344
2026-08-20 15:58:11 | DEBUG    | fgvc.clustering.spherical_kmeans |   Init 4/10: inertia=4.570820
2026-08-20 15:58:11 | DEBUG    | fgvc.clustering.spherical_kmeans |   Init 5/10: inertia=5.041048
2026-08-20 15:58:11 | DEBUG    | fgvc.clustering.spherical_kmeans |   Init 6/10: inertia=5.068201
2026-08-20 15:58:11 | DEBUG    | fgvc.clustering.spherical_kmeans |   Init 7/10: inertia=4.714411
2026-08-20 15:58:11 | DEBUG    | fgvc.clustering.spherical_kmeans |   Init 8/10: inertia=4.597370
2026-08-20 15:58:11 | DEBUG    | fgvc.clustering.spherical_kmeans |   Init 9/10: inertia=5.086799
2026-08-20 15:58:11 | DEBUG    | fgvc.clustering.spherical_kmeans |   Init 10/10: inertia=4.784261
2026-08-20 15:58:11 | INFO     | fgvc.clustering.spherical_kmeans |   [Shiny_Cowbird] k_selected=2 | k_effective=1 | min_cluster=25 | max_cluster=25
2026-08-20 15:58:11 | INFO     | fgvc.clustering.spherical_kmeans |   [Slaty_backed_Gull] 25 images
2026-08-20 15:58:11 | DEBUG    | fgvc.clustering.spherical_kmeans |   Init 1/5: inertia=4.116177
2026-08-20 15:58:11 | DEBUG    | fgvc.clustering.spherical_kmeans |   Init 2/5: inertia=4.110553
2026-08-20 15:58:11 | DEBUG    | fgvc.clustering.spherical_kmeans |   Init 3/5: inertia=4.899763
2026-08-20 15:58:11 | DEBUG    | fgvc.clustering.spherical_kmeans |   Init 4/5: inertia=4.110553
2026-08-20 15:58:11 | DEBUG    | fgvc.clustering.spherical_kmeans |   Init 5/5: inertia=4.129650
2026-08-20 15:58:11 | DEBUG    | fgvc.clustering.spherical_kmeans |   Init 1/5: inertia=3.817531
2026-08-20 15:58:11 | DEBUG    | fgvc.clustering.spherical_kmeans |   Init 2/5: inertia=3.833405
2026-08-20 15:58:11 | DEBUG    | fgvc.clustering.spherical_kmeans |   Init 3/5: inertia=3.724681
2026-08-20 15:58:11 | DEBUG    | fgvc.clustering.spherical_kmeans |   Init 4/5: inertia=3.800668
2026-08-20 15:58:11 | DEBUG    | fgvc.clustering.spherical_kmeans |   Init 5/5: inertia=3.823731
2026-08-20 15:58:11 | DEBUG    | fgvc.clustering.spherical_kmeans |   Init 1/5: inertia=3.536383
2026-08-20 15:58:11 | DEBUG    | fgvc.clustering.spherical_kmeans |   Init 2/5: inertia=3.595379
2026-08-20 15:58:11 | DEBUG    | fgvc.clustering.spherical_kmeans |   Init 3/5: inertia=3.398922
2026-08-20 15:58:11 | DEBUG    | fgvc.clustering.spherical_kmeans |   Init 4/5: inertia=3.412392
2026-08-20 15:58:11 | DEBUG    | fgvc.clustering.spherical_kmeans |   Init 5/5: inertia=3.540115
2026-08-20 15:58:11 | DEBUG    | fgvc.clustering.spherical_kmeans |   Init 1/5: inertia=3.323678
2026-08-20 15:58:11 | DEBUG    | fgvc.clustering.spherical_kmeans |   Init 2/5: inertia=3.297521
2026-08-20 15:58:11 | DEBUG    | fgvc.clustering.spherical_kmeans |   Init 3/5: inertia=3.073075
2026-08-20 15:58:11 | DEBUG    | fgvc.clustering.spherical_kmeans |   Init 4/5: inertia=3.193321
2026-08-20 15:58:11 | DEBUG    | fgvc.clustering.spherical_kmeans |   Init 5/5: inertia=3.238261
2026-08-20 15:58:11 | DEBUG    | fgvc.clustering.spherical_kmeans | K selection: best_k=2 | scores={2: {'silhouette': 0.3128, 'compactness': 0.8356, 'score': 0.4071}, 3: {'silhouette': 0.2029, 'compactness': 0.851, 'score': 0.2901}, 4: {'silhouette': 0.1538, 'compactness': 0.864, 'score': 0.2028}, 5: {'silhouette': 0.1869, 'compactness': 0.8771, 'score': 0.1566}}
2026-08-20 15:58:11 | DEBUG    | fgvc.clustering.spherical_kmeans |   Init 1/10: inertia=4.116177
2026-08-20 15:58:11 | DEBUG    | fgvc.clustering.spherical_kmeans |   Init 2/10: inertia=4.110553
2026-08-20 15:58:11 | DEBUG    | fgvc.clustering.spherical_kmeans |   Init 3/10: inertia=4.899763
2026-08-20 15:58:11 | DEBUG    | fgvc.clustering.spherical_kmeans |   Init 4/10: inertia=4.110553
2026-08-20 15:58:11 | DEBUG    | fgvc.clustering.spherical_kmeans |   Init 5/10: inertia=4.129650
2026-08-20 15:58:11 | DEBUG    | fgvc.clustering.spherical_kmeans |   Init 6/10: inertia=4.150888
2026-08-20 15:58:11 | DEBUG    | fgvc.clustering.spherical_kmeans |   Init 7/10: inertia=4.129650
2026-08-20 15:58:11 | DEBUG    | fgvc.clustering.spherical_kmeans |   Init 8/10: inertia=4.150888
2026-08-20 15:58:11 | DEBUG    | fgvc.clustering.spherical_kmeans |   Init 9/10: inertia=4.129650
2026-08-20 15:58:11 | DEBUG    | fgvc.clustering.spherical_kmeans |   Init 10/10: inertia=4.116177
2026-08-20 15:58:11 | INFO     | fgvc.clustering.spherical_kmeans |   [Slaty_backed_Gull] k_selected=2 | k_effective=2 | min_cluster=11 | max_cluster=14
2026-08-20 15:58:11 | INFO     | fgvc.clustering.spherical_kmeans |   [Song_Sparrow] 25 images
2026-08-20 15:58:11 | DEBUG    | fgvc.clustering.spherical_kmeans |   Init 1/5: inertia=4.321682
2026-08-20 15:58:11 | DEBUG    | fgvc.clustering.spherical_kmeans |   Init 2/5: inertia=4.053126
2026-08-20 15:58:11 | DEBUG    | fgvc.clustering.spherical_kmeans |   Init 3/5: inertia=4.270902
2026-08-20 15:58:11 | DEBUG    | fgvc.clustering.spherical_kmeans |   Init 4/5: inertia=4.059535
2026-08-20 15:58:11 | DEBUG    | fgvc.clustering.spherical_kmeans |   Init 5/5: inertia=4.246275
2026-08-20 15:58:11 | DEBUG    | fgvc.clustering.spherical_kmeans |   Init 1/5: inertia=3.851326
2026-08-20 15:58:11 | DEBUG    | fgvc.clustering.spherical_kmeans |   Init 2/5: inertia=3.839914
2026-08-20 15:58:11 | DEBUG    | fgvc.clustering.spherical_kmeans |   Init 3/5: inertia=3.795781
2026-08-20 15:58:11 | DEBUG    | fgvc.clustering.spherical_kmeans |   Init 4/5: inertia=3.812102
2026-08-20 15:58:11 | DEBUG    | fgvc.clustering.spherical_kmeans |   Init 5/5: inertia=3.743119
2026-08-20 15:58:11 | DEBUG    | fgvc.clustering.spherical_kmeans |   Init 1/5: inertia=3.609212
2026-08-20 15:58:11 | DEBUG    | fgvc.clustering.spherical_kmeans |   Init 2/5: inertia=3.502873
2026-08-20 15:58:11 | DEBUG    | fgvc.clustering.spherical_kmeans |   Init 3/5: inertia=3.695127
2026-08-20 15:58:11 | DEBUG    | fgvc.clustering.spherical_kmeans |   Init 4/5: inertia=3.547033
2026-08-20 15:58:11 | DEBUG    | fgvc.clustering.spherical_kmeans |   Init 5/5: inertia=3.438301
2026-08-20 15:58:11 | DEBUG    | fgvc.clustering.spherical_kmeans |   Init 1/5: inertia=3.416812
2026-08-20 15:58:11 | DEBUG    | fgvc.clustering.spherical_kmeans |   Init 2/5: inertia=3.244633
2026-08-20 15:58:11 | DEBUG    | fgvc.clustering.spherical_kmeans |   Init 3/5: inertia=3.356601
2026-08-20 15:58:11 | DEBUG    | fgvc.clustering.spherical_kmeans |   Init 4/5: inertia=3.397196
2026-08-20 15:58:11 | DEBUG    | fgvc.clustering.spherical_kmeans |   Init 5/5: inertia=3.306168
2026-08-20 15:58:11 | DEBUG    | fgvc.clustering.spherical_kmeans | K selection: best_k=2 | scores={2: {'silhouette': 0.1694, 'compactness': 0.8379, 'score': 0.3361}, 3: {'silhouette': 0.0838, 'compactness': 0.8503, 'score': 0.2303}, 4: {'silhouette': 0.0732, 'compactness': 0.8625, 'score': 0.162}, 5: {'silhouette': 0.0588, 'compactness': 0.8702, 'score': 0.0905}}
2026-08-20 15:58:11 | DEBUG    | fgvc.clustering.spherical_kmeans |   Init 1/10: inertia=4.321682
2026-08-20 15:58:11 | DEBUG    | fgvc.clustering.spherical_kmeans |   Init 2/10: inertia=4.053126
2026-08-20 15:58:11 | DEBUG    | fgvc.clustering.spherical_kmeans |   Init 3/10: inertia=4.270902
2026-08-20 15:58:11 | DEBUG    | fgvc.clustering.spherical_kmeans |   Init 4/10: inertia=4.059535
2026-08-20 15:58:11 | DEBUG    | fgvc.clustering.spherical_kmeans |   Init 5/10: inertia=4.246275
2026-08-20 15:58:11 | DEBUG    | fgvc.clustering.spherical_kmeans |   Init 6/10: inertia=4.279022
2026-08-20 15:58:11 | DEBUG    | fgvc.clustering.spherical_kmeans |   Init 7/10: inertia=4.109063
2026-08-20 15:58:11 | DEBUG    | fgvc.clustering.spherical_kmeans |   Init 8/10: inertia=4.301940
2026-08-20 15:58:11 | DEBUG    | fgvc.clustering.spherical_kmeans |   Init 9/10: inertia=4.227037
2026-08-20 15:58:11 | DEBUG    | fgvc.clustering.spherical_kmeans |   Init 10/10: inertia=4.093108
2026-08-20 15:58:11 | INFO     | fgvc.clustering.spherical_kmeans |   [Song_Sparrow] k_selected=2 | k_effective=2 | min_cluster=5 | max_cluster=20
2026-08-20 15:58:11 | INFO     | fgvc.clustering.spherical_kmeans |   [Sooty_Albatross] 25 images
2026-08-20 15:58:11 | DEBUG    | fgvc.clustering.spherical_kmeans |   Init 1/5: inertia=5.264896
2026-08-20 15:58:11 | DEBUG    | fgvc.clustering.spherical_kmeans |   Init 2/5: inertia=4.966752
2026-08-20 15:58:11 | DEBUG    | fgvc.clustering.spherical_kmeans |   Init 3/5: inertia=5.205989
2026-08-20 15:58:11 | DEBUG    | fgvc.clustering.spherical_kmeans |   Init 4/5: inertia=5.350068
2026-08-20 15:58:11 | DEBUG    | fgvc.clustering.spherical_kmeans |   Init 5/5: inertia=4.833770
2026-08-20 15:58:11 | DEBUG    | fgvc.clustering.spherical_kmeans |   Init 1/5: inertia=4.970971
2026-08-20 15:58:11 | DEBUG    | fgvc.clustering.spherical_kmeans |   Init 2/5: inertia=4.686285
2026-08-20 15:58:11 | DEBUG    | fgvc.clustering.spherical_kmeans |   Init 3/5: inertia=4.452573
2026-08-20 15:58:11 | DEBUG    | fgvc.clustering.spherical_kmeans |   Init 4/5: inertia=4.922707
2026-08-20 15:58:11 | DEBUG    | fgvc.clustering.spherical_kmeans |   Init 5/5: inertia=4.417506
2026-08-20 15:58:11 | DEBUG    | fgvc.clustering.spherical_kmeans |   Init 1/5: inertia=4.143418
2026-08-20 15:58:11 | DEBUG    | fgvc.clustering.spherical_kmeans |   Init 2/5: inertia=4.471433
2026-08-20 15:58:11 | DEBUG    | fgvc.clustering.spherical_kmeans |   Init 3/5: inertia=4.328841
2026-08-20 15:58:11 | DEBUG    | fgvc.clustering.spherical_kmeans |   Init 4/5: inertia=4.063580
2026-08-20 15:58:11 | DEBUG    | fgvc.clustering.spherical_kmeans |   Init 5/5: inertia=4.077363
2026-08-20 15:58:11 | DEBUG    | fgvc.clustering.spherical_kmeans |   Init 1/5: inertia=3.859611
2026-08-20 15:58:11 | DEBUG    | fgvc.clustering.spherical_kmeans |   Init 2/5: inertia=3.804418
2026-08-20 15:58:11 | DEBUG    | fgvc.clustering.spherical_kmeans |   Init 3/5: inertia=3.735699
2026-08-20 15:58:11 | DEBUG    | fgvc.clustering.spherical_kmeans |   Init 4/5: inertia=3.873053
2026-08-20 15:58:11 | DEBUG    | fgvc.clustering.spherical_kmeans |   Init 5/5: inertia=4.166740
2026-08-20 15:58:11 | DEBUG    | fgvc.clustering.spherical_kmeans | K selection: best_k=2 | scores={2: {'silhouette': 0.2146, 'compactness': 0.8066, 'score': 0.3493}, 3: {'silhouette': 0.1383, 'compactness': 0.8233, 'score': 0.2495}, 4: {'silhouette': 0.1103, 'compactness': 0.8375, 'score': 0.173}, 5: {'silhouette': 0.0797, 'compactness': 0.8506, 'score': 0.095}}
2026-08-20 15:58:11 | DEBUG    | fgvc.clustering.spherical_kmeans |   Init 1/10: inertia=5.264896
2026-08-20 15:58:11 | DEBUG    | fgvc.clustering.spherical_kmeans |   Init 2/10: inertia=4.966752
2026-08-20 15:58:11 | DEBUG    | fgvc.clustering.spherical_kmeans |   Init 3/10: inertia=5.205989
2026-08-20 15:58:11 | DEBUG    | fgvc.clustering.spherical_kmeans |   Init 4/10: inertia=5.350068
2026-08-20 15:58:11 | DEBUG    | fgvc.clustering.spherical_kmeans |   Init 5/10: inertia=4.833770
2026-08-20 15:58:11 | DEBUG    | fgvc.clustering.spherical_kmeans |   Init 6/10: inertia=5.318108
2026-08-20 15:58:11 | DEBUG    | fgvc.clustering.spherical_kmeans |   Init 7/10: inertia=5.271996
2026-08-20 15:58:11 | DEBUG    | fgvc.clustering.spherical_kmeans |   Init 8/10: inertia=4.794050
2026-08-20 15:58:11 | DEBUG    | fgvc.clustering.spherical_kmeans |   Init 9/10: inertia=5.301338
2026-08-20 15:58:11 | DEBUG    | fgvc.clustering.spherical_kmeans |   Init 10/10: inertia=4.948347
2026-08-20 15:58:11 | INFO     | fgvc.clustering.spherical_kmeans |   [Sooty_Albatross] k_selected=2 | k_effective=2 | min_cluster=7 | max_cluster=18
2026-08-20 15:58:11 | INFO     | fgvc.clustering.spherical_kmeans |   [Spotted_Catbird] 25 images
2026-08-20 15:58:11 | DEBUG    | fgvc.clustering.spherical_kmeans |   Init 1/5: inertia=3.530786
2026-08-20 15:58:11 | DEBUG    | fgvc.clustering.spherical_kmeans |   Init 2/5: inertia=3.577941
2026-08-20 15:58:11 | DEBUG    | fgvc.clustering.spherical_kmeans |   Init 3/5: inertia=3.414005
2026-08-20 15:58:11 | DEBUG    | fgvc.clustering.spherical_kmeans |   Init 4/5: inertia=3.588418
2026-08-20 15:58:11 | DEBUG    | fgvc.clustering.spherical_kmeans |   Init 5/5: inertia=3.526997
2026-08-20 15:58:11 | DEBUG    | fgvc.clustering.spherical_kmeans |   Init 1/5: inertia=3.201146
2026-08-20 15:58:11 | DEBUG    | fgvc.clustering.spherical_kmeans |   Init 2/5: inertia=3.294974
2026-08-20 15:58:11 | DEBUG    | fgvc.clustering.spherical_kmeans |   Init 3/5: inertia=3.359325
2026-08-20 15:58:11 | DEBUG    | fgvc.clustering.spherical_kmeans |   Init 4/5: inertia=3.201146
2026-08-20 15:58:11 | DEBUG    | fgvc.clustering.spherical_kmeans |   Init 5/5: inertia=3.235366
2026-08-20 15:58:11 | DEBUG    | fgvc.clustering.spherical_kmeans |   Init 1/5: inertia=2.871307
2026-08-20 15:58:11 | DEBUG    | fgvc.clustering.spherical_kmeans |   Init 2/5: inertia=2.986507
2026-08-20 15:58:11 | DEBUG    | fgvc.clustering.spherical_kmeans |   Init 3/5: inertia=2.970699
2026-08-20 15:58:11 | DEBUG    | fgvc.clustering.spherical_kmeans |   Init 4/5: inertia=3.045945
2026-08-20 15:58:11 | DEBUG    | fgvc.clustering.spherical_kmeans |   Init 5/5: inertia=2.985829
2026-08-20 15:58:11 | DEBUG    | fgvc.clustering.spherical_kmeans |   Init 1/5: inertia=2.605682
2026-08-20 15:58:11 | DEBUG    | fgvc.clustering.spherical_kmeans |   Init 2/5: inertia=2.729903
2026-08-20 15:58:11 | DEBUG    | fgvc.clustering.spherical_kmeans |   Init 3/5: inertia=2.693845
2026-08-20 15:58:11 | DEBUG    | fgvc.clustering.spherical_kmeans |   Init 4/5: inertia=2.810521
2026-08-20 15:58:11 | DEBUG    | fgvc.clustering.spherical_kmeans |   Init 5/5: inertia=2.797523
2026-08-20 15:58:11 | DEBUG    | fgvc.clustering.spherical_kmeans | K selection: best_k=2 | scores={2: {'silhouette': 0.3074, 'compactness': 0.8634, 'score': 0.4127}, 3: {'silhouette': 0.2453, 'compactness': 0.872, 'score': 0.3176}, 4: {'silhouette': 0.1441, 'compactness': 0.8851, 'score': 0.2042}, 5: {'silhouette': 0.1474, 'compactness': 0.8958, 'score': 0.1424}}
2026-08-20 15:58:11 | DEBUG    | fgvc.clustering.spherical_kmeans |   Init 1/10: inertia=3.530786
2026-08-20 15:58:11 | DEBUG    | fgvc.clustering.spherical_kmeans |   Init 2/10: inertia=3.577941
2026-08-20 15:58:11 | DEBUG    | fgvc.clustering.spherical_kmeans |   Init 3/10: inertia=3.414005
2026-08-20 15:58:11 | DEBUG    | fgvc.clustering.spherical_kmeans |   Init 4/10: inertia=3.588418
2026-08-20 15:58:11 | DEBUG    | fgvc.clustering.spherical_kmeans |   Init 5/10: inertia=3.526997
2026-08-20 15:58:11 | DEBUG    | fgvc.clustering.spherical_kmeans |   Init 6/10: inertia=3.682463
2026-08-20 15:58:11 | DEBUG    | fgvc.clustering.spherical_kmeans |   Init 7/10: inertia=3.437226
2026-08-20 15:58:11 | DEBUG    | fgvc.clustering.spherical_kmeans |   Init 8/10: inertia=3.659027
2026-08-20 15:58:11 | DEBUG    | fgvc.clustering.spherical_kmeans |   Init 9/10: inertia=3.526997
2026-08-20 15:58:11 | DEBUG    | fgvc.clustering.spherical_kmeans |   Init 10/10: inertia=3.619998
2026-08-20 15:58:11 | INFO     | fgvc.clustering.spherical_kmeans |   [Spotted_Catbird] k_selected=2 | k_effective=2 | min_cluster=5 | max_cluster=20
2026-08-20 15:58:11 | INFO     | fgvc.clustering.spherical_kmeans |   [Summer_Tanager] 25 images
2026-08-20 15:58:11 | DEBUG    | fgvc.clustering.spherical_kmeans |   Init 1/5: inertia=2.669939
2026-08-20 15:58:11 | DEBUG    | fgvc.clustering.spherical_kmeans |   Init 2/5: inertia=2.670370
2026-08-20 15:58:11 | DEBUG    | fgvc.clustering.spherical_kmeans |   Init 3/5: inertia=2.671487
2026-08-20 15:58:11 | DEBUG    | fgvc.clustering.spherical_kmeans |   Init 4/5: inertia=2.695557
2026-08-20 15:58:11 | DEBUG    | fgvc.clustering.spherical_kmeans |   Init 5/5: inertia=2.657403
2026-08-20 15:58:11 | DEBUG    | fgvc.clustering.spherical_kmeans |   Init 1/5: inertia=2.393714
2026-08-20 15:58:11 | DEBUG    | fgvc.clustering.spherical_kmeans |   Init 2/5: inertia=2.463246
2026-08-20 15:58:11 | DEBUG    | fgvc.clustering.spherical_kmeans |   Init 3/5: inertia=2.440448
2026-08-20 15:58:11 | DEBUG    | fgvc.clustering.spherical_kmeans |   Init 4/5: inertia=2.478315
2026-08-20 15:58:11 | DEBUG    | fgvc.clustering.spherical_kmeans |   Init 5/5: inertia=2.420516
2026-08-20 15:58:11 | DEBUG    | fgvc.clustering.spherical_kmeans |   Init 1/5: inertia=2.232071
2026-08-20 15:58:11 | DEBUG    | fgvc.clustering.spherical_kmeans |   Init 2/5: inertia=2.276809
2026-08-20 15:58:11 | DEBUG    | fgvc.clustering.spherical_kmeans |   Init 3/5: inertia=2.254962
2026-08-20 15:58:11 | DEBUG    | fgvc.clustering.spherical_kmeans |   Init 4/5: inertia=2.152348
2026-08-20 15:58:11 | DEBUG    | fgvc.clustering.spherical_kmeans |   Init 5/5: inertia=2.367695
2026-08-20 15:58:11 | DEBUG    | fgvc.clustering.spherical_kmeans |   Init 1/5: inertia=2.045449
2026-08-20 15:58:11 | DEBUG    | fgvc.clustering.spherical_kmeans |   Init 2/5: inertia=2.070813
2026-08-20 15:58:11 | DEBUG    | fgvc.clustering.spherical_kmeans |   Init 3/5: inertia=2.052898
2026-08-20 15:58:11 | DEBUG    | fgvc.clustering.spherical_kmeans |   Init 4/5: inertia=2.218005
2026-08-20 15:58:11 | DEBUG    | fgvc.clustering.spherical_kmeans |   Init 5/5: inertia=2.045503
2026-08-20 15:58:11 | DEBUG    | fgvc.clustering.spherical_kmeans | K selection: best_k=2 | scores={2: {'silhouette': 0.067, 'compactness': 0.8937, 'score': 0.3016}, 3: {'silhouette': 0.136, 'compactness': 0.9043, 'score': 0.2726}, 4: {'silhouette': 0.1125, 'compactness': 0.9139, 'score': 0.1971}, 5: {'silhouette': 0.0846, 'compactness': 0.9182, 'score': 0.1177}}
2026-08-20 15:58:11 | DEBUG    | fgvc.clustering.spherical_kmeans |   Init 1/10: inertia=2.669939
2026-08-20 15:58:11 | DEBUG    | fgvc.clustering.spherical_kmeans |   Init 2/10: inertia=2.670370
2026-08-20 15:58:11 | DEBUG    | fgvc.clustering.spherical_kmeans |   Init 3/10: inertia=2.671487
2026-08-20 15:58:11 | DEBUG    | fgvc.clustering.spherical_kmeans |   Init 4/10: inertia=2.695557
2026-08-20 15:58:11 | DEBUG    | fgvc.clustering.spherical_kmeans |   Init 5/10: inertia=2.657403
2026-08-20 15:58:11 | DEBUG    | fgvc.clustering.spherical_kmeans |   Init 6/10: inertia=2.703682
2026-08-20 15:58:11 | DEBUG    | fgvc.clustering.spherical_kmeans |   Init 7/10: inertia=2.613825
2026-08-20 15:58:11 | DEBUG    | fgvc.clustering.spherical_kmeans |   Init 8/10: inertia=2.691278
2026-08-20 15:58:11 | DEBUG    | fgvc.clustering.spherical_kmeans |   Init 9/10: inertia=2.632191
2026-08-20 15:58:11 | DEBUG    | fgvc.clustering.spherical_kmeans |   Init 10/10: inertia=2.594916
2026-08-20 15:58:11 | INFO     | fgvc.clustering.spherical_kmeans |   [Summer_Tanager] k_selected=2 | k_effective=1 | min_cluster=25 | max_cluster=25
2026-08-20 15:58:11 | INFO     | fgvc.clustering.spherical_kmeans |   [Swainson_Warbler] 25 images
2026-08-20 15:58:11 | DEBUG    | fgvc.clustering.spherical_kmeans |   Init 1/5: inertia=5.065945
2026-08-20 15:58:11 | DEBUG    | fgvc.clustering.spherical_kmeans |   Init 2/5: inertia=5.125340
2026-08-20 15:58:11 | DEBUG    | fgvc.clustering.spherical_kmeans |   Init 3/5: inertia=5.091804
2026-08-20 15:58:11 | DEBUG    | fgvc.clustering.spherical_kmeans |   Init 4/5: inertia=5.438576
2026-08-20 15:58:11 | DEBUG    | fgvc.clustering.spherical_kmeans |   Init 5/5: inertia=5.394668
2026-08-20 15:58:11 | DEBUG    | fgvc.clustering.spherical_kmeans |   Init 1/5: inertia=4.753832
2026-08-20 15:58:11 | DEBUG    | fgvc.clustering.spherical_kmeans |   Init 2/5: inertia=4.557906
2026-08-20 15:58:11 | DEBUG    | fgvc.clustering.spherical_kmeans |   Init 3/5: inertia=4.930355
2026-08-20 15:58:11 | DEBUG    | fgvc.clustering.spherical_kmeans |   Init 4/5: inertia=4.678300
2026-08-20 15:58:11 | DEBUG    | fgvc.clustering.spherical_kmeans |   Init 5/5: inertia=4.724583
2026-08-20 15:58:11 | DEBUG    | fgvc.clustering.spherical_kmeans |   Init 1/5: inertia=4.201571
2026-08-20 15:58:11 | DEBUG    | fgvc.clustering.spherical_kmeans |   Init 2/5: inertia=4.445335
2026-08-20 15:58:11 | DEBUG    | fgvc.clustering.spherical_kmeans |   Init 3/5: inertia=4.354568
2026-08-20 15:58:11 | DEBUG    | fgvc.clustering.spherical_kmeans |   Init 4/5: inertia=4.721368
2026-08-20 15:58:11 | DEBUG    | fgvc.clustering.spherical_kmeans |   Init 5/5: inertia=4.523047
2026-08-20 15:58:11 | DEBUG    | fgvc.clustering.spherical_kmeans |   Init 1/5: inertia=3.962235
2026-08-20 15:58:11 | DEBUG    | fgvc.clustering.spherical_kmeans |   Init 2/5: inertia=4.055001
2026-08-20 15:58:11 | DEBUG    | fgvc.clustering.spherical_kmeans |   Init 3/5: inertia=3.723282
2026-08-20 15:58:11 | DEBUG    | fgvc.clustering.spherical_kmeans |   Init 4/5: inertia=4.188098
2026-08-20 15:58:11 | DEBUG    | fgvc.clustering.spherical_kmeans |   Init 5/5: inertia=4.083497
2026-08-20 15:58:11 | DEBUG    | fgvc.clustering.spherical_kmeans | K selection: best_k=2 | scores={2: {'silhouette': 0.3842, 'compactness': 0.7974, 'score': 0.4313}, 3: {'silhouette': 0.1577, 'compactness': 0.8177, 'score': 0.2575}, 4: {'silhouette': 0.0626, 'compactness': 0.8319, 'score': 0.1476}, 5: {'silhouette': 0.126, 'compactness': 0.8511, 'score': 0.1183}}
2026-08-20 15:58:11 | DEBUG    | fgvc.clustering.spherical_kmeans |   Init 1/10: inertia=5.065945
2026-08-20 15:58:11 | DEBUG    | fgvc.clustering.spherical_kmeans |   Init 2/10: inertia=5.125340
2026-08-20 15:58:11 | DEBUG    | fgvc.clustering.spherical_kmeans |   Init 3/10: inertia=5.091804
2026-08-20 15:58:11 | DEBUG    | fgvc.clustering.spherical_kmeans |   Init 4/10: inertia=5.438576
2026-08-20 15:58:11 | DEBUG    | fgvc.clustering.spherical_kmeans |   Init 5/10: inertia=5.394668
2026-08-20 15:58:11 | DEBUG    | fgvc.clustering.spherical_kmeans |   Init 6/10: inertia=5.065945
2026-08-20 15:58:11 | DEBUG    | fgvc.clustering.spherical_kmeans |   Init 7/10: inertia=5.065945
2026-08-20 15:58:11 | DEBUG    | fgvc.clustering.spherical_kmeans |   Init 8/10: inertia=5.337160
2026-08-20 15:58:11 | DEBUG    | fgvc.clustering.spherical_kmeans |   Init 9/10: inertia=5.419249
2026-08-20 15:58:11 | DEBUG    | fgvc.clustering.spherical_kmeans |   Init 10/10: inertia=5.293586
2026-08-20 15:58:11 | INFO     | fgvc.clustering.spherical_kmeans |   [Swainson_Warbler] k_selected=2 | k_effective=1 | min_cluster=25 | max_cluster=25
2026-08-20 15:58:11 | INFO     | fgvc.clustering.spherical_kmeans |   [Tennessee_Warbler] 25 images
2026-08-20 15:58:11 | DEBUG    | fgvc.clustering.spherical_kmeans |   Init 1/5: inertia=5.439840
2026-08-20 15:58:11 | DEBUG    | fgvc.clustering.spherical_kmeans |   Init 2/5: inertia=5.153475
2026-08-20 15:58:11 | DEBUG    | fgvc.clustering.spherical_kmeans |   Init 3/5: inertia=5.656401
2026-08-20 15:58:11 | DEBUG    | fgvc.clustering.spherical_kmeans |   Init 4/5: inertia=5.432817
2026-08-20 15:58:11 | DEBUG    | fgvc.clustering.spherical_kmeans |   Init 5/5: inertia=5.162246
2026-08-20 15:58:11 | DEBUG    | fgvc.clustering.spherical_kmeans |   Init 1/5: inertia=4.798615
2026-08-20 15:58:11 | DEBUG    | fgvc.clustering.spherical_kmeans |   Init 2/5: inertia=4.844136
2026-08-20 15:58:11 | DEBUG    | fgvc.clustering.spherical_kmeans |   Init 3/5: inertia=4.698680
2026-08-20 15:58:11 | DEBUG    | fgvc.clustering.spherical_kmeans |   Init 4/5: inertia=4.781119
2026-08-20 15:58:11 | DEBUG    | fgvc.clustering.spherical_kmeans |   Init 5/5: inertia=4.831628
2026-08-20 15:58:11 | DEBUG    | fgvc.clustering.spherical_kmeans |   Init 1/5: inertia=4.469132
2026-08-20 15:58:11 | DEBUG    | fgvc.clustering.spherical_kmeans |   Init 2/5: inertia=4.263166
2026-08-20 15:58:11 | DEBUG    | fgvc.clustering.spherical_kmeans |   Init 3/5: inertia=4.130366
2026-08-20 15:58:11 | DEBUG    | fgvc.clustering.spherical_kmeans |   Init 4/5: inertia=4.415305
2026-08-20 15:58:11 | DEBUG    | fgvc.clustering.spherical_kmeans |   Init 5/5: inertia=4.477289
2026-08-20 15:58:11 | DEBUG    | fgvc.clustering.spherical_kmeans |   Init 1/5: inertia=4.292009
2026-08-20 15:58:11 | DEBUG    | fgvc.clustering.spherical_kmeans |   Init 2/5: inertia=4.264461
2026-08-20 15:58:11 | DEBUG    | fgvc.clustering.spherical_kmeans |   Init 3/5: inertia=3.836960
2026-08-20 15:58:11 | DEBUG    | fgvc.clustering.spherical_kmeans |   Init 4/5: inertia=4.011053
2026-08-20 15:58:11 | DEBUG    | fgvc.clustering.spherical_kmeans |   Init 5/5: inertia=3.819457
2026-08-20 15:58:11 | DEBUG    | fgvc.clustering.spherical_kmeans | K selection: best_k=2 | scores={2: {'silhouette': 0.1714, 'compactness': 0.7939, 'score': 0.3239}, 3: {'silhouette': 0.1546, 'compactness': 0.8121, 'score': 0.2543}, 4: {'silhouette': 0.1538, 'compactness': 0.8348, 'score': 0.194}, 5: {'silhouette': 0.1254, 'compactness': 0.8472, 'score': 0.1169}}
2026-08-20 15:58:11 | DEBUG    | fgvc.clustering.spherical_kmeans |   Init 1/10: inertia=5.439840
2026-08-20 15:58:11 | DEBUG    | fgvc.clustering.spherical_kmeans |   Init 2/10: inertia=5.153475
2026-08-20 15:58:11 | DEBUG    | fgvc.clustering.spherical_kmeans |   Init 3/10: inertia=5.656401
2026-08-20 15:58:11 | DEBUG    | fgvc.clustering.spherical_kmeans |   Init 4/10: inertia=5.432817
2026-08-20 15:58:11 | DEBUG    | fgvc.clustering.spherical_kmeans |   Init 5/10: inertia=5.162246
2026-08-20 15:58:11 | DEBUG    | fgvc.clustering.spherical_kmeans |   Init 6/10: inertia=5.190951
2026-08-20 15:58:11 | DEBUG    | fgvc.clustering.spherical_kmeans |   Init 7/10: inertia=5.364319
2026-08-20 15:58:11 | DEBUG    | fgvc.clustering.spherical_kmeans |   Init 8/10: inertia=5.109431
2026-08-20 15:58:11 | DEBUG    | fgvc.clustering.spherical_kmeans |   Init 9/10: inertia=5.179545
2026-08-20 15:58:11 | DEBUG    | fgvc.clustering.spherical_kmeans |   Init 10/10: inertia=5.205364
2026-08-20 15:58:11 | INFO     | fgvc.clustering.spherical_kmeans |   [Tennessee_Warbler] k_selected=2 | k_effective=2 | min_cluster=10 | max_cluster=15
2026-08-20 15:58:11 | INFO     | fgvc.clustering.spherical_kmeans |   [Tree_Sparrow] 25 images
2026-08-20 15:58:11 | DEBUG    | fgvc.clustering.spherical_kmeans |   Init 1/5: inertia=3.402021
2026-08-20 15:58:11 | DEBUG    | fgvc.clustering.spherical_kmeans |   Init 2/5: inertia=3.396570
2026-08-20 15:58:11 | DEBUG    | fgvc.clustering.spherical_kmeans |   Init 3/5: inertia=3.396570
2026-08-20 15:58:11 | DEBUG    | fgvc.clustering.spherical_kmeans |   Init 4/5: inertia=3.396570
2026-08-20 15:58:11 | DEBUG    | fgvc.clustering.spherical_kmeans |   Init 5/5: inertia=3.396570
2026-08-20 15:58:11 | DEBUG    | fgvc.clustering.spherical_kmeans |   Init 1/5: inertia=3.220595
2026-08-20 15:58:11 | DEBUG    | fgvc.clustering.spherical_kmeans |   Init 2/5: inertia=3.237450
2026-08-20 15:58:11 | DEBUG    | fgvc.clustering.spherical_kmeans |   Init 3/5: inertia=3.101671
2026-08-20 15:58:11 | DEBUG    | fgvc.clustering.spherical_kmeans |   Init 4/5: inertia=2.896509
2026-08-20 15:58:11 | DEBUG    | fgvc.clustering.spherical_kmeans |   Init 5/5: inertia=3.047504
2026-08-20 15:58:11 | DEBUG    | fgvc.clustering.spherical_kmeans |   Init 1/5: inertia=3.032590
2026-08-20 15:58:11 | DEBUG    | fgvc.clustering.spherical_kmeans |   Init 2/5: inertia=2.625888
2026-08-20 15:58:11 | DEBUG    | fgvc.clustering.spherical_kmeans |   Init 3/5: inertia=2.905290
2026-08-20 15:58:11 | DEBUG    | fgvc.clustering.spherical_kmeans |   Init 4/5: inertia=2.698058
2026-08-20 15:58:11 | DEBUG    | fgvc.clustering.spherical_kmeans |   Init 5/5: inertia=2.624881
2026-08-20 15:58:11 | DEBUG    | fgvc.clustering.spherical_kmeans |   Init 1/5: inertia=2.667480
2026-08-20 15:58:11 | DEBUG    | fgvc.clustering.spherical_kmeans |   Init 2/5: inertia=2.586424
2026-08-20 15:58:11 | DEBUG    | fgvc.clustering.spherical_kmeans |   Init 3/5: inertia=2.601573
2026-08-20 15:58:11 | DEBUG    | fgvc.clustering.spherical_kmeans |   Init 4/5: inertia=2.514353
2026-08-20 15:58:11 | DEBUG    | fgvc.clustering.spherical_kmeans |   Init 5/5: inertia=2.458656
2026-08-20 15:58:11 | DEBUG    | fgvc.clustering.spherical_kmeans | K selection: best_k=2 | scores={2: {'silhouette': 0.3916, 'compactness': 0.8641, 'score': 0.455}, 3: {'silhouette': 0.4193, 'compactness': 0.8841, 'score': 0.4082}, 4: {'silhouette': 0.3002, 'compactness': 0.895, 'score': 0.2853}, 5: {'silhouette': 0.2029, 'compactness': 0.9017, 'score': 0.172}}
2026-08-20 15:58:11 | DEBUG    | fgvc.clustering.spherical_kmeans |   Init 1/10: inertia=3.402021
2026-08-20 15:58:11 | DEBUG    | fgvc.clustering.spherical_kmeans |   Init 2/10: inertia=3.396570
2026-08-20 15:58:11 | DEBUG    | fgvc.clustering.spherical_kmeans |   Init 3/10: inertia=3.396570
2026-08-20 15:58:11 | DEBUG    | fgvc.clustering.spherical_kmeans |   Init 4/10: inertia=3.396570
2026-08-20 15:58:11 | DEBUG    | fgvc.clustering.spherical_kmeans |   Init 5/10: inertia=3.396570
2026-08-20 15:58:11 | DEBUG    | fgvc.clustering.spherical_kmeans |   Init 6/10: inertia=3.402021
2026-08-20 15:58:11 | DEBUG    | fgvc.clustering.spherical_kmeans |   Init 7/10: inertia=3.402021
2026-08-20 15:58:11 | DEBUG    | fgvc.clustering.spherical_kmeans |   Init 8/10: inertia=3.402021
2026-08-20 15:58:11 | DEBUG    | fgvc.clustering.spherical_kmeans |   Init 9/10: inertia=3.396570
2026-08-20 15:58:11 | DEBUG    | fgvc.clustering.spherical_kmeans |   Init 10/10: inertia=3.402021
2026-08-20 15:58:11 | INFO     | fgvc.clustering.spherical_kmeans |   [Tree_Sparrow] k_selected=2 | k_effective=2 | min_cluster=9 | max_cluster=16
2026-08-20 15:58:11 | INFO     | fgvc.clustering.spherical_kmeans |   [Tree_Swallow] 25 images
2026-08-20 15:58:11 | DEBUG    | fgvc.clustering.spherical_kmeans |   Init 1/5: inertia=2.617432
2026-08-20 15:58:11 | DEBUG    | fgvc.clustering.spherical_kmeans |   Init 2/5: inertia=2.497089
2026-08-20 15:58:11 | DEBUG    | fgvc.clustering.spherical_kmeans |   Init 3/5: inertia=2.524283
2026-08-20 15:58:11 | DEBUG    | fgvc.clustering.spherical_kmeans |   Init 4/5: inertia=2.550984
2026-08-20 15:58:11 | DEBUG    | fgvc.clustering.spherical_kmeans |   Init 5/5: inertia=2.590671
2026-08-20 15:58:11 | DEBUG    | fgvc.clustering.spherical_kmeans |   Init 1/5: inertia=2.398996
2026-08-20 15:58:11 | DEBUG    | fgvc.clustering.spherical_kmeans |   Init 2/5: inertia=2.442519
2026-08-20 15:58:11 | DEBUG    | fgvc.clustering.spherical_kmeans |   Init 3/5: inertia=2.358563
2026-08-20 15:58:11 | DEBUG    | fgvc.clustering.spherical_kmeans |   Init 4/5: inertia=2.393682
2026-08-20 15:58:11 | DEBUG    | fgvc.clustering.spherical_kmeans |   Init 5/5: inertia=2.402894
2026-08-20 15:58:11 | DEBUG    | fgvc.clustering.spherical_kmeans |   Init 1/5: inertia=2.198999
2026-08-20 15:58:11 | DEBUG    | fgvc.clustering.spherical_kmeans |   Init 2/5: inertia=2.203911
2026-08-20 15:58:11 | DEBUG    | fgvc.clustering.spherical_kmeans |   Init 3/5: inertia=2.274242
2026-08-20 15:58:11 | DEBUG    | fgvc.clustering.spherical_kmeans |   Init 4/5: inertia=2.288681
2026-08-20 15:58:11 | DEBUG    | fgvc.clustering.spherical_kmeans |   Init 5/5: inertia=2.113102
2026-08-20 15:58:11 | DEBUG    | fgvc.clustering.spherical_kmeans |   Init 1/5: inertia=2.022199
2026-08-20 15:58:11 | DEBUG    | fgvc.clustering.spherical_kmeans |   Init 2/5: inertia=2.010787
2026-08-20 15:58:11 | DEBUG    | fgvc.clustering.spherical_kmeans |   Init 3/5: inertia=2.053911
2026-08-20 15:58:11 | DEBUG    | fgvc.clustering.spherical_kmeans |   Init 4/5: inertia=2.076141
2026-08-20 15:58:11 | DEBUG    | fgvc.clustering.spherical_kmeans |   Init 5/5: inertia=1.959484
2026-08-20 15:58:11 | DEBUG    | fgvc.clustering.spherical_kmeans | K selection: best_k=2 | scores={2: {'silhouette': 0.3211, 'compactness': 0.9001, 'score': 0.4306}, 3: {'silhouette': 0.0542, 'compactness': 0.9057, 'score': 0.2321}, 4: {'silhouette': 0.0728, 'compactness': 0.9155, 'score': 0.1777}, 5: {'silhouette': 0.0311, 'compactness': 0.9216, 'score': 0.092}}
2026-08-20 15:58:11 | DEBUG    | fgvc.clustering.spherical_kmeans |   Init 1/10: inertia=2.617432
2026-08-20 15:58:11 | DEBUG    | fgvc.clustering.spherical_kmeans |   Init 2/10: inertia=2.497089
2026-08-20 15:58:11 | DEBUG    | fgvc.clustering.spherical_kmeans |   Init 3/10: inertia=2.524283
2026-08-20 15:58:11 | DEBUG    | fgvc.clustering.spherical_kmeans |   Init 4/10: inertia=2.550984
2026-08-20 15:58:11 | DEBUG    | fgvc.clustering.spherical_kmeans |   Init 5/10: inertia=2.590671
2026-08-20 15:58:11 | DEBUG    | fgvc.clustering.spherical_kmeans |   Init 6/10: inertia=2.538760
2026-08-20 15:58:11 | DEBUG    | fgvc.clustering.spherical_kmeans |   Init 7/10: inertia=2.590671
2026-08-20 15:58:11 | DEBUG    | fgvc.clustering.spherical_kmeans |   Init 8/10: inertia=2.529798
2026-08-20 15:58:11 | DEBUG    | fgvc.clustering.spherical_kmeans |   Init 9/10: inertia=2.497089
2026-08-20 15:58:11 | DEBUG    | fgvc.clustering.spherical_kmeans |   Init 10/10: inertia=2.557988
2026-08-20 15:58:11 | INFO     | fgvc.clustering.spherical_kmeans |   [Tree_Swallow] k_selected=2 | k_effective=1 | min_cluster=25 | max_cluster=25
2026-08-20 15:58:11 | INFO     | fgvc.clustering.spherical_kmeans |   [Tropical_Kingbird] 25 images
2026-08-20 15:58:11 | DEBUG    | fgvc.clustering.spherical_kmeans |   Init 1/5: inertia=3.074302
2026-08-20 15:58:11 | DEBUG    | fgvc.clustering.spherical_kmeans |   Init 2/5: inertia=2.963928
2026-08-20 15:58:11 | DEBUG    | fgvc.clustering.spherical_kmeans |   Init 3/5: inertia=3.079989
2026-08-20 15:58:11 | DEBUG    | fgvc.clustering.spherical_kmeans |   Init 4/5: inertia=2.984398
2026-08-20 15:58:11 | DEBUG    | fgvc.clustering.spherical_kmeans |   Init 5/5: inertia=2.963928
2026-08-20 15:58:11 | DEBUG    | fgvc.clustering.spherical_kmeans |   Init 1/5: inertia=2.869711
2026-08-20 15:58:11 | DEBUG    | fgvc.clustering.spherical_kmeans |   Init 2/5: inertia=2.778292
2026-08-20 15:58:11 | DEBUG    | fgvc.clustering.spherical_kmeans |   Init 3/5: inertia=2.715308
2026-08-20 15:58:11 | DEBUG    | fgvc.clustering.spherical_kmeans |   Init 4/5: inertia=2.874952
2026-08-20 15:58:11 | DEBUG    | fgvc.clustering.spherical_kmeans |   Init 5/5: inertia=2.805405
2026-08-20 15:58:11 | DEBUG    | fgvc.clustering.spherical_kmeans |   Init 1/5: inertia=2.597242
2026-08-20 15:58:11 | DEBUG    | fgvc.clustering.spherical_kmeans |   Init 2/5: inertia=2.489010
2026-08-20 15:58:11 | DEBUG    | fgvc.clustering.spherical_kmeans |   Init 3/5: inertia=2.516838
2026-08-20 15:58:11 | DEBUG    | fgvc.clustering.spherical_kmeans |   Init 4/5: inertia=2.499417
2026-08-20 15:58:11 | DEBUG    | fgvc.clustering.spherical_kmeans |   Init 5/5: inertia=2.524573
2026-08-20 15:58:11 | DEBUG    | fgvc.clustering.spherical_kmeans |   Init 1/5: inertia=2.457304
2026-08-20 15:58:11 | DEBUG    | fgvc.clustering.spherical_kmeans |   Init 2/5: inertia=2.490897
2026-08-20 15:58:11 | DEBUG    | fgvc.clustering.spherical_kmeans |   Init 3/5: inertia=2.256618
2026-08-20 15:58:11 | DEBUG    | fgvc.clustering.spherical_kmeans |   Init 4/5: inertia=2.422581
2026-08-20 15:58:11 | DEBUG    | fgvc.clustering.spherical_kmeans |   Init 5/5: inertia=2.381839
2026-08-20 15:58:11 | DEBUG    | fgvc.clustering.spherical_kmeans | K selection: best_k=2 | scores={2: {'silhouette': 0.376, 'compactness': 0.8814, 'score': 0.4525}, 3: {'silhouette': 0.043, 'compactness': 0.8914, 'score': 0.2223}, 4: {'silhouette': 0.09, 'compactness': 0.9004, 'score': 0.1818}, 5: {'silhouette': 0.0587, 'compactness': 0.9097, 'score': 0.1023}}
2026-08-20 15:58:11 | DEBUG    | fgvc.clustering.spherical_kmeans |   Init 1/10: inertia=3.074302
2026-08-20 15:58:11 | DEBUG    | fgvc.clustering.spherical_kmeans |   Init 2/10: inertia=2.963928
2026-08-20 15:58:11 | DEBUG    | fgvc.clustering.spherical_kmeans |   Init 3/10: inertia=3.079989
2026-08-20 15:58:11 | DEBUG    | fgvc.clustering.spherical_kmeans |   Init 4/10: inertia=2.984398
2026-08-20 15:58:11 | DEBUG    | fgvc.clustering.spherical_kmeans |   Init 5/10: inertia=2.963928
2026-08-20 15:58:11 | DEBUG    | fgvc.clustering.spherical_kmeans |   Init 6/10: inertia=2.963928
2026-08-20 15:58:11 | DEBUG    | fgvc.clustering.spherical_kmeans |   Init 7/10: inertia=2.984904
2026-08-20 15:58:11 | DEBUG    | fgvc.clustering.spherical_kmeans |   Init 8/10: inertia=3.027572
2026-08-20 15:58:11 | DEBUG    | fgvc.clustering.spherical_kmeans |   Init 9/10: inertia=2.963928
2026-08-20 15:58:11 | DEBUG    | fgvc.clustering.spherical_kmeans |   Init 10/10: inertia=3.018591
2026-08-20 15:58:11 | INFO     | fgvc.clustering.spherical_kmeans |   [Tropical_Kingbird] k_selected=2 | k_effective=1 | min_cluster=25 | max_cluster=25
2026-08-20 15:58:11 | INFO     | fgvc.clustering.spherical_kmeans |   [Vermilion_Flycatcher] 25 images
2026-08-20 15:58:11 | DEBUG    | fgvc.clustering.spherical_kmeans |   Init 1/5: inertia=2.694911
2026-08-20 15:58:11 | DEBUG    | fgvc.clustering.spherical_kmeans |   Init 2/5: inertia=2.732749
2026-08-20 15:58:11 | DEBUG    | fgvc.clustering.spherical_kmeans |   Init 3/5: inertia=2.721981
2026-08-20 15:58:11 | DEBUG    | fgvc.clustering.spherical_kmeans |   Init 4/5: inertia=2.622905
2026-08-20 15:58:11 | DEBUG    | fgvc.clustering.spherical_kmeans |   Init 5/5: inertia=2.747291
2026-08-20 15:58:11 | DEBUG    | fgvc.clustering.spherical_kmeans |   Init 1/5: inertia=2.469870
2026-08-20 15:58:11 | DEBUG    | fgvc.clustering.spherical_kmeans |   Init 2/5: inertia=2.445767
2026-08-20 15:58:11 | DEBUG    | fgvc.clustering.spherical_kmeans |   Init 3/5: inertia=2.557867
2026-08-20 15:58:11 | DEBUG    | fgvc.clustering.spherical_kmeans |   Init 4/5: inertia=2.426157
2026-08-20 15:58:11 | DEBUG    | fgvc.clustering.spherical_kmeans |   Init 5/5: inertia=2.486053
2026-08-20 15:58:11 | DEBUG    | fgvc.clustering.spherical_kmeans |   Init 1/5: inertia=2.381055
2026-08-20 15:58:11 | DEBUG    | fgvc.clustering.spherical_kmeans |   Init 2/5: inertia=2.173823
2026-08-20 15:58:11 | DEBUG    | fgvc.clustering.spherical_kmeans |   Init 3/5: inertia=2.278788
2026-08-20 15:58:11 | DEBUG    | fgvc.clustering.spherical_kmeans |   Init 4/5: inertia=2.449543
2026-08-20 15:58:11 | DEBUG    | fgvc.clustering.spherical_kmeans |   Init 5/5: inertia=2.308095
2026-08-20 15:58:11 | DEBUG    | fgvc.clustering.spherical_kmeans |   Init 1/5: inertia=2.214355
2026-08-20 15:58:11 | DEBUG    | fgvc.clustering.spherical_kmeans |   Init 2/5: inertia=2.062751
2026-08-20 15:58:11 | DEBUG    | fgvc.clustering.spherical_kmeans |   Init 3/5: inertia=2.051264
2026-08-20 15:58:11 | DEBUG    | fgvc.clustering.spherical_kmeans |   Init 4/5: inertia=2.108512
2026-08-20 15:58:11 | DEBUG    | fgvc.clustering.spherical_kmeans |   Init 5/5: inertia=2.066010
2026-08-20 15:58:11 | DEBUG    | fgvc.clustering.spherical_kmeans | K selection: best_k=2 | scores={2: {'silhouette': 0.249, 'compactness': 0.8951, 'score': 0.393}, 3: {'silhouette': 0.0674, 'compactness': 0.903, 'score': 0.2379}, 4: {'silhouette': 0.1529, 'compactness': 0.913, 'score': 0.217}, 5: {'silhouette': 0.0526, 'compactness': 0.9179, 'score': 0.1017}}
2026-08-20 15:58:11 | DEBUG    | fgvc.clustering.spherical_kmeans |   Init 1/10: inertia=2.694911
2026-08-20 15:58:11 | DEBUG    | fgvc.clustering.spherical_kmeans |   Init 2/10: inertia=2.732749
2026-08-20 15:58:11 | DEBUG    | fgvc.clustering.spherical_kmeans |   Init 3/10: inertia=2.721981
2026-08-20 15:58:11 | DEBUG    | fgvc.clustering.spherical_kmeans |   Init 4/10: inertia=2.622905
2026-08-20 15:58:11 | DEBUG    | fgvc.clustering.spherical_kmeans |   Init 5/10: inertia=2.747291
2026-08-20 15:58:11 | DEBUG    | fgvc.clustering.spherical_kmeans |   Init 6/10: inertia=2.739240
2026-08-20 15:58:11 | DEBUG    | fgvc.clustering.spherical_kmeans |   Init 7/10: inertia=2.659477
2026-08-20 15:58:11 | DEBUG    | fgvc.clustering.spherical_kmeans |   Init 8/10: inertia=2.655416
2026-08-20 15:58:11 | DEBUG    | fgvc.clustering.spherical_kmeans |   Init 9/10: inertia=2.730574
2026-08-20 15:58:11 | DEBUG    | fgvc.clustering.spherical_kmeans |   Init 10/10: inertia=2.653357
2026-08-20 15:58:11 | INFO     | fgvc.clustering.spherical_kmeans |   [Vermilion_Flycatcher] k_selected=2 | k_effective=1 | min_cluster=25 | max_cluster=25
2026-08-20 15:58:11 | INFO     | fgvc.clustering.spherical_kmeans |   [Vesper_Sparrow] 25 images
2026-08-20 15:58:11 | DEBUG    | fgvc.clustering.spherical_kmeans |   Init 1/5: inertia=4.770456
2026-08-20 15:58:11 | DEBUG    | fgvc.clustering.spherical_kmeans |   Init 2/5: inertia=4.779408
2026-08-20 15:58:11 | DEBUG    | fgvc.clustering.spherical_kmeans |   Init 3/5: inertia=4.955596
2026-08-20 15:58:11 | DEBUG    | fgvc.clustering.spherical_kmeans |   Init 4/5: inertia=4.944092
2026-08-20 15:58:11 | DEBUG    | fgvc.clustering.spherical_kmeans |   Init 5/5: inertia=4.944048
2026-08-20 15:58:11 | DEBUG    | fgvc.clustering.spherical_kmeans |   Init 1/5: inertia=4.448633
2026-08-20 15:58:11 | DEBUG    | fgvc.clustering.spherical_kmeans |   Init 2/5: inertia=4.697388
2026-08-20 15:58:11 | DEBUG    | fgvc.clustering.spherical_kmeans |   Init 3/5: inertia=4.645839
2026-08-20 15:58:11 | DEBUG    | fgvc.clustering.spherical_kmeans |   Init 4/5: inertia=4.284229
2026-08-20 15:58:11 | DEBUG    | fgvc.clustering.spherical_kmeans |   Init 5/5: inertia=4.641907
2026-08-20 15:58:11 | DEBUG    | fgvc.clustering.spherical_kmeans |   Init 1/5: inertia=4.146242
2026-08-20 15:58:11 | DEBUG    | fgvc.clustering.spherical_kmeans |   Init 2/5: inertia=4.318683
2026-08-20 15:58:11 | DEBUG    | fgvc.clustering.spherical_kmeans |   Init 3/5: inertia=4.025494
2026-08-20 15:58:11 | DEBUG    | fgvc.clustering.spherical_kmeans |   Init 4/5: inertia=4.250639
2026-08-20 15:58:11 | DEBUG    | fgvc.clustering.spherical_kmeans |   Init 5/5: inertia=4.423304
2026-08-20 15:58:11 | DEBUG    | fgvc.clustering.spherical_kmeans |   Init 1/5: inertia=3.876481
2026-08-20 15:58:11 | DEBUG    | fgvc.clustering.spherical_kmeans |   Init 2/5: inertia=3.989780
2026-08-20 15:58:11 | DEBUG    | fgvc.clustering.spherical_kmeans |   Init 3/5: inertia=3.907982
2026-08-20 15:58:11 | DEBUG    | fgvc.clustering.spherical_kmeans |   Init 4/5: inertia=3.673909
2026-08-20 15:58:11 | DEBUG    | fgvc.clustering.spherical_kmeans |   Init 5/5: inertia=4.090798
2026-08-20 15:58:11 | DEBUG    | fgvc.clustering.spherical_kmeans | K selection: best_k=2 | scores={2: {'silhouette': 0.4322, 'compactness': 0.8092, 'score': 0.4589}, 3: {'silhouette': 0.1534, 'compactness': 0.8286, 'score': 0.2586}, 4: {'silhouette': 0.0578, 'compactness': 0.839, 'score': 0.1472}, 5: {'silhouette': 0.0387, 'compactness': 0.853, 'score': 0.0753}}
2026-08-20 15:58:11 | DEBUG    | fgvc.clustering.spherical_kmeans |   Init 1/10: inertia=4.770456
2026-08-20 15:58:11 | DEBUG    | fgvc.clustering.spherical_kmeans |   Init 2/10: inertia=4.779408
2026-08-20 15:58:11 | DEBUG    | fgvc.clustering.spherical_kmeans |   Init 3/10: inertia=4.955596
2026-08-20 15:58:11 | DEBUG    | fgvc.clustering.spherical_kmeans |   Init 4/10: inertia=4.944092
2026-08-20 15:58:11 | DEBUG    | fgvc.clustering.spherical_kmeans |   Init 5/10: inertia=4.944048
2026-08-20 15:58:11 | DEBUG    | fgvc.clustering.spherical_kmeans |   Init 6/10: inertia=4.971484
2026-08-20 15:58:11 | DEBUG    | fgvc.clustering.spherical_kmeans |   Init 7/10: inertia=4.852992
2026-08-20 15:58:11 | DEBUG    | fgvc.clustering.spherical_kmeans |   Init 8/10: inertia=4.898662
2026-08-20 15:58:11 | DEBUG    | fgvc.clustering.spherical_kmeans |   Init 9/10: inertia=4.878629
2026-08-20 15:58:11 | DEBUG    | fgvc.clustering.spherical_kmeans |   Init 10/10: inertia=4.770456
2026-08-20 15:58:11 | INFO     | fgvc.clustering.spherical_kmeans |   [Vesper_Sparrow] k_selected=2 | k_effective=1 | min_cluster=25 | max_cluster=25
2026-08-20 15:58:11 | INFO     | fgvc.clustering.spherical_kmeans |   [Warbling_Vireo] 25 images
2026-08-20 15:58:11 | DEBUG    | fgvc.clustering.spherical_kmeans |   Init 1/5: inertia=4.566960
2026-08-20 15:58:11 | DEBUG    | fgvc.clustering.spherical_kmeans |   Init 2/5: inertia=4.321660
2026-08-20 15:58:11 | DEBUG    | fgvc.clustering.spherical_kmeans |   Init 3/5: inertia=4.583815
2026-08-20 15:58:11 | DEBUG    | fgvc.clustering.spherical_kmeans |   Init 4/5: inertia=4.388425
2026-08-20 15:58:11 | DEBUG    | fgvc.clustering.spherical_kmeans |   Init 5/5: inertia=4.345082
2026-08-20 15:58:11 | DEBUG    | fgvc.clustering.spherical_kmeans |   Init 1/5: inertia=4.362170
2026-08-20 15:58:11 | DEBUG    | fgvc.clustering.spherical_kmeans |   Init 2/5: inertia=3.922695
2026-08-20 15:58:11 | DEBUG    | fgvc.clustering.spherical_kmeans |   Init 3/5: inertia=3.888345
2026-08-20 15:58:11 | DEBUG    | fgvc.clustering.spherical_kmeans |   Init 4/5: inertia=4.026356
2026-08-20 15:58:11 | DEBUG    | fgvc.clustering.spherical_kmeans |   Init 5/5: inertia=4.041496
2026-08-20 15:58:11 | DEBUG    | fgvc.clustering.spherical_kmeans |   Init 1/5: inertia=3.828629
2026-08-20 15:58:11 | DEBUG    | fgvc.clustering.spherical_kmeans |   Init 2/5: inertia=3.738506
2026-08-20 15:58:11 | DEBUG    | fgvc.clustering.spherical_kmeans |   Init 3/5: inertia=3.576930
2026-08-20 15:58:11 | DEBUG    | fgvc.clustering.spherical_kmeans |   Init 4/5: inertia=3.798874
2026-08-20 15:58:11 | DEBUG    | fgvc.clustering.spherical_kmeans |   Init 5/5: inertia=3.569497
2026-08-20 15:58:11 | DEBUG    | fgvc.clustering.spherical_kmeans |   Init 1/5: inertia=3.606679
2026-08-20 15:58:11 | DEBUG    | fgvc.clustering.spherical_kmeans |   Init 2/5: inertia=3.537526
2026-08-20 15:58:11 | DEBUG    | fgvc.clustering.spherical_kmeans |   Init 3/5: inertia=3.285486
2026-08-20 15:58:11 | DEBUG    | fgvc.clustering.spherical_kmeans |   Init 4/5: inertia=3.492737
2026-08-20 15:58:11 | DEBUG    | fgvc.clustering.spherical_kmeans |   Init 5/5: inertia=3.559266
2026-08-20 15:58:11 | DEBUG    | fgvc.clustering.spherical_kmeans | K selection: best_k=2 | scores={2: {'silhouette': 0.1149, 'compactness': 0.8271, 'score': 0.3056}, 3: {'silhouette': 0.0567, 'compactness': 0.8445, 'score': 0.215}, 4: {'silhouette': 0.0635, 'compactness': 0.8572, 'score': 0.1556}, 5: {'silhouette': 0.0313, 'compactness': 0.8686, 'score': 0.0762}}
2026-08-20 15:58:11 | DEBUG    | fgvc.clustering.spherical_kmeans |   Init 1/10: inertia=4.566960
2026-08-20 15:58:11 | DEBUG    | fgvc.clustering.spherical_kmeans |   Init 2/10: inertia=4.321660
2026-08-20 15:58:11 | DEBUG    | fgvc.clustering.spherical_kmeans |   Init 3/10: inertia=4.583815
2026-08-20 15:58:11 | DEBUG    | fgvc.clustering.spherical_kmeans |   Init 4/10: inertia=4.388425
2026-08-20 15:58:11 | DEBUG    | fgvc.clustering.spherical_kmeans |   Init 5/10: inertia=4.345082
2026-08-20 15:58:11 | DEBUG    | fgvc.clustering.spherical_kmeans |   Init 6/10: inertia=4.311402
2026-08-20 15:58:11 | DEBUG    | fgvc.clustering.spherical_kmeans |   Init 7/10: inertia=4.254620
2026-08-20 15:58:11 | DEBUG    | fgvc.clustering.spherical_kmeans |   Init 8/10: inertia=4.435758
2026-08-20 15:58:11 | DEBUG    | fgvc.clustering.spherical_kmeans |   Init 9/10: inertia=4.237118
2026-08-20 15:58:11 | DEBUG    | fgvc.clustering.spherical_kmeans |   Init 10/10: inertia=4.394856
2026-08-20 15:58:11 | INFO     | fgvc.clustering.spherical_kmeans |   [Warbling_Vireo] k_selected=2 | k_effective=2 | min_cluster=9 | max_cluster=16
2026-08-20 15:58:11 | INFO     | fgvc.clustering.spherical_kmeans |   [Western_Grebe] 25 images
2026-08-20 15:58:11 | DEBUG    | fgvc.clustering.spherical_kmeans |   Init 1/5: inertia=2.804687
2026-08-20 15:58:11 | DEBUG    | fgvc.clustering.spherical_kmeans |   Init 2/5: inertia=2.628192
2026-08-20 15:58:11 | DEBUG    | fgvc.clustering.spherical_kmeans |   Init 3/5: inertia=2.543922
2026-08-20 15:58:11 | DEBUG    | fgvc.clustering.spherical_kmeans |   Init 4/5: inertia=2.531239
2026-08-20 15:58:11 | DEBUG    | fgvc.clustering.spherical_kmeans |   Init 5/5: inertia=2.542789
2026-08-20 15:58:11 | DEBUG    | fgvc.clustering.spherical_kmeans |   Init 1/5: inertia=2.557895
2026-08-20 15:58:11 | DEBUG    | fgvc.clustering.spherical_kmeans |   Init 2/5: inertia=2.414225
2026-08-20 15:58:11 | DEBUG    | fgvc.clustering.spherical_kmeans |   Init 3/5: inertia=2.318533
2026-08-20 15:58:11 | DEBUG    | fgvc.clustering.spherical_kmeans |   Init 4/5: inertia=2.349704
2026-08-20 15:58:11 | DEBUG    | fgvc.clustering.spherical_kmeans |   Init 5/5: inertia=2.669054
2026-08-20 15:58:11 | DEBUG    | fgvc.clustering.spherical_kmeans |   Init 1/5: inertia=2.151808
2026-08-20 15:58:11 | DEBUG    | fgvc.clustering.spherical_kmeans |   Init 2/5: inertia=2.123267
2026-08-20 15:58:11 | DEBUG    | fgvc.clustering.spherical_kmeans |   Init 3/5: inertia=2.079924
2026-08-20 15:58:11 | DEBUG    | fgvc.clustering.spherical_kmeans |   Init 4/5: inertia=2.130141
2026-08-20 15:58:11 | DEBUG    | fgvc.clustering.spherical_kmeans |   Init 5/5: inertia=2.250415
2026-08-20 15:58:11 | DEBUG    | fgvc.clustering.spherical_kmeans |   Init 1/5: inertia=2.054496
2026-08-20 15:58:11 | DEBUG    | fgvc.clustering.spherical_kmeans |   Init 2/5: inertia=2.016603
2026-08-20 15:58:11 | DEBUG    | fgvc.clustering.spherical_kmeans |   Init 3/5: inertia=1.943238
2026-08-20 15:58:11 | DEBUG    | fgvc.clustering.spherical_kmeans |   Init 4/5: inertia=1.945936
2026-08-20 15:58:11 | DEBUG    | fgvc.clustering.spherical_kmeans |   Init 5/5: inertia=2.088173
2026-08-20 15:58:11 | DEBUG    | fgvc.clustering.spherical_kmeans | K selection: best_k=2 | scores={2: {'silhouette': 0.3186, 'compactness': 0.8988, 'score': 0.4289}, 3: {'silhouette': 0.1007, 'compactness': 0.9073, 'score': 0.2559}, 4: {'silhouette': 0.144, 'compactness': 0.9168, 'score': 0.2137}, 5: {'silhouette': 0.0965, 'compactness': 0.9223, 'score': 0.1249}}
2026-08-20 15:58:11 | DEBUG    | fgvc.clustering.spherical_kmeans |   Init 1/10: inertia=2.804687
2026-08-20 15:58:11 | DEBUG    | fgvc.clustering.spherical_kmeans |   Init 2/10: inertia=2.628192
2026-08-20 15:58:11 | DEBUG    | fgvc.clustering.spherical_kmeans |   Init 3/10: inertia=2.543922
2026-08-20 15:58:11 | DEBUG    | fgvc.clustering.spherical_kmeans |   Init 4/10: inertia=2.531239
2026-08-20 15:58:11 | DEBUG    | fgvc.clustering.spherical_kmeans |   Init 5/10: inertia=2.542789
2026-08-20 15:58:11 | DEBUG    | fgvc.clustering.spherical_kmeans |   Init 6/10: inertia=2.543922
2026-08-20 15:58:11 | DEBUG    | fgvc.clustering.spherical_kmeans |   Init 7/10: inertia=2.559896
2026-08-20 15:58:11 | DEBUG    | fgvc.clustering.spherical_kmeans |   Init 8/10: inertia=2.574487
2026-08-20 15:58:11 | DEBUG    | fgvc.clustering.spherical_kmeans |   Init 9/10: inertia=2.542789
2026-08-20 15:58:11 | DEBUG    | fgvc.clustering.spherical_kmeans |   Init 10/10: inertia=2.628192
2026-08-20 15:58:11 | INFO     | fgvc.clustering.spherical_kmeans |   [Western_Grebe] k_selected=2 | k_effective=2 | min_cluster=5 | max_cluster=20
2026-08-20 15:58:11 | INFO     | fgvc.clustering.spherical_kmeans |   [Western_Gull] 25 images
2026-08-20 15:58:11 | DEBUG    | fgvc.clustering.spherical_kmeans |   Init 1/5: inertia=3.642133
2026-08-20 15:58:11 | DEBUG    | fgvc.clustering.spherical_kmeans |   Init 2/5: inertia=3.508331
2026-08-20 15:58:11 | DEBUG    | fgvc.clustering.spherical_kmeans |   Init 3/5: inertia=3.550484
2026-08-20 15:58:11 | DEBUG    | fgvc.clustering.spherical_kmeans |   Init 4/5: inertia=3.342795
2026-08-20 15:58:11 | DEBUG    | fgvc.clustering.spherical_kmeans |   Init 5/5: inertia=3.504652
2026-08-20 15:58:11 | DEBUG    | fgvc.clustering.spherical_kmeans |   Init 1/5: inertia=3.087937
2026-08-20 15:58:11 | DEBUG    | fgvc.clustering.spherical_kmeans |   Init 2/5: inertia=3.403392
2026-08-20 15:58:11 | DEBUG    | fgvc.clustering.spherical_kmeans |   Init 3/5: inertia=3.112442
2026-08-20 15:58:11 | DEBUG    | fgvc.clustering.spherical_kmeans |   Init 4/5: inertia=2.874201
2026-08-20 15:58:11 | DEBUG    | fgvc.clustering.spherical_kmeans |   Init 5/5: inertia=3.087338
2026-08-20 15:58:11 | DEBUG    | fgvc.clustering.spherical_kmeans |   Init 1/5: inertia=2.968410
2026-08-20 15:58:11 | DEBUG    | fgvc.clustering.spherical_kmeans |   Init 2/5: inertia=2.793694
2026-08-20 15:58:11 | DEBUG    | fgvc.clustering.spherical_kmeans |   Init 3/5: inertia=3.069324
2026-08-20 15:58:11 | DEBUG    | fgvc.clustering.spherical_kmeans |   Init 4/5: inertia=3.026941
2026-08-20 15:58:11 | DEBUG    | fgvc.clustering.spherical_kmeans |   Init 5/5: inertia=2.831258
2026-08-20 15:58:11 | DEBUG    | fgvc.clustering.spherical_kmeans |   Init 1/5: inertia=2.704326
2026-08-20 15:58:11 | DEBUG    | fgvc.clustering.spherical_kmeans |   Init 2/5: inertia=2.551012
2026-08-20 15:58:11 | DEBUG    | fgvc.clustering.spherical_kmeans |   Init 3/5: inertia=2.632779
2026-08-20 15:58:11 | DEBUG    | fgvc.clustering.spherical_kmeans |   Init 4/5: inertia=2.549795
2026-08-20 15:58:11 | DEBUG    | fgvc.clustering.spherical_kmeans |   Init 5/5: inertia=2.437073
2026-08-20 15:58:11 | DEBUG    | fgvc.clustering.spherical_kmeans | K selection: best_k=2 | scores={2: {'silhouette': 0.4244, 'compactness': 0.8663, 'score': 0.4721}, 3: {'silhouette': 0.3072, 'compactness': 0.885, 'score': 0.3524}, 4: {'silhouette': 0.0799, 'compactness': 0.8883, 'score': 0.1731}, 5: {'silhouette': 0.1587, 'compactness': 0.9025, 'score': 0.1501}}
2026-08-20 15:58:11 | DEBUG    | fgvc.clustering.spherical_kmeans |   Init 1/10: inertia=3.642133
2026-08-20 15:58:11 | DEBUG    | fgvc.clustering.spherical_kmeans |   Init 2/10: inertia=3.508331
2026-08-20 15:58:11 | DEBUG    | fgvc.clustering.spherical_kmeans |   Init 3/10: inertia=3.550484
2026-08-20 15:58:11 | DEBUG    | fgvc.clustering.spherical_kmeans |   Init 4/10: inertia=3.342795
2026-08-20 15:58:11 | DEBUG    | fgvc.clustering.spherical_kmeans |   Init 5/10: inertia=3.504652
2026-08-20 15:58:11 | DEBUG    | fgvc.clustering.spherical_kmeans |   Init 6/10: inertia=3.610474
2026-08-20 15:58:11 | DEBUG    | fgvc.clustering.spherical_kmeans |   Init 7/10: inertia=3.433585
2026-08-20 15:58:11 | DEBUG    | fgvc.clustering.spherical_kmeans |   Init 8/10: inertia=3.385683
2026-08-20 15:58:11 | DEBUG    | fgvc.clustering.spherical_kmeans |   Init 9/10: inertia=3.567180
2026-08-20 15:58:11 | DEBUG    | fgvc.clustering.spherical_kmeans |   Init 10/10: inertia=3.564726
2026-08-20 15:58:11 | INFO     | fgvc.clustering.spherical_kmeans |   [Western_Gull] k_selected=2 | k_effective=1 | min_cluster=25 | max_cluster=25
2026-08-20 15:58:11 | INFO     | fgvc.clustering.spherical_kmeans |   [Western_Meadowlark] 25 images
2026-08-20 15:58:11 | DEBUG    | fgvc.clustering.spherical_kmeans |   Init 1/5: inertia=2.968725
2026-08-20 15:58:11 | DEBUG    | fgvc.clustering.spherical_kmeans |   Init 2/5: inertia=2.992584
2026-08-20 15:58:11 | DEBUG    | fgvc.clustering.spherical_kmeans |   Init 3/5: inertia=3.006427
2026-08-20 15:58:11 | DEBUG    | fgvc.clustering.spherical_kmeans |   Init 4/5: inertia=2.968725
2026-08-20 15:58:11 | DEBUG    | fgvc.clustering.spherical_kmeans |   Init 5/5: inertia=3.016179
2026-08-20 15:58:11 | DEBUG    | fgvc.clustering.spherical_kmeans |   Init 1/5: inertia=2.720867
2026-08-20 15:58:11 | DEBUG    | fgvc.clustering.spherical_kmeans |   Init 2/5: inertia=2.806134
2026-08-20 15:58:11 | DEBUG    | fgvc.clustering.spherical_kmeans |   Init 3/5: inertia=2.906361
2026-08-20 15:58:11 | DEBUG    | fgvc.clustering.spherical_kmeans |   Init 4/5: inertia=2.781007
2026-08-20 15:58:11 | DEBUG    | fgvc.clustering.spherical_kmeans |   Init 5/5: inertia=2.657086
2026-08-20 15:58:11 | DEBUG    | fgvc.clustering.spherical_kmeans |   Init 1/5: inertia=2.510932
2026-08-20 15:58:11 | DEBUG    | fgvc.clustering.spherical_kmeans |   Init 2/5: inertia=2.534013
2026-08-20 15:58:11 | DEBUG    | fgvc.clustering.spherical_kmeans |   Init 3/5: inertia=2.566283
2026-08-20 15:58:11 | DEBUG    | fgvc.clustering.spherical_kmeans |   Init 4/5: inertia=2.416464
2026-08-20 15:58:11 | DEBUG    | fgvc.clustering.spherical_kmeans |   Init 5/5: inertia=2.535753
2026-08-20 15:58:11 | DEBUG    | fgvc.clustering.spherical_kmeans |   Init 1/5: inertia=2.342754
2026-08-20 15:58:11 | DEBUG    | fgvc.clustering.spherical_kmeans |   Init 2/5: inertia=2.455556
2026-08-20 15:58:11 | DEBUG    | fgvc.clustering.spherical_kmeans |   Init 3/5: inertia=2.323271
2026-08-20 15:58:11 | DEBUG    | fgvc.clustering.spherical_kmeans |   Init 4/5: inertia=2.390791
2026-08-20 15:58:11 | DEBUG    | fgvc.clustering.spherical_kmeans |   Init 5/5: inertia=2.409689
2026-08-20 15:58:11 | DEBUG    | fgvc.clustering.spherical_kmeans | K selection: best_k=2 | scores={2: {'silhouette': 0.2394, 'compactness': 0.8813, 'score': 0.3841}, 3: {'silhouette': 0.247, 'compactness': 0.8937, 'score': 0.325}, 4: {'silhouette': 0.2096, 'compactness': 0.9033, 'score': 0.2425}, 5: {'silhouette': 0.0855, 'compactness': 0.9071, 'score': 0.1149}}
2026-08-20 15:58:11 | DEBUG    | fgvc.clustering.spherical_kmeans |   Init 1/10: inertia=2.968725
2026-08-20 15:58:11 | DEBUG    | fgvc.clustering.spherical_kmeans |   Init 2/10: inertia=2.992584
2026-08-20 15:58:11 | DEBUG    | fgvc.clustering.spherical_kmeans |   Init 3/10: inertia=3.006427
2026-08-20 15:58:11 | DEBUG    | fgvc.clustering.spherical_kmeans |   Init 4/10: inertia=2.968725
2026-08-20 15:58:11 | DEBUG    | fgvc.clustering.spherical_kmeans |   Init 5/10: inertia=3.016179
2026-08-20 15:58:11 | DEBUG    | fgvc.clustering.spherical_kmeans |   Init 6/10: inertia=3.193945
2026-08-20 15:58:11 | DEBUG    | fgvc.clustering.spherical_kmeans |   Init 7/10: inertia=3.016179
2026-08-20 15:58:11 | DEBUG    | fgvc.clustering.spherical_kmeans |   Init 8/10: inertia=3.289701
2026-08-20 15:58:11 | DEBUG    | fgvc.clustering.spherical_kmeans |   Init 9/10: inertia=3.016179
2026-08-20 15:58:11 | DEBUG    | fgvc.clustering.spherical_kmeans |   Init 10/10: inertia=3.049850
2026-08-20 15:58:11 | INFO     | fgvc.clustering.spherical_kmeans |   [Western_Meadowlark] k_selected=2 | k_effective=2 | min_cluster=8 | max_cluster=17
2026-08-20 15:58:11 | INFO     | fgvc.clustering.spherical_kmeans |   [Western_Wood_Pewee] 25 images
2026-08-20 15:58:11 | DEBUG    | fgvc.clustering.spherical_kmeans |   Init 1/5: inertia=4.465824
2026-08-20 15:58:11 | DEBUG    | fgvc.clustering.spherical_kmeans |   Init 2/5: inertia=4.342694
2026-08-20 15:58:11 | DEBUG    | fgvc.clustering.spherical_kmeans |   Init 3/5: inertia=4.409006
2026-08-20 15:58:11 | DEBUG    | fgvc.clustering.spherical_kmeans |   Init 4/5: inertia=4.356276
2026-08-20 15:58:11 | DEBUG    | fgvc.clustering.spherical_kmeans |   Init 5/5: inertia=4.405894
2026-08-20 15:58:11 | DEBUG    | fgvc.clustering.spherical_kmeans |   Init 1/5: inertia=4.195905
2026-08-20 15:58:11 | DEBUG    | fgvc.clustering.spherical_kmeans |   Init 2/5: inertia=4.025346
2026-08-20 15:58:11 | DEBUG    | fgvc.clustering.spherical_kmeans |   Init 3/5: inertia=3.946071
2026-08-20 15:58:11 | DEBUG    | fgvc.clustering.spherical_kmeans |   Init 4/5: inertia=4.079457
2026-08-20 15:58:11 | DEBUG    | fgvc.clustering.spherical_kmeans |   Init 5/5: inertia=3.886073
2026-08-20 15:58:11 | DEBUG    | fgvc.clustering.spherical_kmeans |   Init 1/5: inertia=3.828133
2026-08-20 15:58:11 | DEBUG    | fgvc.clustering.spherical_kmeans |   Init 2/5: inertia=3.693348
2026-08-20 15:58:11 | DEBUG    | fgvc.clustering.spherical_kmeans |   Init 3/5: inertia=3.619766
2026-08-20 15:58:11 | DEBUG    | fgvc.clustering.spherical_kmeans |   Init 4/5: inertia=3.708002
2026-08-20 15:58:11 | DEBUG    | fgvc.clustering.spherical_kmeans |   Init 5/5: inertia=3.747756
2026-08-20 15:58:11 | DEBUG    | fgvc.clustering.spherical_kmeans |   Init 1/5: inertia=3.493770
2026-08-20 15:58:11 | DEBUG    | fgvc.clustering.spherical_kmeans |   Init 2/5: inertia=3.376725
2026-08-20 15:58:11 | DEBUG    | fgvc.clustering.spherical_kmeans |   Init 3/5: inertia=3.466534
2026-08-20 15:58:11 | DEBUG    | fgvc.clustering.spherical_kmeans |   Init 4/5: inertia=3.392637
2026-08-20 15:58:11 | DEBUG    | fgvc.clustering.spherical_kmeans |   Init 5/5: inertia=3.440991
2026-08-20 15:58:11 | DEBUG    | fgvc.clustering.spherical_kmeans | K selection: best_k=2 | scores={2: {'silhouette': 0.0881, 'compactness': 0.8263, 'score': 0.2919}, 3: {'silhouette': 0.1214, 'compactness': 0.8446, 'score': 0.2474}, 4: {'silhouette': 0.1082, 'compactness': 0.8552, 'score': 0.1773}, 5: {'silhouette': 0.0676, 'compactness': 0.8649, 'score': 0.0933}}
2026-08-20 15:58:11 | DEBUG    | fgvc.clustering.spherical_kmeans |   Init 1/10: inertia=4.465824
2026-08-20 15:58:11 | DEBUG    | fgvc.clustering.spherical_kmeans |   Init 2/10: inertia=4.342694
2026-08-20 15:58:11 | DEBUG    | fgvc.clustering.spherical_kmeans |   Init 3/10: inertia=4.409006
2026-08-20 15:58:11 | DEBUG    | fgvc.clustering.spherical_kmeans |   Init 4/10: inertia=4.356276
2026-08-20 15:58:11 | DEBUG    | fgvc.clustering.spherical_kmeans |   Init 5/10: inertia=4.405894
2026-08-20 15:58:11 | DEBUG    | fgvc.clustering.spherical_kmeans |   Init 6/10: inertia=4.401608
2026-08-20 15:58:11 | DEBUG    | fgvc.clustering.spherical_kmeans |   Init 7/10: inertia=4.393556
2026-08-20 15:58:11 | DEBUG    | fgvc.clustering.spherical_kmeans |   Init 8/10: inertia=4.397126
2026-08-20 15:58:11 | DEBUG    | fgvc.clustering.spherical_kmeans |   Init 9/10: inertia=4.356964
2026-08-20 15:58:11 | DEBUG    | fgvc.clustering.spherical_kmeans |   Init 10/10: inertia=4.433090
2026-08-20 15:58:11 | INFO     | fgvc.clustering.spherical_kmeans |   [Western_Wood_Pewee] k_selected=2 | k_effective=2 | min_cluster=10 | max_cluster=15
2026-08-20 15:58:11 | INFO     | fgvc.clustering.spherical_kmeans |   [Whip_poor_Will] 25 images
2026-08-20 15:58:11 | DEBUG    | fgvc.clustering.spherical_kmeans |   Init 1/5: inertia=3.732011
2026-08-20 15:58:11 | DEBUG    | fgvc.clustering.spherical_kmeans |   Init 2/5: inertia=3.760454
2026-08-20 15:58:11 | DEBUG    | fgvc.clustering.spherical_kmeans |   Init 3/5: inertia=3.877803
2026-08-20 15:58:11 | DEBUG    | fgvc.clustering.spherical_kmeans |   Init 4/5: inertia=3.660051
2026-08-20 15:58:11 | DEBUG    | fgvc.clustering.spherical_kmeans |   Init 5/5: inertia=3.760452
2026-08-20 15:58:11 | DEBUG    | fgvc.clustering.spherical_kmeans |   Init 1/5: inertia=3.482104
2026-08-20 15:58:11 | DEBUG    | fgvc.clustering.spherical_kmeans |   Init 2/5: inertia=3.314277
2026-08-20 15:58:11 | DEBUG    | fgvc.clustering.spherical_kmeans |   Init 3/5: inertia=3.549485
2026-08-20 15:58:11 | DEBUG    | fgvc.clustering.spherical_kmeans |   Init 4/5: inertia=3.300832
2026-08-20 15:58:11 | DEBUG    | fgvc.clustering.spherical_kmeans |   Init 5/5: inertia=3.475691
2026-08-20 15:58:11 | DEBUG    | fgvc.clustering.spherical_kmeans |   Init 1/5: inertia=3.289490
2026-08-20 15:58:11 | DEBUG    | fgvc.clustering.spherical_kmeans |   Init 2/5: inertia=3.271401
2026-08-20 15:58:11 | DEBUG    | fgvc.clustering.spherical_kmeans |   Init 3/5: inertia=3.153085
2026-08-20 15:58:11 | DEBUG    | fgvc.clustering.spherical_kmeans |   Init 4/5: inertia=3.158505
2026-08-20 15:58:11 | DEBUG    | fgvc.clustering.spherical_kmeans |   Init 5/5: inertia=3.112014
2026-08-20 15:58:11 | DEBUG    | fgvc.clustering.spherical_kmeans |   Init 1/5: inertia=3.058426
2026-08-20 15:58:11 | DEBUG    | fgvc.clustering.spherical_kmeans |   Init 2/5: inertia=3.003012
2026-08-20 15:58:11 | DEBUG    | fgvc.clustering.spherical_kmeans |   Init 3/5: inertia=3.007256
2026-08-20 15:58:11 | DEBUG    | fgvc.clustering.spherical_kmeans |   Init 4/5: inertia=2.809694
2026-08-20 15:58:11 | DEBUG    | fgvc.clustering.spherical_kmeans |   Init 5/5: inertia=3.008317
2026-08-20 15:58:11 | DEBUG    | fgvc.clustering.spherical_kmeans | K selection: best_k=2 | scores={2: {'silhouette': 0.1717, 'compactness': 0.8536, 'score': 0.3419}, 3: {'silhouette': 0.1623, 'compactness': 0.868, 'score': 0.2749}, 4: {'silhouette': 0.0597, 'compactness': 0.8755, 'score': 0.1592}, 5: {'silhouette': 0.1239, 'compactness': 0.8876, 'score': 0.1283}}
2026-08-20 15:58:11 | DEBUG    | fgvc.clustering.spherical_kmeans |   Init 1/10: inertia=3.732011
2026-08-20 15:58:11 | DEBUG    | fgvc.clustering.spherical_kmeans |   Init 2/10: inertia=3.760454
2026-08-20 15:58:11 | DEBUG    | fgvc.clustering.spherical_kmeans |   Init 3/10: inertia=3.877803
2026-08-20 15:58:11 | DEBUG    | fgvc.clustering.spherical_kmeans |   Init 4/10: inertia=3.660051
2026-08-20 15:58:11 | DEBUG    | fgvc.clustering.spherical_kmeans |   Init 5/10: inertia=3.760452
2026-08-20 15:58:11 | DEBUG    | fgvc.clustering.spherical_kmeans |   Init 6/10: inertia=3.825375
2026-08-20 15:58:11 | DEBUG    | fgvc.clustering.spherical_kmeans |   Init 7/10: inertia=3.846637
2026-08-20 15:58:11 | DEBUG    | fgvc.clustering.spherical_kmeans |   Init 8/10: inertia=3.678402
2026-08-20 15:58:11 | DEBUG    | fgvc.clustering.spherical_kmeans |   Init 9/10: inertia=3.659414
2026-08-20 15:58:11 | DEBUG    | fgvc.clustering.spherical_kmeans |   Init 10/10: inertia=3.575507
2026-08-20 15:58:11 | INFO     | fgvc.clustering.spherical_kmeans |   [Whip_poor_Will] k_selected=2 | k_effective=2 | min_cluster=7 | max_cluster=18
2026-08-20 15:58:11 | INFO     | fgvc.clustering.spherical_kmeans |   [White_Pelican] 25 images
2026-08-20 15:58:11 | DEBUG    | fgvc.clustering.spherical_kmeans |   Init 1/5: inertia=2.761739
2026-08-20 15:58:11 | DEBUG    | fgvc.clustering.spherical_kmeans |   Init 2/5: inertia=3.199764
2026-08-20 15:58:11 | DEBUG    | fgvc.clustering.spherical_kmeans |   Init 3/5: inertia=2.762544
2026-08-20 15:58:11 | DEBUG    | fgvc.clustering.spherical_kmeans |   Init 4/5: inertia=2.842002
2026-08-20 15:58:11 | DEBUG    | fgvc.clustering.spherical_kmeans |   Init 5/5: inertia=2.842002
2026-08-20 15:58:11 | DEBUG    | fgvc.clustering.spherical_kmeans |   Init 1/5: inertia=2.851767
2026-08-20 15:58:11 | DEBUG    | fgvc.clustering.spherical_kmeans |   Init 2/5: inertia=2.503546
2026-08-20 15:58:11 | DEBUG    | fgvc.clustering.spherical_kmeans |   Init 3/5: inertia=2.499984
2026-08-20 15:58:11 | DEBUG    | fgvc.clustering.spherical_kmeans |   Init 4/5: inertia=2.970178
2026-08-20 15:58:11 | DEBUG    | fgvc.clustering.spherical_kmeans |   Init 5/5: inertia=2.840904
2026-08-20 15:58:11 | DEBUG    | fgvc.clustering.spherical_kmeans |   Init 1/5: inertia=2.800182
2026-08-20 15:58:11 | DEBUG    | fgvc.clustering.spherical_kmeans |   Init 2/5: inertia=2.546874
2026-08-20 15:58:11 | DEBUG    | fgvc.clustering.spherical_kmeans |   Init 3/5: inertia=2.364110
2026-08-20 15:58:11 | DEBUG    | fgvc.clustering.spherical_kmeans |   Init 4/5: inertia=2.331604
2026-08-20 15:58:11 | DEBUG    | fgvc.clustering.spherical_kmeans |   Init 5/5: inertia=2.420645
2026-08-20 15:58:11 | DEBUG    | fgvc.clustering.spherical_kmeans |   Init 1/5: inertia=2.193738
2026-08-20 15:58:11 | DEBUG    | fgvc.clustering.spherical_kmeans |   Init 2/5: inertia=2.425754
2026-08-20 15:58:11 | DEBUG    | fgvc.clustering.spherical_kmeans |   Init 3/5: inertia=2.220006
2026-08-20 15:58:11 | DEBUG    | fgvc.clustering.spherical_kmeans |   Init 4/5: inertia=2.033833
2026-08-20 15:58:11 | DEBUG    | fgvc.clustering.spherical_kmeans |   Init 5/5: inertia=2.271811
2026-08-20 15:58:11 | DEBUG    | fgvc.clustering.spherical_kmeans | K selection: best_k=2 | scores={2: {'silhouette': 0.3122, 'compactness': 0.8895, 'score': 0.423}, 3: {'silhouette': 0.1435, 'compactness': 0.9, 'score': 0.2751}, 4: {'silhouette': 0.069, 'compactness': 0.9067, 'score': 0.1732}, 5: {'silhouette': 0.1254, 'compactness': 0.9186, 'score': 0.1383}}
2026-08-20 15:58:11 | DEBUG    | fgvc.clustering.spherical_kmeans |   Init 1/10: inertia=2.761739
2026-08-20 15:58:11 | DEBUG    | fgvc.clustering.spherical_kmeans |   Init 2/10: inertia=3.199764
2026-08-20 15:58:11 | DEBUG    | fgvc.clustering.spherical_kmeans |   Init 3/10: inertia=2.762544
2026-08-20 15:58:11 | DEBUG    | fgvc.clustering.spherical_kmeans |   Init 4/10: inertia=2.842002
2026-08-20 15:58:11 | DEBUG    | fgvc.clustering.spherical_kmeans |   Init 5/10: inertia=2.842002
2026-08-20 15:58:11 | DEBUG    | fgvc.clustering.spherical_kmeans |   Init 6/10: inertia=3.197239
2026-08-20 15:58:11 | DEBUG    | fgvc.clustering.spherical_kmeans |   Init 7/10: inertia=2.759782
2026-08-20 15:58:11 | DEBUG    | fgvc.clustering.spherical_kmeans |   Init 8/10: inertia=3.146903
2026-08-20 15:58:11 | DEBUG    | fgvc.clustering.spherical_kmeans |   Init 9/10: inertia=3.167350
2026-08-20 15:58:11 | DEBUG    | fgvc.clustering.spherical_kmeans |   Init 10/10: inertia=2.842002
2026-08-20 15:58:11 | INFO     | fgvc.clustering.spherical_kmeans |   [White_Pelican] k_selected=2 | k_effective=2 | min_cluster=5 | max_cluster=20
2026-08-20 15:58:11 | INFO     | fgvc.clustering.spherical_kmeans |   [White_breasted_Kingfisher] 25 images
2026-08-20 15:58:11 | DEBUG    | fgvc.clustering.spherical_kmeans |   Init 1/5: inertia=2.523973
2026-08-20 15:58:11 | DEBUG    | fgvc.clustering.spherical_kmeans |   Init 2/5: inertia=2.625730
2026-08-20 15:58:11 | DEBUG    | fgvc.clustering.spherical_kmeans |   Init 3/5: inertia=2.677236
2026-08-20 15:58:11 | DEBUG    | fgvc.clustering.spherical_kmeans |   Init 4/5: inertia=2.549993
2026-08-20 15:58:11 | DEBUG    | fgvc.clustering.spherical_kmeans |   Init 5/5: inertia=2.625730
2026-08-20 15:58:11 | DEBUG    | fgvc.clustering.spherical_kmeans |   Init 1/5: inertia=2.275938
2026-08-20 15:58:11 | DEBUG    | fgvc.clustering.spherical_kmeans |   Init 2/5: inertia=2.410848
2026-08-20 15:58:11 | DEBUG    | fgvc.clustering.spherical_kmeans |   Init 3/5: inertia=2.355710
2026-08-20 15:58:11 | DEBUG    | fgvc.clustering.spherical_kmeans |   Init 4/5: inertia=2.401880
2026-08-20 15:58:11 | DEBUG    | fgvc.clustering.spherical_kmeans |   Init 5/5: inertia=2.536844
2026-08-20 15:58:11 | DEBUG    | fgvc.clustering.spherical_kmeans |   Init 1/5: inertia=2.115686
2026-08-20 15:58:11 | DEBUG    | fgvc.clustering.spherical_kmeans |   Init 2/5: inertia=2.018149
2026-08-20 15:58:11 | DEBUG    | fgvc.clustering.spherical_kmeans |   Init 3/5: inertia=1.931819
2026-08-20 15:58:11 | DEBUG    | fgvc.clustering.spherical_kmeans |   Init 4/5: inertia=2.148620
2026-08-20 15:58:11 | DEBUG    | fgvc.clustering.spherical_kmeans |   Init 5/5: inertia=1.960651
2026-08-20 15:58:11 | DEBUG    | fgvc.clustering.spherical_kmeans |   Init 1/5: inertia=1.942209
2026-08-20 15:58:11 | DEBUG    | fgvc.clustering.spherical_kmeans |   Init 2/5: inertia=1.837316
2026-08-20 15:58:11 | DEBUG    | fgvc.clustering.spherical_kmeans |   Init 3/5: inertia=2.129559
2026-08-20 15:58:11 | DEBUG    | fgvc.clustering.spherical_kmeans |   Init 4/5: inertia=1.810120
2026-08-20 15:58:11 | DEBUG    | fgvc.clustering.spherical_kmeans |   Init 5/5: inertia=1.974849
2026-08-20 15:58:11 | DEBUG    | fgvc.clustering.spherical_kmeans | K selection: best_k=2 | scores={2: {'silhouette': 0.3934, 'compactness': 0.899, 'score': 0.4664}, 3: {'silhouette': 0.1328, 'compactness': 0.909, 'score': 0.2724}, 4: {'silhouette': 0.2022, 'compactness': 0.9227, 'score': 0.2446}, 5: {'silhouette': 0.1409, 'compactness': 0.9276, 'score': 0.1487}}
2026-08-20 15:58:11 | DEBUG    | fgvc.clustering.spherical_kmeans |   Init 1/10: inertia=2.523973
2026-08-20 15:58:11 | DEBUG    | fgvc.clustering.spherical_kmeans |   Init 2/10: inertia=2.625730
2026-08-20 15:58:11 | DEBUG    | fgvc.clustering.spherical_kmeans |   Init 3/10: inertia=2.677236
2026-08-20 15:58:11 | DEBUG    | fgvc.clustering.spherical_kmeans |   Init 4/10: inertia=2.549993
2026-08-20 15:58:11 | DEBUG    | fgvc.clustering.spherical_kmeans |   Init 5/10: inertia=2.625730
2026-08-20 15:58:11 | DEBUG    | fgvc.clustering.spherical_kmeans |   Init 6/10: inertia=2.625730
2026-08-20 15:58:11 | DEBUG    | fgvc.clustering.spherical_kmeans |   Init 7/10: inertia=2.721522
2026-08-20 15:58:11 | DEBUG    | fgvc.clustering.spherical_kmeans |   Init 8/10: inertia=2.523973
2026-08-20 15:58:11 | DEBUG    | fgvc.clustering.spherical_kmeans |   Init 9/10: inertia=2.625730
2026-08-20 15:58:11 | DEBUG    | fgvc.clustering.spherical_kmeans |   Init 10/10: inertia=2.523973
2026-08-20 15:58:11 | INFO     | fgvc.clustering.spherical_kmeans |   [White_breasted_Kingfisher] k_selected=2 | k_effective=1 | min_cluster=25 | max_cluster=25
2026-08-20 15:58:11 | INFO     | fgvc.clustering.spherical_kmeans |   [White_breasted_Nuthatch] 25 images
2026-08-20 15:58:11 | DEBUG    | fgvc.clustering.spherical_kmeans |   Init 1/5: inertia=3.219681
2026-08-20 15:58:11 | DEBUG    | fgvc.clustering.spherical_kmeans |   Init 2/5: inertia=3.090654
2026-08-20 15:58:11 | DEBUG    | fgvc.clustering.spherical_kmeans |   Init 3/5: inertia=3.177674
2026-08-20 15:58:11 | DEBUG    | fgvc.clustering.spherical_kmeans |   Init 4/5: inertia=3.022470
2026-08-20 15:58:11 | DEBUG    | fgvc.clustering.spherical_kmeans |   Init 5/5: inertia=3.031297
2026-08-20 15:58:11 | DEBUG    | fgvc.clustering.spherical_kmeans |   Init 1/5: inertia=2.900072
2026-08-20 15:58:11 | DEBUG    | fgvc.clustering.spherical_kmeans |   Init 2/5: inertia=3.027620
2026-08-20 15:58:11 | DEBUG    | fgvc.clustering.spherical_kmeans |   Init 3/5: inertia=2.875782
2026-08-20 15:58:11 | DEBUG    | fgvc.clustering.spherical_kmeans |   Init 4/5: inertia=2.862320
2026-08-20 15:58:11 | DEBUG    | fgvc.clustering.spherical_kmeans |   Init 5/5: inertia=2.857006
2026-08-20 15:58:11 | DEBUG    | fgvc.clustering.spherical_kmeans |   Init 1/5: inertia=2.659179
2026-08-20 15:58:11 | DEBUG    | fgvc.clustering.spherical_kmeans |   Init 2/5: inertia=2.619991
2026-08-20 15:58:11 | DEBUG    | fgvc.clustering.spherical_kmeans |   Init 3/5: inertia=2.714471
2026-08-20 15:58:11 | DEBUG    | fgvc.clustering.spherical_kmeans |   Init 4/5: inertia=2.665850
2026-08-20 15:58:11 | DEBUG    | fgvc.clustering.spherical_kmeans |   Init 5/5: inertia=2.600347
2026-08-20 15:58:11 | DEBUG    | fgvc.clustering.spherical_kmeans |   Init 1/5: inertia=2.394255
2026-08-20 15:58:11 | DEBUG    | fgvc.clustering.spherical_kmeans |   Init 2/5: inertia=2.475683
2026-08-20 15:58:12 | DEBUG    | fgvc.clustering.spherical_kmeans |   Init 3/5: inertia=2.499125
2026-08-20 15:58:12 | DEBUG    | fgvc.clustering.spherical_kmeans |   Init 4/5: inertia=2.543784
2026-08-20 15:58:12 | DEBUG    | fgvc.clustering.spherical_kmeans |   Init 5/5: inertia=2.520939
2026-08-20 15:58:12 | DEBUG    | fgvc.clustering.spherical_kmeans | K selection: best_k=2 | scores={2: {'silhouette': 0.1836, 'compactness': 0.8791, 'score': 0.3555}, 3: {'silhouette': 0.0757, 'compactness': 0.8857, 'score': 0.2369}, 4: {'silhouette': 0.1024, 'compactness': 0.896, 'score': 0.1867}, 5: {'silhouette': 0.0785, 'compactness': 0.9042, 'score': 0.1105}}
2026-08-20 15:58:12 | DEBUG    | fgvc.clustering.spherical_kmeans |   Init 1/10: inertia=3.219681
2026-08-20 15:58:12 | DEBUG    | fgvc.clustering.spherical_kmeans |   Init 2/10: inertia=3.090654
2026-08-20 15:58:12 | DEBUG    | fgvc.clustering.spherical_kmeans |   Init 3/10: inertia=3.177674
2026-08-20 15:58:12 | DEBUG    | fgvc.clustering.spherical_kmeans |   Init 4/10: inertia=3.022470
2026-08-20 15:58:12 | DEBUG    | fgvc.clustering.spherical_kmeans |   Init 5/10: inertia=3.031297
2026-08-20 15:58:12 | DEBUG    | fgvc.clustering.spherical_kmeans |   Init 6/10: inertia=3.242558
2026-08-20 15:58:12 | DEBUG    | fgvc.clustering.spherical_kmeans |   Init 7/10: inertia=3.227880
2026-08-20 15:58:12 | DEBUG    | fgvc.clustering.spherical_kmeans |   Init 8/10: inertia=3.064483
2026-08-20 15:58:12 | DEBUG    | fgvc.clustering.spherical_kmeans |   Init 9/10: inertia=3.296109
2026-08-20 15:58:12 | DEBUG    | fgvc.clustering.spherical_kmeans |   Init 10/10: inertia=3.042301
2026-08-20 15:58:12 | INFO     | fgvc.clustering.spherical_kmeans |   [White_breasted_Nuthatch] k_selected=2 | k_effective=2 | min_cluster=7 | max_cluster=18
2026-08-20 15:58:12 | INFO     | fgvc.clustering.spherical_kmeans |   [White_crowned_Sparrow] 25 images
2026-08-20 15:58:12 | DEBUG    | fgvc.clustering.spherical_kmeans |   Init 1/5: inertia=2.980230
2026-08-20 15:58:12 | DEBUG    | fgvc.clustering.spherical_kmeans |   Init 2/5: inertia=3.031616
2026-08-20 15:58:12 | DEBUG    | fgvc.clustering.spherical_kmeans |   Init 3/5: inertia=2.990447
2026-08-20 15:58:12 | DEBUG    | fgvc.clustering.spherical_kmeans |   Init 4/5: inertia=2.985320
2026-08-20 15:58:12 | DEBUG    | fgvc.clustering.spherical_kmeans |   Init 5/5: inertia=3.075401
2026-08-20 15:58:12 | DEBUG    | fgvc.clustering.spherical_kmeans |   Init 1/5: inertia=2.818126
2026-08-20 15:58:12 | DEBUG    | fgvc.clustering.spherical_kmeans |   Init 2/5: inertia=2.730663
2026-08-20 15:58:12 | DEBUG    | fgvc.clustering.spherical_kmeans |   Init 3/5: inertia=2.751880
2026-08-20 15:58:12 | DEBUG    | fgvc.clustering.spherical_kmeans |   Init 4/5: inertia=2.792028
2026-08-20 15:58:12 | DEBUG    | fgvc.clustering.spherical_kmeans |   Init 5/5: inertia=2.797710
2026-08-20 15:58:12 | DEBUG    | fgvc.clustering.spherical_kmeans |   Init 1/5: inertia=2.558056
2026-08-20 15:58:12 | DEBUG    | fgvc.clustering.spherical_kmeans |   Init 2/5: inertia=2.384989
2026-08-20 15:58:12 | DEBUG    | fgvc.clustering.spherical_kmeans |   Init 3/5: inertia=2.453474
2026-08-20 15:58:12 | DEBUG    | fgvc.clustering.spherical_kmeans |   Init 4/5: inertia=2.499024
2026-08-20 15:58:12 | DEBUG    | fgvc.clustering.spherical_kmeans |   Init 5/5: inertia=2.729273
2026-08-20 15:58:12 | DEBUG    | fgvc.clustering.spherical_kmeans |   Init 1/5: inertia=2.372897
2026-08-20 15:58:12 | DEBUG    | fgvc.clustering.spherical_kmeans |   Init 2/5: inertia=2.201830
2026-08-20 15:58:12 | DEBUG    | fgvc.clustering.spherical_kmeans |   Init 3/5: inertia=2.293692
2026-08-20 15:58:12 | DEBUG    | fgvc.clustering.spherical_kmeans |   Init 4/5: inertia=2.494275
2026-08-20 15:58:12 | DEBUG    | fgvc.clustering.spherical_kmeans |   Init 5/5: inertia=2.465046
2026-08-20 15:58:12 | DEBUG    | fgvc.clustering.spherical_kmeans | K selection: best_k=2 | scores={2: {'silhouette': 0.0844, 'compactness': 0.8808, 'score': 0.3065}, 3: {'silhouette': 0.1347, 'compactness': 0.8908, 'score': 0.2679}, 4: {'silhouette': 0.1219, 'compactness': 0.9046, 'score': 0.199}, 5: {'silhouette': 0.1191, 'compactness': 0.9119, 'score': 0.1331}}
2026-08-20 15:58:12 | DEBUG    | fgvc.clustering.spherical_kmeans |   Init 1/10: inertia=2.980230
2026-08-20 15:58:12 | DEBUG    | fgvc.clustering.spherical_kmeans |   Init 2/10: inertia=3.031616
2026-08-20 15:58:12 | DEBUG    | fgvc.clustering.spherical_kmeans |   Init 3/10: inertia=2.990447
2026-08-20 15:58:12 | DEBUG    | fgvc.clustering.spherical_kmeans |   Init 4/10: inertia=2.985320
2026-08-20 15:58:12 | DEBUG    | fgvc.clustering.spherical_kmeans |   Init 5/10: inertia=3.075401
2026-08-20 15:58:12 | DEBUG    | fgvc.clustering.spherical_kmeans |   Init 6/10: inertia=2.931216
2026-08-20 15:58:12 | DEBUG    | fgvc.clustering.spherical_kmeans |   Init 7/10: inertia=3.062871
2026-08-20 15:58:12 | DEBUG    | fgvc.clustering.spherical_kmeans |   Init 8/10: inertia=3.064638
2026-08-20 15:58:12 | DEBUG    | fgvc.clustering.spherical_kmeans |   Init 9/10: inertia=2.990447
2026-08-20 15:58:12 | DEBUG    | fgvc.clustering.spherical_kmeans |   Init 10/10: inertia=2.915994
2026-08-20 15:58:12 | INFO     | fgvc.clustering.spherical_kmeans |   [White_crowned_Sparrow] k_selected=2 | k_effective=2 | min_cluster=8 | max_cluster=17
2026-08-20 15:58:12 | INFO     | fgvc.clustering.spherical_kmeans |   [White_eyed_Vireo] 25 images
2026-08-20 15:58:12 | DEBUG    | fgvc.clustering.spherical_kmeans |   Init 1/5: inertia=3.449487
2026-08-20 15:58:12 | DEBUG    | fgvc.clustering.spherical_kmeans |   Init 2/5: inertia=3.537935
2026-08-20 15:58:12 | DEBUG    | fgvc.clustering.spherical_kmeans |   Init 3/5: inertia=3.441955
2026-08-20 15:58:12 | DEBUG    | fgvc.clustering.spherical_kmeans |   Init 4/5: inertia=3.500377
2026-08-20 15:58:12 | DEBUG    | fgvc.clustering.spherical_kmeans |   Init 5/5: inertia=3.475322
2026-08-20 15:58:12 | DEBUG    | fgvc.clustering.spherical_kmeans |   Init 1/5: inertia=3.234507
2026-08-20 15:58:12 | DEBUG    | fgvc.clustering.spherical_kmeans |   Init 2/5: inertia=3.268425
2026-08-20 15:58:12 | DEBUG    | fgvc.clustering.spherical_kmeans |   Init 3/5: inertia=3.157317
2026-08-20 15:58:12 | DEBUG    | fgvc.clustering.spherical_kmeans |   Init 4/5: inertia=3.204836
2026-08-20 15:58:12 | DEBUG    | fgvc.clustering.spherical_kmeans |   Init 5/5: inertia=3.276484
2026-08-20 15:58:12 | DEBUG    | fgvc.clustering.spherical_kmeans |   Init 1/5: inertia=2.948419
2026-08-20 15:58:12 | DEBUG    | fgvc.clustering.spherical_kmeans |   Init 2/5: inertia=2.922228
2026-08-20 15:58:12 | DEBUG    | fgvc.clustering.spherical_kmeans |   Init 3/5: inertia=2.945428
2026-08-20 15:58:12 | DEBUG    | fgvc.clustering.spherical_kmeans |   Init 4/5: inertia=3.040091
2026-08-20 15:58:12 | DEBUG    | fgvc.clustering.spherical_kmeans |   Init 5/5: inertia=3.027804
2026-08-20 15:58:12 | DEBUG    | fgvc.clustering.spherical_kmeans |   Init 1/5: inertia=2.712287
2026-08-20 15:58:12 | DEBUG    | fgvc.clustering.spherical_kmeans |   Init 2/5: inertia=2.791422
2026-08-20 15:58:12 | DEBUG    | fgvc.clustering.spherical_kmeans |   Init 3/5: inertia=2.752399
2026-08-20 15:58:12 | DEBUG    | fgvc.clustering.spherical_kmeans |   Init 4/5: inertia=2.889331
2026-08-20 15:58:12 | DEBUG    | fgvc.clustering.spherical_kmeans |   Init 5/5: inertia=2.855413
2026-08-20 15:58:12 | DEBUG    | fgvc.clustering.spherical_kmeans | K selection: best_k=2 | scores={2: {'silhouette': 0.2223, 'compactness': 0.8623, 'score': 0.3699}, 3: {'silhouette': 0.0631, 'compactness': 0.8737, 'score': 0.227}, 4: {'silhouette': 0.0301, 'compactness': 0.8831, 'score': 0.1466}, 5: {'silhouette': 0.0455, 'compactness': 0.8915, 'score': 0.0902}}
2026-08-20 15:58:12 | DEBUG    | fgvc.clustering.spherical_kmeans |   Init 1/10: inertia=3.449487
2026-08-20 15:58:12 | DEBUG    | fgvc.clustering.spherical_kmeans |   Init 2/10: inertia=3.537935
2026-08-20 15:58:12 | DEBUG    | fgvc.clustering.spherical_kmeans |   Init 3/10: inertia=3.441955
2026-08-20 15:58:12 | DEBUG    | fgvc.clustering.spherical_kmeans |   Init 4/10: inertia=3.500377
2026-08-20 15:58:12 | DEBUG    | fgvc.clustering.spherical_kmeans |   Init 5/10: inertia=3.475322
2026-08-20 15:58:12 | DEBUG    | fgvc.clustering.spherical_kmeans |   Init 6/10: inertia=3.443377
2026-08-20 15:58:12 | DEBUG    | fgvc.clustering.spherical_kmeans |   Init 7/10: inertia=3.438577
2026-08-20 15:58:12 | DEBUG    | fgvc.clustering.spherical_kmeans |   Init 8/10: inertia=3.533035
2026-08-20 15:58:12 | DEBUG    | fgvc.clustering.spherical_kmeans |   Init 9/10: inertia=3.496467
2026-08-20 15:58:12 | DEBUG    | fgvc.clustering.spherical_kmeans |   Init 10/10: inertia=3.557825
2026-08-20 15:58:12 | INFO     | fgvc.clustering.spherical_kmeans |   [White_eyed_Vireo] k_selected=2 | k_effective=2 | min_cluster=8 | max_cluster=17
2026-08-20 15:58:12 | INFO     | fgvc.clustering.spherical_kmeans |   [White_necked_Raven] 25 images
2026-08-20 15:58:12 | DEBUG    | fgvc.clustering.spherical_kmeans |   Init 1/5: inertia=4.926153
2026-08-20 15:58:12 | DEBUG    | fgvc.clustering.spherical_kmeans |   Init 2/5: inertia=4.760922
2026-08-20 15:58:12 | DEBUG    | fgvc.clustering.spherical_kmeans |   Init 3/5: inertia=4.842016
2026-08-20 15:58:12 | DEBUG    | fgvc.clustering.spherical_kmeans |   Init 4/5: inertia=5.054935
2026-08-20 15:58:12 | DEBUG    | fgvc.clustering.spherical_kmeans |   Init 5/5: inertia=4.842919
2026-08-20 15:58:12 | DEBUG    | fgvc.clustering.spherical_kmeans |   Init 1/5: inertia=4.485889
2026-08-20 15:58:12 | DEBUG    | fgvc.clustering.spherical_kmeans |   Init 2/5: inertia=4.523609
2026-08-20 15:58:12 | DEBUG    | fgvc.clustering.spherical_kmeans |   Init 3/5: inertia=4.502167
2026-08-20 15:58:12 | DEBUG    | fgvc.clustering.spherical_kmeans |   Init 4/5: inertia=4.442748
2026-08-20 15:58:12 | DEBUG    | fgvc.clustering.spherical_kmeans |   Init 5/5: inertia=4.328001
2026-08-20 15:58:12 | DEBUG    | fgvc.clustering.spherical_kmeans |   Init 1/5: inertia=4.150857
2026-08-20 15:58:12 | DEBUG    | fgvc.clustering.spherical_kmeans |   Init 2/5: inertia=4.153176
2026-08-20 15:58:12 | DEBUG    | fgvc.clustering.spherical_kmeans |   Init 3/5: inertia=4.073585
2026-08-20 15:58:12 | DEBUG    | fgvc.clustering.spherical_kmeans |   Init 4/5: inertia=4.047123
2026-08-20 15:58:12 | DEBUG    | fgvc.clustering.spherical_kmeans |   Init 5/5: inertia=4.264389
2026-08-20 15:58:12 | DEBUG    | fgvc.clustering.spherical_kmeans |   Init 1/5: inertia=3.603981
2026-08-20 15:58:12 | DEBUG    | fgvc.clustering.spherical_kmeans |   Init 2/5: inertia=3.917451
2026-08-20 15:58:12 | DEBUG    | fgvc.clustering.spherical_kmeans |   Init 3/5: inertia=3.714843
2026-08-20 15:58:12 | DEBUG    | fgvc.clustering.spherical_kmeans |   Init 4/5: inertia=3.715901
2026-08-20 15:58:12 | DEBUG    | fgvc.clustering.spherical_kmeans |   Init 5/5: inertia=3.825714
2026-08-20 15:58:12 | DEBUG    | fgvc.clustering.spherical_kmeans | K selection: best_k=2 | scores={2: {'silhouette': 0.169, 'compactness': 0.8096, 'score': 0.3274}, 3: {'silhouette': 0.1189, 'compactness': 0.8269, 'score': 0.2409}, 4: {'silhouette': 0.0746, 'compactness': 0.8381, 'score': 0.1554}, 5: {'silhouette': 0.0853, 'compactness': 0.8558, 'score': 0.0994}}
2026-08-20 15:58:12 | DEBUG    | fgvc.clustering.spherical_kmeans |   Init 1/10: inertia=4.926153
2026-08-20 15:58:12 | DEBUG    | fgvc.clustering.spherical_kmeans |   Init 2/10: inertia=4.760922
2026-08-20 15:58:12 | DEBUG    | fgvc.clustering.spherical_kmeans |   Init 3/10: inertia=4.842016
2026-08-20 15:58:12 | DEBUG    | fgvc.clustering.spherical_kmeans |   Init 4/10: inertia=5.054935
2026-08-20 15:58:12 | DEBUG    | fgvc.clustering.spherical_kmeans |   Init 5/10: inertia=4.842919
2026-08-20 15:58:12 | DEBUG    | fgvc.clustering.spherical_kmeans |   Init 6/10: inertia=4.842919
2026-08-20 15:58:12 | DEBUG    | fgvc.clustering.spherical_kmeans |   Init 7/10: inertia=4.842919
2026-08-20 15:58:12 | DEBUG    | fgvc.clustering.spherical_kmeans |   Init 8/10: inertia=4.794310
2026-08-20 15:58:12 | DEBUG    | fgvc.clustering.spherical_kmeans |   Init 9/10: inertia=4.760922
2026-08-20 15:58:12 | DEBUG    | fgvc.clustering.spherical_kmeans |   Init 10/10: inertia=4.829582
2026-08-20 15:58:12 | INFO     | fgvc.clustering.spherical_kmeans |   [White_necked_Raven] k_selected=2 | k_effective=2 | min_cluster=6 | max_cluster=19
2026-08-20 15:58:12 | INFO     | fgvc.clustering.spherical_kmeans |   [White_throated_Sparrow] 25 images
2026-08-20 15:58:12 | DEBUG    | fgvc.clustering.spherical_kmeans |   Init 1/5: inertia=3.707112
2026-08-20 15:58:12 | DEBUG    | fgvc.clustering.spherical_kmeans |   Init 2/5: inertia=3.629060
2026-08-20 15:58:12 | DEBUG    | fgvc.clustering.spherical_kmeans |   Init 3/5: inertia=3.646749
2026-08-20 15:58:12 | DEBUG    | fgvc.clustering.spherical_kmeans |   Init 4/5: inertia=3.656770
2026-08-20 15:58:12 | DEBUG    | fgvc.clustering.spherical_kmeans |   Init 5/5: inertia=3.672982
2026-08-20 15:58:12 | DEBUG    | fgvc.clustering.spherical_kmeans |   Init 1/5: inertia=3.476095
2026-08-20 15:58:12 | DEBUG    | fgvc.clustering.spherical_kmeans |   Init 2/5: inertia=3.439011
2026-08-20 15:58:12 | DEBUG    | fgvc.clustering.spherical_kmeans |   Init 3/5: inertia=3.285660
2026-08-20 15:58:12 | DEBUG    | fgvc.clustering.spherical_kmeans |   Init 4/5: inertia=3.392056
2026-08-20 15:58:12 | DEBUG    | fgvc.clustering.spherical_kmeans |   Init 5/5: inertia=3.416064
2026-08-20 15:58:12 | DEBUG    | fgvc.clustering.spherical_kmeans |   Init 1/5: inertia=3.112294
2026-08-20 15:58:12 | DEBUG    | fgvc.clustering.spherical_kmeans |   Init 2/5: inertia=3.058757
2026-08-20 15:58:12 | DEBUG    | fgvc.clustering.spherical_kmeans |   Init 3/5: inertia=3.231944
2026-08-20 15:58:12 | DEBUG    | fgvc.clustering.spherical_kmeans |   Init 4/5: inertia=3.151401
2026-08-20 15:58:12 | DEBUG    | fgvc.clustering.spherical_kmeans |   Init 5/5: inertia=3.248099
2026-08-20 15:58:12 | DEBUG    | fgvc.clustering.spherical_kmeans |   Init 1/5: inertia=2.885382
2026-08-20 15:58:12 | DEBUG    | fgvc.clustering.spherical_kmeans |   Init 2/5: inertia=2.757636
2026-08-20 15:58:12 | DEBUG    | fgvc.clustering.spherical_kmeans |   Init 3/5: inertia=2.840909
2026-08-20 15:58:12 | DEBUG    | fgvc.clustering.spherical_kmeans |   Init 4/5: inertia=2.874738
2026-08-20 15:58:12 | DEBUG    | fgvc.clustering.spherical_kmeans |   Init 5/5: inertia=2.889423
2026-08-20 15:58:12 | DEBUG    | fgvc.clustering.spherical_kmeans | K selection: best_k=2 | scores={2: {'silhouette': 0.2074, 'compactness': 0.8548, 'score': 0.3602}, 3: {'silhouette': 0.1727, 'compactness': 0.8686, 'score': 0.2802}, 4: {'silhouette': 0.0542, 'compactness': 0.8776, 'score': 0.1571}, 5: {'silhouette': 0.1634, 'compactness': 0.8897, 'score': 0.1486}}
2026-08-20 15:58:12 | DEBUG    | fgvc.clustering.spherical_kmeans |   Init 1/10: inertia=3.707112
2026-08-20 15:58:12 | DEBUG    | fgvc.clustering.spherical_kmeans |   Init 2/10: inertia=3.629060
2026-08-20 15:58:12 | DEBUG    | fgvc.clustering.spherical_kmeans |   Init 3/10: inertia=3.646749
2026-08-20 15:58:12 | DEBUG    | fgvc.clustering.spherical_kmeans |   Init 4/10: inertia=3.656770
2026-08-20 15:58:12 | DEBUG    | fgvc.clustering.spherical_kmeans |   Init 5/10: inertia=3.672982
2026-08-20 15:58:12 | DEBUG    | fgvc.clustering.spherical_kmeans |   Init 6/10: inertia=3.936100
2026-08-20 15:58:12 | DEBUG    | fgvc.clustering.spherical_kmeans |   Init 7/10: inertia=3.894733
2026-08-20 15:58:12 | DEBUG    | fgvc.clustering.spherical_kmeans |   Init 8/10: inertia=3.932523
2026-08-20 15:58:12 | DEBUG    | fgvc.clustering.spherical_kmeans |   Init 9/10: inertia=3.774251
2026-08-20 15:58:12 | DEBUG    | fgvc.clustering.spherical_kmeans |   Init 10/10: inertia=3.676435
2026-08-20 15:58:12 | INFO     | fgvc.clustering.spherical_kmeans |   [White_throated_Sparrow] k_selected=2 | k_effective=2 | min_cluster=10 | max_cluster=15
2026-08-20 15:58:12 | INFO     | fgvc.clustering.spherical_kmeans |   [Wilson_Warbler] 25 images
2026-08-20 15:58:12 | DEBUG    | fgvc.clustering.spherical_kmeans |   Init 1/5: inertia=2.396424
2026-08-20 15:58:12 | DEBUG    | fgvc.clustering.spherical_kmeans |   Init 2/5: inertia=2.371775
2026-08-20 15:58:12 | DEBUG    | fgvc.clustering.spherical_kmeans |   Init 3/5: inertia=2.402576
2026-08-20 15:58:12 | DEBUG    | fgvc.clustering.spherical_kmeans |   Init 4/5: inertia=2.382087
2026-08-20 15:58:12 | DEBUG    | fgvc.clustering.spherical_kmeans |   Init 5/5: inertia=2.317143
2026-08-20 15:58:12 | DEBUG    | fgvc.clustering.spherical_kmeans |   Init 1/5: inertia=2.226372
2026-08-20 15:58:12 | DEBUG    | fgvc.clustering.spherical_kmeans |   Init 2/5: inertia=2.202326
2026-08-20 15:58:12 | DEBUG    | fgvc.clustering.spherical_kmeans |   Init 3/5: inertia=2.166944
2026-08-20 15:58:12 | DEBUG    | fgvc.clustering.spherical_kmeans |   Init 4/5: inertia=2.155033
2026-08-20 15:58:12 | DEBUG    | fgvc.clustering.spherical_kmeans |   Init 5/5: inertia=2.212885
2026-08-20 15:58:12 | DEBUG    | fgvc.clustering.spherical_kmeans |   Init 1/5: inertia=2.001996
2026-08-20 15:58:12 | DEBUG    | fgvc.clustering.spherical_kmeans |   Init 2/5: inertia=1.956854
2026-08-20 15:58:12 | DEBUG    | fgvc.clustering.spherical_kmeans |   Init 3/5: inertia=2.085694
2026-08-20 15:58:12 | DEBUG    | fgvc.clustering.spherical_kmeans |   Init 4/5: inertia=2.083583
2026-08-20 15:58:12 | DEBUG    | fgvc.clustering.spherical_kmeans |   Init 5/5: inertia=2.035517
2026-08-20 15:58:12 | DEBUG    | fgvc.clustering.spherical_kmeans |   Init 1/5: inertia=1.878262
2026-08-20 15:58:12 | DEBUG    | fgvc.clustering.spherical_kmeans |   Init 2/5: inertia=1.880764
2026-08-20 15:58:12 | DEBUG    | fgvc.clustering.spherical_kmeans |   Init 3/5: inertia=1.957205
2026-08-20 15:58:12 | DEBUG    | fgvc.clustering.spherical_kmeans |   Init 4/5: inertia=1.886516
2026-08-20 15:58:12 | DEBUG    | fgvc.clustering.spherical_kmeans |   Init 5/5: inertia=1.932711
2026-08-20 15:58:12 | DEBUG    | fgvc.clustering.spherical_kmeans | K selection: best_k=2 | scores={2: {'silhouette': 0.1284, 'compactness': 0.9073, 'score': 0.3364}, 3: {'silhouette': 0.1139, 'compactness': 0.9138, 'score': 0.2644}, 4: {'silhouette': 0.1041, 'compactness': 0.9217, 'score': 0.1953}, 5: {'silhouette': 0.0935, 'compactness': 0.9249, 'score': 0.1242}}
2026-08-20 15:58:12 | DEBUG    | fgvc.clustering.spherical_kmeans |   Init 1/10: inertia=2.396424
2026-08-20 15:58:12 | DEBUG    | fgvc.clustering.spherical_kmeans |   Init 2/10: inertia=2.371775
2026-08-20 15:58:12 | DEBUG    | fgvc.clustering.spherical_kmeans |   Init 3/10: inertia=2.402576
2026-08-20 15:58:12 | DEBUG    | fgvc.clustering.spherical_kmeans |   Init 4/10: inertia=2.382087
2026-08-20 15:58:12 | DEBUG    | fgvc.clustering.spherical_kmeans |   Init 5/10: inertia=2.317143
2026-08-20 15:58:12 | DEBUG    | fgvc.clustering.spherical_kmeans |   Init 6/10: inertia=2.339612
2026-08-20 15:58:12 | DEBUG    | fgvc.clustering.spherical_kmeans |   Init 7/10: inertia=2.403886
2026-08-20 15:58:12 | DEBUG    | fgvc.clustering.spherical_kmeans |   Init 8/10: inertia=2.386057
2026-08-20 15:58:12 | DEBUG    | fgvc.clustering.spherical_kmeans |   Init 9/10: inertia=2.338469
2026-08-20 15:58:12 | DEBUG    | fgvc.clustering.spherical_kmeans |   Init 10/10: inertia=2.329293
2026-08-20 15:58:12 | INFO     | fgvc.clustering.spherical_kmeans |   [Wilson_Warbler] k_selected=2 | k_effective=2 | min_cluster=6 | max_cluster=19
2026-08-20 15:58:12 | INFO     | fgvc.clustering.spherical_kmeans |   [Winter_Wren] 25 images
2026-08-20 15:58:12 | DEBUG    | fgvc.clustering.spherical_kmeans |   Init 1/5: inertia=4.023914
2026-08-20 15:58:12 | DEBUG    | fgvc.clustering.spherical_kmeans |   Init 2/5: inertia=4.180719
2026-08-20 15:58:12 | DEBUG    | fgvc.clustering.spherical_kmeans |   Init 3/5: inertia=4.008050
2026-08-20 15:58:12 | DEBUG    | fgvc.clustering.spherical_kmeans |   Init 4/5: inertia=4.298145
2026-08-20 15:58:12 | DEBUG    | fgvc.clustering.spherical_kmeans |   Init 5/5: inertia=4.055064
2026-08-20 15:58:12 | DEBUG    | fgvc.clustering.spherical_kmeans |   Init 1/5: inertia=3.680280
2026-08-20 15:58:12 | DEBUG    | fgvc.clustering.spherical_kmeans |   Init 2/5: inertia=3.732624
2026-08-20 15:58:12 | DEBUG    | fgvc.clustering.spherical_kmeans |   Init 3/5: inertia=3.590528
2026-08-20 15:58:12 | DEBUG    | fgvc.clustering.spherical_kmeans |   Init 4/5: inertia=3.886092
2026-08-20 15:58:12 | DEBUG    | fgvc.clustering.spherical_kmeans |   Init 5/5: inertia=3.925071
2026-08-20 15:58:12 | DEBUG    | fgvc.clustering.spherical_kmeans |   Init 1/5: inertia=3.386873
2026-08-20 15:58:12 | DEBUG    | fgvc.clustering.spherical_kmeans |   Init 2/5: inertia=3.252175
2026-08-20 15:58:12 | DEBUG    | fgvc.clustering.spherical_kmeans |   Init 3/5: inertia=3.491938
2026-08-20 15:58:12 | DEBUG    | fgvc.clustering.spherical_kmeans |   Init 4/5: inertia=3.456727
2026-08-20 15:58:12 | DEBUG    | fgvc.clustering.spherical_kmeans |   Init 5/5: inertia=3.507883
2026-08-20 15:58:12 | DEBUG    | fgvc.clustering.spherical_kmeans |   Init 1/5: inertia=3.163212
2026-08-20 15:58:12 | DEBUG    | fgvc.clustering.spherical_kmeans |   Init 2/5: inertia=3.224653
2026-08-20 15:58:12 | DEBUG    | fgvc.clustering.spherical_kmeans |   Init 3/5: inertia=3.359060
2026-08-20 15:58:12 | DEBUG    | fgvc.clustering.spherical_kmeans |   Init 4/5: inertia=3.296650
2026-08-20 15:58:12 | DEBUG    | fgvc.clustering.spherical_kmeans |   Init 5/5: inertia=3.191001
2026-08-20 15:58:12 | DEBUG    | fgvc.clustering.spherical_kmeans | K selection: best_k=2 | scores={2: {'silhouette': 0.2102, 'compactness': 0.8397, 'score': 0.357}, 3: {'silhouette': 0.177, 'compactness': 0.8564, 'score': 0.2788}, 4: {'silhouette': 0.2137, 'compactness': 0.8699, 'score': 0.2345}, 5: {'silhouette': 0.0151, 'compactness': 0.8735, 'score': 0.0696}}
2026-08-20 15:58:12 | DEBUG    | fgvc.clustering.spherical_kmeans |   Init 1/10: inertia=4.023914
2026-08-20 15:58:12 | DEBUG    | fgvc.clustering.spherical_kmeans |   Init 2/10: inertia=4.180719
2026-08-20 15:58:12 | DEBUG    | fgvc.clustering.spherical_kmeans |   Init 3/10: inertia=4.008050
2026-08-20 15:58:12 | DEBUG    | fgvc.clustering.spherical_kmeans |   Init 4/10: inertia=4.298145
2026-08-20 15:58:12 | DEBUG    | fgvc.clustering.spherical_kmeans |   Init 5/10: inertia=4.055064
2026-08-20 15:58:12 | DEBUG    | fgvc.clustering.spherical_kmeans |   Init 6/10: inertia=4.100428
2026-08-20 15:58:12 | DEBUG    | fgvc.clustering.spherical_kmeans |   Init 7/10: inertia=4.164746
2026-08-20 15:58:12 | DEBUG    | fgvc.clustering.spherical_kmeans |   Init 8/10: inertia=4.289871
2026-08-20 15:58:12 | DEBUG    | fgvc.clustering.spherical_kmeans |   Init 9/10: inertia=4.100428
2026-08-20 15:58:12 | DEBUG    | fgvc.clustering.spherical_kmeans |   Init 10/10: inertia=4.239363
2026-08-20 15:58:12 | INFO     | fgvc.clustering.spherical_kmeans |   [Winter_Wren] k_selected=2 | k_effective=2 | min_cluster=6 | max_cluster=19
2026-08-20 15:58:12 | INFO     | fgvc.clustering.spherical_kmeans |   [Worm_eating_Warbler] 25 images
2026-08-20 15:58:12 | DEBUG    | fgvc.clustering.spherical_kmeans |   Init 1/5: inertia=2.684271
2026-08-20 15:58:12 | DEBUG    | fgvc.clustering.spherical_kmeans |   Init 2/5: inertia=2.778685
2026-08-20 15:58:12 | DEBUG    | fgvc.clustering.spherical_kmeans |   Init 3/5: inertia=2.766122
2026-08-20 15:58:12 | DEBUG    | fgvc.clustering.spherical_kmeans |   Init 4/5: inertia=2.683496
2026-08-20 15:58:12 | DEBUG    | fgvc.clustering.spherical_kmeans |   Init 5/5: inertia=2.724447
2026-08-20 15:58:12 | DEBUG    | fgvc.clustering.spherical_kmeans |   Init 1/5: inertia=2.601382
2026-08-20 15:58:12 | DEBUG    | fgvc.clustering.spherical_kmeans |   Init 2/5: inertia=2.456581
2026-08-20 15:58:12 | DEBUG    | fgvc.clustering.spherical_kmeans |   Init 3/5: inertia=2.516757
2026-08-20 15:58:12 | DEBUG    | fgvc.clustering.spherical_kmeans |   Init 4/5: inertia=2.708589
2026-08-20 15:58:12 | DEBUG    | fgvc.clustering.spherical_kmeans |   Init 5/5: inertia=2.560901
2026-08-20 15:58:12 | DEBUG    | fgvc.clustering.spherical_kmeans |   Init 1/5: inertia=2.373471
2026-08-20 15:58:12 | DEBUG    | fgvc.clustering.spherical_kmeans |   Init 2/5: inertia=2.305096
2026-08-20 15:58:12 | DEBUG    | fgvc.clustering.spherical_kmeans |   Init 3/5: inertia=2.419752
2026-08-20 15:58:12 | DEBUG    | fgvc.clustering.spherical_kmeans |   Init 4/5: inertia=2.452065
2026-08-20 15:58:12 | DEBUG    | fgvc.clustering.spherical_kmeans |   Init 5/5: inertia=2.301137
2026-08-20 15:58:12 | DEBUG    | fgvc.clustering.spherical_kmeans |   Init 1/5: inertia=2.274269
2026-08-20 15:58:12 | DEBUG    | fgvc.clustering.spherical_kmeans |   Init 2/5: inertia=2.092614
2026-08-20 15:58:12 | DEBUG    | fgvc.clustering.spherical_kmeans |   Init 3/5: inertia=2.254557
2026-08-20 15:58:12 | DEBUG    | fgvc.clustering.spherical_kmeans |   Init 4/5: inertia=2.237789
2026-08-20 15:58:12 | DEBUG    | fgvc.clustering.spherical_kmeans |   Init 5/5: inertia=2.130794
2026-08-20 15:58:12 | DEBUG    | fgvc.clustering.spherical_kmeans | K selection: best_k=2 | scores={2: {'silhouette': 0.285, 'compactness': 0.8927, 'score': 0.4103}, 3: {'silhouette': 0.1388, 'compactness': 0.9017, 'score': 0.2733}, 4: {'silhouette': 0.0166, 'compactness': 0.908, 'score': 0.1473}, 5: {'silhouette': 0.0602, 'compactness': 0.9163, 'score': 0.105}}
2026-08-20 15:58:12 | DEBUG    | fgvc.clustering.spherical_kmeans |   Init 1/10: inertia=2.684271
2026-08-20 15:58:12 | DEBUG    | fgvc.clustering.spherical_kmeans |   Init 2/10: inertia=2.778685
2026-08-20 15:58:12 | DEBUG    | fgvc.clustering.spherical_kmeans |   Init 3/10: inertia=2.766122
2026-08-20 15:58:12 | DEBUG    | fgvc.clustering.spherical_kmeans |   Init 4/10: inertia=2.683496
2026-08-20 15:58:12 | DEBUG    | fgvc.clustering.spherical_kmeans |   Init 5/10: inertia=2.724447
2026-08-20 15:58:12 | DEBUG    | fgvc.clustering.spherical_kmeans |   Init 6/10: inertia=2.804482
2026-08-20 15:58:12 | DEBUG    | fgvc.clustering.spherical_kmeans |   Init 7/10: inertia=2.717219
2026-08-20 15:58:12 | DEBUG    | fgvc.clustering.spherical_kmeans |   Init 8/10: inertia=2.754151
2026-08-20 15:58:12 | DEBUG    | fgvc.clustering.spherical_kmeans |   Init 9/10: inertia=2.693463
2026-08-20 15:58:12 | DEBUG    | fgvc.clustering.spherical_kmeans |   Init 10/10: inertia=2.699168
2026-08-20 15:58:12 | INFO     | fgvc.clustering.spherical_kmeans |   [Worm_eating_Warbler] k_selected=2 | k_effective=1 | min_cluster=25 | max_cluster=25
2026-08-20 15:58:12 | INFO     | fgvc.clustering.spherical_kmeans |   [Yellow_Warbler] 25 images
2026-08-20 15:58:12 | DEBUG    | fgvc.clustering.spherical_kmeans |   Init 1/5: inertia=3.190619
2026-08-20 15:58:12 | DEBUG    | fgvc.clustering.spherical_kmeans |   Init 2/5: inertia=3.837862
2026-08-20 15:58:12 | DEBUG    | fgvc.clustering.spherical_kmeans |   Init 3/5: inertia=3.190619
2026-08-20 15:58:12 | DEBUG    | fgvc.clustering.spherical_kmeans |   Init 4/5: inertia=3.405344
2026-08-20 15:58:12 | DEBUG    | fgvc.clustering.spherical_kmeans |   Init 5/5: inertia=3.228122
2026-08-20 15:58:12 | DEBUG    | fgvc.clustering.spherical_kmeans |   Init 1/5: inertia=3.026077
2026-08-20 15:58:12 | DEBUG    | fgvc.clustering.spherical_kmeans |   Init 2/5: inertia=2.964763
2026-08-20 15:58:12 | DEBUG    | fgvc.clustering.spherical_kmeans |   Init 3/5: inertia=2.984796
2026-08-20 15:58:12 | DEBUG    | fgvc.clustering.spherical_kmeans |   Init 4/5: inertia=2.934609
2026-08-20 15:58:12 | DEBUG    | fgvc.clustering.spherical_kmeans |   Init 5/5: inertia=3.009760
2026-08-20 15:58:12 | DEBUG    | fgvc.clustering.spherical_kmeans |   Init 1/5: inertia=2.799942
2026-08-20 15:58:12 | DEBUG    | fgvc.clustering.spherical_kmeans |   Init 2/5: inertia=2.875328
2026-08-20 15:58:12 | DEBUG    | fgvc.clustering.spherical_kmeans |   Init 3/5: inertia=2.699206
2026-08-20 15:58:12 | DEBUG    | fgvc.clustering.spherical_kmeans |   Init 4/5: inertia=2.806169
2026-08-20 15:58:12 | DEBUG    | fgvc.clustering.spherical_kmeans |   Init 5/5: inertia=2.805649
2026-08-20 15:58:12 | DEBUG    | fgvc.clustering.spherical_kmeans |   Init 1/5: inertia=2.549325
2026-08-20 15:58:12 | DEBUG    | fgvc.clustering.spherical_kmeans |   Init 2/5: inertia=2.643135
2026-08-20 15:58:12 | DEBUG    | fgvc.clustering.spherical_kmeans |   Init 3/5: inertia=2.703441
2026-08-20 15:58:12 | DEBUG    | fgvc.clustering.spherical_kmeans |   Init 4/5: inertia=2.570431
2026-08-20 15:58:12 | DEBUG    | fgvc.clustering.spherical_kmeans |   Init 5/5: inertia=2.753023
2026-08-20 15:58:12 | DEBUG    | fgvc.clustering.spherical_kmeans | K selection: best_k=2 | scores={2: {'silhouette': 0.3907, 'compactness': 0.8724, 'score': 0.457}, 3: {'silhouette': 0.3666, 'compactness': 0.8826, 'score': 0.3814}, 4: {'silhouette': 0.155, 'compactness': 0.892, 'score': 0.2118}, 5: {'silhouette': 0.1254, 'compactness': 0.898, 'score': 0.1321}}
2026-08-20 15:58:12 | DEBUG    | fgvc.clustering.spherical_kmeans |   Init 1/10: inertia=3.190619
2026-08-20 15:58:12 | DEBUG    | fgvc.clustering.spherical_kmeans |   Init 2/10: inertia=3.837862
2026-08-20 15:58:12 | DEBUG    | fgvc.clustering.spherical_kmeans |   Init 3/10: inertia=3.190619
2026-08-20 15:58:12 | DEBUG    | fgvc.clustering.spherical_kmeans |   Init 4/10: inertia=3.405344
2026-08-20 15:58:12 | DEBUG    | fgvc.clustering.spherical_kmeans |   Init 5/10: inertia=3.228122
2026-08-20 15:58:12 | DEBUG    | fgvc.clustering.spherical_kmeans |   Init 6/10: inertia=3.190619
2026-08-20 15:58:12 | DEBUG    | fgvc.clustering.spherical_kmeans |   Init 7/10: inertia=3.228122
2026-08-20 15:58:12 | DEBUG    | fgvc.clustering.spherical_kmeans |   Init 8/10: inertia=3.190619
2026-08-20 15:58:12 | DEBUG    | fgvc.clustering.spherical_kmeans |   Init 9/10: inertia=3.870160
2026-08-20 15:58:12 | DEBUG    | fgvc.clustering.spherical_kmeans |   Init 10/10: inertia=3.405344
2026-08-20 15:58:12 | INFO     | fgvc.clustering.spherical_kmeans |   [Yellow_Warbler] k_selected=2 | k_effective=2 | min_cluster=5 | max_cluster=20
2026-08-20 15:58:12 | INFO     | fgvc.clustering.spherical_kmeans |   [Yellow_bellied_Flycatcher] 25 images
2026-08-20 15:58:12 | DEBUG    | fgvc.clustering.spherical_kmeans |   Init 1/5: inertia=5.016060
2026-08-20 15:58:12 | DEBUG    | fgvc.clustering.spherical_kmeans |   Init 2/5: inertia=5.225923
2026-08-20 15:58:12 | DEBUG    | fgvc.clustering.spherical_kmeans |   Init 3/5: inertia=5.260021
2026-08-20 15:58:12 | DEBUG    | fgvc.clustering.spherical_kmeans |   Init 4/5: inertia=5.457243
2026-08-20 15:58:12 | DEBUG    | fgvc.clustering.spherical_kmeans |   Init 5/5: inertia=5.260021
2026-08-20 15:58:12 | DEBUG    | fgvc.clustering.spherical_kmeans |   Init 1/5: inertia=4.584863
2026-08-20 15:58:12 | DEBUG    | fgvc.clustering.spherical_kmeans |   Init 2/5: inertia=4.461171
2026-08-20 15:58:12 | DEBUG    | fgvc.clustering.spherical_kmeans |   Init 3/5: inertia=4.488394
2026-08-20 15:58:12 | DEBUG    | fgvc.clustering.spherical_kmeans |   Init 4/5: inertia=4.987715
2026-08-20 15:58:12 | DEBUG    | fgvc.clustering.spherical_kmeans |   Init 5/5: inertia=4.643099
2026-08-20 15:58:12 | DEBUG    | fgvc.clustering.spherical_kmeans |   Init 1/5: inertia=4.482380
2026-08-20 15:58:12 | DEBUG    | fgvc.clustering.spherical_kmeans |   Init 2/5: inertia=3.971797
2026-08-20 15:58:12 | DEBUG    | fgvc.clustering.spherical_kmeans |   Init 3/5: inertia=4.613500
2026-08-20 15:58:12 | DEBUG    | fgvc.clustering.spherical_kmeans |   Init 4/5: inertia=4.254695
2026-08-20 15:58:12 | DEBUG    | fgvc.clustering.spherical_kmeans |   Init 5/5: inertia=4.057808
2026-08-20 15:58:12 | DEBUG    | fgvc.clustering.spherical_kmeans |   Init 1/5: inertia=3.930244
2026-08-20 15:58:12 | DEBUG    | fgvc.clustering.spherical_kmeans |   Init 2/5: inertia=3.709380
2026-08-20 15:58:12 | DEBUG    | fgvc.clustering.spherical_kmeans |   Init 3/5: inertia=3.862340
2026-08-20 15:58:12 | DEBUG    | fgvc.clustering.spherical_kmeans |   Init 4/5: inertia=3.963301
2026-08-20 15:58:12 | DEBUG    | fgvc.clustering.spherical_kmeans |   Init 5/5: inertia=3.786915
2026-08-20 15:58:12 | DEBUG    | fgvc.clustering.spherical_kmeans | K selection: best_k=2 | scores={2: {'silhouette': 0.2131, 'compactness': 0.7994, 'score': 0.3464}, 3: {'silhouette': 0.2247, 'compactness': 0.8216, 'score': 0.2922}, 4: {'silhouette': 0.2364, 'compactness': 0.8411, 'score': 0.2372}, 5: {'silhouette': 0.2137, 'compactness': 0.8516, 'score': 0.1623}}
2026-08-20 15:58:12 | DEBUG    | fgvc.clustering.spherical_kmeans |   Init 1/10: inertia=5.016060
2026-08-20 15:58:12 | DEBUG    | fgvc.clustering.spherical_kmeans |   Init 2/10: inertia=5.225923
2026-08-20 15:58:12 | DEBUG    | fgvc.clustering.spherical_kmeans |   Init 3/10: inertia=5.260021
2026-08-20 15:58:12 | DEBUG    | fgvc.clustering.spherical_kmeans |   Init 4/10: inertia=5.457243
2026-08-20 15:58:12 | DEBUG    | fgvc.clustering.spherical_kmeans |   Init 5/10: inertia=5.260021
2026-08-20 15:58:12 | DEBUG    | fgvc.clustering.spherical_kmeans |   Init 6/10: inertia=5.377638
2026-08-20 15:58:12 | DEBUG    | fgvc.clustering.spherical_kmeans |   Init 7/10: inertia=5.487971
2026-08-20 15:58:12 | DEBUG    | fgvc.clustering.spherical_kmeans |   Init 8/10: inertia=5.033877
2026-08-20 15:58:12 | DEBUG    | fgvc.clustering.spherical_kmeans |   Init 9/10: inertia=5.317795
2026-08-20 15:58:12 | DEBUG    | fgvc.clustering.spherical_kmeans |   Init 10/10: inertia=5.473996
2026-08-20 15:58:12 | INFO     | fgvc.clustering.spherical_kmeans |   [Yellow_bellied_Flycatcher] k_selected=2 | k_effective=2 | min_cluster=10 | max_cluster=15
2026-08-20 15:58:12 | INFO     | fgvc.clustering.spherical_kmeans |   [Yellow_billed_Cuckoo] 25 images
2026-08-20 15:58:12 | DEBUG    | fgvc.clustering.spherical_kmeans |   Init 1/5: inertia=4.144361
2026-08-20 15:58:12 | DEBUG    | fgvc.clustering.spherical_kmeans |   Init 2/5: inertia=4.199793
2026-08-20 15:58:12 | DEBUG    | fgvc.clustering.spherical_kmeans |   Init 3/5: inertia=4.184345
2026-08-20 15:58:12 | DEBUG    | fgvc.clustering.spherical_kmeans |   Init 4/5: inertia=4.120299
2026-08-20 15:58:12 | DEBUG    | fgvc.clustering.spherical_kmeans |   Init 5/5: inertia=4.148170
2026-08-20 15:58:12 | DEBUG    | fgvc.clustering.spherical_kmeans |   Init 1/5: inertia=3.912082
2026-08-20 15:58:12 | DEBUG    | fgvc.clustering.spherical_kmeans |   Init 2/5: inertia=3.990773
2026-08-20 15:58:12 | DEBUG    | fgvc.clustering.spherical_kmeans |   Init 3/5: inertia=3.883486
2026-08-20 15:58:12 | DEBUG    | fgvc.clustering.spherical_kmeans |   Init 4/5: inertia=3.881898
2026-08-20 15:58:12 | DEBUG    | fgvc.clustering.spherical_kmeans |   Init 5/5: inertia=3.792864
2026-08-20 15:58:12 | DEBUG    | fgvc.clustering.spherical_kmeans |   Init 1/5: inertia=3.665417
2026-08-20 15:58:12 | DEBUG    | fgvc.clustering.spherical_kmeans |   Init 2/5: inertia=3.628260
2026-08-20 15:58:12 | DEBUG    | fgvc.clustering.spherical_kmeans |   Init 3/5: inertia=3.529934
2026-08-20 15:58:12 | DEBUG    | fgvc.clustering.spherical_kmeans |   Init 4/5: inertia=3.470465
2026-08-20 15:58:12 | DEBUG    | fgvc.clustering.spherical_kmeans |   Init 5/5: inertia=3.627223
2026-08-20 15:58:12 | DEBUG    | fgvc.clustering.spherical_kmeans |   Init 1/5: inertia=3.384046
2026-08-20 15:58:12 | DEBUG    | fgvc.clustering.spherical_kmeans |   Init 2/5: inertia=3.411248
2026-08-20 15:58:12 | DEBUG    | fgvc.clustering.spherical_kmeans |   Init 3/5: inertia=3.307286
2026-08-20 15:58:12 | DEBUG    | fgvc.clustering.spherical_kmeans |   Init 4/5: inertia=3.404932
2026-08-20 15:58:12 | DEBUG    | fgvc.clustering.spherical_kmeans |   Init 5/5: inertia=3.284348
2026-08-20 15:58:12 | DEBUG    | fgvc.clustering.spherical_kmeans | K selection: best_k=2 | scores={2: {'silhouette': 0.125, 'compactness': 0.8352, 'score': 0.3131}, 3: {'silhouette': 0.0435, 'compactness': 0.8483, 'score': 0.2096}, 4: {'silhouette': 0.0395, 'compactness': 0.8612, 'score': 0.1448}, 5: {'silhouette': 0.0747, 'compactness': 0.8686, 'score': 0.098}}
2026-08-20 15:58:12 | DEBUG    | fgvc.clustering.spherical_kmeans |   Init 1/10: inertia=4.144361
2026-08-20 15:58:12 | DEBUG    | fgvc.clustering.spherical_kmeans |   Init 2/10: inertia=4.199793
2026-08-20 15:58:12 | DEBUG    | fgvc.clustering.spherical_kmeans |   Init 3/10: inertia=4.184345
2026-08-20 15:58:12 | DEBUG    | fgvc.clustering.spherical_kmeans |   Init 4/10: inertia=4.120299
2026-08-20 15:58:12 | DEBUG    | fgvc.clustering.spherical_kmeans |   Init 5/10: inertia=4.148170
2026-08-20 15:58:12 | DEBUG    | fgvc.clustering.spherical_kmeans |   Init 6/10: inertia=4.204201
2026-08-20 15:58:12 | DEBUG    | fgvc.clustering.spherical_kmeans |   Init 7/10: inertia=4.192276
2026-08-20 15:58:12 | DEBUG    | fgvc.clustering.spherical_kmeans |   Init 8/10: inertia=4.103324
2026-08-20 15:58:12 | DEBUG    | fgvc.clustering.spherical_kmeans |   Init 9/10: inertia=4.175774
2026-08-20 15:58:12 | DEBUG    | fgvc.clustering.spherical_kmeans |   Init 10/10: inertia=4.289452
2026-08-20 15:58:12 | INFO     | fgvc.clustering.spherical_kmeans |   [Yellow_billed_Cuckoo] k_selected=2 | k_effective=1 | min_cluster=25 | max_cluster=25
2026-08-20 15:58:12 | INFO     | fgvc.clustering.spherical_kmeans |   [Yellow_breasted_Chat] 25 images
2026-08-20 15:58:12 | DEBUG    | fgvc.clustering.spherical_kmeans |   Init 1/5: inertia=2.981972
2026-08-20 15:58:12 | DEBUG    | fgvc.clustering.spherical_kmeans |   Init 2/5: inertia=3.117884
2026-08-20 15:58:12 | DEBUG    | fgvc.clustering.spherical_kmeans |   Init 3/5: inertia=3.088263
2026-08-20 15:58:12 | DEBUG    | fgvc.clustering.spherical_kmeans |   Init 4/5: inertia=3.075401
2026-08-20 15:58:12 | DEBUG    | fgvc.clustering.spherical_kmeans |   Init 5/5: inertia=3.069333
2026-08-20 15:58:12 | DEBUG    | fgvc.clustering.spherical_kmeans |   Init 1/5: inertia=2.743332
2026-08-20 15:58:12 | DEBUG    | fgvc.clustering.spherical_kmeans |   Init 2/5: inertia=3.024667
2026-08-20 15:58:12 | DEBUG    | fgvc.clustering.spherical_kmeans |   Init 3/5: inertia=2.998592
2026-08-20 15:58:12 | DEBUG    | fgvc.clustering.spherical_kmeans |   Init 4/5: inertia=2.780865
2026-08-20 15:58:12 | DEBUG    | fgvc.clustering.spherical_kmeans |   Init 5/5: inertia=2.755369
2026-08-20 15:58:12 | DEBUG    | fgvc.clustering.spherical_kmeans |   Init 1/5: inertia=2.521399
2026-08-20 15:58:12 | DEBUG    | fgvc.clustering.spherical_kmeans |   Init 2/5: inertia=2.483442
2026-08-20 15:58:12 | DEBUG    | fgvc.clustering.spherical_kmeans |   Init 3/5: inertia=2.534370
2026-08-20 15:58:12 | DEBUG    | fgvc.clustering.spherical_kmeans |   Init 4/5: inertia=2.488457
2026-08-20 15:58:12 | DEBUG    | fgvc.clustering.spherical_kmeans |   Init 5/5: inertia=2.779124
2026-08-20 15:58:12 | DEBUG    | fgvc.clustering.spherical_kmeans |   Init 1/5: inertia=2.374601
2026-08-20 15:58:12 | DEBUG    | fgvc.clustering.spherical_kmeans |   Init 2/5: inertia=2.423259
2026-08-20 15:58:12 | DEBUG    | fgvc.clustering.spherical_kmeans |   Init 3/5: inertia=2.287322
2026-08-20 15:58:12 | DEBUG    | fgvc.clustering.spherical_kmeans |   Init 4/5: inertia=2.538692
2026-08-20 15:58:12 | DEBUG    | fgvc.clustering.spherical_kmeans |   Init 5/5: inertia=2.451580
2026-08-20 15:58:12 | DEBUG    | fgvc.clustering.spherical_kmeans | K selection: best_k=2 | scores={2: {'silhouette': 0.4279, 'compactness': 0.8807, 'score': 0.4782}, 3: {'silhouette': 0.107, 'compactness': 0.8903, 'score': 0.2539}, 4: {'silhouette': 0.0871, 'compactness': 0.9007, 'score': 0.1804}, 5: {'silhouette': 0.0729, 'compactness': 0.9085, 'score': 0.109}}
2026-08-20 15:58:12 | DEBUG    | fgvc.clustering.spherical_kmeans |   Init 1/10: inertia=2.981972
2026-08-20 15:58:12 | DEBUG    | fgvc.clustering.spherical_kmeans |   Init 2/10: inertia=3.117884
2026-08-20 15:58:12 | DEBUG    | fgvc.clustering.spherical_kmeans |   Init 3/10: inertia=3.088263
2026-08-20 15:58:12 | DEBUG    | fgvc.clustering.spherical_kmeans |   Init 4/10: inertia=3.075401
2026-08-20 15:58:12 | DEBUG    | fgvc.clustering.spherical_kmeans |   Init 5/10: inertia=3.069333
2026-08-20 15:58:12 | DEBUG    | fgvc.clustering.spherical_kmeans |   Init 6/10: inertia=2.981972
2026-08-20 15:58:12 | DEBUG    | fgvc.clustering.spherical_kmeans |   Init 7/10: inertia=3.080842
2026-08-20 15:58:12 | DEBUG    | fgvc.clustering.spherical_kmeans |   Init 8/10: inertia=2.981972
2026-08-20 15:58:12 | DEBUG    | fgvc.clustering.spherical_kmeans |   Init 9/10: inertia=3.179840
2026-08-20 15:58:12 | DEBUG    | fgvc.clustering.spherical_kmeans |   Init 10/10: inertia=3.252750
2026-08-20 15:58:12 | INFO     | fgvc.clustering.spherical_kmeans |   [Yellow_breasted_Chat] k_selected=2 | k_effective=1 | min_cluster=25 | max_cluster=25
2026-08-20 15:58:12 | INFO     | fgvc.clustering.spherical_kmeans |   [Yellow_headed_Blackbird] 25 images
2026-08-20 15:58:12 | DEBUG    | fgvc.clustering.spherical_kmeans |   Init 1/5: inertia=3.329190
2026-08-20 15:58:12 | DEBUG    | fgvc.clustering.spherical_kmeans |   Init 2/5: inertia=3.373126
2026-08-20 15:58:12 | DEBUG    | fgvc.clustering.spherical_kmeans |   Init 3/5: inertia=3.359986
2026-08-20 15:58:12 | DEBUG    | fgvc.clustering.spherical_kmeans |   Init 4/5: inertia=3.323558
2026-08-20 15:58:12 | DEBUG    | fgvc.clustering.spherical_kmeans |   Init 5/5: inertia=3.206062
2026-08-20 15:58:12 | DEBUG    | fgvc.clustering.spherical_kmeans |   Init 1/5: inertia=3.087105
2026-08-20 15:58:12 | DEBUG    | fgvc.clustering.spherical_kmeans |   Init 2/5: inertia=3.263167
2026-08-20 15:58:12 | DEBUG    | fgvc.clustering.spherical_kmeans |   Init 3/5: inertia=3.196698
2026-08-20 15:58:12 | DEBUG    | fgvc.clustering.spherical_kmeans |   Init 4/5: inertia=3.055135
2026-08-20 15:58:12 | DEBUG    | fgvc.clustering.spherical_kmeans |   Init 5/5: inertia=3.099002
2026-08-20 15:58:12 | DEBUG    | fgvc.clustering.spherical_kmeans |   Init 1/5: inertia=2.796105
2026-08-20 15:58:12 | DEBUG    | fgvc.clustering.spherical_kmeans |   Init 2/5: inertia=2.891554
2026-08-20 15:58:12 | DEBUG    | fgvc.clustering.spherical_kmeans |   Init 3/5: inertia=2.751241
2026-08-20 15:58:12 | DEBUG    | fgvc.clustering.spherical_kmeans |   Init 4/5: inertia=2.843425
2026-08-20 15:58:12 | DEBUG    | fgvc.clustering.spherical_kmeans |   Init 5/5: inertia=2.853221
2026-08-20 15:58:12 | DEBUG    | fgvc.clustering.spherical_kmeans |   Init 1/5: inertia=2.624741
2026-08-20 15:58:12 | DEBUG    | fgvc.clustering.spherical_kmeans |   Init 2/5: inertia=2.673684
2026-08-20 15:58:12 | DEBUG    | fgvc.clustering.spherical_kmeans |   Init 3/5: inertia=2.523623
2026-08-20 15:58:12 | DEBUG    | fgvc.clustering.spherical_kmeans |   Init 4/5: inertia=2.647620
2026-08-20 15:58:12 | DEBUG    | fgvc.clustering.spherical_kmeans |   Init 5/5: inertia=2.673249
2026-08-20 15:58:12 | DEBUG    | fgvc.clustering.spherical_kmeans | K selection: best_k=2 | scores={2: {'silhouette': 0.3683, 'compactness': 0.8718, 'score': 0.4457}, 3: {'silhouette': 0.084, 'compactness': 0.8778, 'score': 0.2387}, 4: {'silhouette': 0.1171, 'compactness': 0.89, 'score': 0.1922}, 5: {'silhouette': 0.0369, 'compactness': 0.8991, 'score': 0.0881}}
2026-08-20 15:58:12 | DEBUG    | fgvc.clustering.spherical_kmeans |   Init 1/10: inertia=3.329190
2026-08-20 15:58:12 | DEBUG    | fgvc.clustering.spherical_kmeans |   Init 2/10: inertia=3.373126
2026-08-20 15:58:12 | DEBUG    | fgvc.clustering.spherical_kmeans |   Init 3/10: inertia=3.359986
2026-08-20 15:58:12 | DEBUG    | fgvc.clustering.spherical_kmeans |   Init 4/10: inertia=3.323558
2026-08-20 15:58:12 | DEBUG    | fgvc.clustering.spherical_kmeans |   Init 5/10: inertia=3.206062
2026-08-20 15:58:12 | DEBUG    | fgvc.clustering.spherical_kmeans |   Init 6/10: inertia=3.326639
2026-08-20 15:58:12 | DEBUG    | fgvc.clustering.spherical_kmeans |   Init 7/10: inertia=3.416766
2026-08-20 15:58:12 | DEBUG    | fgvc.clustering.spherical_kmeans |   Init 8/10: inertia=3.329479
2026-08-20 15:58:12 | DEBUG    | fgvc.clustering.spherical_kmeans |   Init 9/10: inertia=3.378833
2026-08-20 15:58:12 | DEBUG    | fgvc.clustering.spherical_kmeans |   Init 10/10: inertia=3.360127
2026-08-20 15:58:12 | INFO     | fgvc.clustering.spherical_kmeans |   [Yellow_headed_Blackbird] k_selected=2 | k_effective=1 | min_cluster=25 | max_cluster=25
2026-08-20 15:58:12 | INFO     | fgvc.clustering.spherical_kmeans |   [Yellow_throated_Vireo] 25 images
2026-08-20 15:58:12 | DEBUG    | fgvc.clustering.spherical_kmeans |   Init 1/5: inertia=3.370745
2026-08-20 15:58:12 | DEBUG    | fgvc.clustering.spherical_kmeans |   Init 2/5: inertia=3.431969
2026-08-20 15:58:12 | DEBUG    | fgvc.clustering.spherical_kmeans |   Init 3/5: inertia=3.509197
2026-08-20 15:58:12 | DEBUG    | fgvc.clustering.spherical_kmeans |   Init 4/5: inertia=3.354825
2026-08-20 15:58:12 | DEBUG    | fgvc.clustering.spherical_kmeans |   Init 5/5: inertia=3.417905
2026-08-20 15:58:12 | DEBUG    | fgvc.clustering.spherical_kmeans |   Init 1/5: inertia=3.079202
2026-08-20 15:58:12 | DEBUG    | fgvc.clustering.spherical_kmeans |   Init 2/5: inertia=3.031484
2026-08-20 15:58:12 | DEBUG    | fgvc.clustering.spherical_kmeans |   Init 3/5: inertia=3.123647
2026-08-20 15:58:12 | DEBUG    | fgvc.clustering.spherical_kmeans |   Init 4/5: inertia=3.176613
2026-08-20 15:58:12 | DEBUG    | fgvc.clustering.spherical_kmeans |   Init 5/5: inertia=3.223582
2026-08-20 15:58:12 | DEBUG    | fgvc.clustering.spherical_kmeans |   Init 1/5: inertia=2.886360
2026-08-20 15:58:12 | DEBUG    | fgvc.clustering.spherical_kmeans |   Init 2/5: inertia=3.002651
2026-08-20 15:58:12 | DEBUG    | fgvc.clustering.spherical_kmeans |   Init 3/5: inertia=2.713115
2026-08-20 15:58:12 | DEBUG    | fgvc.clustering.spherical_kmeans |   Init 4/5: inertia=2.903406
2026-08-20 15:58:12 | DEBUG    | fgvc.clustering.spherical_kmeans |   Init 5/5: inertia=3.065780
2026-08-20 15:58:12 | DEBUG    | fgvc.clustering.spherical_kmeans |   Init 1/5: inertia=2.694086
2026-08-20 15:58:12 | DEBUG    | fgvc.clustering.spherical_kmeans |   Init 2/5: inertia=2.522017
2026-08-20 15:58:12 | DEBUG    | fgvc.clustering.spherical_kmeans |   Init 3/5: inertia=2.459013
2026-08-20 15:58:12 | DEBUG    | fgvc.clustering.spherical_kmeans |   Init 4/5: inertia=2.526959
2026-08-20 15:58:12 | DEBUG    | fgvc.clustering.spherical_kmeans |   Init 5/5: inertia=2.389121
2026-08-20 15:58:12 | DEBUG    | fgvc.clustering.spherical_kmeans | K selection: best_k=2 | scores={2: {'silhouette': 0.2392, 'compactness': 0.8658, 'score': 0.3793}, 3: {'silhouette': 0.0858, 'compactness': 0.8787, 'score': 0.2398}, 4: {'silhouette': 0.0934, 'compactness': 0.8915, 'score': 0.1808}, 5: {'silhouette': 0.1429, 'compactness': 0.9044, 'score': 0.1428}}
2026-08-20 15:58:12 | DEBUG    | fgvc.clustering.spherical_kmeans |   Init 1/10: inertia=3.370745
2026-08-20 15:58:12 | DEBUG    | fgvc.clustering.spherical_kmeans |   Init 2/10: inertia=3.431969
2026-08-20 15:58:12 | DEBUG    | fgvc.clustering.spherical_kmeans |   Init 3/10: inertia=3.509197
2026-08-20 15:58:12 | DEBUG    | fgvc.clustering.spherical_kmeans |   Init 4/10: inertia=3.354825
2026-08-20 15:58:12 | DEBUG    | fgvc.clustering.spherical_kmeans |   Init 5/10: inertia=3.417905
2026-08-20 15:58:12 | DEBUG    | fgvc.clustering.spherical_kmeans |   Init 6/10: inertia=3.317692
2026-08-20 15:58:12 | DEBUG    | fgvc.clustering.spherical_kmeans |   Init 7/10: inertia=3.200973
2026-08-20 15:58:12 | DEBUG    | fgvc.clustering.spherical_kmeans |   Init 8/10: inertia=3.239876
2026-08-20 15:58:12 | DEBUG    | fgvc.clustering.spherical_kmeans |   Init 9/10: inertia=3.401589
2026-08-20 15:58:12 | DEBUG    | fgvc.clustering.spherical_kmeans |   Init 10/10: inertia=3.200973
2026-08-20 15:58:12 | INFO     | fgvc.clustering.spherical_kmeans |   [Yellow_throated_Vireo] k_selected=2 | k_effective=1 | min_cluster=25 | max_cluster=25
2026-08-20 15:58:12 | INFO     | fgvc.clustering.spherical_kmeans | Prototype memory saved -> /mnt/data/research/projects/fgvc/experiments/cub200/cub200_dinov3_ce_supcon_v13/prototype_memory | total prototypes: 333
2026-08-20 15:58:33 | INFO     | fgvc.embeddings.generate | Loading backbone from checkpoint: experiments/cub200/cub200_dinov3_ce_supcon_v13/checkpoints/backbone/best_cub200_dinov3_ce_supcon_v13.pt
2026-08-20 15:58:35 | INFO     | fgvc.embeddings.generate | Reconstructed checkpoint architecture: backbone=facebook/dinov3-vitb16-pretrain-lvd1689m, embedding_dim=768, use_supcon_head=True
2026-08-20 15:59:16 | INFO     | fgvc.embeddings.generate | Saved 994 embeddings (768D) -> /mnt/data/research/projects/fgvc/experiments/cub200/cub200_dinov3_ce_supcon_v13/embeddings/val
2026-08-20 15:59:30 | INFO     | fgvc.embeddings.generate | Loading backbone from checkpoint: experiments/cub200/cub200_dinov3_ce_supcon_v13/checkpoints/backbone/best_cub200_dinov3_ce_supcon_v13.pt
2026-08-20 15:59:33 | INFO     | fgvc.embeddings.generate | Reconstructed checkpoint architecture: backbone=facebook/dinov3-vitb16-pretrain-lvd1689m, embedding_dim=768, use_supcon_head=True
2026-08-20 16:03:18 | INFO     | fgvc.embeddings.generate | Saved 5794 embeddings (768D) -> /mnt/data/research/projects/fgvc/experiments/cub200/cub200_dinov3_ce_supcon_v13/embeddings/test
2026-08-20 16:03:50 | INFO     | fgvc.scripts.run_evaluation | Calibrating per-group thresholds on the val split...
2026-08-20 16:03:50 | INFO     | fgvc.clustering.spherical_kmeans | Loaded prototypes for 200 label_id(s) from /mnt/data/research/projects/fgvc/experiments/cub200/cub200_dinov3_ce_supcon_v13/prototype_memory
2026-08-20 16:03:50 | INFO     | fgvc.retrieval.engine | RetrievalEngine ready: 200 label_id(s) | 333 total prototypes
2026-08-20 16:03:50 | INFO     | fgvc.retrieval.calibrator |   group='': sim_thresh=0.6902 | margin_thresh=0.0242 | n_correct=910
2026-08-20 16:03:50 | INFO     | fgvc.retrieval.calibrator | Thresholds saved -> /mnt/data/research/projects/fgvc/experiments/cub200/cub200_dinov3_ce_supcon_v13/outputs/calibration/per_group_thresholds.json
2026-08-20 16:03:50 | INFO     | fgvc.clustering.spherical_kmeans | Loaded prototypes for 200 label_id(s) from /mnt/data/research/projects/fgvc/experiments/cub200/cub200_dinov3_ce_supcon_v13/prototype_memory
2026-08-20 16:03:50 | INFO     | fgvc.retrieval.engine | RetrievalEngine ready: 200 label_id(s) | 333 total prototypes
2026-08-20 16:03:50 | INFO     | fgvc.evaluation.evaluator | Running retrieval over 994 val queries...
2026-08-20 16:03:50 | INFO     | fgvc.evaluation.evaluator | Retrieval metrics: {'top1_label_accuracy': 0.9155, 'top1_group_accuracy': 1.0, 'top3_label_accuracy': 0.9759, 'top3_group_accuracy': 1.0, 'top5_label_accuracy': 0.9849, 'top5_group_accuracy': 1.0, 'mrr': 0.9445, 'n_queries': 994, 'recall_at_1': 0.9155, 'recall_at_3': 0.9759, 'recall_at_5': 0.9849}
2026-08-20 16:03:50 | INFO     | fgvc.evaluation.evaluator | Evaluation report saved -> /mnt/data/research/projects/fgvc/experiments/cub200/cub200_dinov3_ce_supcon_v13/outputs/evaluation/val_metrics.json
2026-08-20 16:03:50 | INFO     | fgvc.evaluation.evaluator | 
============================================================
  FGVC Evaluation Summary — VAL
============================================================
  Top-1 Label Accuracy : 0.9155
  Top-3 Label Accuracy : 0.9759
  Top-5 Label Accuracy : 0.9849
  MRR                  : 0.9445
  Ambiguity Rate       : 0.1569
============================================================
2026-08-20 16:03:52 | INFO     | fgvc.clustering.spherical_kmeans | Loaded prototypes for 200 label_id(s) from /mnt/data/research/projects/fgvc/experiments/cub200/cub200_dinov3_ce_supcon_v13/prototype_memory
2026-08-20 16:03:52 | INFO     | fgvc.retrieval.engine | RetrievalEngine ready: 200 label_id(s) | 333 total prototypes
2026-08-20 16:03:52 | INFO     | fgvc.evaluation.evaluator | Running retrieval over 5794 test queries...
2026-08-20 16:03:53 | INFO     | fgvc.evaluation.evaluator | Retrieval metrics: {'top1_label_accuracy': 0.9039, 'top1_group_accuracy': 1.0, 'top3_label_accuracy': 0.9703, 'top3_group_accuracy': 1.0, 'top5_label_accuracy': 0.9834, 'top5_group_accuracy': 1.0, 'mrr': 0.9373, 'n_queries': 5794, 'recall_at_1': 0.9039, 'recall_at_3': 0.9703, 'recall_at_5': 0.9834}
2026-08-20 16:03:53 | INFO     | fgvc.evaluation.evaluator | Evaluation report saved -> /mnt/data/research/projects/fgvc/experiments/cub200/cub200_dinov3_ce_supcon_v13/outputs/evaluation/test_metrics.json
2026-08-20 16:03:53 | INFO     | fgvc.evaluation.evaluator | 
============================================================
  FGVC Evaluation Summary — TEST
============================================================
  Top-1 Label Accuracy : 0.9039
  Top-3 Label Accuracy : 0.9703
  Top-5 Label Accuracy : 0.9834
  MRR                  : 0.9373
  Ambiguity Rate       : 0.1576
============================================================
2026-08-24 12:05:53 | INFO     | fgvc.visualization.visualize | Running UMAP on 994 points...
2026-08-24 12:06:03 | INFO     | fgvc.visualization.visualize | Saved umap_label_id_val.png
2026-08-24 12:06:03 | INFO     | fgvc.visualization.visualize | Running t-SNE on 994 points...
2026-08-24 12:06:05 | INFO     | fgvc.visualization.visualize | Saved tsne_label_id_val.png
2026-08-24 12:06:05 | INFO     | fgvc.clustering.spherical_kmeans | Loaded prototypes for 200 label_id(s) from /mnt/data/research/projects/fgvc/experiments/cub200/cub200_dinov3_ce_supcon_v13/prototype_memory
2026-08-24 12:06:05 | INFO     | fgvc.retrieval.engine | RetrievalEngine ready: 200 label_id(s) | 333 total prototypes
2026-08-24 12:06:08 | INFO     | fgvc.visualization.visualize | Saved retrieval_grid_val.png
2026-08-24 12:06:08 | INFO     | fgvc.scripts.run_visualization | Retrieval metrics for val: {'top1_label_accuracy': 0.9155, 'top1_group_accuracy': 1.0, 'top3_label_accuracy': 0.9759, 'top3_group_accuracy': 1.0, 'top5_label_accuracy': 0.9849, 'top5_group_accuracy': 1.0, 'mrr': 0.9445, 'n_queries': 994, 'recall_at_1': 0.9155, 'recall_at_3': 0.9759, 'recall_at_5': 0.9849}
2026-08-24 12:06:16 | INFO     | fgvc.visualization.visualize | Running UMAP on 5000 points...
2026-08-24 12:06:40 | INFO     | fgvc.visualization.visualize | Saved umap_label_id_test.png
2026-08-24 12:06:40 | INFO     | fgvc.visualization.visualize | Running t-SNE on 3000 points...
2026-08-24 12:06:44 | INFO     | fgvc.visualization.visualize | Saved tsne_label_id_test.png
2026-08-24 12:06:46 | INFO     | fgvc.clustering.spherical_kmeans | Loaded prototypes for 200 label_id(s) from /mnt/data/research/projects/fgvc/experiments/cub200/cub200_dinov3_ce_supcon_v13/prototype_memory
2026-08-24 12:06:46 | INFO     | fgvc.retrieval.engine | RetrievalEngine ready: 200 label_id(s) | 333 total prototypes
2026-08-24 12:06:49 | INFO     | fgvc.visualization.visualize | Saved retrieval_grid_test.png
2026-08-24 12:06:49 | INFO     | fgvc.scripts.run_visualization | Retrieval metrics for test: {'top1_label_accuracy': 0.9039, 'top1_group_accuracy': 1.0, 'top3_label_accuracy': 0.9703, 'top3_group_accuracy': 1.0, 'top5_label_accuracy': 0.9834, 'top5_group_accuracy': 1.0, 'mrr': 0.9373, 'n_queries': 5794, 'recall_at_1': 0.9039, 'recall_at_3': 0.9703, 'recall_at_5': 0.9834}
2026-08-24 12:06:51 | WARNING  | fgvc.visualization.visualize | PNG export for confusion matrix failed: ('The browser seemed to close immediately after starting.', 'You can set the `logging.Logger` level lower to see more output.', 'You may try installing a known working copy of Chrome by running ', '`$ choreo_get_chrome`.It may be your browser auto-updated and will now work upon restart. The browser we tried to start is located at /snap/bin/chromium.')
2026-08-24 12:06:51 | INFO     | fgvc.visualization.visualize | Saved confusion_matrix_test.html and no PNG
2026-08-24 12:06:54 | INFO     | fgvc.visualization.visualize | Saved failure_cases_test.png
